1 1 0
788 394 154449
1389 463 112488
1430 715/2 471027/4
1685 337 479432/5
1866 311 249856/3
2040 2040/7 3610598/49
2300 575/2 64583
2787 929/3 61338
3612 1806/5 1977634/25
4423 4423/11 10724790/121
4424 1106/3 1683673/18
5141 5141/13 16047866/169
6141 6141/14 22033385/196
6660 444 315968/3
7263 7263/16 25656655/256
7812 7812/17 27404786/289
8454 1409/3 821746/9
8625 8625/19 32831980/361
8671 8671/20 37721979/400
9609 3203/7 4966386/49
10387 10387/22 48982089/484
10388 10388/23 56091876/529
10494 1749/4 1702183/16
11086 11086/25 64406604/625
11177 11177/26 70088217/676
12177 451 1002898/9
12748 3187/7 10579029/98
12785 12785/29 92553774/841
12808 6404/15 25202234/225
13191 13191/31 104227138/961
13370 6685/16 27368295/256
13595 13595/33 114083870/1089
13596 6798/17 30778632/289
13652 13652/35 130756216/1225
13948 3487/9 8425109/81
14182 14182/37 139393864/1369
14370 7185/19 36143121/361
14390 14390/39 153251552/1521
15390 1539/4 8635531/80
16016 16016/41 179356448/1681
16705 16705/42 187380905/1764
17260 17260/43 192881070/1849
17673 17673/44 197372467/1936
17674 17674/45 208921424/2025
17729 17729/46 218697669/2116
17875 17875/47 226088622/2209
18032 1127/3 7288843/72
18708 18708/49 242431810/2401
19522 9761/25 64133154/625
19880 19880/51 261715886/2601
20773 20773/52 279761091/2704
21773 21773/53 303893526/2809
22368 3728/9 8650706/81
22567 22567/55 319693866/3025
22568 403 2988579/28
22641 7547/19 38532934/361
23014 11507/29 88228491/841
23494 23494/59 359400244/3481
23894 11947/30 91372991/900
24815 24815/61 387980596/3721
25069 25069/62 395765213/3844
25734 8578/21 15050410/147
26066 13033/32 103294927/1024
26329 26329/65 420967934/4225
27329 27329/66 450451229/4356
27330 27330/67 468537932/4489
27428 6857/17 30122876/289
27875 27875/69 489183296/4761
28664 14332/35 126625301/1225
29255 29255/71 516043256/5041
29707 29707/72 523424831/5184
30174 30174/73 530907716/5329
30688 15344/37 134730014/1369
31511 31511/75 558539054/5625
31915 31915/76 566005795/5776
32578 4654/11 82563342/847
32579 32579/78 599167529/6084
33579 33579/79 633298744/6241
33736 4217/10 10109241/100
34371 1273/3 903592/9
34688 17344/41 166946013/1681
35053 35053/83 676203840/6889
35543 35543/84 684731003/7056
35652 35652/85 701171536/7225
35920 17960/43 177842472/1849
36569 1261/3 24973918/261
36842 18421/44 183614195/1936
36843 36843/89 758153522/7921
37137 12379/30 9480901/100
37795 37795/91 781904224/8281
38795 38795/92 821603963/8464
38853 12951/31 280900990/2883
38951 38951/94 861274057/8836
39949 39949/95 902454944/9025
40432 2527/6 3563771/36
40923 40923/97 922296928/9409
41695 41695/98 943695345/9604
42322 42322/99 957305522/9801
42323 42323/100 984983171/10000
42911 42911/101 997547918/10201
43313 43313/102 1007477417/10404
44100 44100/103 1030747936/10609
44159 44159/104 1054791591/10816
45159 15053/35 122151776/1225
46045 46045/106 1131661209/11236
46459 46459/107 1142381314/11449
46550 23275/54 291415157/2916
47018 47018/109 1176601486/11881
47958 23979/55 303899034/3025
47959 47959/111 1247460020/12321
48694 24347/56 317221239/3136
48839 48839/113 1289618412/12769
48989 48989/114 1310030153/12996
49949 49949/115 1353577114/13225
50087 50087/116 1375446291/13456
50218 50218/117 1397798258/13689
51218 25609/59 361965876/3481
51570 51570/119 1460927950/14161
51974 25987/60 368326811/3600
52938 52938/121 1519405258/14641
52939 52939/122 1555017165/14884
53044 53044/123 1580962688/15129
53789 53789/124 1605923891/15376
54287 54287/125 1619386256/15625
55172 27586/63 414433277/3969
55835 55835/127 1677275672/16129
56643 56643/128 1707714551/16384
56941 56941/129 1723729610/16641
57227 57227/130 1740207221/16900
58227 58227/131 1794331196/17161
58322 2651/6 41455189/396
58323 58323/133 1863498804/17689
59245 59245/134 1908599365/17956
60243 20081/45 218249774/2025
60782 30391/68 494989859/4624
61104 61104/137 1996640462/18769
61464 10244/23 167685673/1587
61590 61590/139 2040886930/19321
62164 15541/35 257243943/2450
62345 62345/141 2082336962/19881
62606 31303/71 525433235/5041
63595 63595/143 2159194582/20449
63596 15899/36 137653049/1296
64436 64436/145 2240595154/21025
64922 32461/73 564074658/5329
65915 65915/147 2315649740/21609
66355 66355/148 2331412835/21904
67240 67240/149 2375384480/22201
67966 33983/75 600643061/5625
68784 68784/151 2438561464/22801
69684 17421/38 155283899/1444
69837 23279/51 279452152/2601
70689 70689/154 2555445961/23716
70690 14138/31 520869234/4805
71561 71561/156 2647834979/24336
72561 72561/157 2710513054/24649
72676 36338/79 686675106/6241
72757 72757/159 2786776850/25281
73677 73677/160 2838301431/25600
74409 74409/161 2867836404/25921
75367 75367/162 2925230849/26244
76109 76109/163 2955697438/26569
76694 38347/82 744025749/6724
77343 25781/55 333293754/3025
77344 38672/83 763480776/6889
77760 77760/167 3072734032/27889
78081 26027/56 1031542285/9408
78298 78298/169 3123360590/28561
79298 39649/85 797630404/7225
80025 26675/57 357869920/3249
80868 20217/43 203982104/1849
80944 80944/173 3309411404/29929
80996 40498/87 839615750/7569
81120 16224/35 135922244/1225
81596 20399/44 213593795/1936
81597 461 19630420/177
81737 81737/178 3512453017/31684
81997 81997/179 3539248814/32041
82008 2278/5 49927783/450
82056 82056/181 3644676286/32761
82312 41156/91 917965473/8281
83312 83312/183 3746639690/33489
83664 10458/23 235566517/2116
84554 84554/185 3824414454/34225
84623 84623/186 3872944589/34596
85149 85149/187 3894705492/34969
85150 42575/94 988533655/8836
85382 85382/189 3984343172/35721
86376 43188/95 1015248906/9025
86938 86938/191 4084560460/36481
86994 14499/32 344698277/3072
87536 87536/193 4159440596/37249
87782 43891/97 1047326579/9409
88547 88547/195 4229847866/38025
89547 89547/196 4309653451/38416
89800 89800/197 4339788018/38809
90063 10007/22 161820115/1452
90064 90064/199 4431995940/39601
90651 90651/200 4457862799/40000
90696 30232/67 1504495514/13467
90910 45455/101 1136813252/10201
91015 91015/203 4593814112/41209
91527 30509/68 1539088721/13872
92221 92221/205 4652178754/42025
92590 46295/103 1169053155/10609
92648 92648/207 4730481284/42849
92949 92949/208 4757781079/43264
93949 93949/209 4844293164/43681
93950 9395/21 245475778/2205
94721 94721/211 4954887356/44521
95201 95201/212 4978574123/44944
95369 95369/213 5018805002/45369
96101 96101/214 5059578449/45796
96414 96414/215 5087183564/46225
97297 97297/216 5151446519/46656
98118 98118/217 5204954334/47089
98148 49074/109 1316903307/11881
98792 98792/219 5299962626/47961
98857 8987/20 486982841/4400
98858 98858/221 5425384292/48841
99858 16643/37 459786569/4107
100205 100205/223 5544638710/49729
100274 50137/112 1400440767/12544
100563 33521/75 625823234/5625
100755 100755/226 5672066541/51076
101517 101517/227 5719757556/51529
101713 101713/228 5759280059/51984
102597 102597/229 5828258594/52441
103107 103107/230 5854589161/52900
103707 34569/77 1961779156/17787
103708 25927/58 372322937/3364
104484 104484/233 6007953716/54289
105294 17549/39 168449995/1521
106294 106294/235 6160906804/55225
106779 106779/236 6187374483/55696
107269 107269/237 6213924872/56169
107984 3176/7 92006777/833
108791 108791/239 6312453456/57121
108921 36307/80 707126631/6400
109522 109522/241 6395854560/58081
109596 54798/121 1614318976/14641
109597 109597/243 6533373314/59049
110210 55105/122 1641658905/14884
111081 111081/245 6636450334/60025
111147 37049/82 2233435211/20172
111754 111754/247 6733466756/61009
112754 56377/124 1708695583/15376
113523 37841/83 2295615928/20667
114269 114269/250 6935458889/62500
114640 114640/251 6965052994/63001
114788 28697/63 877090819/7938
115113 115113/253 7048862850/64009
115114 57557/127 1782217375/16129
115163 115163/255 7198434806/65025
116162 58081/128 1825767103/16384
117093 117093/257 7389902610/66049
117422 58711/129 1855694285/16641
118416 118416/259 7526467520/67081
119000 5950/13 18899228/169
120000 40000/87 851692480/7569
120547 120547/262 7696586989/68644
120866 120866/263 7731179714/69169
121236 10103/22 80861309/726
121237 121237/265 7847522446/70225
121460 60730/133 1972926980/17689
122303 122303/267 7961087714/71289
122688 30672/67 999041231/8978
123147 123147/269 8022152366/72361
123257 123257/270 8084513201/72900
123621 123621/271 8116766400/73441
123787 123787/272 8169534775/73984
124501 9577/21 632138606/5733
125501 125501/274 8328680101/75076
125864 125864/275 8361551304/75625
125865 41955/92 938812427/8464
126684 126684/277 8516287002/76729
127594 63797/139 2150947144/19321
128136 42712/93 959628214/8649
128734 64367/140 2168244851/19600
129095 129095/281 8706685558/78961
129888 21648/47 730745000/6627
130584 130584/283 8815662608/80089
130620 32655/71 556127071/5041
130811 130811/285 8949904004/81225
131600 65800/143 2253086579/20449
131601 131601/287 9104149508/82369
132221 132221/288 9143353175/82944
133055 133055/289 9215579182/83521
133550 13355/29 462390651/4205
134283 44761/97 1033470402/9409
135182 67591/146 2347226913/21316
135959 135959/293 9449860270/85849
136576 68288/147 2372242262/21609
137455 27491/59 1914349178/17405
138259 138259/296 9637904607/87616
139003 139003/297 9693161924/88209
139004 69502/149 2447644451/22201
139786 139786/299 9853103290/89401
140786 70393/150 2492709101/22500
140844 140844/301 10054819542/90601
140982 70491/151 2530246830/22801
141447 47149/101 1128277948/10201
141582 70791/152 2555344191/23104
142492 142492/305 10315001896/93025
142609 142609/306 10386223985/93636
142624 142624/307 10482418326/94249
143143 1859/4 136590551/1232
143144 143144/309 10617859796/95481
143297 143297/310 10681964461/96100
143666 143666/311 10719117942/96721
144601 144601/312 10823179415/97344
145601 145601/313 10947684558/97969
145644 72822/157 2759612188/24649
145925 29185/63 2216819914/19845
146581 146581/316 11130989763/99856
147090 147090/317 11166858190/100489
147786 24631/53 934928846/8427
148170 13470/29 1023318118/9251
148171 148171/320 11360312519/102400
148692 49564/107 3798962900/34347
149446 74723/161 2864883871/25921
150361 150361/323 11560584954/104329
150385 150385/324 11659340099/104976
150511 150511/325 11732373904/105625
151511 151511/326 11862154781/106276
151700 151700/327 11923331546/106929
152138 76069/164 2990003483/26896
152610 152610/329 11996499254/108241
152784 25464/55 1005050417/9075
152785 152785/331 12167583268/109561
153339 153339/332 12207170187/110224
153456 51152/111 1364824892/12321
154424 77212/167 3101491578/27889
155369 155369/335 12520916434/112225
156226 11159/24 450360305/4032
156659 156659/337 12647961734/113569
157040 6040/13 18769028/169
158040 52680/113 4274094728/38307
158280 7914/17 160968158/1445
158963 158963/341 12931407276/116281
158964 26494/57 362308751/3249
159414 159414/343 13081327782/117649
160106 80053/172 3284294251/29584
160379 6973/15 573395818/5175
161256 80628/173 3321232448/29929
161415 161415/347 13355947978/120409
162332 40583/87 1683159625/15138
163026 163026/349 13521986050/121801
163098 81549/175 3403804424/30625
164049 54683/117 1526272112/13689
165049 165049/352 13875158767/123904
165050 165050/353 13991636780/124609
165787 165787/354 14056899497/125316
166044 166044/355 14112417254/126025
166807 166807/356 14183121083/126736
167215 167215/357 14224266902/127449
167425 167425/358 14287945913/128164
168329 168329/359 14396014552/128881
168702 28117/60 401094871/3600
169671 169671/361 14569662896/130321
170566 85283/181 3668806712/32761
171462 57154/121 4927032670/43923
171463 171463/364 14902464307/132496
172463 172463/365 15045247166/133225
172737 57579/122 5033616347/44652
173069 173069/367 15149277592/134689
174006 87003/184 3817513767/33856
174546 19394/41 567155908/5043
175186 87593/185 3841249191/34225
175500 175500/371 15415933804/137641
176228 44057/93 967600112/8649
176973 176973/373 15550593280/139129
177718 5227/11 229699776/2057
177719 177719/375 15745441664/140625
178509 178509/376 15824895103/141376
178582 6158/13 549230088/4901
179582 89791/189 4018587485/35721
180569 180569/379 16215932342/143641
180578 90289/190 4085382089/36100
181241 181241/381 16397933786/145161
182158 91079/191 4128792927/36481
183095 183095/383 16639287870/146689
183323 183323/384 16706680487/147456
184283 16753/35 1530874616/13475
184284 92142/193 4242800061/37249
184572 20508/43 210234774/1849
185276 46319/97 2136621663/18818
185895 185895/389 17144794294/151321
186543 62181/130 5733375467/50700
187543 187543/391 17350369676/152881
187898 93949/196 4350204799/38416
188403 62801/131 5815155772/51483
188944 94472/197 4372837307/38809
189301 189301/395 17541661124/156025
189599 189599/396 17599045763/156816
189600 189600/397 17733886220/157609
189972 94986/199 4445745382/39601
190213 190213/399 17849888906/159201
190977 190977/400 17927553871/160000
191668 191668/401 17990615478/160801
192391 192391/402 18059554781/161604
192775 192775/403 18108075436/162409
193775 193775/404 18262672523/163216
193850 38770/81 3674805172/32805
194207 194207/406 18425386517/164836
194230 194230/407 18554947930/165649
194231 194231/408 18692840567/166464
195089 195089/409 18798175774/167281
195530 19553/41 942233343/8405
196341 65447/137 2104043794/18769
196380 49095/103 2382696717/21218
197362 197362/413 19213055482/170569
197644 98822/207 4818855407/42849
198017 198017/415 19326493036/172225
198415 198415/416 19375662719/173056
199415 199415/417 19536044678/173889
199492 99746/209 4912504780/43681
199493 199493/419 19791838442/175561
200160 3336/7 165452843/1470
200701 200701/421 19903356838/177241
201374 100687/211 4991712965/44521
202220 202220/423 20071567592/178929
202674 101337/212 5029815751/44944
203339 203339/425 20181540204/180625
204175 204175/426 20283360641/181476
204600 204600/427 20332229482/182329
205400 51350/107 2552975181/22898
206293 206293/429 20544557186/184041
206294 103147/215 5172808611/46225
207123 207123/431 20791802038/185761
207971 207971/432 20898231911/186624
208945 208945/433 21051428196/187489
209884 104942/217 5297564779/47089
209943 69981/145 7105776572/63075
210503 210503/436 21368939195/190096
211426 211426/437 21502434940/190969
212415 70805/146 7221056119/63948
212647 212647/439 21740655998/192721
212841 212841/440 21827198279/193600
212842 30406/63 64079702/567
213160 106580/221 5510282677/48841
214160 214160/443 22209476582/196249
214849 214849/444 22278331379/197136
215782 215782/445 22418060856/198025
215820 107910/223 5639328772/49729
215898 71966/149 7560457720/66603
216652 54163/112 1422809015/12544
217229 217229/449 22819667152/201601
217848 36308/75 211839787/1875
218075 19825/41 2087207752/18491
218076 54519/113 1444700270/12769
218623 218623/453 23168226392/205209
219199 219199/454 23223321181/206116
219832 219832/455 23284713786/207025
220832 27604/57 1466089763/12996
221209 221209/457 23514126126/208849
221268 110634/229 5912035708/52441
221367 73789/153 2640816962/23409
221700 11085/23 595734053/5290
222078 222078/461 23886136282/212521
222404 15886/33 855326081/7623
222405 222405/463 24107587804/214369
223172 55793/116 1512356139/13456
223430 44686/93 4854583468/43245
224203 224203/466 24364902281/217156
224572 224572/467 24423045758/218089
224902 112451/234 6121493741/54756
225902 225902/469 24664570290/219961
226256 113128/235 6181201051/55225
227093 227093/471 24836843732/221841
227251 227251/472 24939065599/222784
227284 227284/473 25086831216/223729
227285 227285/474 25248628385/224676
228120 45624/95 1014471934/9025
228930 114465/238 6366709985/56644
229543 4331/9 481672498/4293
230451 230451/478 25669041993/228484
230768 230768/479 25735774624/229441
231216 4817/10 33580793/300
232208 232208/481 25968773216/231361
233208 116604/241 6537861824/58081
233808 77936/161 8737402592/77763
234680 58670/121 1646197636/14641
234681 234681/485 26506903764/235225
234931 234931/486 26588086229/236196
235297 235297/487 26649492318/237169
235815 235815/488 26704805335/238144
235938 78646/163 8940951014/79707
236427 236427/490 26877726221/240100
236558 236558/491 26993120732/241081
237240 19770/41 563912045/5043
238188 238188/493 27229545268/243049
239025 239025/494 27346509557/244036
240025 48005/99 5506694122/49005
240026 120013/248 6926250527/61504
240657 240657/497 27771588206/247009
241047 80349/166 9277292887/82668
242022 242022/499 28007809576/249001
242450 4849/10 56131119/500
242602 242602/501 28177101824/251001
243388 121694/251 7069741376/63001
243841 243841/503 28335806918/253009
244038 40673/84 789827659/7056
244687 244687/505 28503899746/255025
245543 245543/506 28630028525/256036
245544 6296/13 56815132/507
246544 61636/127 1812307369/16129
246924 246924/509 29059633644/259081
247431 82477/170 3235218781/28900
247525 247525/511 29252093790/261121
248433 248433/512 29401033759/262144
248560 248560/513 29524158554/263169
248861 248861/514 29598988605/264196
249072 249072/515 29694928516/265225
249200 62300/129 1863607739/16641
250183 250183/517 30004538112/267289
250184 125092/259 7545785229/67081
250351 250351/519 30293128616/269361
250719 250719/520 30358285879/270400
251719 251719/521 30556113846/271441
252274 126137/261 7654363187/68121
253188 253188/523 30772946580/273529
253509 253509/524 30845699715/274576
254213 254213/525 30929974256/275625
254639 254639/526 30990667725/276676
255596 255596/527 31167214774/277729
255995 255995/528 31230253463/278784
255996 255996/529 31413006572/279841
256130 25613/53 1576858147/14045
256787 256787/531 31612664618/281961
256851 36693/76 4537955005/40432
257536 257536/533 31847145138/284089
258536 129268/267 8012315159/71289
259324 259324/535 32158579494/286225
259440 32430/67 2018213983/17956
259467 86489/179 10821208870/96123
260002 130001/269 8131380593/72361
260472 260472/539 32586073544/290521
260473 260473/540 32771882891/291600
260728 260728/541 32860484914/292681
260759 260759/542 33031234457/293764
261553 261553/543 33145241216/294849
262089 15417/32 1953404959/17408
262544 262544/545 33269318384/297025
263216 131608/273 8337523256/74529
264216 264216/547 33557633104/299209
265080 66270/137 2106148328/18769
265294 265294/549 33799733792/301401
265838 132919/275 8465831789/75625
265839 265839/551 34052856338/303601
265976 33247/69 2136276155/19044
266701 266701/553 34274977358/305809
267163 267163/554 34337184869/306916
267873 89291/185 11475967652/102675
268035 268035/556 34546999771/309136
268911 268911/557 34695411998/310249
269792 134896/279 8711507090/77841
270215 270215/559 34910518738/312481
271215 7749/16 1003490277/8960
271936 271936/561 35216249582/314721
271937 271937/562 35410297069/315844
272310 272310/563 35480213364/316969
272981 272981/564 35562988955/318096
272999 272999/565 35748524544/319225
273743 273743/566 35850230365/320356
274654 274654/567 36016939934/321489
275634 137817/284 9054932211/80656
276148 276148/569 36283964770/323761
276200 27620/57 364545725/3249
276717 276717/571 36519127680/326041
277330 138665/286 9148123819/81796
277331 277331/573 36790375496/328329
277823 39689/82 752135077/6724
278062 278062/575 36953283206/330625
278073 30897/64 4127329879/36864
278138 278138/577 37310986636/332929
278813 278813/578 37397133801/334084
279578 279578/579 37508003426/335241
280532 70133/145 4712663057/42050
281337 40191/83 5403741606/48223
281835 93945/194 4210156305/37636
282426 282426/583 37963144152/339889
282427 282427/584 38164513999/341056
282805 56561/117 7647275512/68445
283805 283805/586 38457844561/343396
284454 284454/587 38539366458/344569
285110 20365/42 197052389/1764
285867 285867/589 38731493054/346921
285974 142987/295 9720390641/87025
286844 286844/591 39035051840/349281
287725 287725/592 39193613799/350464
287930 287930/593 39306571446/351649
288372 48062/99 1093721675/9801
288373 288373/595 39579687636/354025
288389 288389/596 39776895507/355216
288958 288958/597 39847954124/356409
289636 144818/299 9984291482/89401
290636 290636/599 40162961116/358801
291307 291307/600 40250689151/360000
291752 291752/601 40318758350/361201
291934 145967/301 10110295900/90601
292209 97403/201 4503877192/40401
292217 292217/604 40739082179/364816
292684 292684/605 40806701524/366025
292685 292685/606 41015159117/367236
293364 293364/607 41106126090/368449
293469 293469/608 41260715223/369664
293990 293990/609 41329471076/370881
294524 147262/305 10349733906/93025
294755 294755/611 41505486766/373321
295755 98585/204 1545818561/13872
296220 296220/613 41805503078/375769
296620 148310/307 10469486921/94249
297607 297607/615 42102060176/378225
297773 42539/88 6033239481/54208
297774 297774/617 42444583768/380689
297925 297925/618 42581226569/381924
298305 298305/619 42656567902/383161
298481 298481/620 42783408219/384400
298760 298760/621 42877817750/385641
299448 149724/311 10743362241/96721
299667 299667/623 43085374176/388129
299719 299719/624 43269193055/389376
300719 300719/625 43507057414/390625
301528 150764/313 10910961764/97969
302306 302306/627 43768534112/393129
302307 302307/628 43983492251/394384
302661 302661/629 44063719468/395641
302929 302929/630 44162357909/396900
303240 303240/631 44250629566/398161
303798 151899/316 11081135099/99856
304319 304319/633 44395700942/400689
304587 304587/634 44494489341/401956
304886 304886/635 44585537164/403225
305767 305767/636 44757790283/404496
306564 306564/637 44891766786/405769
307564 153782/319 11283412543/101761
307565 307565/639 45352047068/408321
308469 308469/640 45537181959/409600
309214 309214/641 45652607752/410881
310183 310183/642 45875608649/412164
310801 310801/643 45958740258/413449
311333 311333/644 46031736939/414736
312162 104054/215 5131124174/46225
313125 313125/646 46399721337/417316
313398 313398/647 46500502968/418609
314197 314197/648 46636415087/419904
315171 315171/649 46863416456/421201
315172 12122/25 905539433/8125
316172 316172/651 47332970270/423801
316260 79065/163 5938578637/53138
316826 316826/653 47585766386/426409
317599 317599/654 47712731681/427716
317628 317628/655 47922050336/429025
318223 318223/656 48003149615/430336
318428 318428/657 48127790834/431649
318857 45551/94 6886154403/61852
319204 319204/659 48288793500/434281
320022 53337/110 1345428311/12100
320023 320023/661 48663339660/436921
320385 320385/662 48746822941/438244
320439 106813/221 16314280882/146523
321439 321439/664 49193658455/440896
322377 322377/665 49404549116/442225
322983 35887/74 5498734865/49284
323613 323613/667 49576931494/444889
323784 80946/167 6214637173/55778
324722 324722/669 49928781422/447561
325316 162658/335 12502826461/112225
326104 326104/671 50147240018/450241
326105 326105/672 50379809135/451584
326970 326970/673 50551675340/452929
327140 163570/337 12673481030/113569
327574 327574/675 50770916324/455625
327603 327603/676 50986670843/456976
328603 328603/677 51241651820/458329
328756 164378/339 12848033543/114921
329488 329488/679 51509334446/461041
329612 82403/170 807403249/7225
329874 109958/227 17261176918/154587
330764 165382/341 12992901341/116281
330765 330765/683 52207566848/466489
331582 165791/342 13089903539/116964
332133 332133/685 52439163696/469225
332727 332727/686 52523875773/470596
333110 333110/687 52607581802/471969
333469 333469/688 52695043015/473344
333746 333746/689 52801312568/474721
334746 55791/115 4421759927/39675
334927 334927/691 53201844718/477481
335121 335121/692 53337230835/478864
335380 335380/693 53449427162/480249
335381 335381/694 53688193129/481636
335934 335934/695 53768929224/483025
336878 168439/348 13498441799/121104
337031 337031/697 54147608172/485809
337264 168632/349 13567261887/121801
337394 337394/699 54433865786/488601
337551 337551/700 54585881299/490000
338452 338452/701 54786627324/491401
339298 169649/351 13739311871/123201
340298 340298/703 55222931228/494209
340436 85109/176 3461604791/30976
340437 113479/235 18542765092/165675
340690 170345/353 13936114822/124609
341436 341436/707 55872412902/499849
341596 85399/177 7003146487/62658
342172 342172/709 56110495626/502681
342983 342983/710 56266093521/504100
343761 114587/237 6267455336/56169
343966 171983/356 14135393871/126736
344283 344283/713 56640630928/508369
344765 344765/714 56720071337/509796
345184 345184/715 56802423354/511225
345185 345185/716 57047823795/512656
345750 115250/239 6348046660/57121
346379 346379/718 57227550357/515524
347327 347327/719 57462890206/516961
347986 173993/360 14391266231/129600
348708 348708/721 57686035566/519841
349386 174693/361 14448319728/130321
350202 116734/241 6439216434/58081
350336 87584/181 7265232591/65522
351263 351263/725 58344294706/525625
352161 117387/242 19516243771/175692
352162 352162/727 58799496176/528529
352327 352327/728 58954543751/529984
353327 353327/729 59229385436/531441
354105 70821/146 11874671269/106580
354386 354386/731 59485091834/534361
354723 118241/244 19860811513/178608
355073 355073/733 59677091938/537289
355130 177565/367 14973102783/134689
356095 71219/147 12028789726/108045
356291 356291/736 60286945623/541696
357033 357033/737 60417813772/543169
357034 178517/369 15168009974/136161
357345 357345/739 60776284300/546121
358012 2419/5 102843573/925
358822 358822/741 61044410840/549081
359822 179911/371 15330976001/137641
360277 360277/743 61407215698/552049
361138 180569/372 15398741099/138384
361781 361781/745 61696232494/555025
362342 181171/373 15445820079/139129
362466 40274/83 764983996/6889
363015 363015/748 62049691611/559504
363016 363016/749 62308096786/561001
363730 36373/75 624306776/5625
363893 363893/751 62591668624/564001
364518 182259/376 15672457143/141376
365442 121814/251 6990921812/63001
366195 366195/754 63055809657/568516
367195 73439/151 12667779578/114005
367828 91957/189 7929878431/71442
368801 368801/757 63701840206/573049
369147 369147/758 63801080577/574564
369670 369670/759 63886233164/576081
369671 369671/760 64149713479/577600
369761 369761/761 64353547596/579121
370051 370051/762 64467313313/580644
370478 370478/763 64554535554/582169
370710 185355/382 16172048725/145924
371158 371158/765 64773923846/585225
371478 185739/383 16219866670/146689
372411 28647/59 5009071820/45253
373411 373411/768 65405832503/589824
373750 373750/769 65507640016/591361
374322 187161/385 16399627569/148225
374323 374323/771 65864925350/594441
375267 375267/772 66112432331/595984
376019 376019/773 66252653936/597529
376983 41887/86 7390517189/66564
377070 75414/155 2668978678/24025
377784 47223/97 4178166209/37636
378056 54008/111 1366788218/12321
378806 189403/389 16778185354/151321
379066 379066/779 67239057830/606841
379975 75995/156 2698574363/24336
380975 380975/781 67756005690/609961
380976 190488/391 17006960284/152881
381584 381584/783 68126248184/613089
382490 191245/392 17087624711/153664
382499 382499/785 68617464644/616225
383455 383455/786 68877353513/617796
384062 384062/787 68976141190/619369
384142 192071/394 17298699413/155236
384456 128152/263 23102108702/207507
385064 192532/395 17351416771/156025
385492 385492/791 69496311902/625681
385760 48220/99 4351389275/39204
385761 385761/793 69897256922/628849
386761 386761/794 70194534173/630436
387394 387394/795 70299841064/632025
387421 387421/796 70556701283/633616
387548 387548/797 70748335702/635209
388209 129403/266 23620480027/212268
388736 388736/799 70951549256/638401
389078 194539/400 17764259879/160000
389308 389308/801 71198432048/641601
389774 194887/401 17821910065/160801
390673 390673/803 71513322278/644809
390674 195337/402 17947917101/161604
391349 55907/115 10272815382/92575
392135 392135/806 72071415121/649636
393135 131045/269 24124448404/217083
393672 49209/101 2264532253/20402
394348 394348/809 72583512620/654481
394649 394649/810 72701356769/656100
395083 395083/811 72793405834/657721
395441 395441/812 72896691803/659344
395486 395486/813 73145098970/660969
396336 198168/407 18335629963/165649
396337 396337/815 73624805076/664225
397249 397249/816 73862834831/665856
397520 397520/817 73991362556/667489
398320 199160/409 18540548206/167281
398564 398564/819 74301135380/670761
399564 99891/205 4662980574/42025
399934 399934/821 74709951628/674041
400732 200366/411 18720072938/168921
401137 401137/823 74976982890/677329
402051 402051/824 75217854895/678976
402723 134241/275 25112352832/226875
402724 28766/59 385837553/3481
403287 403287/827 75720416072/683929
404163 44907/92 8437411187/76176
404287 404287/829 76138190446/687241
404603 404603/830 76254467921/688900
404996 404996/831 76353748724/690561
405175 405175/832 76524646767/692224
406175 58025/119 1568073252/14161
406997 406997/834 77020975001/695556
407044 407044/835 77275527854/697225
407774 203887/418 19354296397/174724
407775 135925/279 8634208250/77841
408688 204344/419 19488119432/175561
408710 408710/839 78227237992/703921
409457 409457/840 78377132231/705600
409538 14122/29 93471114/841
409842 204921/421 19682707906/177241
409930 409930/843 78958214294/710649
410239 410239/844 79078370195/712336
410853 410853/845 79185878966/714025
411853 411853/846 79502647601/715716
412561 412561/847 79638007732/717409
412562 206281/424 19983039839/179776
413196 137732/283 26681621776/240267
414190 41419/85 803576521/7225
414266 414266/851 80595970712/724201
414767 414767/852 80690849699/725904
415692 415692/853 80949145918/727609
415748 207874/427 20300685429/182329
416347 21913/45 4279398584/38475
417062 208531/428 20362033623/183184
417933 417933/857 81669360640/734449
418018 209009/429 20475903488/184041
418019 418019/859 82201896096/737881
418085 83617/172 16489915343/147920
418355 59765/123 11797946642/105903
419213 419213/862 82800761097/743044
419428 419428/863 82960276200/744769
419658 69943/144 2308693583/20736
419776 419776/865 83325989904/748225
420228 210114/433 20855819788/187489
421124 24772/51 17029456/153
422029 422029/868 83914628475/753424
422146 422146/869 84129625678/755161
422147 422147/870 84430665881/756900
422732 422732/871 84536373268/758641
423732 105933/218 5304008445/47524
424578 141526/291 9452723420/84681
424943 424943/874 85184815833/763876
425343 425343/875 85288776226/765625
425719 425719/876 85396857083/767376
425813 425813/877 85628938416/769129
425962 212981/439 21456475356/192721
426178 426178/879 85987257014/772641
426579 426579/880 86091260199/774400
426580 426580/881 86395022584/776161
426648 71108/147 267424988/2401
427283 427283/883 86764116890/779689
428035 428035/884 86925845803/781456
429035 85807/177 17451872764/156645
429130 214565/443 21873105578/196249
429350 429350/887 87653084554/786769
430060 107515/222 1371831089/12321
430927 61561/127 12575159290/112903
431821 431821/890 88274039589/792100
432803 432803/891 88592891972/793881
432804 108201/223 5556355753/49729
433678 433678/893 89136192840/797449
434675 434675/894 89469517613/799236
435280 87056/179 17916441978/160205
435458 217729/448 22441849023/200704
435611 435611/897 89966940794/804609
436611 436611/898 90304562589/806404
437357 437357/899 90465734140/808201
438109 438109/900 90629737619/810000
438169 438169/901 90894370354/811801
439069 10709/22 2223157209/19844
439070 439070/903 91463347748/815409
439482 219741/452 22892403079/204304
439701 439701/905 91735425104/819025
440435 440435/906 91892515337/820836
440734 440734/907 92025668390/822649
441414 220707/454 23040323057/206116
442345 442345/909 92442486026/826281
442482 221241/455 23163824739/207025
443482 443482/911 92997308164/829921
443845 443845/912 93113354999/831744
444558 444558/913 93262169534/833569
444559 444559/914 93579894677/835396
445545 29703/61 6260694988/55815
446427 446427/916 94155869443/839056
446908 63844/131 13465528116/120127
447838 223919/459 23635289015/210681
448042 448042/919 94718101372/844561
448486 224243/460 23705727351/211600
448864 448864/921 94937005748/848241
449859 449859/922 95277420777/850084
450477 450477/923 95396360370/851929
451477 451477/924 95741619683/853776
451478 451478/925 96064930966/855625
452063 452063/926 96177473145/857476
452669 452669/927 96294188864/859329
453348 113337/232 6026985759/53824
453983 453983/929 96555596800/863041
454777 454777/930 96746133881/864900
454957 454957/931 96938963638/866761
455405 455405/932 97044627467/868624
455722 455722/933 97176207026/870489
455982 227991/467 24332263364/218089
456192 41472/85 8864140826/79475
456193 456193/936 97831500407/876096
457193 457193/937 98181977178/877969
457248 228624/469 24615595786/219961
457955 457955/939 98612558630/881721
458301 458301/940 98736432739/883600
458820 458820/941 98842401002/885481
459277 459277/942 98948321153/887364
460097 460097/943 99157471244/889249
460201 460201/944 99401606527/891136
460427 460427/945 99571458206/893025
461393 461393/946 99893443525/894916
461394 461394/947 100223152704/896809
462155 462155/948 100399969643/898704
463028 463028/949 100646755446/900601
464028 232014/475 25250417929/225625
464382 154794/317 33708387454/301467
465135 465135/952 101298126215/906304
465360 465360/953 101470675060/908209
465573 155191/318 11294375953/101124
465899 465899/955 101780977874/912025
466406 233203/478 25471976237/228484
467256 155752/319 34039949554/305283
467257 467257/958 102453761521/917764
467699 467699/959 102562711460/919681
468183 156061/320 34223224037/307200
468255 15105/31 107120194/961
469230 234615/481 25819560257/231361
470230 470230/963 103638012872/927369
470589 470589/964 103761731979/929296
471205 94241/193 20777024528/186245
471997 471997/966 104081783861/933156
472740 472740/967 104252043098/935089
472815 472815/968 104525490967/937024
472816 472816/969 104863471424/938961
473120 47312/97 5250223776/47045
473936 473936/971 105217241536/942841
474047 474047/972 105463674827/944784
474849 474849/973 105668193440/946729
474851 474851/974 106006636853/948676
475183 475183/975 106139032886/950625
476183 476183/976 106504116031/952576
476212 476212/977 106818767378/954529
476993 476993/978 107012306117/956484
477647 477647/979 107148765468/958441
477648 119412/245 6718143676/60025
477909 53101/109 11961134756/106929
478150 239075/491 26954848478/241081
479041 479041/983 108089535620/966289
479560 59945/123 3381265021/30258
480103 480103/985 108313487036/970225
480520 240260/493 27107083439/243049
480668 480668/987 108651843026/974169
481188 120297/247 13595375107/122018
482188 482188/989 109133063006/978121
482674 241337/495 27310853066/245025
482675 482675/991 109588122252/982081
483666 241833/496 27487594255/246016
483837 161279/331 36720208916/328683
483983 483983/994 110387198801/988036
484762 484762/995 110583060226/990025
484995 161665/332 36919497505/330672
485057 485057/997 111049549874/994009
485773 485773/998 111213438241/996004
486002 486002/999 111391174940/998001
486219 486219/1000 111575229039/1000000
487181 487181/1001 111913171828/1002001
487182 81197/167 9355092338/83667
487831 487831/1003 112399698812/1006009
488544 122136/251 7035204794/63001
488561 488561/1005 112896795524/1010025
488714 244357/503 28280165338/253009
488762 488762/1007 113425925490/1014049
489312 3398/7 43805081/392
489609 489609/1009 113691200958/1018081
490253 490253/1010 113829309061/1020100
490516 490516/1011 113991967280/1022121
490874 245437/506 28530267851/256036
490875 490875/1013 114470958608/1026169
491475 163825/338 38199152183/342732
492475 98495/203 22995946898/206045
493031 493031/1016 115098103271/1032256
493390 493390/1017 115227587186/1034289
493621 493621/1018 115406575101/1036324
493637 493637/1019 115743759156/1038361
494198 247099/510 28965829679/260100
494719 494719/1021 115978268516/1042441
495212 247606/511 29022983587/261121
496027 496027/1023 116317125524/1046529
496028 124007/256 7291896719/65536
496650 19866/41 4672146836/42025
497103 165701/342 12990960569/116964
497713 497713/1027 117048759166/1054729
498713 498713/1028 117435510371/1056784
499332 166444/343 39189390130/352947
499406 249703/515 29464116106/265225
500365 500365/1031 118202440988/1062961
501209 501209/1032 118449728807/1065024
501959 501959/1033 118636613166/1067089
502555 502555/1034 118763976525/1069156
502556 502556/1035 119122088024/1071225
503071 503071/1036 119238078795/1073296
503404 29612/61 413070226/3721
504305 504305/1038 119671490633/1077444
505197 505197/1039 119958013236/1079521
505710 50571/104 6003710643/54080
506710 506710/1041 120464155184/1083681
507118 253559/521 30146582793/271441
507709 507709/1043 120713397286/1087849
508301 508301/1044 120840681851/1089936
509183 509183/1045 121119420076/1092025
509184 254592/523 30370602303/273529
509252 509252/1047 121782003350/1096209
510245 3895/8 932572773/8384
510765 510765/1049 122284754794/1100401
510927 170309/350 40837354807/367500
511778 511778/1051 122768171492/1104601
511861 511861/1052 123056474659/1106704
512509 512509/1053 123200866676/1108809
513509 513509/1054 123595293445/1110916
514039 514039/1055 123714487274/1113025
514838 257419/528 30983572919/278784
514839 514839/1057 124301627126/1117249
514949 514949/1058 124569516317/1119364
515556 171852/353 41567521148/373827
516148 129037/265 7802001946/70225
516771 516771/1061 124969422552/1125721
517581 57509/118 4636957735/41772
518217 518217/1063 125339209878/1129969
518540 129635/266 1960716988/17689
518909 518909/1065 125618728154/1134225
519732 259866/533 31464185906/284089
520732 520732/1067 126254741252/1138489
520733 520733/1068 126626162483/1140624
520803 520803/1069 126930954692/1142761
521309 521309/1070 127050071069/1144900
521837 521837/1071 127170590210/1147041
522465 522465/1072 127310549551/1149184
522583 522583/1073 127575570072/1151329
523124 261562/537 31924397909/288369
523950 20958/43 5117594302/46225
524396 131099/269 16007589183/144722
524726 524726/1077 128206372034/1159929
525542 262771/539 32110459636/290521
525543 525543/1079 128816146824/1164241
526543 526543/1080 129219419111/1166400
527055 527055/1081 129339712886/1168561
527602 263801/541 32365795019/292681
528315 176105/361 43212598174/390963
528863 528863/1084 129761418523/1175056
529467 529467/1085 129895740876/1177225
529613 529613/1086 130142357501/1179396
529995 529995/1087 130274321078/1181569
530428 132607/272 8149837895/73984
530785 530785/1089 130535793098/1185921
530786 265393/545 32728326981/297025
531451 531451/1091 131067963102/1190281
531700 10225/21 1262018857/11466
532700 532700/1093 131657640662/1194649
533333 533333/1094 131801275073/1196836
534166 534166/1095 132052337084/1199025
535158 267579/548 33112818983/300304
535198 535198/1097 132792375068/1203409
535638 89273/183 3692109439/33489
535684 3412/7 848734636/7693
536348 134087/275 8337928106/75625
536349 178783/367 44596191496/404067
536383 536383/1102 134136171901/1214404
536897 536897/1103 134258711714/1216609
536906 268453/552 33658049663/304704
537402 537402/1105 134754251386/1221025
538402 269201/553 33791938806/305809
539325 19975/41 1672844524/15129
539891 539891/1108 135629684403/1227664
540658 540658/1109 135838795944/1229881
541110 18037/37 755348237/6845
541985 541985/1111 136251856626/1234321
541986 270993/556 34159453027/309136
542159 542159/1113 136870604342/1238769
542341 542341/1114 137097193749/1240996
543223 543223/1115 137394212956/1243225
544031 544031/1116 137632187267/1245456
544708 544708/1117 137795596640/1247689
544807 544807/1118 138087682685/1249924
545807 545807/1119 138505068998/1252161
546160 6827/14 433278647/3920
546601 546601/1121 138775397562/1256641
547381 547381/1122 138995035805/1258884
547382 547382/1123 139384869968/1261129
548088 137022/281 8722664876/78961
548979 182993/375 15541077076/140625
549914 274957/563 35054706550/316969
550914 78702/161 2870165154/25921
551614 275807/564 35203284323/318096
551945 551945/1129 140966137978/1274641
552764 276382/565 35303508786/319225
552959 552959/1131 141436790102/1279161
553959 553959/1132 141857274795/1281424
554231 554231/1133 142036073680/1283689
554232 13196/27 565204139/5103
555191 555191/1135 142807820984/1288225
555976 69497/142 2234890357/20164
556126 556126/1137 143289762632/1292769
557078 278539/569 35914850365/323761
557560 557560/1139 143785704368/1297321
558555 37237/76 9613531477/86640
559366 559366/1141 144446961622/1301881
559584 279792/571 36164531097/326041
559682 559682/1143 144960282674/1306449
559952 69994/143 9071391105/81796
559953 559953/1145 145542090406/1311025
560296 280148/573 36423405560/328329
560688 560688/1147 145831518256/1315609
560971 560971/1148 146007253731/1317904
561448 561448/1149 146134593578/1320201
561759 561759/1150 146298035769/1322500
562041 562041/1151 146474283432/1324801
562631 562631/1152 146613444815/1327104
563579 563579/1153 146984058210/1329409
564263 564263/1154 147155473573/1331716
564589 564589/1155 147313637924/1334025
564590 282295/578 36929009375/334084
564946 564946/1157 147864083836/1338649
565946 282973/579 37073711543/335241
566839 566839/1159 148612166894/1343281
566920 14173/29 1861667437/16820
567468 63052/129 5520957838/49923
567524 283762/581 37352926189/337561
568519 568519/1163 149838502832/1352569
568940 142235/291 9373293308/84681
569010 113802/233 30061134796/271445
569472 284736/583 37608876238/339889
569473 569473/1167 150841514570/1361889
569622 284811/584 37776216895/341056
570338 570338/1169 151295120682/1366561
570592 285296/585 37872122609/342225
571592 571592/1171 151925053206/1371241
572365 572365/1172 152149825203/1373584
573009 191003/391 16923114886/152881
573964 286982/587 38173287786/344569
574246 12218/25 3252626972/29375
574547 574547/1176 153044978351/1382976
575060 575060/1177 153175821058/1385329
575061 575061/1178 153585776469/1387684
575292 191764/393 17088229100/154449
575343 575343/1180 154149606411/1392400
575384 575384/1181 154515572182/1394761
575656 287828/591 38675275097/349281
575889 575889/1183 154908250272/1399489
576889 576889/1184 155350762543/1401856
577209 192403/395 51838361818/468075
577746 288873/593 38912318231/351649
577823 577823/1187 155980012874/1408969
577956 48163/99 2170277719/19602
577957 577957/1189 156671545702/1413721
578183 578183/1190 156883743161/1416100
578214 192738/397 52420598380/472827
578731 578731/1192 157395019759/1420864
579090 579090/1193 157546141038/1423249
579717 193239/398 17522457549/158404
580019 580019/1195 157874412444/1428025
580785 580785/1196 158100633955/1430416
581785 581785/1197 158549287910/1432809
582075 582075/1198 158727744265/1435204
582487 582487/1199 158866775832/1437601
582488 72811/150 2488767029/22500
583031 583031/1201 159417804488/1442401
583120 291560/601 39934827685/361201
584024 584024/1203 160083103982/1447209
584236 146059/301 20038267903/181202
584785 116957/241 32088836326/290405
585622 292811/603 40181595329/363609
586224 586224/1207 160875996352/1456849
587171 587171/1208 161266143663/1459264
587444 45188/93 12419575634/112437
588444 294222/605 40476893421/366025
588445 588445/1211 162326376448/1466521
589253 589253/1212 162586046075/1468944
589892 589892/1213 162748497100/1471369
590189 590189/1214 162926138397/1473796
590962 590962/1215 163160234246/1476225
591334 295667/608 40827605111/369664
592020 592020/1217 163493218682/1481089
592551 197517/406 54543324775/494508
592618 25766/53 7129506800/64607
593522 296761/610 41081502539/372100
593738 593738/1221 164549966984/1490841
593739 593739/1222 164972265397/1493284
594739 594739/1223 165430272066/1495729
594784 74348/153 10362731675/93636
595476 85068/175 3387574326/30625
595802 297901/613 41539511320/375769
596558 596558/1227 166382967626/1505529
597553 597553/1228 166836221251/1507984
598045 598045/1229 166972117086/1510441
598189 598189/1230 167252240129/1512900
599025 599025/1231 167538606396/1515361
599229 599229/1232 167773028583/1517824
599230 599230/1233 168199468064/1520289
599957 599957/1234 168407500609/1522756
600764 600764/1235 168670976514/1525225
601764 50147/103 2349073125/21218
601901 601901/1237 169421396634/1530169
602683 602683/1238 169666313913/1532644
603635 603635/1239 170071256612/1535121
604479 604479/1240 170366258119/1537600
605445 605445/1241 170787583550/1540081
605861 605861/1242 170931614381/1542564
606488 606488/1243 171093302536/1545049
606489 606489/1244 171525655563/1547536
606971 606971/1245 171663575984/1550025
607421 607421/1246 171803211669/1552516
607524 607524/1247 172125301342/1555009
607573 607573/1248 172502768231/1557504
608573 608573/1249 172969634826/1560001
609519 609519/1250 173370977389/1562500
609976 609976/1251 173510845784/1565001
610878 305439/626 43466096011/391876
611593 611593/1253 174067812168/1570009
611955 203985/418 19358517573/174724
611956 611956/1255 174663007734/1575025
612778 306389/628 43735626931/394384
613028 613028/1257 175152866642/1580049
614006 18059/37 2582270510/23273
615006 615006/1259 176063649582/1585081
615037 615037/1260 176466996011/1587600
615658 615658/1261 176629295580/1590121
616658 308329/631 44274908271/398161
617042 617042/1263 177253782716/1595169
617682 308841/632 44355773679/399424
618557 618557/1265 177752111776/1600225
618558 103093/211 14849487676/133563
618839 3419/7 985575488/8869
619719 619719/1268 178724226635/1607824
620538 206846/423 19889275712/178929
620991 620991/1270 179146184509/1612900
621987 621987/1271 179613736274/1615441
622855 622855/1272 179937266279/1617984
623558 623558/1273 180136616954/1620529
623642 311821/637 45121946666/405769
624642 208214/425 60320484962/541875
625316 156329/319 22643323949/203522
625317 625317/1277 181593748734/1630729
626211 69579/142 6738693067/60492
627191 627191/1279 182393936184/1635841
627226 313613/640 45700441431/409600
627939 209313/427 20334246792/182329
628337 628337/1282 183161972937/1643524
628832 628832/1283 183304875490/1646089
629556 52463/107 7646580155/68694
629881 629881/1285 183695938154/1651225
630016 315008/643 46000249592/413449
630125 630125/1287 184330661030/1656369
630126 45009/92 6599326469/59248
630783 630783/1289 184960858546/1661521
631516 315758/645 46295216726/416025
631665 631665/1291 185474022430/1666681
632385 632385/1292 185686409435/1669264
632432 632432/1293 186083067878/1671849
633109 633109/1294 186272625161/1674436
634065 126813/259 37339692616/335405
634981 634981/1296 187078056599/1679616
635669 635669/1297 187273238702/1682209
635858 317929/649 46883805359/421201
635859 211953/433 62663307406/562467
636238 318119/650 47037625489/422500
637238 637238/1301 188634140798/1692601
637289 637289/1302 189029641265/1695204
637464 637464/1303 189303581308/1697809
637996 159499/326 11840702997/106276
638576 638576/1305 189607269284/1703025
639523 639523/1306 190025909577/1705636
639959 639959/1307 190175175198/1708249
640483 640483/1308 190322223395/1710864
641372 641372/1309 190676313462/1713481
641373 641373/1310 191134951321/1716100
642244 642244/1311 191471418560/1718721
643008 20094/41 187222630/1681
643429 643429/1313 191868362208/1723969
644429 644429/1314 192355943081/1726596
644441 644441/1315 192803104874/1729225
645386 46099/94 6900781367/61852
646079 646079/1317 193422713006/1734489
647073 647073/1318 193903363657/1737124
647936 647936/1319 194232921528/1739761
648082 324041/660 48634346279/435600
648083 648083/1321 195001656684/1745041
649044 324522/661 48860394703/436921
649546 649546/1323 195589577858/1750329
650498 325249/662 49004656101/438244
651404 651404/1325 196394357134/1755625
652008 108668/221 16379942615/146523
653008 653008/1327 197050129274/1760929
653595 653595/1328 197210574839/1763584
653814 217938/443 65819390300/588747
654497 654497/1330 197655251281/1768900
654708 654708/1331 197908959390/1771561
654709 654709/1332 198378388739/1774224
655172 655172/1333 198528405148/1776889
655766 327883/667 49672835751/444889
656092 656092/1335 198876860396/1782225
656273 656273/1336 199154501943/1784896
656644 656644/1337 199322879430/1787569
657114 109519/223 5540904408/49729
657598 657598/1339 199621709082/1792921
658598 329299/670 50029387389/448900
658774 658774/1341 200400267374/1798281
658838 329419/671 50198626122/450241
658839 658839/1343 201266259700/1803649
659533 94219/192 28781671409/258048
660262 660262/1345 201697910636/1809025
660832 330416/673 50464071770/452929
661460 661460/1347 202031532476/1814409
661797 661797/1348 202213489787/1817104
662173 662173/1349 202381310768/1819801
662300 13246/27 2027099357/18225
662403 94629/193 29008985576/260743
663391 663391/1352 203547846839/1827904
664391 664391/1353 204049126574/1830609
664392 332196/677 51131215220/458329
664687 664687/1355 204727763186/1836025
664895 664895/1356 204987024875/1838736
664910 664910/1357 205444575150/1841449
665411 665411/1358 205596135937/1844164
665658 73962/151 22869746264/205209
666649 666649/1360 206320534559/1849600
667468 667468/1361 206619284798/1852321
668332 334166/681 51740259563/463761
668448 668448/1363 207304215898/1857769
668484 5391/11 837652303/7502
668485 133697/273 41643270778/372645
669485 669485/1366 208724302241/1865956
670403 670403/1367 209127207116/1868689
671376 27974/57 727772717/6498
672291 672291/1369 209997956020/1874161
672721 672721/1370 210156458889/1876900
673520 673520/1371 210439790030/1879641
674079 96297/196 4297950499/38416
674844 674844/1373 210855843092/1885129
675439 675439/1374 211024121093/1887876
675930 135186/275 8447108214/75625
675931 675931/1376 211662216007/1893376
676325 676325/1377 211829048258/1896129
677074 338537/689 53018607041/474721
678074 3442/7 1079110952/9653
678098 339049/690 53260170419/476100
678966 678966/1381 213390806624/1907161
678975 678975/1382 213867028477/1909924
679800 226600/461 71391891646/637563
680554 340277/692 53606451563/478864
680669 680669/1385 214777162834/1918225
681380 48670/99 7678535426/68607
681381 681381/1387 215487729902/1923769
681898 340949/694 53911002785/481636
682600 682600/1389 215861004938/1929321
683146 341573/695 54005137076/483025
683571 683571/1391 216182100512/1934881
684571 684571/1392 216697296695/1937664
685273 685273/1393 216914480362/1940449
685815 685815/1394 217073688669/1943236
686743 22153/45 7015949396/62775
687379 687379/1396 217679152035/1948816
688374 688374/1397 218187733156/1951609
688375 688375/1398 218681738261/1954404
689183 689183/1399 218977408590/1957201
689343 689343/1400 219288717751/1960000
690144 230048/467 73192896862/654267
690295 690295/1402 219898911821/1965604
690628 690628/1403 220091365052/1968409
691332 57611/117 1529938502/13689
692332 692332/1405 220829810116/1974025
693097 693097/1406 221091113109/1976836
693266 99038/201 31627988306/282807
693326 346663/704 55454183759/495616
693327 693327/1409 222314297006/1985281
693500 69350/141 11130776152/99405
694115 694115/1411 222794792434/1990921
694991 694991/1412 223160825859/1993744
695452 695452/1413 223320246554/1996569
696063 696063/1414 223498242049/1999396
696382 696382/1415 223698752496/2002225
697162 348581/708 55993523231/501264
698145 6405/13 2059386756/18421
699145 699145/1418 224996251441/2010724
699542 699542/1419 225168004910/2013561
699543 699543/1420 225670149891/2016400
700294 100042/203 4610691028/41209
700872 116812/237 2093455190/18723
701625 701625/1423 226348374818/2024929
701692 175423/356 14172859541/126736
702542 702542/1425 227106728486/2030625
702851 702851/1426 227314352685/2033476
703260 703260/1427 227483793484/2036329
703551 234517/476 75900444481/679728
704388 704388/1429 228030083774/2042041
704606 352303/715 57074416286/511225
704607 234869/477 25422565292/227529
705375 705375/1432 229071679687/2050624
705558 705558/1433 229368888776/2053489
705707 705707/1434 229697900105/2056356
705946 705946/1435 229949959454/2059225
706042 353021/718 57583793921/515524
706718 706718/1437 230544366554/2064969
707514 353757/719 57709444196/516961
707788 707788/1439 231066651110/2070721
708181 708181/1440 231241289639/2073600
708607 708607/1441 231408107102/2076481
708608 354304/721 57978933760/519841
708963 236321/481 77367798374/694083
709963 709963/1444 232637638859/2085136
710868 710868/1445 233045447666/2088025
711371 711371/1446 233206901225/2090916
711462 711462/1447 233600647800/2093809
712244 178061/362 14617752907/131044
712872 79208/161 26008044184/233289
713486 356743/725 58563878501/525625
713537 713537/1451 234699142838/2105401
713650 356825/726 58767261713/527076
713651 713651/1453 235580269330/2111209
714567 714567/1454 236004657393/2114116
715390 143078/291 47265360772/423405
715421 102203/208 4832612503/43264
716421 15243/31 5049730560/45167
716830 358415/729 59377549508/531441
717159 717159/1459 237711672224/2128681
717851 717851/1460 237933227939/2131600
718213 718213/1461 238120748114/2134521
718326 359163/731 59623284647/534361
718910 718910/1463 238668821564/2140369
718911 239637/488 79727930045/714432
719503 719503/1465 239362083736/2146225
720034 360017/733 59881949952/537289
720838 720838/1467 239834668346/2152089
721090 360545/734 60020552533/538756
721917 721917/1469 240411282318/2157961
722917 722917/1470 240954879521/2160900
723308 723308/1471 241133724700/2163841
723822 361911/736 60324595119/541696
724209 241403/491 26830938944/241081
724596 362298/737 60414630129/543169
724597 724597/1475 242177220616/2175625
725551 725551/1476 242657258459/2178576
725624 725624/1477 243080251552/2181529
726274 363137/739 60820509029/546121
726915 242305/493 81159906910/729147
727452 181863/370 7613981513/68450
728302 728302/1481 244002225030/2193361
728680 364340/741 61046536859/549081
729680 729680/1483 244733837834/2199289
730295 730295/1484 244921289507/2202256
731204 731204/1485 245344242824/2205225
731205 731205/1486 245868036805/2208196
731953 731953/1487 246130831974/2211169
732523 732523/1488 246305346263/2214144
733001 733001/1489 246471177776/2217121
733968 366984/745 61743067289/555025
734678 104954/213 35315492354/317583
734846 367423/746 61882870909/556516
735466 735466/1493 247721634602/2229049
735669 81741/166 27556975561/248004
736126 736126/1495 248180659804/2235025
737126 368563/748 62182969367/559504
737127 245709/499 83086624792/747003
737750 368875/749 62362978228/561001
738177 738177/1499 249624861048/2247001
739034 369517/750 62497651211/562500
739376 739376/1501 250191326160/2253001
739896 369948/751 62589784264/564001
740689 740689/1503 250661355134/2259009
741441 741441/1504 250929102175/2262016
742434 106062/215 35924567762/323575
743120 371560/753 62923736051/567009
743842 67622/137 2082154922/18769
743843 743843/1508 252473593603/2274064
744843 248281/503 84342747274/759027
744935 148987/302 50687859421/456020
745141 745141/1511 253731804928/2283121
745397 745397/1512 253984702751/2286144
746342 746342/1513 254461606876/2289169
746895 746895/1514 254635185321/2292196
747194 747194/1515 254860544714/2295225
747307 747307/1516 255247762795/2298256
748086 18246/37 6232687344/56129
748591 748591/1518 255708845669/2304324
748592 748592/1519 256244963530/2307361
748796 187199/380 16033772889/144400
749007 83223/169 3170737054/28561
750007 750007/1522 257390387037/2316484
750413 750413/1523 257570961408/2319529
750882 125147/254 7159470531/64516
751094 751094/1525 258030144264/2325625
752022 376011/763 64622137201/582169
752485 752485/1527 258659294114/2331729
752969 752969/1528 258828802503/2334784
753318 753318/1529 259029781282/2337841
753319 753319/1530 259568837189/2340900
753635 753635/1531 259786080276/2343961
754613 754613/1532 260317008091/2347024
755049 251683/511 86830609994/783363
755771 755771/1534 260742475049/2353156
756771 756771/1535 261307261784/2356225
756945 252315/512 87211235957/786432
757938 757938/1537 262188345376/2362369
758583 758583/1538 262394380841/2365444
759578 759578/1539 262952220206/2368521
759790 75979/154 13162253953/118580
759791 759791/1541 263789357074/2374681
760496 380248/771 66007440836/594441
761039 761039/1543 264204814926/2380849
761912 95239/193 16537412113/148996
761949 253983/515 88363892038/795675
762595 762595/1546 265299342653/2390116
763540 763540/1547 265786423496/2393209
764540 4445/9 387143903/3483
765320 765320/1549 266653787832/2399401
765566 382783/775 66730314961/600625
766558 766558/1551 267478006784/2405601
766559 766559/1552 268027789967/2408704
767100 767100/1553 268203928790/2411809
767722 383861/777 67100523668/603729
768221 768221/1555 268574849984/2418025
769125 769125/1556 269008920611/2421136
769739 769739/1557 269204101418/2424249
769896 384948/779 67388554848/606841
770437 770437/1559 269730651094/2430481
771335 154267/312 54031576987/486720
772335 772335/1561 270729776196/2436721
773093 773093/1562 271011372001/2439844
773094 257698/521 90521987734/814323
773731 773731/1564 271771394219/2446096
773747 773747/1565 272303576806/2449225
774232 387116/783 68119427798/613089
775171 775171/1567 272961255658/2455489
775674 387837/784 68283889383/614656
775691 775691/1569 273667549574/2461761
775987 775987/1570 273903722101/2464900
776670 776670/1571 274134111300/2468041
777593 777593/1572 274597225139/2471184
778463 778463/1573 274993378248/2474329
778464 389232/787 68887974481/619369
779149 111307/225 39397719632/354375
779425 779425/1576 276034468631/2483776
779620 779620/1577 276351040712/2486929
780517 780517/1578 276781929281/2490084
781270 781270/1579 277062673946/2493241
782262 391131/790 69407125349/624100
783083 783083/1581 277972026110/2499561
783097 111871/226 39787728263/357532
783632 783632/1583 278692680376/2505889
784007 784007/1584 278891540351/2509056
784008 784008/1585 279454089146/2512225
784858 392429/793 69957638318/628849
785858 785858/1587 280411674998/2518569
786539 786539/1588 280643162835/2521744
787271 787271/1589 280908859738/2524921
788065 157613/318 56245454701/505620
788765 788765/1591 281470550252/2531281
789237 789237/1592 281648363183/2534464
789829 789829/1593 281840025794/2537649
789851 789851/1594 282374575325/2540836
790799 790799/1595 282878083484/2544025
790800 65900/133 5905123618/53067
790853 790853/1597 283936022212/2550409
790937 790937/1598 284383860333/2553604
791188 791188/1599 284656925606/2556801
792188 198047/400 17827690791/160000
793124 793124/1601 285732333370/2563201
793506 132251/267 7942538614/71289
794133 794133/1603 286137651308/2569609
794445 794445/1604 286370072947/2572816
794918 794918/1605 286549404836/2576025
795765 795765/1606 286926494461/2579236
795766 795766/1607 287497861218/2582449
795824 99478/201 17998994687/161604
796370 796370/1609 288167205758/2588881
796624 398312/805 72109928551/648025
797195 797195/1611 288628218284/2595321
798167 798167/1612 289174166947/2598544
799167 799167/1613 289764426450/2601769
799467 266489/538 32222854417/289444
800028 800028/1615 290192330976/2608225
800929 800929/1616 290637737359/2611456
801875 801875/1617 291145373972/2614689
801876 400938/809 72930369195/654481
802261 802261/1619 291921565252/2621161
802317 267439/540 32490515819/291600
803075 803075/1621 292706979782/2627641
803829 803829/1622 292995937985/2630884
804264 268088/541 97727509696/878043
805024 100628/203 4585573144/41209
805113 805113/1625 293926016856/2640625
806113 806113/1626 294520564985/2643876
807068 807068/1627 295044615934/2647129
807371 807371/1628 295286592123/2650384
807372 89708/181 3652676012/32761
808360 80836/163 14822165322/132845
809182 809182/1631 296798481628/2660161
809530 404765/816 74254060343/665856
810368 810368/1633 297389082196/2666689
811367 18869/38 6929859435/62092
812097 270699/545 33139485514/297025
812747 812747/1636 298476215067/2676496
813538 813538/1637 298800269970/2679769
814022 407011/819 74745768620/670761
815022 815022/1639 299580096958/2686321
815023 815023/1640 300166535031/2689600
815950 815950/1641 300652848428/2692881
816039 816039/1642 301109533497/2696164
816835 816835/1643 301439730610/2699449
817033 817033/1644 301770243467/2702736
817453 116779/235 6162521304/55225
818319 818319/1646 302371175869/2709316
818413 818413/1647 302822408858/2712609
818566 409283/824 75800267711/678976
819293 819293/1649 303472456822/2719201
819779 819779/1650 303656684909/2722500
819780 63060/127 23403567452/209677
820780 205195/413 19053071672/170569
820905 273635/551 101754031376/910803
821024 410512/827 76420618093/683929
821844 821844/1655 306040502274/2739025
822077 822077/1656 306340403327/2742336
822984 822984/1657 306804548744/2745649
823369 823369/1658 307010368889/2748964
823373 823373/1659 307597865690/2752281
823757 823757/1660 307804201971/2755600
823844 823844/1661 308267637490/2758921
823845 274615/554 102953401243/920748
824080 824080/1663 309158992796/2765569
824328 103041/208 4835106215/43264
825328 825328/1665 310056470756/2772225
825828 412914/833 77560680438/693889
826471 826471/1667 310465091974/2778889
826916 206729/417 38831954113/347778
827568 827568/1669 310882598382/2785561
827952 413976/835 77772436449/697225
828319 828319/1671 311303722688/2792241
829171 829171/1672 311702150415/2795584
829172 829172/1673 312298117368/2798929
830074 415037/837 78190268549/700569
830439 830439/1675 312976576054/2805625
830454 415227/838 78387652553/702244
830775 276925/559 104596242046/937443
831775 831775/1678 314402849857/2815684
832116 832116/1679 314630372544/2819041
832736 52046/105 1229858384/11025
832897 832897/1681 315219326992/2825761
833607 833607/1682 315484205673/2829124
834541 834541/1683 315995035010/2832489
834542 417271/842 79148736097/708964
835477 835477/1685 317108122526/2839225
836232 139372/281 26450791282/236883
836823 836823/1687 317612977954/2845969
837243 837243/1688 317811003743/2849344
837626 837626/1689 318020833346/2852721
838022 419011/845 79556497294/714025
839022 839022/1691 318843795390/2859481
839432 209858/423 39880613083/357858
839740 839740/1693 319293342754/2866249
839990 419995/847 79896099608/717409
839991 279997/565 106729298608/957675
840801 840801/1696 320544375583/2876416
841563 841563/1697 320853598862/2879809
842386 421193/849 80306056475/720801
842522 842522/1699 321633592868/2886601
843024 210756/425 20113935239/180625
843051 281017/567 35820671120/321489
843989 843989/1702 322908452029/2896804
844080 844080/1703 323377181118/2900209
845080 105635/213 20250016889/181476
845309 845309/1705 324311832154/2907025
845310 422655/853 81229861197/727609
846029 846029/1707 325195126022/2913849
846607 846607/1708 325397216395/2917264
846804 846804/1709 325740091602/2920681
847442 423721/855 81491349824/731025
847738 847738/1711 326224135438/2927521
848231 848231/1712 326414808671/2930944
849146 849146/1713 326906804252/2934369
849381 849381/1714 327214072393/2937796
849575 169915/343 65512168446/588245
850031 65387/132 25211884559/226512
850032 850032/1717 328364868054/2948089
850769 850769/1718 328656609193/2951524
851652 94628/191 36567363016/328329
851826 425913/860 82368831671/739600
852413 852413/1721 329681361908/2961841
852994 426497/861 82471391330/741321
853709 853709/1723 330160215748/2968729
854203 854203/1724 330351838907/2972176
855140 7436/15 575442676/5175
855967 855967/1726 331260650293/2979076
856135 856135/1727 331638179562/2982529
856136 107017/216 5191451825/46656
856419 856419/1729 332523185398/2989441
857419 857419/1730 333155875269/2992900
857953 857953/1731 333350999528/2996361
858040 214510/433 20864539417/187489
858435 858435/1733 334042834968/3003289
859093 859093/1734 334281437741/3006756
859915 171983/347 66931826898/602045
860687 860687/1736 334984543239/3013696
860920 860920/1737 335297390054/3017169
861809 861809/1738 335759197413/3020644
861810 861810/1739 336378001396/3024121
862106 431053/870 84160174991/756900
862256 862256/1741 337041831644/3031081
862377 862377/1742 337479291653/3034564
863377 863377/1743 338117188274/3038049
863869 863869/1744 338311193479/3041536
864270 172854/349 67704140034/609005
864761 864761/1746 338714726861/3048516
864894 864894/1747 339137879996/3052009
864909 864909/1748 339734638507/3055504
865198 865198/1749 340003028294/3059001
865199 865199/1750 340623695649/3062500
865950 865950/1751 340933564504/3066001
866100 72175/146 7111169521/63948
867017 867017/1753 341843929640/3073009
867940 433970/877 85590167797/769129
868132 868132/1755 342716717006/3080025
869132 217283/439 42920020649/385442
869157 869157/1757 343943518278/3087049
869167 869167/1758 344552023649/3090564
869819 869819/1759 344791675624/3094081
870440 21761/44 1078174503/9680
870441 290147/587 38404513944/344569
871119 871119/1762 345896334681/3104644
871608 871608/1763 346092694842/3108169
871709 871709/1764 346561836851/3111696
871978 871978/1765 346847734876/3115225
872256 436128/883 86781656598/779689
872346 290782/589 38623478580/346921
873202 436601/884 87009996447/781456
874202 874202/1769 348689704932/3129361
874631 874631/1770 348894331289/3132900
875105 11365/23 647666354/5819
875106 437553/886 87429987057/784996
875634 291878/591 38879930378/349281
876249 876249/1774 350142747153/3147076
876329 876329/1775 350644089784/3150625
876540 73045/148 7312156229/65712
876983 876983/1777 351185662568/3157729
877496 438748/889 87845991341/790321
878283 292761/593 117244907984/1054947
878873 878873/1780 351948938491/3168400
879741 879741/1781 352395976362/3171961
880741 880741/1782 353049914465/3175524
880742 880742/1783 353681574868/3179089
881357 881357/1784 353906057487/3182656
881364 293788/595 39391956026/354025
881410 23195/47 4672159134/41971
882203 882203/1787 355443102732/3193369
882695 882695/1788 355642012691/3196944
883006 883006/1789 355900584956/3200521
883813 883813/1790 356275265861/3204100
884299 884299/1791 356474409842/3207681
884408 15793/32 796737873/7168
884713 884713/1793 357201446478/3214849
884714 442357/897 89458859831/804609
885714 885714/1795 358495771804/3222025
886488 221622/449 22427299277/201601
887138 887138/1797 359080523588/3229209
887731 887731/1798 359298073229/3232804
888588 888588/1799 359735175302/3236401
889152 37048/75 2499610909/22500
889752 889752/1801 360164174746/3243601
889982 444991/901 90122426994/811801
890252 890252/1803 360780082646/3250809
891200 222800/451 45169025027/406802
891201 891201/1805 361990990374/3258025
891803 891803/1806 362212694345/3261636
892626 892626/1807 362608975940/3265249
893626 446813/904 90818083607/817216
894550 894550/1809 363807151076/3272481
894564 447282/905 91106480626/819025
894669 894669/1811 364901483774/3279721
895121 895121/1812 365106173027/3283344
895542 895542/1813 365317321626/3286969
895624 447812/907 91456625095/822649
895929 298643/605 122030926948/1098075
895930 447965/908 91683736895/824464
896598 896598/1817 366992284664/3301489
897055 897055/1818 367196675729/3305124
897645 897645/1819 367415608482/3308761
898443 9873/20 310892877/2800
899443 899443/1821 368454984248/3316041
900145 900145/1822 368736159117/3319684
900611 900611/1823 368939971770/3323329
901402 450701/912 92325782087/831744
902258 902258/1825 369744370986/3330625
903103 903103/1826 370171315725/3334276
903104 903104/1827 370818890504/3337929
903704 225926/457 23190141554/208849
904157 904157/1829 371248370252/3345241
904986 150831/305 30971348842/279075
905265 905265/1831 371944284556/3352561
905394 452697/916 93097976327/839056
906384 302128/611 124348498160/1119963
907384 453692/917 93429358168/840889
908243 908243/1835 374164526906/3367225
909008 227252/459 46812780883/421362
909674 909674/1837 374759846522/3374569
909675 909675/1838 375412501865/3378244
910077 303359/613 125210874724/1127307
910572 227643/460 23489805211/211600
911114 911114/1841 376045228572/3389281
911232 151872/307 10458639250/94249
911306 911306/1843 377041424628/3396649
911850 455925/922 94312631599/850084
912256 912256/1845 377469550364/3404025
912957 912957/1846 377752855717/3407716
913957 913957/1847 378429086538/3411409
914117 914117/1848 378841048319/3415104
914118 914118/1849 379496392354/3418801
914810 91481/185 759547686/6845
914840 914840/1851 380378268686/3426201
915116 228779/463 47583991121/428738
915492 915492/1853 380903316450/3433609
916185 2965/6 411199799/3708
916385 183277/371 76309649532/688205
917021 917021/1856 381791334007/3444736
917637 305879/619 127341542318/1149483
918138 459069/929 95557608869/863041
918810 918810/1859 382494924016/3455881
918811 918811/1860 383152962779/3459600
919208 919208/1861 383376454110/3463321
919781 919781/1862 383594094145/3467044
920676 306892/621 42677728352/385641
920934 460467/932 96102414143/868624
921509 921509/1865 384628095524/3478225
922278 153713/311 32081271802/290163
922299 922299/1867 385599498892/3485689
922714 461357/934 96454421319/872356
922938 307646/623 42906706764/388129
923092 461546/935 96645698514/874225
923093 923093/1871 387243346338/3500641
923116 230779/468 24241516901/219024
924116 924116/1873 388552435542/3508129
924683 924683/1874 388770034021/3511876
925417 925417/1875 389085946736/3515625
926111 926111/1876 389368792811/3519376
926524 926524/1877 389588551576/3523129
926694 154449/313 32499390691/293907
927005 927005/1879 390262865138/3530641
927685 185537/376 78107204627/706880
928438 928438/1881 390870404042/3538161
928439 928439/1882 391534613653/3541924
928936 928936/1883 391742680832/3545689
929608 232402/471 24500677196/221841
929633 929633/1885 392632295436/3553225
930633 930633/1886 393324793261/3556996
930929 930929/1887 393606866126/3560769
931107 931107/1888 394003094551/3564544
931639 931639/1889 394214629140/3568321
931692 155282/315 10966370771/99225
932623 932623/1891 395360884500/3575881
933151 933151/1892 395572250875/3579664
933152 933152/1893 396239700968/3583449
933652 466826/947 99112278368/896809
934105 186821/379 79332291022/718205
934454 467227/948 99227508107/898704
935316 935316/1897 397377736670/3598609
935506 35981/73 7649258324/69277
936506 936506/1899 398459091506/3606201
936567 49293/100 21001240769/190000
937368 937368/1901 399413910556/3613801
937690 468845/951 99919916207/904401
937702 937702/1903 400329853820/3621409
937703 55159/112 23588258831/213248
938152 938152/1905 401214610946/3629025
938585 938585/1906 401431959269/3632836
938937 938937/1907 401680165352/3636649
939126 156521/318 11168508331/101124
939178 939178/1909 402646758568/3644281
940143 940143/1910 403284824781/3648100
940352 134336/273 8237738330/74529
941352 117669/239 25272088769/228484
942022 942022/1913 404625251558/3659569
942050 471025/957 101312348288/915849
942051 942051/1915 405922906784/3667225
942819 942819/1916 406280825227/3671056
943205 943205/1917 406514430938/3674889
943310 471655/959 101753406863/919681
944277 944277/1919 407658912278/3682561
944858 472429/960 101971630679/921600
945139 945139/1921 408184535954/3690241
945371 945371/1922 408526884637/3694084
945638 945638/1923 408836625080/3697929
946516 236629/481 25583507317/231361
947516 947516/1925 410045478344/3705625
947517 315839/642 15211962167/137388
948116 948116/1927 410958297142/3713329
948703 948703/1928 411188945495/3717184
948899 948899/1929 411571216610/3721041
949453 949453/1930 411792012541/3724900
950452 950452/1931 412501589352/3728761
950604 79217/161 2867629901/25921
951089 951089/1933 413152537644/3736489
951455 951455/1934 413396975749/3740356
952273 952273/1935 413816313446/3744225
952868 238217/484 25878165521/234256
952869 952869/1937 414731599946/3751969
953869 953869/1938 415445717357/3755844
954027 954027/1939 415876530396/3759721
954771 9843/20 4290867267/38800
955279 955279/1941 416429155634/3767481
955476 477738/971 104203198988/942841
956203 956203/1943 417134667950/3775249
956942 478471/972 104366943083/944784
957118 957118/1945 417876951526/3783025
957158 478579/973 104622332624/946729
957161 957161/1947 419169443072/3790809
957162 478581/974 104963342179/948676
957991 957991/1949 420290977608/3798601
958041 319347/650 46765175141/422500
959041 959041/1951 421607022030/3806401
959329 959329/1952 421903965919/3810304
959371 137053/279 60359205188/544887
959633 959633/1954 422833400113/3818116
960136 960136/1955 423050070014/3822025
961017 320339/652 141187879753/1275312
961351 961351/1957 423828593722/3829849
962033 962033/1958 424116380465/3833764
962034 320678/653 141601248440/1279227
962899 19651/40 8679479311/78400
963420 963420/1961 425513205030/3845521
964039 964039/1962 425762176421/3849444
964157 964157/1963 426252671896/3853369
965157 965157/1964 426978061611/3857296
965439 321813/655 47475733546/429025
965965 965965/1966 427501411665/3865156
966880 966880/1967 428071739980/3869089
967660 241915/492 26778314195/242064
968585 968585/1969 429040231660/3876961
968586 484293/985 107433164406/970225
968644 968644/1971 430321289894/3884841
969325 33425/68 14848635663/134096
969434 969434/1973 431117379000/3892729
970056 161676/329 11982487928/108241
970095 194019/395 17279685222/156025
971065 971065/1976 432663652327/3904576
972065 972065/1977 433393691804/3908529
972189 972189/1978 433880187513/3912484
972694 972694/1979 434099900926/3916441
972796 22109/45 4938857963/44550
972797 138971/283 62187858202/560623
973095 973095/1982 435608591409/3928324
973232 973232/1983 436076702624/3932289
973667 973667/1984 436302781815/3936256
973807 973807/1985 436766788536/3940225
973974 162329/331 12144296204/109561
974461 974461/1987 437414824872/3948169
975230 487615/994 109447292475/988036
975787 975787/1989 438018161792/3956121
976787 976787/1990 438754521141/3960100
977373 977373/1991 438993018166/3964081
977374 488687/996 109922835539/992016
977739 977739/1993 439943520082/3972049
977981 977981/1994 440287422429/3976036
978480 65232/133 9789074976/88445
979296 244824/499 27558787176/249001
980236 980236/1997 441564567328/3988009
980274 163379/333 12283200557/110889
980883 980883/1999 442444534994/3996001
981282 490641/1000 110670668119/1000000
981705 327235/667 147637721474/1334667
982513 140359/286 63333726779/572572
982514 982514/2003 444037754740/4012009
983105 983105/2004 444279663347/4016016
983968 983968/2005 444779320786/4020025
984578 492289/1003 111257416172/1006009
984719 984719/2007 445496991440/4028049
985038 492519/1004 111444522847/1008016
985518 985518/2009 446000316212/4036081
985852 492926/1005 111567888674/1010025
986058 986058/2011 446656240092/4044121
986991 986991/2012 447272411739/4048144
987614 987614/2013 447530009486/4052169
987615 987615/2014 448234897385/4056196
988034 988034/2015 448467716984/4060225
989034 164839/336 12478157935/112896
989627 989627/2017 449457652396/4068289
989834 494917/1009 112460690394/1018081
990747 330249/673 50047322012/452929
991123 991123/2020 450675559251/4080400
991427 991427/2021 450969042906/4084441
992121 330707/674 50141758569/454276
992798 992798/2023 451569216696/4092529
993650 496825/1012 113014107799/1024144
993651 331217/675 50307290036/455625
994073 994073/2026 452998753385/4104676
994243 994243/2027 453430662454/4108729
994335 331445/676 151325416553/1370928
995335 995335/2029 454726959512/4116841
995939 142277/290 9285248701/84100
996050 996050/2031 455493844190/4124961
996171 996171/2032 455995292951/4129024
996981 996981/2033 456427462762/4133089
997025 997025/2034 457057092053/4137156
997737 997737/2035 457381882216/4141225
997738 498869/1018 114523456347/1036324
998125 998125/2037 458340442472/4149369
998495 998495/2038 458594781653/4153444
999234 999234/2039 458946223922/4157521
999349 999349/2040 459458135279/4161600
999691 999691/2041 459727969750/4165681
1000691 1000691/2042 460484487341/4169764
1001659 1001659/2043 461176452164/4173849
1002549 1002549/2044 461728596059/4177936
1003178 1003178/2045 461993708336/4182025
1004114 502057/1023 115656349949/1046529
1004115 1004115/2047 463342294066/4190209
1004734 502367/1024 115900607679/1048576
1004737 1004737/2049 464315704358/4198401
1005300 20106/41 4645531236/42025
1006026 143718/293 66413362056/600943
1006914 167819/342 12929007323/116964
1007509 1007509/2053 465693411480/4214809
1008300 504150/1027 116526331393/1054729
1009300 201860/411 93372924298/844605
1009868 252467/514 14596998279/132098
1010692 1010692/2057 467558875662/4231249
1010693 1010693/2058 468280753853/4235364
1010840 1010840/2059 468751978952/4239481
1011262 505631/1030 117247356019/1060900
1011840 337280/687 52136968384/471969
1011957 1011957/2062 469748589221/4251844
1012792 1012792/2063 470220743966/4255969
1013045 1013045/2064 470565463991/4260096
1013606 1013606/2065 470803617864/4264225
1014012 507006/1033 117761619268/1067089
1015008 338336/689 157267252000/1424163
1016008 254002/517 29535338612/267289
1016009 1016009/2069 473291065636/4280761
1016925 67795/138 3510321643/31740
1017837 1017837/2071 474488777534/4289041
1018084 254521/518 14838802009/134162
1018749 339583/691 158377770790/1432443
1018774 509387/1037 118953380593/1075369
1019142 1019142/2075 476074426536/4305625
1020025 1020025/2076 476622464315/4309776
1020782 1020782/2077 476998563754/4313929
1021683 1021683/2078 477576565881/4318084
1022174 1022174/2079 477806391908/4322241
1022175 204435/416 95707348627/865280
1023175 1023175/2081 479304786632/4330561
1023490 511745/1041 119900016776/1083681
1023714 1023714/2083 479979502738/4338889
1024100 256025/521 60029137137/542882
1024126 1024126/2085 480914944574/4347225
1025026 512513/1043 120373515086/1087849
1025209 1025209/2087 481923261452/4355569
1026114 171019/348 4467698837/40368
1027102 1027102/2089 483257416888/4363921
1027113 1027113/2090 483971404641/4368100
1027114 1027114/2091 484705683854/4372281
1027542 513771/1046 121236460841/1094116
1027883 1027883/2093 485224834106/4380649
1028883 342961/698 161999566307/1461612
1029181 1029181/2095 486309071044/4389025
1029207 1029207/2096 486994689471/4393216
1029677 1029677/2097 487227961586/4397409
1029808 514904/1049 121933028506/1100401
1030184 1030184/2099 487992263612/4405801
1031152 257788/525 30543921281/275625
1031853 1031853/2101 489028044248/4414201
1031854 515927/1051 122441377700/1104601
1032484 1032484/2103 490039186718/4422609
1032762 516381/1052 122591894731/1106704
1033078 1033078/2105 490664972706/4431025
1033585 1033585/2106 490898621957/4435236
1034585 1034585/2107 491677811204/4439449
1035545 1035545/2108 492374578451/4443664
1036437 345479/703 164315568910/1482627
1037093 1037093/2110 493237556521/4452100
1037829 1037829/2111 493597441032/4456321
1038435 346145/704 54873208447/495616
1038436 1038436/2113 494601217044/4464769
1039289 1039289/2114 495111498825/4468996
1039508 1039508/2115 495502823186/4473225
1040275 1040275/2116 495897640499/4477456
1041101 1041101/2117 496368581854/4481689
1041177 347059/706 165656341403/1495308
1041489 1041489/2119 497271972044/4490161
1042489 1042489/2120 498054559079/4494400
1042816 1042816/2121 498347025788/4498641
1043294 521647/1061 124645595055/1125721
1043833 1043833/2123 498822095298/4507129
1043834 521917/1062 124892050181/1127844
1044737 1044737/2125 500163156206/4515625
1045317 1045317/2126 500415117665/4519876
1045434 348478/709 166982986360/1508043
1046341 1046341/2128 501551672695/4528384
1047078 1047078/2129 501915408810/4532641
1047160 104716/213 5025087257/45369
1048130 1048130/2131 503232081310/4541161
1048978 524489/1066 125934633341/1136356
1049978 1049978/2133 504524966378/4549689
1050588 47754/97 11472524353/103499
1050589 1050589/2135 505542733604/4558225
1051585 1051585/2136 506321675591/4562496
1052079 1052079/2137 506558723638/4566769
1052856 526428/1069 126742239728/1142761
1053529 1053529/2139 507275777834/4575321
1054071 1054071/2140 507518167419/4579600
1054837 1054837/2141 507915336076/4583881
1055589 351863/714 56477393293/509796
1055844 1055844/2143 508654972646/4592449
1056038 528019/1072 127270880999/1149184
1056847 96077/195 46321424026/418275
1056848 528424/1073 127572952432/1151329
1057831 1057831/2147 511045959746/4609609
1058109 352703/716 170460985913/1537968
1058395 1058395/2149 511712717764/4618201
1058909 1058909/2150 511951827269/4622500
1059360 353120/717 56910405562/514089
1060041 1060041/2152 512508201607/4631104
1060911 1060911/2153 513052892786/4635409
1061812 530906/1077 128412502334/1159929
1062659 1062659/2155 514158481214/4644025
1063431 1063431/2156 514564681067/4648336
1063432 1063432/2157 515325752174/4652649
1064126 532063/1079 128912948306/1164241
1065126 1065126/2159 516445218674/4661281
1065383 1065383/2160 516805021151/4665600
1065580 1065580/2161 517233831188/4669921
1066266 533133/1081 129388398923/1168561
1067007 355669/721 172641918502/1559523
1067039 1067039/2164 518625483955/4682896
1067140 213428/433 20767912802/187489
1067596 533798/1083 129860145755/1172889
1067885 1067885/2167 519770440164/4695889
1067886 533943/1084 130133602807/1175056
1068537 356179/723 57869880988/522729
1068541 1068541/2170 521586943769/4708900
1068832 1068832/2171 521915339162/4713241
1069832 267458/543 65339411041/589698
1070053 1070053/2173 523116118402/4721929
1070920 535460/1087 130915432176/1181569
1071539 1071539/2175 523937335454/4730625
1072198 536099/1088 131059601271/1183744
1072496 1072496/2177 524561843718/4739329
1073046 178841/363 14578054460/131769
1073047 1073047/2179 525577439088/4748041
1073547 1073547/2180 525818764531/4752400
1074542 1074542/2181 526610532944/4756761
1075188 537594/1091 131725813336/1190281
1075959 1075959/2183 527313663494/4765489
1076856 44869/91 10998161015/99372
1077856 1077856/2185 528714695554/4774225
1078856 539428/1093 132379415597/1194649
1079594 1079594/2187 529890541550/4782969
1079667 1079667/2188 530519798827/4787344
1080594 1080594/2189 531173536868/4791721
1080595 216119/438 106389493201/959220
1081284 1081284/2191 532274133222/4800481
1081352 135169/274 16653555395/150152
1081655 1081655/2193 533236286138/4809249
1082558 541279/1097 133461917109/1203409
1083077 1083077/2195 534092425966/4818025
1083940 270985/549 66829443385/602802
1084453 1084453/2197 534879832594/4826809
1085453 1085453/2198 535686678593/4831204
1085780 1085780/2199 535991574272/4835601
1086127 1086127/2200 536282681271/4840000
1086128 1086128/2201 537060490554/4844401
1087085 1087085/2202 537777404549/4848804
1087416 1087416/2203 538079902788/4853209
1087990 543995/1102 134584597399/1214404
1088071 1088071/2205 538957929884/4862025
1088657 1088657/2206 539221239637/4866436
1089129 1089129/2207 539466693114/4870849
1089842 544921/1104 134954368127/1218816
1090609 1090609/2209 540227012326/4879681
1091215 218243/442 108099884433/976820
1092215 1092215/2211 541310363024/4888521
1092216 273054/553 33880784479/305809
1093061 1093061/2213 542610500784/4897369
1093247 1093247/2214 543065527925/4901796
1093891 1093891/2215 543360770774/4906225
1093908 273477/554 8501714888/76729
1094403 364801/739 181451764606/1638363
1095024 547512/1109 136159197730/1229881
1095247 1095247/2219 545044874310/4923961
1095351 365117/740 60625253171/547600
1095616 1095616/2221 545988867726/4932841
1096520 548260/1111 136652331669/1234321
1096521 365507/741 60821583224/549081
1097521 1097521/2224 548211320175/4946176
1097814 1097814/2225 548547214204/4950625
1098102 183017/371 45740635229/412923
1098465 1098465/2227 549172000442/4959529
1098759 1098759/2228 549507009715/4963984
1099666 1099666/2229 550135223018/4968441
1100480 110048/223 27530560803/248645
1101375 1101375/2231 551217628012/4977361
1101676 275419/558 34471719845/311364
1101992 1101992/2233 551865013908/4986289
1101993 1101993/2234 552653789041/4990756
1102298 1102298/2235 552980368046/4995225
1103013 1103013/2236 553337739691/4999696
1104013 1104013/2237 554159294826/5004169
1104893 1104893/2238 554741145881/5008644
1105264 1105264/2239 555022711368/5013121
1105732 276433/560 34704504511/313600
1106613 122957/249 20587262416/186003
1107348 553674/1121 139058624177/1256641
1107928 1107928/2243 556499210414/5031049
1108223 1108223/2244 556836094955/5035536
1108224 1108224/2245 557629332764/5040025
1108734 554367/1123 139469580199/1261129
1108764 369588/749 186203176756/1683003
1108904 138613/281 17473088455/157922
1109040 1109040/2249 559674520292/5058001
1110040 111004/225 5605011914/50625
1110836 1110836/2251 560956394828/5067001
1111253 1111253/2252 561218766467/5071504
1111856 1111856/2253 561495001430/5076009
1112179 1112179/2254 561809717913/5080516
1112578 1112578/2255 562079064676/5085025
1112579 1112579/2256 562875027527/5089536
1112723 1112723/2257 563399570944/5094049
1112922 556461/1129 140961073284/1274641
1113742 1113742/2259 564335626346/5103081
1114240 55712/113 14114637471/127690
1114960 159280/323 80707391962/730303
1115618 557809/1131 141315768218/1279161
1116618 1116618/2263 566093954730/5121169
1117497 1117497/2264 566680544727/5125696
1118435 223687/453 113475595534/1026045
1119228 50874/103 12905255752/116699
1119229 1119229/2267 568632416090/5139289
1119265 159895/324 81336881261/734832
1120182 1120182/2269 570015973558/5148361
1120405 224081/454 114086689773/1030580
1120916 1120916/2271 570685430732/5157441
1121073 1121073/2272 571193993215/5161984
1121904 1121904/2273 571704301358/5166529
1122065 1122065/2274 572207234141/5171076
1122226 160318/325 81815738132/739375
1123226 561613/1138 143386508551/1295044
1123441 102131/207 4743591524/42849
1123442 561721/1139 143694673826/1297321
1124183 21211/43 10852281628/97997
1125141 375047/760 191971830133/1732800
1126125 1126125/2281 576716668942/5202961
1127011 1127011/2282 577320551925/5207524
1127446 1127446/2283 577581449408/5212089
1127513 1127513/2284 578250394859/5216656
1128366 1128366/2285 578798495954/5221225
1128796 564398/1143 144765276155/1306449
1129528 1129528/2287 579444132766/5230369
1129964 25681/52 3293779327/29744
1129965 376655/763 193504773886/1746507
1130659 1130659/2290 580859812789/5244100
1130802 1130802/2291 581395171908/5248681
1131471 377157/764 64635493435/583696
1132266 1132266/2293 582181370718/5257849
1132600 566300/1147 145623453589/1315609
1132832 1132832/2295 582904871186/5267025
1133797 161971/328 83381261657/753088
1134750 1134750/2297 584407158404/5276209
1135090 567545/1149 146179016459/1320201
1135881 1135881/2299 585173288226/5285401
1135882 567941/1150 146496691069/1322500
1136124 378708/767 195462480034/1764867
1137124 568562/1151 146807999045/1324801
1137859 1137859/2303 587620825928/5303809
1138071 379357/768 21779971261/196608
1138427 1138427/2305 588358306486/5313025
1138589 1138589/2306 588867464541/5317636
1138986 379662/769 65460490384/591361
1139718 569859/1154 147382695939/1331716
1139722 1139722/2309 590339938600/5331481
1139889 379963/770 196947300943/1778700
1139890 1139890/2311 591657888926/5340721
1140036 285009/578 9253008842/83521
1140188 1140188/2313 592717696274/5349969
1140611 1140611/2314 592985267989/5354596
1141611 1141611/2315 593836532904/5359225
1141880 285470/579 37138084301/335241
1142864 1142864/2317 595024169148/5368489
1143594 571797/1159 148852711135/1343281
1143945 381315/773 198571560634/1792587
1144704 71544/145 18629227777/168200
1145704 1145704/2321 596987640578/5387041
1145705 1145705/2322 597808111205/5391684
1146261 1146261/2323 598074660752/5396329
1146722 573361/1162 149583640811/1350244
1147711 1147711/2325 599162781704/5405625
1148522 574261/1163 149913663820/1352569
1148952 1148952/2327 599921920974/5414929
1149952 143744/291 37548507443/338724
1150699 1150699/2329 601183237866/5424241
1151164 575582/1165 150360833986/1357225
1151698 1151698/2331 601705182620/5433561
1151946 575973/1166 150526116935/1359556
1151947 1151947/2333 602929389188/5442889
1152836 576418/1167 150888067331/1361889
1153793 1153793/2335 604311346116/5452225
1154601 1154601/2336 604800183247/5456896
1155562 1155562/2337 605567967224/5461569
1156543 1156543/2338 606380297801/5466244
1157050 1157050/2339 606640011686/5470921
1158042 193007/390 16874385421/152100
1159042 1159042/2341 608334500194/5480281
1159298 579649/1171 152182049876/1371241
1159302 386434/781 203184245722/1829883
1159303 1159303/2344 610384195495/5494336
1159775 231955/469 24425831750/219961
1160541 386847/782 203692986215/1834572
1161203 1161203/2347 611405106916/5508409
1162197 1162197/2348 612250578219/5513104
1163049 387683/783 68090069726/613089
1163051 1163051/2350 613642721049/5522500
1164040 1164040/2351 614477526840/5527201
1164436 5941/12 784135199/7056
1164461 1164461/2353 615543115472/5536609
1165461 105951/214 56036824123/503756
1165462 1165462/2355 617241608666/5546025
1166350 583175/1178 154466910289/1387684
1167098 1167098/2357 618280633406/5555449
1167897 389299/786 22917057107/205932
1168316 1168316/2359 619036675372/5564881
1168600 29215/59 3871277333/34810
1169396 1169396/2361 619880410388/5574321
1170096 585048/1181 155060473538/1394761
1170123 1170123/2363 621022669030/5583769
1171045 1171045/2364 621715949603/5588496
1171946 1171946/2365 622367913054/5593225
1171947 167421/338 89029924615/799708
1172947 1172947/2367 624075479084/5602689
1173689 1173689/2368 624482911503/5607424
1174441 1174441/2369 624902248062/5612161
1174753 1174753/2370 625246021661/5616900
1175074 1175074/2371 625582151596/5621641
1175489 1175489/2372 625861402883/5626384
1176293 1176293/2373 626350904780/5631129
1177095 1177095/2374 626837489773/5635876
1177747 1177747/2375 627159433866/5640625
1178000 147250/297 39222726215/352836
1178001 1178001/2377 628409434006/5650129
1178565 1178565/2378 628684931261/5654884
1178759 1178759/2379 629165632736/5659641
1179759 168537/340 90005091237/809200
1179820 1179820/2381 630750087964/5669161
1179988 589994/1191 157817599358/1418481
1180159 1180159/2383 631786049466/5678689
1181028 295257/596 39524004181/355216
1181765 236353/477 126557697358/1137645
1181965 1181965/2386 633262064229/5692996
1182676 107516/217 57603491504/517979
1182677 1182677/2388 634487472539/5702544
1183450 1183450/2389 634937382110/5707321
1183969 1183969/2390 635204490929/5712100
1184893 1184893/2391 635909336708/5716881
1185396 296349/598 39760964281/357604
1186396 1186396/2393 637050039132/5726449
1187244 65958/133 5903825278/53067
1187823 1187823/2395 637895990166/5736025
1188690 594345/1198 159623014305/1435204
1189522 1189522/2397 639028854434/5745609
1190349 1190349/2398 639557663753/5750404
1190350 1190350/2399 640412870276/5755201
1190689 1190689/2400 640739093279/5760000
1191314 1191314/2401 641045931774/5764801
1192152 596076/1201 160398366931/1442401
1192361 1192361/2403 642058862564/5774409
1193022 596511/1202 160597829695/1444804
1193393 1193393/2405 642696258636/5784025
1194393 398131/802 71508209277/643204
1195393 1195393/2407 644451508350/5793649
1196132 42719/86 1439421075/12943
1196229 398743/803 71723689538/644809
1196230 119623/241 32318639109/290405
1197066 1197066/2411 646918991368/5812921
1197908 299477/603 40467194357/363609
1198736 1198736/2413 648008376920/5822569
1199652 599826/1207 162175248632/1456849
1200473 1200473/2415 649223199806/5832225
1200829 1200829/2416 649540103399/5837056
1201762 1201762/2417 650268157574/5841889
1202524 601262/1209 162676664747/1461681
1203524 1203524/2419 651586761786/5851561
1203768 300942/605 81501451307/732050
1203769 1203769/2421 652877415674/5861241
1204400 602200/1211 163297604328/1466521
1205015 1205015/2423 653493674758/5870929
1205373 401791/808 217936804037/1958592
1205810 241162/485 26163557594/235225
1205893 1205893/2426 654774787069/5885476
1206657 402219/809 218405847268/1963443
1207087 1207087/2428 655498465523/5895184
1207540 1207540/2429 655773173492/5900041
1208414 604207/1215 164097033731/1476225
1208531 1208531/2431 657009680742/5909761
1208532 302133/608 41117395639/369664
1208667 402889/811 219489137966/1973163
1209321 1209321/2434 658798192829/5924356
1209748 1209748/2435 659080731536/5929225
1210572 100881/203 13741918037/123627
1210705 1210705/2437 660205515388/5938969
1210969 1210969/2438 660608501349/5943844
1211939 1211939/2439 661425594434/5948721
1212852 303213/610 20691220883/186050
1213455 1213455/2441 662417807918/5958481
1213637 32801/66 17917069265/161172
1213638 1213638/2443 663803767920/5968249
1214030 607015/1222 166025576707/1493284
1215030 81002/163 44332868696/398535
1215760 607880/1223 166349452688/1495729
1216700 1216700/2447 666149784064/5987809
1217053 1217053/2448 666472912199/5992704
1217099 1217099/2449 667243448012/5997601
1217592 608796/1225 166878985559/1500625
1218243 406081/817 222615506596/2002467
1218953 1218953/2452 668230157515/6012304
1219322 1219322/2453 668542934760/6017209
1219323 406441/818 74379903613/669124
1219861 1219861/2455 669696070494/6027025
1219889 1219889/2456 670508606391/6031936
1219990 1219990/2457 671166166646/6036849
1220990 610495/1229 168015530256/1510441
1221911 1221911/2459 672777968200/6046681
1222268 305567/615 42068731466/378225
1222653 1222653/2461 673404100664/6056521
1222977 1222977/2462 673751225749/6061444
1223673 407891/821 224707545742/2022123
1224597 111327/224 61349617045/551936
1224598 1224598/2465 675725842226/6076225
1224992 612496/1233 169006504301/1520289
1225039 1225039/2467 676798972048/6086089
1225974 612987/1234 169386880275/1522756
1226170 1226170/2469 678045283112/6095961
1226614 613307/1235 169581686121/1525225
1227614 1227614/2471 679227285168/6105841
1228042 614021/1236 169878465983/1527696
1228097 1228097/2473 680271208980/6115729
1228743 1228743/2474 680601485017/6120676
1228815 27307/55 3028101082/27225
1228816 307204/619 85275708211/766322
1228894 1228894/2477 682914411770/6135529
1228932 204822/413 56975831341/511707
1229619 1229619/2479 684076347628/6145441
1230280 30757/62 1069405899/9610
1231208 1231208/2481 685158405812/6155361
1231618 615809/1241 171363256587/1540081
1231858 1231858/2483 685892136004/6165289
1232858 616429/1242 171699700175/1542564
1233293 1233293/2485 687084629836/6175225
1234239 1234239/2486 687863675661/6180196
1234240 1234240/2487 688750674506/6185169
1234757 1234757/2488 689028682927/6190144
1235091 1235091/2489 689371148706/6195121
1235840 123584/249 34490357878/310005
1236754 1236754/2491 690518582764/6205081
1237278 993/2 277206129/2492
1237483 1237483/2493 691286630444/6215049
1237528 618764/1247 173017965495/1555009
1237757 1237757/2495 692527420716/6225025
1237932 103161/208 4812932127/43264
1238932 1238932/2497 693974004060/6235009
1238933 1238933/2498 694864170465/6240004
1239278 1239278/2499 695199272918/6245001
1239742 619871/1250 173870002109/1562500
1240680 1240680/2501 696246838538/6255001
1241345 1241345/2502 696596594801/6260004
1242145 1242145/2503 697106020964/6265009
1242414 621207/1252 174378451175/1567504
1242949 1242949/2505 697796139644/6275025
1243824 621912/1253 174608541567/1570009
1244547 1244547/2507 698841618012/6285049
1244641 1244641/2508 699526380131/6290064
1244642 1244642/2509 700420487296/6295081
1245642 622821/1255 175334199309/1575025
1246543 1246543/2511 702027364802/6305121
1246974 623487/1256 175579424087/1577536
1247954 1247954/2513 703184743610/6315169
1248936 208156/419 58671388339/526683
1249006 1249006/2515 704794643854/6325225
1249045 1249045/2516 705601567827/6330256
1249525 1249525/2517 705882693674/6335289
1250369 1250369/2518 706467198233/6340324
1250700 113700/229 64256072176/576851
1250701 1250701/2520 707715869999/6350400
1250942 1250942/2521 708160971182/6355441
1251415 1251415/2522 708443233885/6360484
1252415 1252415/2523 709364260640/6365529
1252554 626277/1262 177491923227/1592644
1253197 1253197/2525 710303329816/6375625
1253547 417849/842 236879564647/2126892
1254432 1254432/2527 711301754126/6385729
1254932 313733/632 44473954211/399424
1255578 418526/843 79102368370/710649
1255696 627848/1265 178141268821/1600225
1255697 1255697/2531 713467442912/6405961
1255976 313994/633 44616791003/400689
1256549 1256549/2533 714165590912/6416089
1256960 628480/1267 178616466797/1605289
1257719 1257719/2535 714923042744/6426225
1258719 1258719/2536 715848632407/6431296
1259587 1259587/2537 716481207150/6436369
1260030 210005/423 19910302163/178929
1260436 1260436/2539 717074064612/6446521
1260503 1260503/2540 717824705931/6451600
1261343 1261343/2541 718407431552/6456681
1261344 630672/1271 179828440917/1615441
1262298 1262298/2543 720129486450/6466849
1262553 420851/848 80062315047/719104
1262917 1262917/2545 720888594066/6477025
1263562 631781/1273 180307043665/1620529
1263723 421241/849 80199742054/720801
1264197 1264197/2548 722082320699/6492304
1265197 1265197/2549 723012553220/6497401
1266002 633001/1275 180884757074/1625625
1266715 1266715/2551 723942324940/6507601
1266773 1266773/2552 724716750479/6512704
1266774 422258/851 241875668588/2172603
1267334 633667/1277 181480406491/1630729
1268083 17371/35 9950261042/89425
1268619 422873/852 80739708139/725904
1268880 1268880/2557 727083219586/6538249
1269299 1269299/2558 727382823921/6543364
1270288 1270288/2559 728288375876/6548481
1271279 1271279/2560 729198980319/6553600
1271283 97791/197 56161923316/504517
1272283 1272283/2562 731039589185/6563844
1273078 1273078/2563 731553059342/6568969
1273079 1273079/2564 732468299851/6574096
1273648 1273648/2565 732767443256/6579225
1274218 637109/1283 183266740225/1646089
1275199 1275199/2567 733954796274/6589489
1276168 159521/321 45925823039/412164
1277074 1277074/2569 735528993142/6599761
1277128 638564/1285 184079928819/1651225
1277799 425933/857 81853787412/734449
1278621 1278621/2572 737242176795/6615184
1279423 1279423/2573 737767873162/6620329
1280028 213338/429 20502346684/184041
1280029 1280029/2575 739005216134/6630625
1280166 640083/1288 184906527839/1658944
1280479 1280479/2577 740000407346/6640929
1280688 640344/1289 185125285698/1661521
1281372 1281372/2579 740878747788/6651241
1281595 256319/516 148271885647/1331280
1282461 1282461/2581 741998563172/6661561
1282630 641315/1291 185640882062/1666681
1282872 427624/861 82557633010/741321
1283444 320861/646 11614390873/104329
1283668 1283668/2585 743800823006/6682225
1283669 1283669/2586 744723443693/6687396
1283743 1283743/2587 745472807056/6692569
1284743 1284743/2588 746417511971/6697744
1284870 428290/863 249019706672/2234307
1285049 1285049/2590 747608297749/6708100
1285880 1285880/2591 748187338386/6713281
1286320 80395/162 11695067363/104976
1286587 1286587/2593 748909320686/6723649
1287080 643540/1297 187299541624/1682209
1288057 1288057/2595 750086697986/6734025
1288502 644251/1298 187595648561/1684804
1288503 1288503/2597 751308609974/6744409
1288593 429531/866 250675435091/2249868
1289303 1289303/2599 752434753252/6754801
1289501 1289501/2600 752955182799/6760000
1290501 143389/289 27922419346/250563
1290911 1290911/2602 754214481165/6770404
1291597 1291597/2603 754598151708/6775609
1292422 646211/1302 188792365943/1695204
1292771 1292771/2605 755515983884/6786025
1293410 646705/1303 188964770354/1697809
1294352 1294352/2607 756666758546/6796449
1294353 1294353/2608 757597050799/6801664
1294866 1294866/2609 757888267724/6806881
1295469 143941/290 84245384081/756900
1295630 185090/373 108398924950/973903
1296238 648119/1306 189778928081/1705636
1296366 432122/871 253253523706/2275923
1297366 648683/1307 190178689054/1708249
1297794 1297794/2615 761017970994/6838225
1298594 649297/1308 190387550219/1710864
1298711 1298711/2617 762217880586/6848689
1299044 649522/1309 190644722386/1713481
1299045 433015/873 84834684326/762129
1299839 1299839/2620 764036252219/6864400
1299918 1299918/2621 764783724374/6869641
1299991 1299991/2622 765544405193/6874884
1300047 1300047/2623 766343535660/6880129
1300463 1300463/2624 766652332447/6885376
1300505 260101/525 30699376214/275625
1300631 1300631/2626 768135037413/6895876
1301631 1301631/2627 769096476112/6901129
1302532 325633/657 48113827436/431649
1303406 1303406/2629 770490391668/6911641
1303407 1303407/2630 771427063861/6916900
1304119 1304119/2631 771843551390/6922161
1304482 652241/1316 193045807139/1731856
1304867 1304867/2633 772508820706/6932689
1305681 435227/878 257689725271/2312652
1306518 76854/155 45509970028/408425
1307277 1307277/2636 774145596067/6948496
1307917 1307917/2637 774493989668/6953769
1308826 654413/1319 193809377930/1739761
1309612 1309612/2639 775753021538/6964321
1310612 327653/660 48544790861/435600
1310613 1310613/2641 777658891430/6974881
1311205 1311205/2642 777977557301/6980164
1312024 1312024/2643 778547160776/6985449
1312149 1312149/2644 779206329115/6990736
1312364 1312364/2645 779710217034/6996025
1312805 1312805/2646 780013053545/7001316
1313708 1313708/2647 780745833724/7006609
1314197 1314197/2648 781040929791/7011904
1314415 1314415/2649 781540971776/7017201
1314429 1314429/2650 782451923209/7022500
1314811 1314811/2651 782781634098/7027801
1314812 328703/663 97965798637/879138
1315812 1315812/2653 784696147066/7038409
1315974 657987/1327 196321957820/1760929
1316211 438737/885 29102279272/261075
1316422 658211/1328 196568191735/1763584
1317393 1317393/2657 787168970016/7059649
1317621 439207/886 87517312449/784996
1317961 1317961/2659 788016598290/7070281
1318710 131871/266 7884836137/70756
1319131 1319131/2661 788794901270/7080921
1319366 659683/1331 197318055249/1771561
1319367 1319367/2663 790219997722/7091569
1320109 1320109/2664 790678621823/7096896
1320745 264149/533 158205596776/1420445
1321745 1321745/2666 792002861737/7107556
1322559 62979/127 37741424270/338709
1323239 1323239/2668 792957480683/7118224
1324009 1324009/2669 793455042676/7123561
1324016 662008/1335 198597680771/1782225
1324102 1324102/2671 795136825454/7134241
1324924 331231/668 49732427933/446224
1325726 1325726/2673 796267078802/7144929
1325727 1325727/2674 797219842109/7150276
1326666 1326666/2675 798043260844/7155625
1327293 442431/892 266129178521/2386992
1327811 1327811/2677 798687181976/7166329
1328717 102209/206 61495040129/551668
1329717 443239/893 266804621258/2392347
1330610 133061/268 40056706559/359120
1330710 1330710/2681 801854382726/7187761
1330908 221818/447 22288669751/199809
1331892 1331892/2683 803329369434/7198489
1332285 1332285/2684 803657479995/7203856
1332286 1332286/2685 804615563564/7209225
1332960 666480/1343 201250029638/1803649
1333400 1333400/2687 805308323084/7219969
1334400 3475/7 524928331/4704
1334857 1334857/2689 806594054260/7230721
1335117 1335117/2690 807044307201/7236100
1336041 148449/299 9973288126/89401
1337041 1337041/2692 808818779763/7246864
1337394 1337394/2693 809174799802/7252249
1338171 446057/898 269895659963/2419212
1338335 267667/539 162057153904/1452605
1338336 167292/337 12675755849/113569
1339223 1339223/2697 811960574288/7273809
1339315 1339315/2698 812703050225/7279204
1340259 1340259/2699 813544782458/7284601
1340516 335129/675 101750140093/911250
1341459 1341459/2701 814840911078/7295401
1342338 671169/1351 203884362489/1825201
1343313 447771/901 90717463634/811801
1343847 1343847/2704 816762934815/7311616
1344847 1344847/2705 817749169696/7317025
1345470 224245/451 68174525680/610203
1345471 1345471/2707 819062936936/7327849
1346200 336550/677 51219448001/458329
1346770 1346770/2709 819828177668/7338681
1347004 673502/1355 205079599166/1836025
1347473 1347473/2711 820623229330/7349521
1348368 56182/113 17111568323/153228
1348432 1348432/2713 822167045846/7360369
1349305 1349305/2714 822853592741/7365796
1349570 269914/543 164660613412/1474245
1349797 1349797/2716 823804349059/7376656
1350290 1350290/2717 824107707374/7382089
1350291 450097/906 91675487737/820836
1350667 1350667/2719 825422610892/7392961
1351235 270247/544 165147997867/1479680
1351295 1351295/2721 826562477258/7403841
1351589 1351589/2722 826977955877/7409284
1352096 1352096/2723 827282066168/7414729
1352848 338212/681 51735223274/463761
1353468 1353468/2725 828108903176/7425625
1353883 1353883/2726 828430978973/7431076
1354617 50171/101 30699571886/275427
1355399 1355399/2728 829414297975/7441984
1355400 1355400/2729 830389053522/7447441
1355421 451807/910 92367865981/828100
1356421 1356421/2731 832307415888/7458361
1357349 1357349/2732 833120256075/7463824
1357877 1357877/2733 833427858662/7469289
1358522 679261/1367 208448199421/1868689
1359387 1359387/2735 834468221826/7480225
1360314 75573/152 2578021455/23104
1360618 194374/391 119383765470/1070167
1360888 680444/1369 209033217973/1874161
1361668 123788/249 76059770794/682011
1361669 1361669/2740 837637159459/7507600
1361941 1361941/2741 838081529006/7513081
1362107 1362107/2742 838687370897/7518564
1363099 1363099/2743 839665756960/7524049
1364099 1364099/2744 840666045887/7529536
1364628 454876/915 93441688864/837225
1364761 1364761/2746 841645531801/7540516
1365560 1365560/2747 842202477326/7546009
1365931 1365931/2748 842552754491/7551504
1366392 1366392/2749 842862934316/7557001
1367153 1367153/2750 843361062341/7562500
1367154 455718/917 281448227642/2522667
1367942 683971/1376 211221154327/1893376
1368827 1368827/2753 845605768254/7579009
1368836 684418/1377 211642277168/1896129
1368974 47206/95 29214879776/261725
1369587 1369587/2756 847576170411/7595536
1370587 1370587/2757 848581147616/7601049
1370811 1370811/2758 849094611077/7606564
1370858 1370858/2759 849961048646/7612081
1371299 1371299/2760 850277728559/7617600
1371823 1371823/2761 850587835038/7623121
1371824 685912/1381 212893691700/1907161
1372225 1372225/2763 851908368962/7634169
1372295 1372295/2764 852719629611/7639696
1373068 1373068/2765 853239470046/7645225
1373374 686687/1383 213412122962/1912689
1373474 1373474/2767 854392006562/7656289
1373756 343439/692 53426746853/478864
1374651 458217/923 285192260882/2555787
1375651 1375651/2770 856587900709/7672900
1376116 80948/163 50405876976/451673
1376374 688187/1386 214341729467/1920996
1376375 1376375/2773 858356870744/7689529
1376551 1376551/2774 858950986045/7695076
1377013 1377013/2775 859263880406/7700625
1377542 688771/1388 214894126675/1926544
1378015 1378015/2777 859887650786/7711729
1378346 689173/1389 215068276649/1929321
1378786 1378786/2779 860591543320/7722841
1379610 137961/278 8611999323/77284
1380513 460171/927 95774402960/859329
1381094 53119/107 16582682232/148837
1382094 1382094/2783 863314874014/7745089
1382095 1382095/2784 864308698559/7750656
1382341 1382341/2785 864793770314/7756225
1383110 691555/1393 216327829177/1940449
1383193 1383193/2787 866098151030/7767369
1383230 691615/1394 216749213717/1943236
1383675 1383675/2789 867315119954/7778521
1384547 1384547/2790 868020145841/7784100
1384929 1384929/2791 868367684388/7789681
1385802 692901/1396 217268762703/1948816
1386778 1386778/2793 870028670048/7800849
1387120 693560/1397 217601714868/1951609
1387121 1387121/2795 871404270114/7812025
1388121 462707/932 96936134467/868624
1388149 1388149/2797 873350849580/7823209
1388865 1388865/2798 873798101917/7828804
1388950 1388950/2799 874583905946/7834401
1389894 694947/1400 218864390191/1960000
1390495 1390495/2801 875800864866/7845601
1391021 1391021/2802 876115988693/7851204
1391305 1391305/2803 876555118644/7856809
1392265 1392265/2804 877470370267/7862416
1392332 1392332/2805 878300627936/7868025
1392333 1392333/2806 879302084589/7873636
1392491 1392491/2807 879936394858/7879249
1393351 1393351/2808 880621631015/7884864
1394351 1394351/2809 881647932092/7890481
1395181 1395181/2810 882274432609/7896100
1396029 465343/937 294311859950/2633907
1396043 1396043/2812 883904453075/7907344
1396107 1396107/2813 884744688800/7912969
1396396 698198/1407 221295024725/1979649
1396515 279303/563 35435804184/316969
1397257 1397257/2816 886380027055/7929856
1397258 1397258/2817 887385298976/7935489
1397471 1397471/2818 887925935161/7941124
1397727 1397727/2819 888403219446/7946761
1398231 466077/940 98746506251/883600
1398668 1398668/2821 889043463486/7958041
1399668 699834/1411 222518936749/1990921
1399711 1399711/2823 890970212936/7969329
1400232 175029/353 13926368959/124609
1400673 1400673/2825 891611715896/7980625
1401519 467173/942 99141529129/887364
1402141 1402141/2827 892634409706/7991929
1402142 100153/202 31915814219/285628
1402779 467593/943 298005057946/2667747
1403710 140371/283 44743343093/400445
1404392 1404392/2831 895280964752/8014561
1405172 351293/708 55989088823/501264
1406163 1406163/2833 896835159592/8025889
1406519 1406519/2834 897207532641/8031556
1407519 156391/315 11089421474/99225
1408415 1408415/2836 899012493459/8042896
1408959 1408959/2837 899335860004/8048569
1409574 234929/473 74974384022/671187
1409575 1409575/2839 900706913684/8059921
1409793 1409793/2840 901244381351/8065600
1409829 469943/947 300721242050/2690427
1410461 1410461/2842 902533636429/8076964
1410616 1410616/2843 903182242544/8082649
1411303 1411303/2844 903603458027/8088336
1411699 1411699/2845 903949756724/8094025
1411758 705879/1423 226202825618/2024929
1412556 470852/949 301796235718/2701803
1413556 353389/712 56651841139/506944
1413831 1413831/2849 906887245494/8116801
1413832 706916/1425 226976089844/2030625
1414150 1414150/2851 908313304320/8128201
1414273 1414273/2852 909028596019/8133904
1414317 471439/951 33701100608/301467
1414592 707296/1427 227596914269/2036329
1415482 1415482/2855 911150469226/8151025
1415651 1415651/2856 911774502575/8156736
1416324 1416324/2857 912183554724/8162449
1416540 708270/1429 228181601262/2042041
1416934 1416934/2859 913075288772/8173881
1417011 1417011/2860 913895639939/8179600
1417012 1417012/2861 914914422698/8185321
1417849 1417849/2862 915568286441/8191044
1418610 1418610/2863 916090079056/8196769
1419542 709771/1432 229238888535/2050624
1420328 1420328/2865 917517164096/8208225
1420587 1420587/2866 917998001289/8213956
1420754 1420754/2867 918627902218/8219689
1420798 710399/1434 229883225345/2056356
1421193 1421193/2869 919882427598/8231161
1421709 1421709/2870 920204277849/8236900
1421900 1421900/2871 920790784700/8242641
1421901 1421901/2872 921812879471/8248384
1422237 83661/169 54247443236/485537
1423237 1423237/2874 923260109609/8259876
1423902 1423902/2875 923664207646/8265625
1424245 1424245/2876 924052142571/8271376
1425216 475072/959 102780497552/919681
1425666 712833/1439 231337981845/2070721
1425875 1425875/2879 925909466722/8288641
1425966 237661/480 2860190111/25600
1426027 1426027/2881 927566150366/8300161
1426231 1426231/2882 928132036541/8305924
1426232 1426232/2883 929157038072/8311689
1426509 203787/412 132802280909/1188208
1427218 1427218/2885 930070836446/8323225
1428036 238006/481 77557896755/694083
1429036 1429036/2887 931753788706/8334769
1429540 357385/722 29127398883/260642
1430407 1430407/2889 932799173390/8346321
1430655 286131/578 37331939277/334084
1431347 1431347/2891 933733539220/8357881
1432315 1432315/2892 934703033531/8363664
1432546 1432546/2893 935228206756/8369449
1432547 1432547/2894 936257980661/8375236
1432569 477523/965 312409661798/2793675
1433269 1433269/2896 937674575383/8386816
1433546 1433546/2897 938135878130/8392609
1433970 79665/161 26068729042/233289
1434197 1434197/2899 939005937268/8404201
1435197 1435197/2900 940069977891/8410000
1435374 478458/967 104520800764/935089
1435908 717954/1451 235253982738/2105401
1436090 1436090/2903 941624137396/8427409
1436559 478853/968 313983471997/2811072
1436560 287312/581 188596509994/1687805
1437046 718523/1453 235826841806/2111209
1437551 1437551/2907 943632293804/8450649
1438392 359598/727 59019118394/528529
1438712 1438712/2909 944719305320/8462281
1439003 1439003/2910 945164617061/8468100
1439020 1439020/2911 946152921726/8473921
1439064 179883/364 7398971201/66248
1440064 1440064/2913 948138577730/8485569
1440171 1440171/2914 948901146973/8491396
1441148 1441148/2915 949905953796/8497225
1441149 480383/972 105660159155/944784
1441321 1441321/2917 951570302064/8508889
1441503 1441503/2918 952180671493/8514724
1441584 480528/973 317668237898/2840187
1441588 360397/730 14906744609/133225
1442177 1442177/2921 954384900898/8532241
1443098 721549/1461 238811224253/2134521
1443712 1443712/2923 955613977408/8543929
1443753 1443753/2924 956540506011/8549776
1444468 1444468/2925 957010762226/8555625
1445468 722734/1463 239521834639/2140369
1445469 1445469/2927 959125962876/8567329
1446460 361615/732 60011069171/535824
1446772 1446772/2929 960602033340/8579041
1447040 144704/293 9610795278/85849
1447474 1447474/2931 961418043740/8590761
1448225 1448225/2932 961939876659/8596624
1449060 1449060/2933 962609020546/8602489
1449582 241597/489 8916106580/79707
1449609 1449609/2935 963907757744/8614225
1449897 1449897/2936 964360609975/8620096
1450408 1450408/2937 964689935816/8625969
1450409 1450409/2938 965731768377/8631844
1451409 1451409/2939 966813680818/8637721
1451537 1451537/2940 967536003131/8643600
1452318 1452318/2941 968107734502/8649481
1453152 726576/1471 242194313765/2163841
1453155 484385/981 107757290552/962361
1453288 181661/368 15164502919/135424
1453740 290748/589 194172591096/1734605
1454604 242434/491 26988794384/241081
1455326 1455326/2947 972079873152/8684809
1455366 66153/134 22114016009/197516
1455367 1455367/2949 974062340336/8696601
1455610 145561/295 9745777112/87025
1455966 1455966/2951 974963790854/8708401
1456966 728483/1476 244012897091/2178576
1457186 1457186/2953 976603129634/8720209
1458164 729082/1477 244406787245/2181529
1458463 1458463/2955 978069991856/8732025
1459336 364834/739 61176651903/546121
1459404 1459404/2957 979693215220/8743849
1459598 729799/1479 245072461667/2187441
1460441 1460441/2959 980982692366/8755681
1460442 730221/1480 245508028319/2190400
1460703 486901/987 109169304394/974169
1461261 1461261/2962 982867950757/8773444
1461763 1461763/2963 983199998880/8779369
1462085 1462085/2964 983618809523/8785296
1463085 292617/593 196942342706/1758245
1463915 1463915/2966 985379654937/8797156
1464340 1464340/2967 985725823844/8803089
1464447 1464447/2968 986501367799/8809024
1465264 1465264/2969 987144523734/8814961
1465345 293069/594 197596450609/1764180
1465346 1465346/2971 989034954356/8826841
1465681 1465681/2972 989442222043/8832784
1465975 1465975/2973 989893030664/8838729
1466816 733408/1487 247646458705/2211169
1467220 293444/595 39637703474/354025
1467296 45853/93 15496772675/138384
1467732 1467732/2977 992136398750/8862529
1468732 734366/1489 248308707203/2217121
1468886 1468886/2979 993910979666/8874441
1469872 367468/745 124371053267/1110050
1470530 1470530/2981 995383197278/8886361
1470531 490177/994 332146527379/2964108
1470866 77414/157 52465700224/468331
1470945 1470945/2984 997693959495/8904256
1471233 490411/995 110905960164/990025
1472031 1472031/2986 998765937897/8916196
1472899 1472899/2987 999520377298/8922169
1473687 163743/332 111123862531/992016
1474445 210635/427 20421611960/182329
1475039 1475039/2990 1001024082269/8940100
1476039 492013/997 334042155730/2982027
1476141 1476141/2992 1002919936519/8952064
1476142 1476142/2993 1003980460554/8958049
1476450 246075/499 27900515510/249001
1477166 1477166/2995 1004902742214/8970025
1477790 738895/1498 251322375253/2244004
1478643 492881/999 111779197562/998001
1478776 739388/1499 251684417696/2247001
1479666 1479666/2999 1007545380824/8994001
1480011 493337/1000 335982458293/3000000
1480999 1480999/3001 1009017431788/9006001
1481867 77993/158 53146028723/474316
1481950 1481950/3003 1010617092806/9018009
1481951 1481951/3004 1011681995011/9024016
1482113 1482113/3005 1012348542966/9030025
1482760 741380/1503 253189124534/2259009
1483223 1483223/3007 1013096163546/9042049
1483757 1483757/3008 1013438067799/9048064
1484653 1484653/3009 1014262853264/9054081
1485544 742772/1505 253768899961/2265025
1485915 1485915/3011 1015458029784/9066121
1485928 371482/753 63530652917/567009
1486350 1486350/3013 1016843254436/9078169
1486962 743481/1507 254305795795/2271049
1486963 1486963/3015 1018291306886/9090225
1487701 1487701/3016 1018809745775/9096256
1488701 1488701/3017 1019921983036/9102289
1489331 1489331/3018 1020316306337/9108324
1489398 1489398/3019 1021203319946/9114361
1489849 1489849/3020 1021546991219/9120400
1490344 1490344/3021 1021885260260/9126441
1491247 1491247/3022 1022730538661/9132484
1491867 1491867/3023 1023117353666/9138529
1492673 213239/432 146250143225/1306368
1493562 1493562/3025 1024562299206/9150625
1493563 1493563/3026 1025635443949/9156676
1493898 497966/1009 342016826144/3054243
1493941 1493941/3028 1027003841195/9168784
1494188 1494188/3029 1027526812510/9174841
1495188 249198/505 85720311703/765075
1495778 1495778/3031 1029011465522/9186961
1495926 747963/1516 257428189571/2298256
1496898 166322/337 114527437462/1022121
1497039 1497039/3034 1031463729709/9205156
1497475 299495/607 206362740312/1842245
1497943 1497943/3036 1032155631491/9217296
1497944 1497944/3037 1033231686356/9223369
1498460 749230/1519 258393368834/2307361
1498867 1498867/3039 1033936284530/9235521
1499783 1499783/3040 1034819730991/9241600
1500000 1500000/3041 1035392294406/9247681
1500347 1500347/3042 1035797823941/9253764
1501347 1501347/3043 1036919616116/9259849
1501928 375482/761 64830233450/579121
1502498 1502498/3045 1037642356616/9272025
1503164 751582/1523 259518451484/2319529
1503901 1503901/3047 1038595227166/9284209
1503902 751951/1524 259918839443/2322576
1504228 1504228/3049 1040101878278/9296401
1504932 752466/1525 260144575019/2325625
1505238 501746/1017 115669623194/1034289
1505276 376319/763 130250055899/1164338
1506201 1506201/3053 1042910886426/9320809
1506986 753493/1527 260878043435/2331729
1507073 1507073/3055 1044358378086/9333025
1508073 1508073/3056 1045484543839/9339136
1508985 502995/1019 348787313368/3115083
1509399 1509399/3058 1046723601593/9351364
1509400 1509400/3059 1047807900746/9357481
1509584 377396/765 131055415243/1170450
1509895 1509895/3061 1048887675706/9369721
1510538 755269/1531 262324740899/2343961
1510988 1510988/3063 1049647393316/9381969
1511242 755621/1532 262541371335/2347024
1511632 1511632/3065 1050540876916/9394225
1512381 504127/1022 350361399427/3133452
1512824 1512824/3067 1051434767186/9406489
1512877 1512877/3068 1052372058331/9412624
1513877 1513877/3069 1053503342426/9418761
1513878 756939/1535 263647588959/2356225
1514779 1514779/3071 1055444614846/9431041
1514780 378695/768 66033277391/589824
1515106 1515106/3073 1056962131466/9443329
1515808 757904/1537 264360066377/2362369
1516213 1516213/3075 1057808122856/9455625
1516722 758361/1538 264538226275/2365444
1516959 1516959/3077 1058698626800/9467929
1517939 1517939/3078 1059772466213/9474084
1518786 1518786/3079 1060502151102/9480241
1519248 189906/385 66303099561/592900
1519249 19231/39 13442283254/120159
1520249 1520249/3082 1063076698573/9498724
1520314 1520314/3083 1063986907160/9504889
1520528 380132/771 66535764098/594441
1521427 1521427/3085 1065425677636/9517225
1521634 760817/1543 266505918438/2380849
1522414 1522414/3087 1066623167690/9529569
1522634 761317/1544 266799761327/2383936
1522720 1522720/3089 1068056368486/9541921
1523003 1523003/3090 1068538288661/9548100
1523918 138538/281 97221334844/868571
1523919 1523919/3092 1070528940627/9560464
1524324 508108/1031 118988781514/1062961
1524325 1524325/3094 1071993454185/9572836
1525325 305065/619 42925450812/383161
1525506 254251/516 29827332335/266256
1526201 1526201/3097 1074257454996/9591409
1526381 1526381/3098 1074907347337/9597604
1526558 1526558/3099 1075563080006/9603801
1526858 763429/1550 269006275209/2402500
1527060 1527060/3101 1076633878234/9616201
1527798 254633/517 89764004596/801867
1527799 1527799/3103 1078264723736/9628609
1528129 1528129/3104 1078694014175/9634816
1528748 1528748/3105 1079091352196/9641025
1528953 1528953/3106 1079695266281/9647236
1529064 1529064/3107 1080494362906/9653449
1530064 382516/777 135205437799/1207458
1531061 1531061/3109 1082783202234/9665881
1531479 1531479/3110 1083148713649/9672100
1532328 510776/1037 361297463212/3226107
1533262 766631/1556 271211764367/2421136
1533527 1533527/3113 1085356998184/9690769
1533528 85196/173 30179389829/269361
1534527 1534527/3115 1087605919616/9703225
1534783 1534783/3116 1088129484035/9709456
1535225 1535225/3117 1088486653226/9715689
1535756 767878/1559 272210118804/2430481
1536378 1536378/3119 1089241939528/9728161
1537024 96064/195 8513004493/76050
1538024 1538024/3121 1090816971768/9740641
1538837 1538837/3122 1091486473657/9746884
1539352 1539352/3123 1091837609630/9753129
1540204 385051/781 136573740359/1219922
1540205 308041/625 43747837694/390625
1540869 513623/1042 364712482291/3257292
1541300 1541300/3127 1094499444340/9778129
1542297 1542297/3128 1095644081703/9784384
1542534 73454/149 17399991222/155407
1543308 771654/1565 274199221689/2449225
1543696 1543696/3131 1097181855142/9803161
1543892 385973/783 137226066253/1226178
1544055 1544055/3133 1098499996974/9815689
1545055 1545055/3134 1099656475177/9821956
1545366 515122/1045 366703720928/3276075
1545367 1545367/3136 1101220760111/9834496
1545400 1545400/3137 1102234865918/9840769
1545640 772820/1569 275696612783/2461761
1546287 1546287/3139 1103212731628/9853321
1546423 1546423/3140 1103963362731/9859600
1546975 1546975/3141 1104326063018/9865881
1547375 1547375/3142 1104704528441/9872164
1547618 1547618/3143 1105251681572/9878449
1547910 257985/524 92144130157/823728
1548004 1548004/3145 1106580124924/9891025
1548317 1548317/3146 1107032985497/9897316
1548318 516106/1049 369381262850/3301203
1548352 387088/787 138644504675/1238738
1549248 1549248/3149 1110022553082/9916201
1549763 1549763/3150 1110376721681/9922500
1550314 1550314/3151 1110740191744/9928801
1550503 1550503/3152 1111381999263/9935104
1550921 1550921/3153 1111751813864/9941409
1551023 1551023/3154 1112583709577/9947716
1551033 1551033/3155 1113668494706/9954025
1551056 387764/789 139339288309/1245042
1551752 1551752/3157 1115199544234/9966649
1551753 1551753/3158 1116312419121/9972964
1552683 517561/1053 124141498664/1108809
1553683 1553683/3160 1118443962111/9985600
1554412 1554412/3161 1118975885992/9991921
1554538 777269/1581 279938182445/2499561
1555081 1555081/3163 1120115201502/10004569
1555391 1555391/3164 1120573697883/10010896
1555460 311092/633 224298579226/2003445
1555550 777775/1583 280589333248/2505889
1556098 1556098/3167 1122722003918/10029889
1556949 518983/1056 41610598565/371712
1556950 1556950/3169 1124602866292/10042561
1557740 155774/317 56262023698/502445
1558095 74195/151 53602591318/478821
1558423 1558423/3172 1126094022115/10061584
1559423 1559423/3173 1127269849592/10067929
1559619 519873/1058 375967374407/3358092
1559637 1559637/3175 1128968717206/10080625
1560339 1560339/3176 1129465351775/10086976
1560769 1560769/3177 1129832907656/10093329
1560876 780438/1589 282664416621/2524921
1561463 1561463/3179 1131042639712/10106041
1561464 130122/265 23586713873/210675
1562420 1562420/3181 1133205809156/10118761
1562956 781478/1591 283392110842/2531281
1563486 521162/1061 377976493660/3377163
1563703 1563703/3184 1134525040415/10137856
1564398 1564398/3185 1135013720006/10144225
1565398 782699/1593 284048670548/2537649
1566248 1566248/3187 1136961148778/10156969
1566362 783181/1594 284442985793/2540836
1567032 522344/1063 379410201658/3389907
1567862 783931/1595 284738294134/2544025
1567863 1567863/3191 1140077675484/10182481
1568056 28001/57 5092495417/45486
1568161 1568161/3193 1141552542180/10195249
1568289 1568289/3194 1142331086833/10201636
1569243 523081/1065 127041488674/1134225
1570059 1570059/3196 1144068409667/10214416
1570085 1570085/3197 1145118199208/10220809
1570951 1570951/3198 1145925694109/10227204
1571951 1571951/3199 1147111814854/10233601
1572315 314463/640 45900892479/409600
1572951 524317/1067 127549763304/1138489
1572952 786476/1601 287269071693/2563201
1573075 1573075/3203 1149869343376/10259209
1573879 1573879/3204 1150541884091/10265616
1574558 1574558/3205 1151013953056/10272025
1574840 787420/1603 287878364772/2569609
1575463 1575463/3207 1151928311870/10284849
1575688 196961/401 72032178617/643204
1576186 1576186/3209 1152874270058/10297681
1576411 1576411/3210 1153460890589/10304100
1576951 1576951/3211 1153827901940/10310521
1577951 1577951/3212 1155018790771/10316944
1577952 175328/357 42820386256/382347
1578834 789417/1607 289250295557/2582449
1579823 1579823/3215 1158157498226/10336225
1580665 1580665/3216 1158912942431/10342656
1581039 1581039/3217 1159317702068/10349089
1581986 790993/1609 290086411118/2588881
1582788 527596/1073 387005420642/3453987
1582808 395702/805 145261646717/1296050
1582949 1582949/3221 1162849774830/10374841
1582963 1582963/3222 1163945039585/10381284
1583197 143927/293 105865417540/944339
1583198 791599/1612 291413860183/2598544
1584198 528066/1075 388950685232/3466875
1584827 1584827/3226 1167275087801/10407076
1585283 226469/461 166805847674/1487647
1585683 528561/1076 389343213953/3473328
1586432 1586432/3229 1168605974494/10426441
1587210 158721/323 58461664194/521645
1587684 529228/1077 129955139234/1159929
1588534 794267/1616 292593438327/2611456
1588678 1588678/3233 1171126162270/10452289
1588762 113483/231 122035088/1089
1588763 1588763/3235 1173164726656/10465225
1589593 1589593/3236 1173898887371/10471696
1590025 1590025/3237 1174272998978/10478169
1591025 1591025/3238 1175473740297/10484644
1591383 1591383/3239 1175894352748/10491121
1592338 796169/1620 294238444919/2624400
1593026 1593026/3241 1177442188656/10504081
1593944 796972/1621 294598741564/2627641
1594741 1594741/3243 1179060714674/10517049
1595451 1595451/3244 1179578761539/10523536
1596225 319245/649 236040138564/2106005
1596226 798113/1623 295336597394/2634129
1596804 1596804/3247 1181734474946/10543009
1597730 798865/1624 295677659639/2637376
1597907 1597907/3249 1183396876250/10556001
1598046 799023/1625 296041385221/2640625
1599046 1599046/3251 1185369577056/10569001
1599747 533249/1084 131764043043/1175056
1600725 1600725/3253 1187009387796/10582009
1601246 800623/1627 296844251494/2647129
1602039 534013/1085 396012183988/3531675
1602475 1602475/3256 1188411812783/10601536
1602476 1602476/3257 1189562277532/10608049
1603436 801718/1629 297660210314/2653641
1603672 1603672/3259 1191220065076/10621081
1604661 1604661/3260 1192390341939/10627600
1605317 1605317/3261 1192843543928/10634121
1606172 803086/1631 298409594145/2660161
1606867 1606867/3263 1194138208272/10647169
1607867 1607867/3264 1195344740519/10653696
1608558 1608558/3265 1195839432556/10660225
1608832 804416/1633 299090452410/2666689
1609810 1609810/3267 1197497629796/10673289
1609811 1609811/3268 1198654188731/10679824
1609958 229994/467 171344471114/1526623
1610912 805456/1635 300118616009/2673225
1611137 1611137/3271 1201075804400/10699441
1611760 201470/409 18773416489/167281
1611901 1611901/3273 1202270335376/10712529
1611990 805995/1637 300792627020/2679769
1612160 322432/655 48155128946/429025
1612779 76799/156 6371949335/56784
1613779 1613779/3277 1205510451946/10738729
1613834 806917/1639 301626358703/2686321
1613835 537945/1093 402554933026/3583947
1613858 806929/1640 302188721479/2689600
1614493 1614493/3281 1209190453442/10764961
1614710 807355/1641 302451813725/2692881
1614910 1614910/3283 1210455690400/10778089
1615382 807691/1642 302706423683/2696164
1615490 4426/9 3319666792/29565
1616387 1616387/3286 1212586644533/10797796
1617011 1617011/3287 1213013001650/10804369
1617688 202211/411 75843412757/675684
1618085 1618085/3289 1213893344494/10817521
1618086 809043/1645 303763808871/2706025
1618817 1618817/3291 1215612765314/10830681
1618837 1618837/3292 1216714987267/10837264
1618999 18191/37 13679129640/121841
1619195 1619195/3294 1218100079117/10850436
1619809 1619809/3295 1218519255774/10857025
1620519 1620519/3296 1219046236783/10863616
1620767 1620767/3297 1219611780932/10870209
1621757 1621757/3298 1220800717865/10876804
1622517 1622517/3299 1221408218018/10883401
1622855 324571/660 48874260443/435600
1622856 1622856/3301 1223021606502/10896601
1623848 811924/1651 306054648325/2725801
1624848 541616/1101 136160246578/1212201
1625647 1625647/3304 1226124672503/10916416
1625896 1625896/3305 1226690911904/10923025
1626719 1626719/3306 1227424281737/10929636
1626862 1626862/3307 1228198344130/10936249
1626914 813457/1654 307302453173/2735716
1627761 542587/1103 409999577378/3649827
1628314 814157/1655 307595697661/2739025
1628708 1628708/3311 1230786256376/10962721
1628709 542903/1104 136883989279/1218816
1628950 1628950/3313 1232536131286/10975969
1629174 814587/1657 308286388524/2745649
1629623 1629623/3315 1233523671056/10989225
1630623 1630623/3316 1234752636155/10995856
1630914 1630914/3317 1235258626864/11002489
1631197 1631197/3318 1235775480533/11009124
1631964 1631964/3319 1236399543106/11015761
1632931 1632931/3320 1237521849279/11022400
1633221 181469/369 15284319266/136161
1633710 816855/1661 309600668649/2758921
1633711 1633711/3323 1239575632966/11042329
1634436 136203/277 51672067765/460374
1634763 1634763/3325 1240592885306/11055625
1634789 1634789/3326 1241686980353/11062276
1635107 1635107/3327 1242160448672/11068929
1635773 1635773/3328 1242635153783/11075584
1636773 1636773/3329 1243869008162/11082241
1637360 163736/333 62213645362/554445
1638199 1638199/3331 1245048219038/11095561
1638492 409623/833 155694205789/1387778
1638777 546259/1111 415356627430/3702963
1638778 819389/1667 311811556003/2778889
1639376 1639376/3335 1247658113204/11122225
1640008 205001/417 39003062329/347778
1640032 1640032/3337 1249201568652/11135569
1640632 820316/1669 312403805950/2785561
1641470 1641470/3339 1250390348588/11148921
1642014 821007/1670 312693498831/2788900
1642502 1642502/3341 1251148522348/11162281
1643502 273917/557 104365540685/930747
1643549 1643549/3343 1253422351382/11175649
1644150 822075/1672 313459318127/2795584
1644151 1644151/3345 1255017320834/11189025
1644294 822147/1673 313949707209/2798929
1645097 1645097/3347 1256498977318/11202409
1646044 411511/837 157196097733/1401138
1646367 1646367/3349 1258039626282/11215801
1646771 1646771/3350 1258440971809/11222500
1646905 1646905/3351 1259244952676/11229201
1647351 1647351/3352 1259627661783/11235904
1647526 1647526/3353 1260339123700/11242609
1647588 6386/13 2444444050/21801
1648588 1648588/3355 1262577368036/11256025
1648589 1648589/3356 1263760488451/11262736
1649476 1649476/3357 1264662702566/11269449
1650240 825120/1679 316322242929/2819041
1650537 1650537/3359 1265792719680/11282881
1651004 412751/840 79135721999/705600
1651325 1651325/3361 1266645916176/11296321
1651603 40283/82 753822561/6724
1651637 1651637/3363 1268255573834/11309769
1651778 825889/1682 317261236121/2829124
1652251 1652251/3365 1269423279214/11323225
1653077 1653077/3366 1270178135393/11329956
1653078 236154/481 181623432996/1619527
1654078 827039/1684 318153518335/2835856
1654184 1654184/3369 1273491450020/11350161
1654553 1654553/3370 1273919598241/11356900
1654587 1654587/3371 1275001330122/11363641
1654591 1654591/3372 1276178494283/11370384
1654807 1654807/3373 1276811381940/11377129
1655122 118223/241 45617640466/406567
1655961 551987/1125 142009128956/1265625
1656441 1656441/3376 1278461234783/11397376
1657375 1657375/3377 1279503503990/11404129
1657376 828688/1689 320173123028/2852721
1658317 1658317/3379 1281756764794/11417641
1658871 1658871/3380 1282149603699/11424400
1659871 1659871/3381 1283405353592/11431161
1659969 1659969/3382 1284306981893/11437924
1660630 1660630/3383 1284784671194/11444689
1661306 830653/1692 321320096915/2862864
1661706 1661706/3385 1285688178254/11458225
1662301 1662301/3386 1286104678133/11464996
1662746 1662746/3387 1286491652312/11471769
1663117 1663117/3388 1286920192291/11478544
1663118 1663118/3389 1288113114530/11485321
1663442 831721/1695 322146855704/2873025
1663558 1663558/3391 1289443470174/11498881
1664238 832119/1696 322486348303/2876416
1664853 554951/1131 15930594390/142129
1665853 1665853/3394 1291638643733/11519236
1665994 1665994/3395 1292434553444/11526025
1666610 833305/1698 323217131495/2883204
1666853 1666853/3397 1293457687404/11539609
1667576 833788/1699 323505447727/2886601
1668157 1668157/3399 1294430285132/11553201
1668158 834079/1700 323906618759/2890000
1668390 87810/179 68222893376/608779
1668625 238375/486 185262603959/1653372
1669500 1669500/3403 1297722422082/11580409
1670088 417522/851 162267006801/1448402
1670598 556866/1135 144279854254/1288225
1670771 1670771/3406 1299243572961/11600836
1671771 1671771/3407 1300509064228/11607649
1672700 418175/852 81346582979/725904
1673382 1673382/3409 1302051803764/11621281
1673516 836758/1705 325716977706/2907025
1673517 557839/1137 144896438510/1292769
1674178 837089/1706 326137318509/2910436
1674616 1674616/3413 1304941082146/11648569
1675178 837589/1707 326335199372/2913849
1675621 1675621/3415 1305730907864/11662225
1675630 837815/1708 326726385887/2917264
1676023 1676023/3417 1307320616480/11675889
1676293 1676293/3418 1307869338137/11682724
1676668 1676668/3419 1308297522314/11689561
1677668 419417/855 163696009327/1462050
1678260 1678260/3421 1309986190886/11703241
1678261 1678261/3422 1311189076553/11710084
1679003 1679003/3423 1311788806004/11716929
1679655 1679655/3424 1312261306415/11723776
1680655 336131/685 52541328434/469225
1680829 1680829/3426 1314260252645/11737476
1681238 1681238/3427 1314666683940/11744329
1682155 1682155/3428 1315673432043/11751184
1682324 1682324/3429 1316412023642/11758041
1682569 240367/490 26877608001/240100
1683480 1683480/3431 1317993121828/11771761
1683845 1683845/3432 1318431447791/11778624
1683846 1683846/3433 1319638388146/11785489
1684358 842179/1717 330006093702/2948089
1685229 561743/1145 146767329236/1311025
1685691 1685691/3436 1321293317067/11806096
1686402 1686402/3437 1321844773464/11812969
1686572 843286/1719 330645692612/2954961
1687113 1687113/3439 1322976210086/11826721
1687944 210993/430 41367482297/369800
1688031 562677/1147 441568275038/3946827
1688510 844255/1721 331272565493/2961841
1689375 1689375/3443 1325957823638/11854249
1689376 422344/861 165896061259/1482642
1689805 25997/53 20424105914/182585
1690805 1690805/3446 1328846500193/11874916
1691312 1691312/3447 1329233040560/11881809
1691687 1691687/3448 1329664773767/11888704
1691914 1691914/3449 1330290043318/11895601
1692090 56403/115 4436723336/39675
1692476 1692476/3451 1331440449482/11909401
1693164 423291/863 166495120951/1489538
1693844 1693844/3453 1332470797670/11923209
1693998 846999/1727 333311943942/2982529
1693999 1693999/3455 1334461205644/11937025
1694481 564827/1152 148316409383/1327104
1695255 1695255/3457 1335512081258/11950849
1696083 1696083/3458 1336292448685/11957764
1697083 1697083/3459 1337576614088/11964681
1697277 1697277/3460 1338267660211/11971600
1697351 1697351/3461 1339254779214/11978521
1697474 848737/1731 335027241713/2996361
1697557 1697557/3463 1341070425530/11992369
1698545 1698545/3464 1342315836103/11999296
1698642 17158/35 1233461234/11025
1698643 1698643/3466 1344456272093/12013156
1698800 1698800/3467 1345228713712/12020089
1699570 849785/1734 336472138187/3006756
1699960 1699960/3469 1346311370584/12033961
1700118 850059/1735 336770483769/3010225
1700920 130840/267 103677541568/926757
1701920 106370/217 5269918048/47089
1702385 1702385/3473 1349489787792/12061729
1703380 851690/1737 337690858649/3017169
1703882 1703882/3475 1351152729126/12075625
1704436 426109/869 168944454891/1510322
1704437 1704437/3477 1352776818806/12089529
1705262 852631/1739 338388903989/3024121
1706214 1706214/3479 1354686188120/12103441
1706938 853469/1740 338816342639/3027600
1707697 1707697/3481 1355905696732/12117361
1707916 853958/1741 339137987487/3031081
1708616 1708616/3483 1357094367770/12131289
1709260 427315/871 169695750759/1517282
1710260 342052/697 271771942206/2429045
1710347 1710347/3486 1359817728713/12152196
1711330 1711330/3487 1361052902492/12159169
1711331 1711331/3488 1362279682135/12166144
1711808 1711808/3489 1362670892330/12173121
1712710 171271/349 13636518814/121801
1713358 1713358/3491 1364128914150/12187081
1713435 571145/1164 151679712779/1354896
1713910 1713910/3493 1365509200044/12201049
1714152 857076/1747 341529030766/3052009
1714739 1714739/3495 1366539582674/12215025
1715365 1715365/3496 1366994630607/12222016
1715578 1715578/3497 1367655181558/12229009
1716578 858289/1749 342238439336/3059001
1716579 1716579/3499 1370184059472/12243001
1717504 429376/875 85702246999/765625
1718005 1718005/3501 1371628103888/12257001
1718881 1718881/3502 1372539580917/12264004
1719204 1719204/3503 1373030149738/12271009
1719862 859931/1752 343380015071/3069504
1720108 1720108/3505 1374122079326/12285025
1721063 1721063/3506 1375269524269/12292036
1721227 1721227/3507 1376036428604/12299049
1721987 1721987/3508 1376682949283/12306064
1722356 1722356/3509 1377127495784/12313081
1722357 4907/10 3926957011/35100
1723357 1723357/3511 1379665053142/12327121
1723800 215475/439 86254127835/770884
1724653 1724653/3513 1380919657898/12341169
1725517 1725517/3514 1381801678101/12348196
1725536 1725536/3515 1382977903644/12355225
1726124 431531/879 86462780654/772641
1726238 1726238/3517 1384297500868/12369289
1726658 863329/1759 346177186371/3094081
1726858 1726858/3519 1385399864420/12383361
1727349 1727349/3520 1385793556039/12390400
1727350 1727350/3521 1387031448078/12397441
1727628 287938/587 38544013935/344569
1728396 1728396/3523 1388249645682/12411529
1729396 432349/881 173694733001/1552322
1730025 23067/47 18533593774/165675
1730957 1730957/3526 1391100072017/12432676
1731449 1731449/3527 1391494602584/12439729
1731804 144317/294 9666349171/86436
1732341 1732341/3529 1392356331640/12453841
1733179 1733179/3530 1393176078249/12460900
1734141 578047/1177 154928210274/1385329
1734142 867071/1766 348899246613/3118756
1734682 1734682/3533 1396000603030/12482089
1735416 289236/589 116383697095/1040763
1736343 248049/505 199667308808/1785175
1737139 1737139/3536 1398394984583/12503296
1738139 1738139/3537 1399705588622/12510369
1738547 1738547/3538 1400125932405/12517444
1739187 1739187/3539 1400599805548/12524521
1739280 28988/59 5839822432/52215
1739456 1739456/3541 1402305278912/12538681
1739829 248547/506 200392971179/1792252
1739830 1739830/3543 1403997958994/12552849
1739977 1739977/3544 1404813646519/12559936
1740954 1740954/3545 1406047240704/12567025
1741279 1741279/3546 1406541674225/12574116
1741415 1741415/3547 1407385351774/12581209
1742071 1742071/3548 1407878754203/12588304
1743044 1743044/3549 1409099845982/12595401
1744044 12282/25 4966253071/44375
1744779 1744779/3551 1411024040416/12609601
1745207 1745207/3552 1411435650383/12616704
1746152 1746152/3553 1412564071544/12623809
1746153 1746153/3554 1413816313409/12630916
1747142 1747142/3555 1415094395426/12638025
1747574 873787/1778 353876255449/3161284
1748147 1748147/3557 1415926735278/12652249
1749020 874510/1779 354210646790/3164841
1749909 1749909/3559 1417802777538/12666481
1750006 875003/1780 354688889491/3168400
1750950 583650/1187 473294258782/4226907
1751583 1751583/3562 1420352603861/12687844
1752583 250369/509 203095930748/1813567
1753415 1753415/3564 1422482688611/12702096
1753416 1753416/3565 1423740954944/12709225
1754310 877155/1783 356179223269/3179089
1755053 1755053/3567 1425341163986/12723489
1755645 1755645/3568 1425776407207/12730624
1755772 1755772/3569 1426651492998/12737761
1756056 292676/595 39644598979/354025
1756147 1756147/3571 1428179092356/12752041
1756382 878191/1786 357203622039/3189796
1756975 1756975/3573 1429251140972/12766329
1757423 1757423/3574 1429657990053/12773476
1758273 159843/325 130046979086/1161875
1758274 879137/1788 357944540867/3196944
1758547 251221/511 29231623838/261121
1758897 1758897/3578 1432821748685/12802084
1758943 1758943/3579 1433932604732/12809241
1759197 1759197/3580 1434535070091/12816400
1760026 1760026/3581 1435343814400/12823561
1760119 1760119/3582 1436313279029/12830724
1760496 1760496/3583 1436761121426/12837889
1760712 220089/448 22459902559/200704
1761321 587107/1195 479294836298/4284075
1762272 881136/1793 359760794912/3214849
1762273 1762273/3587 1440306988802/12866569
1762505 1762505/3588 1440949690931/12873744
1763505 1763505/3589 1442280064868/12880921
1763866 881933/1795 360685730066/3222025
1764328 1764328/3591 1443147886298/12895281
1765196 441299/898 45126852693/403202
1765572 1765572/3593 1444509162502/12909649
1765614 294269/599 120469734584/1076403
1766029 1766029/3595 1446059956304/12924025
1766573 1766573/3596 1446472203163/12931216
1766594 1766594/3597 1447669685360/12938409
1766595 1766595/3598 1448936248637/12945604
1766722 1766722/3599 1449815658518/12952801
1766893 1766893/3600 1450586786951/12960000
1767552 1767552/3601 1451091571816/12967201
1768552 884276/1801 363107010084/3243601
1768728 589576/1201 161465406456/1442401
1769572 442393/901 90877574709/811801
1770221 1770221/3605 1454534615124/12996025
1770607 1770607/3606 1454977872125/13003236
1771548 1771548/3607 1456111520266/13010449
1771811 1771811/3608 1456702950111/13017664
1771812 196868/401 53999009288/482403
1772729 1772729/3610 1459032356649/13032100
1773233 1773233/3611 1459437125146/13039321
1774035 591345/1204 486730134881/4348848
1774680 1774680/3613 1460680160582/13053769
1774711 1774711/3614 1461849597329/13060996
1775711 1775711/3615 1463190171104/13068225
1775842 887921/1808 366015991903/3268864
1775975 1775975/3617 1464932570000/13082689
1776045 592015/1206 162886520825/1454436
1776554 1776554/3619 1466385064198/13097161
1776555 355311/724 293531761863/2620880
1776556 1776556/3621 1468932554432/13111641
1777417 1777417/3622 1469834942949/13118884
1778156 1778156/3623 1470464006814/13126129
1778830 889415/1812 367747869131/3283344
1779310 355862/725 58855912226/525625
1780117 1780117/3626 1472166043661/13147876
1780280 1780280/3627 1472961982688/13155129
1781280 445320/907 92144272952/822649
1781826 1781826/3629 1474725718864/13169641
1782415 356483/726 295033389361/2635380
1782416 1782416/3631 1476444975186/13184161
1782902 891451/1816 369212921023/3297856
1782999 594333/1211 492607266790/4399563
1783421 1783421/3634 1478245763573/13205956
1784365 356873/727 295879813244/2642645
1784686 892343/1818 369977740583/3305124
1785318 1785318/3637 1480390432340/13227769
1786207 105071/214 87139643605/778532
1786848 595616/1213 493954335394/4414107
1787164 446791/910 46324428197/414050
1788164 1788164/3641 1483732082234/13256881
1788165 596055/1214 495004739159/4421388
1789130 1789130/3643 1486240288408/13271449
1789990 894995/1822 371785996691/3319684
1790647 1790647/3645 1487652247616/13286025
1791404 895702/1823 372079445517/3323329
1791576 1791576/3647 1489097785810/13300609
1792516 448129/912 93140032823/831744
1793442 1793442/3649 1491338154622/13315201
1794053 1794053/3650 1491798970941/13322500
1794279 598093/1217 165829445980/1481089
1794314 897157/1826 373408616319/3334276
1794315 1794315/3653 1494921460036/13344409
1795315 1795315/3654 1496276409773/13351716
1795514 1795514/3655 1496998156194/13359025
1796457 1796457/3656 1498153641223/13366336
1796672 1796672/3657 1498842671900/13373649
1797047 1797047/3658 1499301988337/13380964
1797243 1797243/3659 1500030767078/13388281
1797399 599133/1220 500283935513/4465200
1798225 1798225/3661 1501672391740/13402921
1798683 1798683/3662 1502086604109/13410244
1798858 1798858/3663 1502862864038/13417569
1798859 1798859/3664 1504152950839/13424896
1799595 359919/733 300956697078/2686445
1800340 900170/1833 376357619504/3359889
1801340 1801340/3667 1506790575592/13446889
1801860 450465/917 94200282273/840889
1802577 600859/1223 167533597284/1495729
1803133 1803133/3670 1508228691981/13468900
1803873 1803873/3671 1508866618342/13476241
1804308 150359/306 5240587891/46818
1804391 1804391/3673 1510312701914/13490929
1804461 1804461/3674 1511375699789/13498276
1804462 1804462/3675 1512669714356/13505625
1805438 902719/1838 378486435287/3378244
1805844 1805844/3677 1514384235020/13520329
1805990 902995/1839 378808511183/3381921
1806192 1806192/3679 1515953260428/13535041
1807192 225899/460 23708104309/211600
1807217 1807217/3681 1518530415524/13549761
1807223 1807223/3682 1519808661409/13557124
1807458 1807458/3683 1520462405058/13564489
1807918 903959/1842 380219680433/3392964
1808439 1808439/3685 1521294926654/13579225
1808440 904220/1843 380647912934/3396649
1809208 1809208/3687 1523288317436/13593969
1809733 1809733/3688 1523705806511/13601344
1809940 1809940/3689 1524415807886/13608721
1810434 301739/615 42356363404/378225
1811399 1811399/3691 1526072655784/13623481
1811678 905839/1846 381662907027/3407716
1812678 604226/1231 169780307976/1515361
1812931 1812931/3694 1528645441629/13645636
1813219 1813219/3695 1529211152194/13653025
1814012 453503/924 95622664409/853776
1814013 1814013/3697 1531263281694/13667809
1814987 42209/86 828848629/7396
1815124 1815124/3699 1533418440500/13682601
1815768 453942/925 95869994511/855625
1816406 1816406/3701 1534414712668/13697401
1816531 1816531/3702 1535324503997/13704804
1816808 259544/529 219415468130/1958887
1816820 454205/926 48036605119/428738
1816993 1816993/3705 1537959758306/13727025
1817993 1817993/3706 1539336959437/13734436
1818977 1818977/3707 1540654693080/13741849
1818978 303163/618 42832200395/381924
1819977 1819977/3709 1543333639272/13756681
1820452 910226/1855 385937664409/3441025
1820723 1820723/3711 1544345817776/13771521
1821152 56911/116 1508570377/13456
1821865 1821865/3713 1545375805520/13786369
1821946 910973/1857 386603792312/3448449
1822805 364561/743 309467141496/2760245
1823698 911849/1858 387088397523/3452164
1824428 1824428/3717 1548982934168/13816089
1824958 912479/1859 387351341361/3455881
1824959 1824959/3719 1550714219802/13830961
1825105 365021/744 310314621307/2767680
1825945 1825945/3721 1552444284008/13845841
1826248 913124/1861 388248152525/3463321
1826896 1826896/3723 1553501994662/13860729
1827619 1827619/3724 1554120162299/13868176
1828408 1828408/3725 1554868709636/13875625
1828916 914458/1863 388821804986/3470769
1829146 1829146/3727 1555958166484/13890529
1829410 914705/1864 389141832447/3474496
1829523 609841/1243 173057416784/1545049
1829524 914762/1865 389707093401/3478225
1830131 1830131/3731 1559296924104/13920361
1831131 610377/1244 173409256491/1547536
1831612 1831612/3733 1561101845964/13935289
1832237 1832237/3734 1561587411765/13942756
1833162 611054/1245 173634438374/1550025
1833486 916743/1868 390808066419/3489424
1834042 1834042/3737 1563666590242/13965169
1834269 611423/1246 521448345695/4657548
1834576 1834576/3739 1564889688248/13980121
1835461 1835461/3740 1565889650819/13987600
1835462 1835462/3741 1567205450678/13995081
1835723 1835723/3742 1567821647217/14002564
1836632 1836632/3743 1568895781468/14010049
1837608 76567/156 302892849/2704
1838608 1838608/3745 1571586627236/14025025
1839174 919587/1873 393006842555/3508129
1840006 1840006/3747 1572882690164/14040009
1840785 1840785/3748 1573613120643/14047504
1841462 1841462/3749 1574162448286/14055001
1841992 920996/1875 393646996109/3515625
1842589 1842589/3751 1575049852408/14070001
1842590 921295/1876 394092800015/3519376
1843415 1843415/3753 1577209660640/14085009
1843557 1843557/3754 1578087515977/14092516
1844382 1844382/3755 1578926443046/14100025
1844671 1844671/3756 1579500422099/14107536
1844886 1844886/3757 1580207328684/14115049
1845886 922943/1879 395400274231/3530641
1846479 615493/1253 527353637770/4710027
1846563 1846563/3760 1583105120231/14137600
1847304 1847304/3761 1583760957370/14145121
1847775 615925/1254 176020398781/1572516
1847776 1847776/3763 1585508567108/14160169
1848067 1848067/3764 1586080485947/14167696
1848202 1848202/3765 1586978861306/14175225
1848345 1848345/3766 1587856038793/14182756
1848688 1848688/3767 1588359933480/14190289
1848743 1848743/3768 1589496883847/14197824
1849424 1849424/3769 1590055261226/14205361
1849676 924838/1885 397672968941/3553225
1850676 616892/1257 176899107214/1580049
1851405 1851405/3772 1592728184491/14227984
1851536 1851536/3773 1593638820276/14235529
1851537 617179/1258 177218456749/1582564
1852283 1852283/3775 1595634898686/14250625
1853230 926615/1888 399210918735/3564544
1853414 1853414/3777 1597621969646/14265729
1853920 926960/1889 399511459899/3568321
1854168 1854168/3779 1598691390370/14280841
1854875 370975/756 63971652827/571536
1855736 1855736/3781 1600232713640/14295961
1856133 1856133/3782 1600689214541/14303524
1856207 1856207/3783 1601769410354/14311089
1857207 168837/344 145743108645/1301696
1857208 1857208/3785 1604505683206/14326225
1857244 928622/1893 401428017083/3583449
1857504 1857504/3787 1606337435090/14341369
1857624 464406/947 200910179321/1793618
1857988 1857988/3789 1607766261182/14356521
1858767 1858767/3790 1608506250961/14364100
1859167 1859167/3791 1608961658736/14371681
1859302 929651/1896 402466238999/3594816
1859534 1859534/3793 1610542540076/14386849
1860111 1860111/3794 1610995690961/14394436
1860490 372098/759 322293457426/2880405
1860491 1860491/3796 1612800299939/14409616
1861491 1861491/3797 1614212047934/14417209
1861957 1861957/3798 1614639409649/14424804
1862172 1862172/3799 1615352277840/14432401
1863148 465787/950 101042134231/902500
1863573 621191/1267 539038597616/4815867
1864211 1864211/3802 1617624174521/14455204
1864884 1864884/3803 1618176516194/14462809
1865643 621881/1268 539625481625/4823472
1865647 1865647/3805 1620202143226/14478025
1866170 933085/1903 405158004239/3621409
1866171 622057/1269 180218791622/1610361
1866865 266695/544 231793329097/2071552
1867762 143674/293 124893032058/1116037
1868762 934381/1905 406256253794/3629025
1869452 1869452/3811 1625603187038/14523721
1870235 1870235/3812 1626355705907/14531344
1871024 1871024/3813 1627121736740/14538969
1871518 935759/1907 406887127107/3636649
1872331 1872331/3815 1628371434094/14554225
1872487 1872487/3816 1629225847799/14561856
1872589 1872589/3817 1630229325588/14569489
1872590 936295/1909 407892839526/3644281
1873441 1873441/3819 1632494983220/14584761
1873770 187377/382 16330221295/145924
1873912 1873912/3821 1633913611620/14600041
1874610 312435/637 45402940651/405769
1875610 1875610/3823 1635925757124/14615329
1876366 938183/1912 409155732655/3655744
1876682 1876682/3825 1637167601876/14630625
1877140 938570/1913 409399923386/3659569
1878011 1878011/3827 1638581270974/14645929
1878438 313073/638 136585414679/1221132
1878439 1878439/3829 1640371158914/14661241
1879113 1879113/3830 1640928381761/14668900
1879972 1879972/3831 1641876539948/14676561
1880645 1880645/3832 1642432396607/14684224
1880647 1880647/3833 1643776470256/14691889
1880694 104483/213 15231108680/136107
1880995 376199/767 65821060280/588289
1881995 1881995/3836 1646951190715/14714896
1882928 1882928/3837 1648131257564/14722569
1883231 1883231/3838 1648696018533/14730244
1883770 1883770/3839 1649134551126/14737921
1883771 1883771/3840 1650484713959/14745600
1884042 1884042/3841 1651099650052/14753281
1884960 55440/113 24297521350/217073
1885368 628456/1281 61210656364/546987
1885560 471390/961 103341276127/923521
1886451 1886451/3845 1654507074704/14784025
1886561 1886561/3846 1655494419893/14791716
1886806 1886806/3847 1656156713162/14799409
1887605 1887605/3848 1656953437855/14807104
1888605 629535/1283 552794259430/4938267
1889093 1889093/3850 1658813666501/14822500
1889094 1889094/3851 1660167680744/14830201
1889544 157462/321 11531979946/103041
1890202 1890202/3853 1661144240728/14845609
1890281 1890281/3854 1662228059429/14853316
1890888 630296/1285 554237230342/4953675
1891765 1891765/3856 1663718864503/14868736
1892654 1892654/3857 1664762351972/14876449
1893364 946682/1929 416344863794/3721041
1893928 1893928/3859 1665831817236/14891881
1894736 473684/965 104165738259/931225
1895253 631751/1287 185231802656/1656369
1895254 947627/1931 417111134448/3728761
1895826 1895826/3863 1668902052358/14922769
1896160 33860/69 14905616153/133308
1897129 1897129/3865 1670744935634/14938225
1897449 1897449/3866 1671290027309/14945956
1898327 1898327/3867 1672301925044/14953689
1898723 1898723/3868 1672769209051/14961424
1899396 1899396/3869 1673329965600/14969161
1899704 949852/1935 418472981936/3744225
1900080 271440/553 34170929216/305809
1900308 475077/968 104692220167/937024
1900309 1900309/3873 1676436975416/15000129
1900745 1900745/3874 1676881397265/15007876
1901745 380349/775 67132773874/600625
1902479 1902479/3876 1678981704275/15023376
1902705 1902705/3877 1679686732684/15031129
1903112 951556/1939 420036795351/3759721
1903599 211511/431 20747907244/185761
1903920 47598/97 10507034403/94090
1904301 1904301/3881 1681605477396/15062161
1904816 952408/1941 420510266507/3767481
1905443 1905443/3883 1682546499204/15077689
1905444 476361/971 105244439437/942841
1906217 1906217/3885 1684654355996/15093225
1906963 1906963/3886 1685341281213/15100996
1906983 146691/299 9980094970/89401
1907983 1907983/3888 1688078577167/15116544
1908519 1908519/3889 1688520719476/15124321
1909036 954518/1945 422239394571/3783025
1909453 1909453/3891 1689412918292/15139881
1909483 1909483/3892 1690673074723/15147664
1909488 1909488/3893 1692025299804/15155449
1910035 1910035/3894 1692472363205/15163236
1910036 1910036/3895 1693840068874/15171025
1910852 477713/974 26479498767/237169
1911132 212348/433 62788721410/562467
1911593 1911593/3898 1695733874805/15194404
1911841 1911841/3899 1696397945892/15202201
1912105 29417/60 401664563/3600
1913105 1913105/3901 1698481178498/15217801
1913632 956816/1951 424730449120/3806401
1914024 638008/1301 566464997824/5077803
1914816 29919/61 415084334/3721
1914950 382990/781 340223406016/3049805
1914951 638317/1302 189165321169/1695204
1915474 1915474/3907 1702927942486/15264649
1915562 957781/1954 425999008709/3818116
1915632 638544/1303 568373991022/5093427
1915844 957922/1955 426465100951/3822025
1916011 1916011/3911 1706704575452/15295921
1916421 638807/1304 569055310325/5101248
1917351 1917351/3913 1708360090258/15311569
1918351 1918351/3914 1709814466701/15319396
1919000 383800/783 342070021252/3065445
1919242 959621/1958 427757021991/3833764
1919243 1919243/3917 1712401811604/15342889
1920233 1920233/3918 1713818320373/15350724
1920870 1920870/3919 1714340284782/15358561
1921667 1921667/3920 1715146746151/15366400
1921708 1921708/3921 1716375338264/15374241
1922061 1922061/3922 1716886785273/15382084
1922982 1922982/3923 1718052855690/15389929
1923917 1923917/3924 1719267017843/15397776
1924425 76977/157 68788255574/616225
1924671 1924671/3926 1720378783657/15413476
1925671 175061/357 156530653480/1401939
1925672 240709/491 26925251367/241081
1926500 1926500/3929 1724102895232/15437041
1927255 385451/786 344963388133/3088980
1927536 1927536/3931 1725428142318/15452761
1927646 963823/1966 431608932673/3865156
1927893 642631/1311 21322314250/190969
1928613 1928613/3934 1727754309833/15476356
1929172 1929172/3935 1728212093456/15484225
1929774 321629/656 144058367941/1291008
1930596 1930596/3937 1729572706648/15499969
1930915 1930915/3938 1730127642729/15507844
1930916 148532/303 133193069990/1193517
1931916 482979/985 216621650363/1940450
1932534 1932534/3941 1733477260322/15531481
1933352 966676/1971 433585039835/3884841
1933896 1933896/3943 1734791428158/15547249
1934768 241846/493 108487836229/972196
1935491 1935491/3945 1736458580714/15563025
1936077 1936077/3946 1736934637613/15570916
1936824 1936824/3947 1737634140616/15578809
1937526 322921/658 144854216137/1298892
1937603 1937603/3949 1739366771672/15594601
1937604 968802/1975 435188513921/3900625
1938374 1938374/3951 1741503255794/15610401
1939310 969655/1976 435681955783/3904576
1940310 1940310/3953 1744193827398/15626209
1941062 970531/1977 436226165684/3908529
1941236 1941236/3955 1745743074234/15642025
1941572 485393/989 218284910921/1956242
1942407 647469/1319 582396472390/5219283
1942916 971458/1979 436908065132/3916441
1943621 1943621/3959 1748255263166/15673681
1943793 215977/440 194344396319/1742400
1943794 1943794/3961 1750491499102/15689521
1944377 1944377/3962 1750967151485/15697444
1944972 648324/1321 583817381884/5235123
1945911 1945911/3964 1752690258331/15713296
1946362 1946362/3965 1753138719666/15721225
1947362 973681/1983 438652147640/3932289
1947371 1947371/3967 1755972454184/15737089
1947999 1947999/3968 1756489672511/15745024
1948509 72167/147 21690540490/194481
1949363 1949363/3970 1757899630981/15760900
1949841 1949841/3971 1758343100208/15768841
1949842 974921/1986 439934852939/3944196
1949941 1949941/3973 1760792479872/15784729
1950628 975314/1987 440347152709/3948169
1950730 390146/795 14099461738/126405
1950838 975419/1988 440864605851/3952144
1950951 1950951/3977 1764469014658/15816529
1951924 75074/153 33958429406/304317
1952924 1952924/3979 1767314151708/15832441
1953460 97673/199 22097080482/198005
1953964 1953964/3981 1768211292452/15848361
1954846 977423/1991 442316156827/3964081
1954847 1954847/3983 1770664711430/15864289
1955219 1955219/3984 1771165478567/15872256
1955619 1955619/3985 1771642871584/15880225
1956612 978306/1993 443273176433/3972049
1957390 1957390/3987 1773866153750/15896169
1957583 1957583/3988 1774664992523/15904144
1958147 1958147/3989 1775131322546/15912121
1959147 34371/70 31168601113/279300
1959778 1959778/3991 1777133717212/15928081
1960778 980389/1996 444653198567/3984016
1961311 178301/363 14703019184/131769
1961312 980656/1997 445117579945/3988009
1962226 1962226/3995 1781630530214/15960025
1962504 54514/111 8251194605/73926
1963402 280486/571 254766513958/2282287
1964292 982146/1999 446111850519/3996001
1964454 654818/1333 198369702590/1776889
1964989 1964989/4000 1785781425879/16000000
1965255 1965255/4001 1786430816530/16008001
1966109 85483/174 77713215907/696348
1966127 1966127/4003 1788747023456/16024009
1966937 280991/572 255657258173/2290288
1966938 655646/1335 66333706468/594075
1967111 1967111/4006 1791862577029/16048036
1967549 1967549/4007 1792321142082/16056049
1967631 655877/1336 199270980687/1784896
1967947 1967947/4009 1794008932032/16072081
1968450 196845/401 89722850804/804005
1968739 1968739/4011 1795067949848/16088121
1969147 1969147/4012 1795543008107/16096144
1969429 1969429/4013 1796165488130/16104169
1970224 985112/2007 449246130128/4028049
1971075 394215/803 359590576454/3224045
1971076 492769/1004 112460275533/1008016
1972002 657334/1339 200063673754/1792921
1973002 24061/49 10988185254/98441
1973669 1973669/4019 1802635282860/16152361
1974656 493664/1005 112754513264/1010025
1975468 1975468/4021 1804934674688/16168441
1975703 1975703/4022 1805647664725/16176484
1975755 658585/1341 200763613622/1798281
1976486 988243/2012 451888290323/4048144
1976711 1976711/4025 1808287450154/16200625
1977637 1977637/4026 1809497965469/16208676
1977638 1977638/4027 1810914914884/16216729
1978549 1978549/4028 1812074650979/16224784
1979455 1979455/4029 1813217578184/16232841
1980094 31937/65 14627060576/130975
1981094 1981094/4031 1815248283166/16248961
1981360 123835/252 14186746237/127008
1981545 1981545/4033 1816732440834/16265089
1982433 1982433/4034 1817817479589/16273156
1982600 396520/807 363738540892/3256245
1983169 1983169/4036 1819167762451/16289296
1983764 1983764/4037 1819661841158/16297369
1983765 661255/1346 607027812203/5435148
1984220 283460/577 260219962336/2330503
1984664 248083/505 28468746051/255025
1985071 1985071/4041 1822479415832/16329681
1985272 992636/2021 455817701621/4084441
1986069 1986069/4043 1824099966848/16345849
1987069 1987069/4044 1825597633211/16353936
1988034 1988034/4045 1826956268304/16362025
1988085 1988085/4046 1828192745469/16370116
1988788 1988788/4047 1828825805762/16378209
1989323 1989323/4048 1829285387575/16386304
1989324 1989324/4049 1830710931600/16394401
1989594 110533/225 5652349961/50625
1990479 1990479/4051 1832441458758/16410601
1990555 1990555/4052 1833592679275/16418704
1990598 1990598/4053 1834859364218/16426809
1991560 995780/2027 459052665143/4108729
1991998 1991998/4055 1836675097406/16443025
1992038 996019/2028 459488431307/4112784
1993038 1993038/4057 1839457150490/16459249
1993081 1993081/4058 1840725751877/16467364
1993653 221517/451 204578431444/1830609
1993654 996827/2030 460658682511/4120900
1993875 1993875/4061 1843384659732/16491721
1994543 1994543/4062 1843965837533/16499844
1995407 1995407/4063 1844984859342/16507969
1995606 997803/2032 461446414519/4129024
1996592 1996592/4065 1847235439046/16524225
1996750 998375/2033 462035269572/4133089
1996904 285272/581 5390838534/48223
1997384 499346/1017 231189094807/2068578
1997753 1997753/4069 1850027954746/16556761
1998753 1998753/4070 1851536947641/16564900
1998754 1998754/4071 1852969453100/16573041
1999206 999603/2036 463357699991/4145296
2000004 2000004/4073 1854269836276/16589329
2000930 1000465/2037 463873917155/4149369
2001669 2001669/4075 1856201388514/16605625
2002099 2002099/4076 1856672164275/16613776
2002134 667378/1359 206441770994/1846881
2002286 1001143/2039 464725103736/4157521
2002372 2002372/4079 1860025135470/16638241
2002714 1001357/2040 465142892351/4161600
2002793 2002793/4081 1861719681062/16654561
2002794 1001397/2041 465788690747/4165681
2003794 2003794/4083 1864670258420/16670889
2004620 501155/1021 116599112942/1042441
2004771 2004771/4085 1866514296824/16687225
2004865 2004865/4086 1867614283445/16695396
2005784 2005784/4087 1868821015166/16703569
2006580 501645/1022 58426844923/522242
2006837 2006837/4089 1870339939250/16719921
2007738 1003869/2045 467871353709/4182025
2008079 2008079/4091 1872034880182/16736281
2008618 1004309/2046 468125490521/4186116
2008619 2008619/4093 1873941509114/16752649
2009581 2009581/4094 1875308328625/16760836
2009677 2009677/4095 1876404704996/16769025
2010677 2010677/4096 1877924845831/16777216
2011157 2011157/4097 1878383809146/16785409
2011719 670573/1366 208762556309/1865956
2012511 2012511/4099 1879693012836/16801801
2013173 2013173/4100 1880271478771/16810000
2013737 2013737/4101 1880751919814/16818201
2014329 2014329/4102 1881252332753/16826404
2015104 2015104/4103 1882041661700/16834609
2015105 2015105/4104 1883486011367/16842816
2015454 2015454/4105 1884027715154/16851025
2015730 1007865/2053 471169096150/4214809
2016694 2016694/4107 1886054320286/16867449
2017180 504295/1027 235814206717/2109458
2018180 2018180/4109 1888037032978/16883881
2018214 336369/685 157446273832/1407675
2019154 2019154/4111 1890643380062/16900321
2019523 2019523/4112 1891164626279/16908544
2020104 224456/457 210184194616/1879641
2020520 1010260/2057 473035225516/4231249
2020521 2020521/4115 1893589135914/16933225
2021376 24064/49 537016577/4802
2021669 2021669/4117 1895216313606/16949689
2022654 1011327/2059 474170282413/4239481
2023044 674348/1373 632394621736/5655387
2024020 101201/206 23732659423/212180
2025015 2025015/4121 1900119019592/16982641
2026015 2026015/4122 1901646142169/16990884
2026608 2026608/4123 1902149938134/16999129
2027160 506790/1031 237828295215/2125922
2027547 675849/1375 211459199574/1890625
2027548 1013774/2063 476146675974/4255969
2028052 2028052/4127 1905048964228/17032129
2028184 253523/516 29781932501/266256
2028970 2028970/4129 1906863866844/17048641
2029683 2029683/4130 1907528459161/17056900
2030494 2030494/4131 1908412057370/17065161
2031045 2031045/4132 1908888642739/17073424
2031343 2031343/4133 1909505395674/17081689
2032066 1016033/2067 477547229771/4272489
2033066 2033066/4135 1911719716244/17098225
2033277 2033277/4136 1912507785887/17106496
2033278 2033278/4137 1913965697150/17114769
2033348 1016674/2069 478790820803/4280761
2033850 2033850/4139 1915626572954/17131321
2034004 508501/1035 239570067283/2142450
2034221 2034221/4141 1917334983290/17147881
2034331 2034331/4142 1918399862161/17156164
2034587 2034587/4143 1919092048292/17164449
2035289 2035289/4144 1919739554143/17172736
2035618 2035618/4145 1920311756516/17181025
2036279 2036279/4146 1920894687137/17189316
2037186 2037186/4147 1922074996778/17197609
2037187 2037187/4148 1923535166195/17205904
2037267 226363/461 213855555902/1912689
2037693 2037693/4150 1925181441601/17222500
2038126 2038126/4151 1925659306332/17230801
2038714 1019357/2076 481540567127/4309776
2038801 2038801/4153 1927303919512/17247409
2039317 2039317/4154 1927770606369/17255716
2040072 680024/1385 214280484014/1918225
2040564 510141/1039 241123563225/2159042
2040887 2040887/4157 1929569939446/17280649
2040922 1020461/2079 482724580169/4322241
2040923 2040923/4159 1932360395210/17297281
2041215 408243/832 77319570455/692224
2042215 107485/219 101817529940/911259
2042533 2042533/4162 1935122234569/17322244
2043090 88830/181 84156758598/753503
2043352 510838/1041 242036035303/2167362
2043481 2043481/4165 1937298108234/17347225
2043587 2043587/4166 1938379422345/17355556
2043881 2043881/4167 1939005630944/17363889
2044141 2044141/4168 1939692333839/17372224
2044831 2044831/4169 1940323703474/17380561
2044832 1022416/2085 485446998374/4347225
2045700 2045700/4171 1942848318740/17397241
2046147 2046147/4172 1943321995219/17405584
2046512 157424/321 149527188566/1339533
2047512 1023756/2087 486350722333/4355569
2047634 2047634/4175 1946435884194/17430625
2047852 511963/1044 121700750333/1089936
2048831 2048831/4177 1948675285110/17447329
2049728 1024864/2089 487458004228/4363921
2050351 2050351/4179 1950371946218/17464041
2050975 410195/836 390182597207/3494480
2050976 2050976/4181 1952381953202/17480761
2051800 1025900/2091 488328452087/4372281
2052520 2052520/4183 1954000909062/17497489
2053052 513263/1046 61077349359/547058
2053669 2053669/4185 1955009061434/17514225
2054620 1027310/2093 489090706802/4380649
2055620 2055620/4187 1957915417636/17530969
2055760 513940/1047 122431171229/1096209
2056018 28958/59 27599909684/247151
2056144 1028072/2095 490154723046/4389025
2056184 2056184/4191 1961938037132/17564481
2056185 2056185/4192 1963410863023/17572864
2056491 2056491/4193 1964021933984/17581249
2056633 2056633/4194 1964999465897/17589636
2057293 2057293/4195 1965588664606/17598025
2058011 2058011/4196 1966274498507/17606416
2058956 2058956/4197 1967609989610/17614809
2059356 1029678/2099 492028309207/4405801
2059715 2059715/4199 1968654713676/17631601
2060715 137381/280 8756504287/78400
2061116 2061116/4201 1970716316244/17648401
2061929 2061929/4202 1971622014097/17656804
2061930 687310/1401 73077736930/654267
2062109 2062109/4204 1973976397163/17673616
2062903 2062903/4205 1974833155726/17682025
2063051 2063051/4206 1975796307905/17690436
2063535 2063535/4207 1976266242324/17698849
2064195 2064195/4208 1976856866631/17707264
2064461 2064461/4209 1977538813046/17715681
2065419 2065419/4210 1978928602109/17724100
2065650 2065650/4211 1979682373768/17732521
2065905 25505/52 24449211251/219024
2066905 2066905/4213 1981949765144/17749369
2066906 1033453/2107 495857524840/4439449
2067825 137855/281 26462327600/236883
2067993 2067993/4216 1985584053335/17774656
2068143 2068143/4217 1986543852034/17783089
2068471 2068471/4218 1987126191053/17791524
2069182 2069182/4219 1987802579552/17799961
2069442 1034721/2110 497124445379/4452100
2070409 2070409/4221 1989927596072/17816841
2070587 2070587/4222 1990811243525/17825284
2070860 2070860/4223 1991482371038/17833729
2071530 345255/704 166007517037/1486848
2071531 2071531/4225 1993573595614/17850625
2072531 2072531/4226 1995143063621/17859076
2073441 691147/1409 665453045936/5955843
2074059 2074059/4228 1996900115587/17875984
2074496 2074496/4229 1997384544984/17884441
2074881 691627/1410 221989328621/1988100
2075810 2075810/4231 1999189571346/17901361
2075906 1037953/2116 500080237747/4477456
2076055 2076055/4233 2001287237114/17918289
2076892 1038446/2117 500567100826/4481689
2077368 2077368/4235 2002742199156/17935225
2077369 2077369/4236 2004229949483/17943696
2077871 2077871/4237 2004703660780/17952169
2078451 2078451/4238 2005210810053/17960644
2079451 2079451/4239 2006784397286/17969121
2080271 2080271/4240 2007717890479/17977600
2081021 2081021/4241 2008476645612/17986081
2081447 2081447/4242 2008967979569/17994564
2082402 2082402/4243 2010356131458/18003049
2082866 1041433/2122 502708245241/4502884
2082869 2082869/4245 2012316554894/18020025
2083135 2083135/4246 2013004860745/18028516
2083136 2083136/4247 2014496802416/18037009
2083644 981/2 237167189/2124
2084026 297718/607 41132587360/368449
2084240 208424/425 20162959124/180625
2085051 695017/1417 672402380950/6023667
2086051 2086051/4252 2018785252051/18079504
2086618 2086618/4253 2019284852646/18088009
2086881 695627/1418 224442222225/2010724
2087713 2087713/4255 2020950752796/18105025
2088091 2088091/4256 2021479707271/18113536
2088564 696188/1419 74887259288/671187
2088565 2088565/4258 2023451488601/18130564
2089223 2089223/4259 2024046158470/18139081
2089920 34832/71 3374504893/30246
2090395 2090395/4261 2025179253770/18156121
2091371 2091371/4262 2026658534161/18164644
2091951 697317/1421 675722679424/6057723
2092683 2092683/4264 2027891733791/18181696
2093683 2093683/4265 2029472997686/18190225
2094414 349069/711 56394297575/505521
2094537 2094537/4267 2031248191426/18207289
2094682 1047341/2134 508058667189/4553956
2094683 2094683/4269 2033734684070/18224361
2095609 2095609/4270 2035020096609/18232900
2096600 2096600/4271 2036565143328/18241441
2097389 2097389/4272 2037421535687/18249984
2097579 2097579/4273 2038285409556/18258529
2097888 1048944/2137 509725948659/4566769
2097979 2097979/4275 2040064166084/18275625
2098335 2098335/4276 2040619003787/18284176
2099115 2099115/4277 2041454048674/18292729
2100115 2100115/4278 2043040356161/18301284
2100727 2100727/4279 2043580652120/18309841
2100728 262591/535 31954458859/286225
2101427 2101427/4281 2045748673544/18326961
2101937 2101937/4282 2046228106737/18335524
2102068 2102068/4283 2047260543378/18344089
2102845 2102845/4284 2048089378907/18352656
2103354 2103354/4285 2048568867324/18361225
2104282 1052141/2143 512466439111/4592449
2105029 2105029/4287 2050624987598/18378369
2105127 2105127/4288 2051765534159/18386944
2105918 2105918/4289 2052630112874/18395521
2106328 1053164/2145 513284209049/4601025
2106329 2106329/4291 2054645391112/18412681
2107097 2107097/4292 2055453767835/18421264
2107240 2107240/4293 2056452258308/18429849
2107582 1053791/2147 514256601539/4609609
2108335 421667/859 411560122966/3689405
2109004 527251/1074 32162749916/288369
2109911 2109911/4297 2059638866562/18464209
2110285 2110285/4298 2060177028045/18472804
2110312 2110312/4299 2061581673512/18481401
2111126 1055563/2150 515627513531/4622500
2111541 2111541/4301 2063014517984/18498601
2111542 1055771/2151 516131650592/4626801
2111763 2111763/4303 2065319717952/18515809
2112763 2112763/4304 2066915543959/18524416
2112778 2112778/4305 2068370481476/18533025
2113064 1056532/2153 517257864118/4635409
2113524 2113524/4307 2069516021220/18550249
2113645 2113645/4308 2070585252827/18558864
2114088 2114088/4309 2071075664318/18567481
2114792 1057396/2155 517938123569/4644025
2115354 705118/1437 230250567538/2064969
2115915 2115915/4312 2072757110863/18593344
2115916 111364/227 109172203476/979051
2116239 705413/1438 230541548665/2067844
2116534 2116534/4315 2075519869854/18619225
2116834 1058417/2158 519039368377/4656964
2117834 2117834/4317 2077759069562/18636489
2118372 1059186/2159 519562518495/4661281
2118670 2118670/4319 2078891533438/18653761
2119474 1059737/2160 519949306271/4665600
2119922 2119922/4321 2080286506378/18671041
2120839 2120839/4322 2081553540221/18679684
2121591 707197/1441 694110078988/6229443
2121592 530398/1081 130240555870/1168561
2122560 424512/865 83412643176/748225
2122764 50542/103 8278388480/74263
2122827 2122827/4327 2087427473046/18722929
2123106 1061553/2164 522025908003/4682896
2123832 707944/1443 232091780366/2082249
2124832 1062416/2165 522607960659/4687225
2124869 2124869/4331 2091806016180/18757561
2125751 2125751/4332 2092952420819/18766224
2126077 2126077/4333 2093553081434/18774889
2126399 193309/394 190378138139/1707596
2126400 141760/289 139712116244/1252815
2127164 531791/1084 131030587451/1175056
2127532 2127532/4337 2097038061268/18809569
2128381 2128381/4338 2098078817585/18818244
2129282 2129282/4339 2099292980278/18826921
2130261 304323/620 300115892277/2690800
2130842 2130842/4341 2101330580156/18844281
2131213 2131213/4342 2101877015293/18852964
2132213 2132213/4343 2103486747254/18861649
2132430 355405/724 175358086025/1572528
2132745 426549/869 84196633594/755161
2132746 1066373/2173 526610720745/4721929
2132942 304706/621 301043586680/2699487
2133782 1066891/2174 527080087523/4726276
2134268 2134268/4349 2108805342488/18913801
2134315 426863/870 84405864509/756900
2135151 2135151/4351 2111150522342/18931201
2135833 2135833/4352 2111794916495/18939904
2136552 712184/1451 704168951210/6316203
2136703 2136703/4354 2113494835357/18957316
2136802 2136802/4355 2114648432196/18966025
2137802 1068901/2178 529065957119/4743684
2137803 2137803/4357 2117794557508/18983449
2138503 2138503/4358 2118471563589/18992164
2139317 2139317/4359 2119413164354/19000881
2140129 2140129/4360 2120349146919/19009600
2141010 2141010/4361 2121499113802/19018321
2141368 1070684/2181 530515665557/4756761
2141865 2141865/4363 2122549312240/19035769
2142715 2142715/4364 2123598372795/19044496
2143382 2143382/4365 2124220172636/19053225
2143398 1071699/2183 531422958199/4765489
2144106 2144106/4367 2126384431052/19070689
2144107 306301/624 43426934279/389376
2145107 2145107/4369 2129539198136/19088161
2145885 429177/874 426077305981/3819380
2145929 2145929/4371 2131747390094/19105641
2146569 2146569/4372 2132332202259/19114384
2146828 2146828/4373 2133055206934/19123129
2147559 715853/1458 237088335713/2125764
2148107 2148107/4375 2134297077176/19140625
2148983 2148983/4376 2135433414743/19149376
2149676 2149676/4377 2136099812336/19158129
2150503 2150503/4378 2137081604121/19166884
2150504 2150504/4379 2138621790078/19175641
2151081 717027/1460 237682498571/2131600
2151605 2151605/4381 2139635612646/19193161
2152605 307515/626 43699152913/391876
2152740 717580/1461 238033693492/2134521
2153657 2153657/4384 2143586841071/19219456
2154515 430903/877 428933091568/3845645
2155319 2155319/4386 2145583217249/19236996
2156144 2156144/4387 2146560493934/19245769
2156965 2156965/4388 2147526135763/19254544
2157740 2157740/4389 2148368068964/19263321
2157741 2157741/4390 2149914044949/19272100
2157851 2157851/4391 2151042748006/19280881
2158143 719381/1464 79692861349/714432
2158320 93840/191 93592663270/839063
2159259 2159259/4394 2154001746373/19307236
2160259 2160259/4395 2155628525864/19316025
2160542 1080271/2198 539077526979/4831204
2161195 2161195/4397 2156915311608/19333609
2161415 2161415/4398 2157730004597/19342404
2161787 2161787/4399 2158283377058/19351201
2162497 2162497/4400 2158984166191/19360000
2162498 2162498/4401 2160533340470/19368801
2163073 2163073/4402 2161055043269/19377604
2163289 2163289/4403 2161879800944/19386409
2164201 2164201/4404 2163150002795/19395216
2164207 2164207/4405 2164678894826/19404025
2164366 1082183/2203 541414185935/4853209
2165201 2165201/4407 2166668955086/19421649
2166201 2166201/4408 2168300979527/19430464
2166668 2166668/4409 2168795510546/19439281
2167186 154799/315 11067808814/99225
2167357 2167357/4411 2170235215596/19456921
2167358 1083679/2206 542946956847/4866436
2168278 2168278/4413 2173091147564/19474569
2169177 2169177/4414 2174316963229/19483396
2169708 2169708/4415 2174816469806/19492225
2170451 2170451/4416 2175588458711/19501056
2171308 2171308/4417 2176671063188/19509889
2171738 1085869/2209 544295151691/4879681
2172059 2172059/4419 2177801936162/19527561
2172350 217235/442 108923622813/976820
2173350 2173350/4421 2180108294038/19545241
2173956 362326/737 181721606831/1629507
2173957 2173957/4423 2182216843496/19562929
2174411 2174411/4424 2182716446623/19571776
2175100 87004/177 87335295404/783225
2175548 1087774/2213 545971049138/4897369
2175599 2175599/4427 2185236589238/19598329
2176076 544019/1107 273216390979/2450898
2176509 2176509/4429 2186239863994/19616041
2177046 1088523/2215 546685670951/4906225
2177290 2177290/4431 2187507522380/19633761
2178238 1089119/2216 547231272511/4910656
2179109 2179109/4433 2190057347144/19651489
2179110 363185/739 182634850232/1638363
2179136 2179136/4435 2193073095874/19669225
2179170 1089585/2218 548623812897/4919524
2179721 2179721/4437 2195005791542/19686969
2180123 2180123/4438 2195535847665/19695844
2180330 2180330/4439 2196389117068/19704721
2181307 2181307/4440 2197931625791/19713600
2181312 2181312/4441 2199476597562/19722481
2182042 1091021/2221 550056291202/4932841
2182499 2182499/4443 2200725692444/19740249
2182577 2182577/4444 2201979669427/19749136
2182578 2182578/4445 2203542730416/19758025
2183044 1091522/2223 551010311960/4941729
2184044 2184044/4447 2205688798696/19775809
2184455 2184455/4448 2206213345071/19784704
2184632 2184632/4449 2207148207170/19793601
2184919 2184919/4450 2207829527189/19802500
2185455 2185455/4451 2208334682696/19811401
2186344 546586/1113 138095991953/1238769
2187069 2187069/4453 2210275754040/19829209
2187776 1093888/2227 552744897697/4959529
2188649 2188649/4455 2212125281024/19847025
2188650 1094325/2228 553423173719/4963984
2189360 2189360/4457 2214402868172/19864849
2190053 2190053/4458 2215081175801/19873764
2190621 2190621/4459 2215604304430/19882681
2191621 2191621/4460 2217255156099/19891600
2192101 2192101/4461 2217752877608/19900521
2192741 2192741/4462 2218348537997/19909444
2193002 2193002/4463 2219082616766/19918369
2193093 243677/496 246699472255/2214144
2193593 2193593/4465 2220792967366/19936225
2193891 313413/638 317351022267/2849308
2193892 2193892/4467 2223027921428/19954089
2194766 1097383/2234 556045095295/4990756
2195096 2195096/4469 2224794313572/19971961
2195733 731911/1490 247265240509/2220100
2196172 2196172/4471 2225897201298/19989841
2196250 1098125/2236 556789605043/4999696
2197250 2197250/4473 2228814546398/20007729
2197752 1098876/2237 557328336879/5004169
2197907 2197907/4475 2230317410476/20025625
2198147 2198147/4476 2231098077371/20034576
2198191 2198191/4477 2232491265826/20043529
2198192 1099096/2239 558516208928/5013121
2198294 2198294/4479 2235240955448/20061441
2198340 109917/224 27957827027/250880
2199101 2199101/4481 2237452725072/20079361
2199263 2199263/4482 2238436369145/20088324
2199710 2199710/4483 2238944351638/20097289
2200664 550166/1121 280050766809/2513282
2200928 2200928/4485 2241136390346/20115225
2201928 1100964/2243 560699823411/5031049
2202044 2202044/4487 2243929569262/20133169
2202064 275258/561 140339003441/1258884
2202065 2202065/4489 2247000428570/20151121
2202833 2202833/4490 2247846549821/20160100
2203829 2203829/4491 2249494021304/20169081
2204372 551093/1123 140625449054/1261129
2204516 2204516/4493 2251048121684/20187049
2204755 314965/642 321690525467/2885148
2205034 2205034/4495 2252535970134/20205025
2205266 1102633/2248 563334394695/5053504
2206034 2206034/4497 2254184998274/20223009
2206824 1103412/2249 563772372861/5058001
2207824 2207824/4499 2256757916734/20241001
2207825 88313/180 18066708631/162000
2207974 2207974/4501 2259365624816/20259001
2208512 1104256/2251 564969431932/5067001
2208610 2208610/4503 2261073481520/20277009
2209542 1104771/2252 565613360223/5071504
2209907 2209907/4505 2263026783796/20295025
2210770 1105385/2253 566038516262/5076009
2210946 2210946/4507 2265102593022/20313049
2211369 2211369/4508 2265625737843/20322064
2212166 2212166/4509 2266551688892/20331081
2212681 2212681/4510 2267057043709/20340100
2212682 2212682/4511 2268640874354/20349121
2213682 368947/752 189192896821/1696512
2213987 2213987/4513 2270973396130/20367169
2214143 2214143/4514 2271981805077/20376196
2214331 316333/645 324699742712/2912175
2214387 2214387/4516 2274253757155/20394256
2214822 2214822/4517 2274771187904/20403289
2214908 1107454/2259 569003310704/5103081
2215850 2215850/4519 2277439070656/20421361
2216441 2216441/4520 2277988828119/20430400
2216454 738818/1507 253280311682/2271049
2216455 2216455/4522 2281109217525/20448484
2216770 2216770/4523 2281752387100/20457529
2216776 554194/1131 142707305543/1279161
2217776 2217776/4525 2284998276724/20475625
2217972 1108986/2263 571473670242/5121169
2218931 2218931/4527 2287395065330/20493729
2219151 2219151/4528 2288230740623/20502784
2219319 2219319/4529 2289205850692/20511841
2219893 2219893/4530 2289743244041/20520900
2220391 2220391/4531 2290248992966/20529961
2221189 2221189/4532 2291184160091/20539024
2221190 2221190/4533 2292773911286/20548089
2222065 2222065/4534 2293951595953/20557156
2223035 444607/907 459100357024/4113245
2223726 370621/756 63783078407/571536
2224559 2224559/4537 2297229948688/20584369
2225559 2225559/4538 2298914897625/20593444
2226537 742179/1513 255611143950/2289169
2226813 2226813/4540 2301216033411/20611600
2227059 2227059/4541 2301994283652/20620681
2227248 371208/757 63969828459/573049
2228080 2228080/4543 2303950961094/20638849
2228081 2228081/4544 2305546397535/20647936
2228396 2228396/4545 2306193472964/20657025
2229139 2229139/4546 2306991126497/20666116
2229174 2229174/4547 2308441194950/20675209
2229209 2229209/4548 2309891263403/20684304
2229393 2229393/4549 2310825433362/20693401
2229460 222946/455 23121476908/207025
2230460 2230460/4551 2313839350928/20711601
2231258 1115629/2276 578694802975/5180176
2231872 2231872/4553 2315357529800/20729809
2232307 202937/414 210534539683/1885356
2232308 2232308/4555 2317478259606/20748025
2232948 558237/1139 289761177065/2594642
2233072 2233072/4557 2319208891226/20766249
2233682 1116841/2279 579945852804/5193841
2233861 2233861/4559 2320733376168/20784481
2234739 744913/1520 257992087631/2310400
2234874 2234874/4561 2323012898304/20802721
2235115 2235115/4562 2323804997857/20811844
2236114 2236114/4563 2325496578110/20820969
2237114 1118557/2282 581798201893/5207524
2237983 203453/415 211668883246/1894475
2237984 1118992/2283 582490114232/5212089
2238974 2238974/4567 2331611597832/20857489
2239047 2239047/4568 2332917237895/20866624
2239566 746522/1523 777810582070/6958587
2240161 2240161/4570 2333992670309/20884900
2240615 2240615/4571 2334509375680/20894041
2240743 2240743/4572 2335619697059/20903184
2241692 2241692/4573 2337093358556/20912329
2241760 1120880/2287 584604894634/5230369
2242177 36757/75 38343528986/343125
2242331 172487/352 179998715491/1610752
2242332 11268/23 11766778734/105271
2243115 106815/218 37182440179/332668
2243502 2243502/4579 2343053962608/20967241
2244406 1122203/2290 586087663171/5244100
2244483 249387/509 260627099536/2331729
2245258 1122629/2291 586632035768/5248681
2245408 2245408/4583 2347569994070/21003889
2245612 561403/1146 36694639838/328329
2246256 2246256/4585 2349078148714/21022225
2246902 1123451/2293 587425548018/5257849
2247011 2247011/4587 2350880083268/21040569
2247012 561753/1147 147030552205/1315609
2247162 2247162/4589 2353531203128/21058921
2248162 1124081/2295 588809785769/5267025
2248300 2248300/4591 2356320326272/21077281
2248780 562195/1148 147302125479/1317904
2249685 749895/1531 262015465784/2343961
2250419 2250419/4594 2358926493201/21104836
2250639 2250639/4595 2359774529614/21114025
2251323 750441/1532 786820457785/7041072
2252014 2252014/4597 2361160935074/21132409
2252172 1126086/2299 590545230767/5285401
2252173 321739/657 337684759028/3021543
2252337 2252337/4600 2364795185031/21160000
2253264 2253264/4601 2366189182404/21169201
2253540 375590/767 65747601182/588289
2254540 2254540/4603 2368626414828/21187609
2254891 2254891/4604 2369229674227/21196816
2255469 751823/1535 789926706148/7068675
2255655 2255655/4606 2370719708117/21215236
2256078 2256078/4607 2371254915118/21224449
2256544 70517/144 289522975/2592
2257462 2257462/4609 2373132208850/21242881
2257463 2257463/4610 2374748281501/21252100
2258275 2258275/4611 2375742320396/21261321
2258758 1129379/2306 594064441159/5317636
2259672 2259672/4613 2377603076964/21279769
2260354 1130177/2307 594572203091/5322249
2261170 452234/923 475858990068/4259645
2262170 1131085/2308 595252763079/5326864
2262412 2262412/4617 2381810935436/21316689
2263033 2263033/4618 2382406024769/21325924
2263821 2263821/4619 2383331890334/21335161
2264056 566014/1155 298018560733/2668050
2264057 2264057/4621 2385769524722/21353641
2264372 1132186/2311 596606812472/5340721
2265258 755086/1541 795889565264/7124043
2266258 1133129/2312 597346906591/5345344
2267231 2267231/4625 2390982609764/21390625
2268123 756041/1542 88601711443/792588
2268493 2268493/4627 2392830286306/21409129
2268693 2268693/4628 2393737294971/21418384
2269693 2269693/4629 2395457274836/21427641
2270040 227004/463 119803492351/1071845
2270645 2270645/4631 2396648280644/21446161
2270646 378441/772 199856216357/1787952
2271629 2271629/4633 2399917209196/21464689
2272482 1136241/2317 600261160302/5368489
2272941 252549/515 29648979564/265225
2273102 1136551/2318 600647089599/5373124
2273540 2273540/4637 2403119292628/21501769
2274263 2274263/4638 2403888622805/21511044
2274507 2274507/4639 2404688407802/21520321
2274922 1137461/2320 601308268919/5382400
2275692 758564/1547 802038160310/7179627
2276692 103486/211 54723600431/489731
2276693 2276693/4643 2409469192256/21557449
2276854 1138427/2322 602622942587/5391684
2277576 2277576/4645 2411260184024/21576025
2277831 2277831/4646 2412036530629/21585316
2278766 2278766/4647 2413474570274/21594609
2279754 1139877/2324 603786169579/5400976
2280731 2280731/4649 2416764474426/21613201
2281539 760513/1550 268639190781/2402500
2281702 2281702/4651 2418771873192/21631801
2281707 2281707/4652 2420388591043/21641104
2281783 2281783/4653 2421708060152/21650409
2281784 1140892/2327 605835731409/5414929
2282784 326112/665 7070183038/63175
2283020 570755/1164 151618437329/1354896
2283214 2283214/4657 2426824898814/21687649
2283949 2283949/4658 2427624919789/21696964
2284787 2284787/4659 2428709131772/21706281
2285566 1142783/2330 607404616511/5428900
2285853 2285853/4661 2430332757740/21724921
2286832 1143416/2331 607991700119/5433561
2287327 2287327/4663 2432488551196/21743569
2288243 2288243/4664 2433854339135/21752896
2288244 762748/1555 811831419748/7254075
2288673 981/2 1044163733/9332
2289487 2289487/4667 2437044378354/21780889
2290487 2290487/4668 2438777742923/21790224
2291023 327289/667 348472825308/3114223
2291777 2291777/4670 2440155941541/21808900
2291877 254653/519 30140635562/269361
2292535 2292535/4672 2442044949615/21827584
2292836 2292836/4673 2442735768762/21836929
2293790 1146895/2337 611065434422/5461569
2294643 134979/275 143846942028/1285625
2294644 573661/1169 152940174721/1366561
2294657 2294657/4677 2448633290708/21874329
2294733 2294733/4678 2449960883037/21883684
2295419 2295419/4679 2450663329066/21893041
2295736 286967/585 153208003979/1368900
2296736 2296736/4681 2453066534366/21911761
2297446 1148723/2341 613453951012/5480281
2298154 2298154/4683 2454560985362/21930489
2298426 1149213/2342 613827301181/5484964
2298427 2298427/4685 2456956634606/21949225
2298857 208987/426 223408933267/1996236
2298858 2298858/4687 2459145879860/21967969
2299625 2299625/4688 2460028949183/21977344
2300427 255603/521 273445387364/2442969
2300901 2300901/4690 2461534625689/21996100
2301432 2301432/4691 2462067129038/22005481
2301645 767215/1564 820984496689/7338288
2301926 121154/247 6824610640/61009
2302926 1151463/2347 616356914613/5508409
2303448 767816/1565 273995279224/2449225
2303485 2303485/4696 2467448827215/22052416
2303968 2303968/4697 2467974529114/22061809
2303969 2303969/4698 2469625502429/22071204
2304156 2304156/4699 2470583678940/22080601
2304721 2304721/4700 2471135632459/22090000
2305334 2305334/4701 2471732089562/22099401
2306112 1153056/2351 618161684115/5527201
2306979 2306979/4703 2473839291732/22118209
2307090 384515/784 68751187543/614656
2307139 2307139/4705 2476485626844/22137025
2307240 88740/181 47648562667/425893
2308240 2308240/4707 2479474467098/22155849
2309064 577266/1177 310065639503/2770658
2309065 2309065/4709 2482179869994/22174681
2309927 2309927/4710 2483357403521/22184100
2310877 2310877/4711 2484879427656/22193521
2311185 2311185/4712 2485563844663/22202944
2311904 2311904/4713 2486337388664/22212369
2312542 1156271/2357 621741855573/5555449
2313443 2313443/4715 2488289083326/22231225
2314048 578512/1179 311109808597/2780082
2314049 2314049/4717 2490537055026/22250089
2314255 2314255/4718 2491447047081/22259524
2314822 2314822/4719 2492002719080/22268961
2314823 2314823/4720 2493661667711/22278400
2315701 2315701/4721 2494898984560/22287841
2315982 385997/787 207969556660/1858107
2316493 2316493/4723 2496165183080/22306729
2316718 1158359/2362 624256636907/5579044
2317617 257513/525 92531250568/826875
2318443 136379/278 147023785853/1313828
2318919 2318919/4727 2499934225566/22344529
2318946 386491/788 69485525059/620944
2319193 2319193/4729 2502288246282/22363441
2319518 1159759/2365 625736696349/5593225
2319519 773173/1577 278289863406/2486929
2320108 82861/169 44735433573/399854
2321108 2321108/4733 2506943030574/22401289
2321592 386932/789 69652024949/622521
2322474 2322474/4735 2508728502834/22420225
2322941 2322941/4736 2509260942199/22429696
2323021 2323021/4737 2510588778794/22439169
2323782 50517/103 27298539567/244007
2324308 332044/677 358857384952/3208303
2324652 193721/395 52346529667/468075
2325366 2325366/4741 2513400431288/22477081
2325367 2325367/4742 2515066472381/22486564
2325815 2325815/4743 2515605369002/22496049
2326055 2326055/4744 2516433062391/22505536
2326466 2326466/4745 2516993351794/22515025
2327466 387911/791 209896377842/1877043
2328069 2328069/4747 2519347412732/22534009
2328146 1164073/2374 630172378247/5635876
2328948 776316/1583 840560527748/7517667
2329162 1164581/2375 630643851439/5640625
2330004 2330004/4751 2523693848796/22572001
2330191 2330191/4752 2524662446831/22581504
2330192 2330192/4753 2526331707982/22591009
2331054 1165527/2377 631880015472/5650129
2331868 2331868/4755 2528549747186/22610025
2332012 583003/1189 316206511413/2827442
2332739 34817/71 37767916014/337747
2333719 2333719/4758 2532122698985/22638564
2334719 2334719/4759 2533890093072/22648081
2335554 1167777/2380 633746759551/5664400
2335675 2335675/4761 2536170054608/22667121
2335822 1167911/2381 634316197640/5669161
2336014 2336014/4763 2538221946842/22686169
2336015 2336015/4764 2539895882003/22695696
2336574 2336574/4765 2540451479144/22705225
2337117 2337117/4766 2540997830173/22714756
2337552 111312/227 121025980690/1082109
2337932 584483/1192 158883550547/1420864
2338063 2338063/4769 2543285637598/22743361
2338436 1169218/2385 635971127336/5688225
2338837 2338837/4771 2544455804114/22762441
2339837 2339837/4772 2546228990587/22771984
2340032 2340032/4773 2547178769930/22781529
2340294 106377/217 57908207488/517979
2340295 468059/955 101985496832/912025
2340327 780109/1592 850391166221/7603392
2340555 2340555/4777 2552035553302/22819729
2341516 1170758/2389 638407421640/5707321
2341649 2341649/4779 2554773305018/22838841
2342196 585549/1195 319415427773/2856050
2342675 2342675/4781 2555858586966/22857961
2343573 781191/1594 284132116689/2540836
2343999 2343999/4783 2557743440652/22877089
2344057 2344057/4784 2559171104671/22886656
2345057 213187/435 232813679266/2081475
2345058 1172529/2393 640657566963/5726449
2345115 2345115/4787 2564062962210/22915369
2345135 2345135/4788 2565655556915/22924944
2345292 2345292/4789 2566721688842/22934521
2345585 469117/958 513488597629/4588820
2346432 782144/1597 856196850556/7651227
2346759 2346759/4792 2569253594791/22963264
2346788 2346788/4793 2570806932582/22972849
2347290 391215/799 71426223144/638401
2348098 2348098/4795 2572366315146/22992025
2348514 10773/22 5901212905/52756
2348515 180655/369 198046971758/1770093
2349515 2349515/4798 2576397101361/23020804
2350489 2350489/4799 2578059492096/23030401
2351350 47027/96 25792579967/230400
2351904 2351904/4801 2579815086204/23049601
2352550 1176275/2401 645117363943/5764801
2353225 2353225/4803 2581171337258/23068809
2353939 2353939/4804 2581949850507/23078416
2354668 2354668/4805 2582761728166/23088025
2355118 13231/27 7256480194/64881
2355960 2355960/4807 2584439823434/23107249
2355961 2355961/4808 2586127437383/23116864
2356021 2356021/4809 2587554351926/23126481
2356955 471391/962 517808157873/4627220
2357955 2357955/4811 2590830076384/23145721
2358194 1179097/2406 647917995011/5788836
2358574 2358574/4813 2592268859544/23164969
2359568 1179784/2407 648507457560/5793649
2359630 471926/963 103818045416/927369
2359656 294957/602 40578548125/362404
2359849 2359849/4817 2597991035064/23203489
2360081 2360081/4818 2598850763681/23213124
2360082 2360082/4819 2600541530506/23222761
2360509 2360509/4820 2601100146099/23232400
2360590 2360590/4821 2602445032160/23242041
2360817 2360817/4822 2603317416669/23251684
2361207 2361207/4823 2603905128198/23261329
2362207 2362207/4824 2605701588887/23270976
2362243 2362243/4825 2607234636576/23280625
2362557 2362557/4826 2607923749657/23290276
2363067 787689/1609 869488719566/7766643
2363968 590992/1207 326227963759/2913698
2364762 2364762/4829 2610811520378/23319241
2364763 2364763/4830 2612505472601/23328900
2365474 2365474/4831 2613283122964/23338561
2365667 2365667/4832 2614249182359/23348224
2365979 2365979/4833 2614942592048/23357889
2366325 2366325/4834 2615583239041/23367556
2366523 2366523/4835 2616535123226/23377225
2367088 591772/1209 327137985133/2923362
2368088 2368088/4837 2618905500242/23396569
2369058 1184529/2419 655140834500/5851561
2369971 2369971/4839 2621971980992/23415921
2370124 592531/1210 163941413479/1464100
2370125 2370125/4841 2624760473312/23435281
2370999 790333/1614 97259926355/868332
2371565 2371565/4843 2626588561402/23454649
2371636 592909/1211 328497486253/2933042
2371865 24967/51 27672119866/247095
2372220 1186110/2423 657370422254/5870929
2372751 2372751/4847 2630032635178/23493409
2373671 2373671/4848 2631473416895/23503104
2374245 2374245/4849 2632050731392/23512801
2375245 475049/970 105354262401/940900
2375400 791800/1617 292771452662/2614689
2375401 2375401/4852 2636644670667/23541904
2375625 2375625/4853 2637530287630/23551609
2376053 2376053/4854 2638092137417/23561316
2376390 475278/971 527749703528/4714205
2376766 1188383/2428 659838635607/5895184
2377474 2377474/4857 2640130010720/23590449
2378079 2378079/4858 2640738382833/23600164
2378826 2378826/4859 2641604038782/23609881
2379611 2379611/4860 2642571775499/23619600
2379668 2379668/4861 2644025162472/23629321
2380329 2380329/4862 2644711990093/23639044
2380330 2380330/4863 2646416546954/23648769
2380569 2380569/4864 2647265841295/23658496
2380587 2380587/4865 2648891086526/23668225
2380593 793531/1622 883524021575/7892652
2381176 2381176/4867 2651159563300/23687689
2381284 595321/1217 165775731750/1481089
2381344 2381344/4869 2653853200412/23707161
2381489 2381489/4870 2654974706669/23716900
2381943 2381943/4871 2655525845894/23726641
2382505 2382505/4872 2656096970519/23736384
2382770 2382770/4873 2656886647346/23746129
2382771 2382771/4874 2658592225181/23755876
2383026 794342/1625 886468094108/7921875
2384026 1192013/2438 665305908463/5943844
2384907 2384907/4877 2662518944604/23785129
2385029 2385029/4878 2663721796253/23794884
2385280 2385280/4879 2664544025146/23804641
2385804 596451/1220 166568510349/1488400
2386060 2386060/4881 2665906981766/23824161
2386867 2386867/4882 2666947224981/23833924
2387430 2387430/4883 2667520304332/23843689
2387800 596950/1221 166758478421/1490841
2387801 2387801/4885 2669844586824/23863225
2388498 170607/349 95378674000/852607
2389281 796427/1629 296841358400/2653641
2389541 2389541/4888 2672374962383/23892544
2390541 2390541/4889 2674198749686/23902321
2391541 2391541/4890 2676022536989/23912100
2391674 2391674/4891 2677189755596/23921881
2392127 2392127/4892 2677743463163/23931664
2392686 797562/1631 892771604810/7980483
2392728 1196364/2447 669959966185/5987809
2392747 2392747/4895 2681468114256/23961025
2392748 598187/1224 167698796279/1498176
2393133 2393133/4897 2683781440912/23980609
2393863 2393863/4898 2684614633065/23990404
2394070 104090/213 116763110266/1043487
2394754 1197377/2450 671571651421/6002500
2395055 184235/377 15899452706/142129
2396055 798685/1634 896279028851/8009868
2396439 2396439/4903 2689439434864/24039409
2396564 599141/1226 168164798199/1503076
2396802 798934/1635 299054849024/2673225
2397247 2397247/4906 2692051709025/24068836
2397248 342464/701 54974837274/491401
2397808 599452/1227 336792631357/3011058
2398446 2398446/4909 2694999640390/24098281
2398646 1199323/2455 673989362406/6027025
2399554 2399554/4911 2697370494362/24117921
2400032 150002/307 84310009305/753992
2400330 2400330/4913 2698648004518/24137569
2400793 2400793/4914 2699200503221/24147396
2401793 2401793/4915 2701035140976/24157225
2402521 2402521/4916 2701866225483/24167056
2402824 2402824/4917 2702585384540/24176889
2402825 2402825/4918 2704304429357/24186724
2403058 2403058/4919 2705175551758/24196561
2403718 1201859/2460 676467532859/6051600
2403933 343419/703 386684042162/3459463
2404011 2404011/4922 2708167602613/24226084
2404603 2404603/4923 2708770625144/24235929
2404988 601247/1231 169335845670/1515361
2405661 2405661/4925 2710091525704/24255625
2406056 1203028/2463 677671204001/6066369
2406455 2406455/4927 2711274502832/24275329
2407455 2407455/4928 2713114247423/24285184
2407456 2407456/4929 2714836092032/24295041
2407864 1203932/2465 678854690896/6076225
2408485 2408485/4931 2716056227682/24314761
2408738 1204369/2466 679220092337/6081156
2408769 2408769/4933 2718463037950/24334489
2409182 1204591/2467 679760520825/6086089
2409765 160651/329 12087277474/108241
2410361 2410361/4936 2720245764855/24364096
2411187 2411187/4937 2721359700160/24373969
2411381 2411381/4938 2722338788153/24383844
2412375 2412375/4939 2724152741746/24393721
2412376 603094/1235 340734720903/3050450
2413376 2413376/4941 2727722860514/24413481
2413704 1206852/2471 682100525923/6105841
2414559 2414559/4943 2729618348276/24433249
2415454 1207727/2472 682746859535/6110784
2415947 2415947/4945 2731539919676/24453025
2416290 1208145/2473 683049270578/6115729
2416342 2416342/4947 2733692007758/24472809
2416351 2416351/4948 2735381762635/24482704
2416502 2416502/4949 2736497692388/24492601
2416616 1208308/2475 684435979586/6125625
2416617 2416617/4951 2739471974266/24512401
2417570 1208785/2476 685273832307/6130576
2418335 2418335/4953 2742028273742/24532209
2419335 2419335/4954 2743878981381/24542116
2420128 2420128/4955 2744892611656/24552025
2420531 2420531/4956 2745482731571/24561936
2420904 2420904/4957 2746102707666/24571849
2421203 2421203/4958 2746834475857/24581764
2421421 2421421/4959 2747750852768/24591681
2422290 242229/496 137451185571/1230080
2422407 2422407/4961 2750261993112/24611521
2422408 1211204/2481 687998591765/6155361
2423228 2423228/4963 2753095280542/24631369
2423860 35645/73 20248180499/181186
2423912 2423912/4965 2755252174706/24651225
2424687 2424687/4966 2756215502561/24661156
2425687 2425687/4967 2758071017516/24671089
2426211 269579/552 102171577981/914112
2426419 2426419/4969 2759578400794/24690961
2427342 1213671/2485 690268168329/6175225
2428233 809411/1657 306937088574/2745649
2428856 607214/1243 345384932589/3090098
2428857 2428857/4973 2764816848706/24730729
2429684 1214842/2487 691485734720/6185169
2429847 2429847/4975 2767025940766/24750625
2429948 607487/1244 173020550805/1547536
2430945 270105/553 34199662306/305809
2431095 2431095/4978 2771299301229/24780484
2431577 2431577/4979 2771856212464/24790441
2432577 810859/1660 924572089577/8266800
2433386 2433386/4981 2774784884792/24810361
2433807 2433807/4982 2775364675949/24820324
2434440 811480/1661 925341916958/8276763
2434441 2434441/4984 2777767329655/24840256
2434850 486970/997 111134245124/994009
2435670 135315/277 77207263835/690561
2435927 2435927/4987 2780286166354/24870169
2436307 2436307/4988 2780902333043/24880144
2436915 812305/1663 927177053524/8296707
2437217 2437217/4990 2782262143141/24900100
2437672 2437672/4991 2782825284098/24910081
2438340 203195/416 57990496229/519168
2439340 2439340/4993 2785407745918/24930049
2439637 2439637/4994 2786148812421/24940036
2439638 2439638/4995 2787893633276/24950025
2439968 609992/1249 174286070177/1560001
2440050 2440050/4997 2789960365220/24970009
2440491 813497/1666 930176624479/8326668
2441418 2441418/4999 2792050134706/24990001
2441542 1220771/2500 698318098059/6250000
