56946444
56946444
28473222
28473222
18982148
18982148
56946444
56946444
18982148
18982148
18982148
18982148
9491074
9491074
18982148
18982148
177075508
177075508
177075508
177075508
88537754
88537754
265613262
265613262
132806631
132806631
265613262
265613262
88537754
88537754
88537754
88537754
594184710
594184710
198061570
198061570
198061570
198061570
198061570
198061570
396123140
396123140
396123140
396123140
594184710
594184710
198061570
198061570
861254786
861254786
861254786
861254786
952581164
952581164
861254786
861254786
480424412
480424412
480424412
480424412
240212206
240212206
240212206
240212206
95634188
95634188
697374298
697374298
817722320
817722320
456678254
456678254
908266135
908266135
635503496
635503496
275590624
275590624
275590624
275590624
637200287
637200287
637200287
637200287
276156221
276156221
276156221
276156221
855665720
855665720
855665720
855665720
950718142
950718142
855665720
855665720
569580689
569580689
855356465
855356465
454876206
454876206
454876206
454876206
379063505
379063505
138946162
138946162
682314309
682314309
227438103
227438103
180373792
180373792
392872715
392872715
116123530
116123530
371455961
371455961
530412999
530412999
592994644
592994644
764328676
764328676
296497322
296497322
363205788
363205788
363205788
363205788
363205788
363205788
363205788
363205788
581942951
581942951
581942951
581942951
747584500
747584500
747584500
747584500
288365686
288365686
288365686
288365686
731949763
731949763
731949763
731949763
774132307
774132307
325908215
325908215
550020261
550020261
550020261
550020261
768757424
768757424
768757424
768757424
768757424
768757424
768757424
768757424
11402982
11402982
22805964
22805964
619567132
619567132
539270495
539270495
16451257
16451257
16451257
16451257
261899531
261899531
523799062
523799062
715335202
715335202
715335202
715335202
715335202
715335202
571193185
571193185
658110777
658110777
828177565
828177565
588140096
588140096
766175935
766175935
356071678
356071678
356071678
356071678
890179195
890179195
944211774
944211774
134355171
134355171
134355171
134355171
626990798
626990798
626990798
626990798
716560912
716560912
716560912
716560912
537420684
537420684
537420684
537420684
702648388
702648388
702648388
702648388
526986291
526986291
526986291
526986291
526986291
526986291
175662097
175662097
702648388
702648388
702648388
702648388
526986291
526986291
526986291
526986291
702648388
702648388
702648388
702648388
659792540
659792540
659792540
659792540
835454637
835454637
278484879
278484879
148127102
148127102
148127102
148127102
148127102
148127102
148127102
148127102
745234227
745234227
248411409
248411409
47842795
47842795
348695716
348695716
356352138
356352138
356352138
356352138
356352138
356352138
356352138
356352138
427164199
427164199
283248244
283248244
141624122
141624122
141624122
141624122
289351327
289351327
289351327
289351327
289351327
289351327
289351327
289351327
187866008
187866008
187866008
187866008
105605901
105605901
105605901
105605901
203255856
203255856
203255856
203255856
67751952
67751952
203255856
203255856
171089855
171089855
171089855
171089855
167047744
167047744
167047744
167047744
393381545
393381545
393381545
393381545
544597247
544597247
847028651
847028651
166557992
166557992
166557992
166557992
83278996
83278996
166557992
166557992
313389700
313389700
313389700
313389700
470084550
470084550
470084550
470084550
50405797
50405797
349550050
349550050
849220648
849220648
551173238
551173238
197239194
197239194
197239194
197239194
262985592
262985592
525971184
525971184
502957749
502957749
502957749
502957749
117247349
117247349
351742047
351742047
149025394
149025394
74512697
74512697
764846498
764846498
764846498
764846498
626779400
626779400
626779400
626779400
216962100
216962100
72320700
72320700
584597093
584597093
170949833
170949833
722479513
722479513
170949833
170949833
987018817
987018817
987018817
987018817
987018817
987018817
661754390
661754390
868578020
868578020
738911687
738911687
738911687
738911687
738911687
738911687
165337065
165337065
496011195
496011195
926496759
926496759
926496759
926496759
866150324
866150324
866150324
866150324
719339065
719339065
161528489
161528489
719339065
719339065
719339065
719339065
858791709
858791709
579886421
579886421
502801484
502801484
510160099
510160099
789065387
789065387
789065387
789065387
572527806
572527806
719339065
719339065
455151007
455151007
726697680
726697680
248252291
248252291
248252291
248252291
729051306
729051306
729051306
729051306
956362841
956362841
956362841
956362841
872599817
872599817
872599817
872599817
959507023
959507023
959507023
959507023
613846462
613846462
613846462
613846462
517994940
517994940
517994940
517994940
792423176
792423176
792423176
792423176
940649488
940649488
883054623
883054623
975206407
975206407
929130515
929130515
917611542
917611542
836978731
836978731
975206407
975206407
975206407
975206407
792423176
792423176
792423176
792423176
380780822
380780822
380780822
380780822
555740467
555740467
776992410
776992410
310796964
310796964
932390892
932390892
732390271
732390271
576878208
576878208
865317312
865317312
732390271
732390271
748031545
748031545
748031545
748031545
244999050
244999050
244999050
244999050
358377472
358377472
716754944
716754944
904414550
904414550
716754944
716754944
591648540
591648540
591648540
591648540
776701267
776701267
776701267
776701267
953365013
953365013
953365013
953365013
493512259
493512259
482292424
482292424
975804683
975804683
953365013
953365013
975804683
975804683
975804683
975804683
136025951
136025951
136025951
136025951
89963255
89963255
89963255
89963255
314769105
314769105
944307315
944307315
944307315
944307315
314769105
314769105
289909630
289909630
869728890
869728890
869728890
869728890
869728890
869728890
109880779
109880779
109880779
109880779
649967332
649967332
324983666
324983666
579819260
579819260
579819260
579819260
869728890
869728890
869728890
869728890
869728890
869728890
434864445
434864445
869728890
869728890
289909630
289909630
84210287
84210287
84210287
84210287
625437607
625437607
625437607
625437607
228770019
228770019
228770019
228770019
72802871
72802871
689763859
689763859
586439553
586439553
195479851
195479851
390959702
390959702
390959702
390959702
390959702
390959702
795816136
795816136
781919404
781919404
593387919
593387919
944275684
944275684
836338346
836338346
782369677
782369677
566495001
566495001
852326628
852326628
560491178
560491178
910693718
910693718
735592448
735592448
377663334
377663334
377663334
377663334
793959538
793959538
793959538
793959538
587659095
587659095
587659095
587659095
195886365
195886365
587659095
587659095
797274154
797274154
797274154
797274154
306898007
306898007
920694021
920694021
994941032
994941032
994941032
994941032
398637077
398637077
197666878
197666878
339411055
339411055
339411055
339411055
379388679
379388679
379388679
379388679
39977624
39977624
678822110
678822110
359399867
359399867
79955248
79955248
910249643
910249643
968912783
968912783
939581213
939581213
939581213
939581213
389128789
389128789
693686571
693686571
644237201
644237201
934467250
934467250
885355932
885355932
885355932
885355932
772467511
772467511
772467511
772467511
320913827
320913827
772467511
772467511
546690669
546690669
546690669
546690669
736854028
736854028
736854028
736854028
475463703
475463703
475463703
475463703
552640521
552640521
552640521
552640521
475463703
475463703
475463703
475463703
109722393
109722393
36574131
36574131
789132093
789132093
789132093
789132093
282467881
282467881
282467881
282467881
282467881
282467881
282467881
282467881
201273591
201273591
201273591
201273591
656685455
656685455
656685455
656685455
933575487
933575487
804237755
804237755
901241054
901241054
901241054
901241054
857441796
857441796
857441796
857441796
428720898
428720898
857441796
857441796
214360449
214360449
214360449
214360449
214360449
214360449
214360449
214360449
499033231
499033231
998066462
998066462
499033231
499033231
998066462
998066462
844613563
844613563
537351983
537351983
844613563
844613563
844613563
844613563
155669930
155669930
155669930
155669930
29936525
29936525
89809575
89809575
696970078
696970078
565071477
565071477
131898601
131898601
131898601
131898601
259784239
259784239
259784239
259784239
314507148
314507148
314507148
314507148
460784311
460784311
384108580
384108580
460784311
460784311
384108580
384108580
235880361
235880361
235880361
235880361
550387509
550387509
550387509
550387509
157253574
157253574
157253574
157253574
259784239
259784239
629014296
629014296
427327529
427327529
427327529
427327529
969526494
969526494
969526494
969526494
596194327
596194327
194144301
194144301
883372917
883372917
883372917
883372917
17883016
17883016
35766032
35766032
8941508
8941508
8941508
8941508
257943752
257943752
751477486
751477486
271356014
271356014
755948240
755948240
833574236
833574236
833574236
833574236
833574236
833574236
943354314
943354314
543242714
543242714
543242714
543242714
88241075
88241075
543242714
543242714
656392394
656392394
970932829
970932829
629080870
629080870
314540435
314540435
86639129
86639129
86639129
86639129
314540435
314540435
629080870
629080870
739576315
739576315
739576315
739576315
480908277
480908277
739576315
739576315
639126527
639126527
639126527
639126527
160302759
160302759
160302759
160302759
758832469
758832469
519420585
519420585
519420585
519420585
519420585
519420585
519420585
519420585
758832469
758832469
818685440
818685440
818685440
818685440
229936269
229936269
76645423
76645423
229936269
229936269
76645423
76645423
292872339
292872339
292872339
292872339
585744678
585744678
585744678
585744678
342325160
342325160
342325160
342325160
342325160
342325160
342325160
342325160
114924508
114924508
57462254
57462254
742112574
742112574
742112574
742112574
302353426
302353426
604706852
604706852
151176713
151176713
453530139
453530139
620871794
620871794
872453500
872453500
361207617
361207617
361207617
361207617
109625911
109625911
553935132
553935132
109625911
109625911
109625911
109625911
320516094
320516094
320516094
320516094
641032188
641032188
213677396
213677396
985908169
985908169
985908169
985908169
661384174
661384174
661384174
661384174
841821487
841821487
841821487
841821487
228466207
228466207
228466207
228466207
35912017
35912017
35912017
35912017
552990202
552990202
552990202
552990202
552990202
552990202
517078185
517078185
35912017
35912017
107736051
107736051
649064245
649064245
649064245
649064245
887012322
887012322
664548260
664548260
61936060
61936060
61936060
61936060
30968030
30968030
30968030
30968030
30968030
30968030
30968030
30968030
46452045
46452045
46452045
46452045
522348199
522348199
522348199
522348199
553316229
553316229
553316229
553316229
380728923
380728923
380728923
380728923
874741267
874741267
627735095
627735095
781030070
781030070
390515035
390515035
390515035
390515035
781030070
781030070
478784189
478784189
825090965
825090965
165018193
165018193
165018193
165018193
297495606
297495606
99165202
99165202
330036386
330036386
990109158
990109158
229748659
229748659
409331004
409331004
50166314
50166314
50166314
50166314
682218340
682218340
50166314
50166314
50166314
50166314
50166314
50166314
129191526
129191526
43063842
43063842
86127684
86127684
86127684
86127684
43063842
43063842
43063842
43063842
64595763
64595763
129191526
129191526
905959262
905959262
905959262
905959262
905959262
905959262
967482656
967482656
238690245
238690245
238690245
238690245
318253660
318253660
318253660
318253660
373428677
373428677
373428677
373428677
548669212
548669212
548669212
548669212
274334606
274334606
274334606
274334606
274334606
274334606
274334606
274334606
638507652
638507652
638507652
638507652
917278603
917278603
917278603
917278603
467643430
467643430
404685937
404685937
872329367
872329367
872329367
872329367
906350918
906350918
967613208
967613208
979865666
979865666
943108292
943108292
55100851
55100851
55100851
55100851
581773453
581773453
526672602
526672602
773238942
773238942
257746314
257746314
110462706
110462706
110462706
110462706
180024511
180024511
180024511
180024511
769158943
769158943
589134432
589134432
882165215
882165215
650006939
650006939
533927801
533927801
533927801
533927801
882165215
882165215
882165215
882165215
766086077
766086077
301769525
301769525
208450756
208450756
208450756
208450756
416901512
416901512
416901512
416901512
52112689
52112689
52112689
52112689
208450756
208450756
208450756
208450756
731732952
731732952
731732952
731732952
99355075
99355075
99355075
99355075
933297116
933297116
976595274
976595274
445740339
445740339
148580113
148580113
64568821
64568821
64568821
64568821
966817400
966817400
966817400
966817400
595975408
595975408
595975408
595975408
725113050
725113050
725113050
725113050
791945748
791945748
791945748
791945748
57683311
57683311
57683311
57683311
791945748
791945748
791945748
791945748
791945748
791945748
263981916
263981916
150918643
150918643
150918643
150918643
180790756
180790756
180790756
180790756
119488452
119488452
238976904
238976904
59744226
59744226
179232678
179232678
119488452
119488452
119488452
119488452
119488452
119488452
119488452
119488452
29872113
29872113
29872113
29872113
209104791
209104791
603674572
603674572
196014830
196014830
730834512
730834512
439626334
439626334
439626334
439626334
659439501
659439501
659439501
659439501
196014830
196014830
730834512
730834512
703002701
703002701
112519397
112519397
555381875
555381875
112519397
112519397
440729041
440729041
479657798
479657798
747524654
747524654
246085256
246085256
839180395
839180395
521052479
521052479
644861413
644861413
644861413
644861413
403673067
403673067
403673067
403673067
986976247
986976247
964440035
964440035
601150345
601150345
601150345
601150345
601150345
601150345
805206682
805206682
898970851
898970851
700423847
700423847
849334100
849334100
700423847
700423847
627276725
627276725
627276725
627276725
812760539
812760539
812760539
812760539
769088789
769088789
921859165
921859165
616318413
616318413
616318413
616318413
515864496
515864496
515864496
515864496
515864496
515864496
515864496
515864496
515864496
515864496
515864496
515864496
845473977
845473977
845473977
845473977
538982124
538982124
269491062
269491062
523038145
523038145
507094166
507094166
150689510
150689510
150689510
150689510
879442801
879442801
641839697
641839697
985922612
985922612
994137106
994137106
985922612
985922612
985922612
985922612
981815365
981815365
981815365
981815365
990029859
990029859
990029859
990029859
120459349
120459349
120459349
120459349
872466610
872466610
623570321
623570321
238259501
238259501
238259501
238259501
941551183
941551183
941551183
941551183
872466610
872466610
872466610
872466610
348986644
348986644
348986644
348986644
541189763
541189763
541189763
541189763
541189763
541189763
541189763
541189763
248708896
248708896
746126688
746126688
238482589
238482589
238482589
238482589
991426815
991426815
991426815
991426815
981200508
981200508
981200508
981200508
213592535
213592535
640777605
640777605
592819534
592819534
592819534
592819534
889229301
889229301
780214249
780214249
889229301
889229301
889229301
889229301
785566520
785566520
785566520
785566520
360210854
360210854
360210854
360210854
726169507
726169507
182019815
182019815
862206930
862206930
590132084
590132084
814904920
814904920
814904920
814904920
814904920
814904920
407452460
407452460
814904920
814904920
814904920
814904920
448226054
448226054
448226054
448226054
795638
795638
795638
795638
1193457
1193457
397819
397819
500514543
500514543
500514543
500514543
748981629
748981629
748981629
748981629
352619445
352619445
352619445
352619445
675431899
675431899
675431899
675431899
814904920
814904920
814904920
814904920
631565487
631565487
631565487
631565487
498668055
498668055
166222685
166222685
166222685
166222685
166222685
166222685
498668055
498668055
498668055
498668055
498668055
498668055
498668055
498668055
335274174
335274174
335274174
335274174
502911261
502911261
167637087
167637087
437205540
437205540
145735180
145735180
728675900
728675900
728675900
728675900
537293984
537293984
537293984
537293984
882284591
882284591
766324829
766324829
305374460
305374460
152687230
152687230
613637599
613637599
537293984
537293984
738007434
738007434
738007434
738007434
369003717
369003717
369003717
369003717
533005369
533005369
533005369
533005369
533005369
533005369
533005369
533005369
208131850
208131850
208131850
208131850
802231045
802231045
802231045
802231045
402869522
402869522
402869522
402869522
201434761
201434761
201434761
201434761
810841588
810841588
810841588
810841588
456446234
456446234
456446234
456446234
831251764
831251764
831251764
831251764
40820352
40820352
81640704
81640704
292212079
292212079
292212079
292212079
231408021
231408021
614826187
614826187
211558552
211558552
403267635
403267635
614826187
614826187
231408021
231408021
495421073
495421073
488018866
488018866
633420005
633420005
633420005
633420005
763714415
763714415
763714415
763714415
70955828
70955828
689148178
689148178
188490567
188490567
188490567
188490567
376981134
376981134
376981134
376981134
268787971
268787971
268787971
268787971
268787971
268787971
537575942
537575942
753962268
753962268
753962268
753962268
753962268
753962268
753962268
753962268
721634974
721634974
168416216
168416216
397055485
397055485
465099946
465099946
692444898
692444898
230814966
230814966
937084462
937084462
814764680
814764680
341263983
341263983
25547596
25547596
431468665
431468665
431468665
431468665
431468665
431468665
431468665
431468665
25547596
25547596
12773798
12773798
25547596
25547596
341263983
341263983
341263983
341263983
341263983
341263983
31623145
31623145
31623145
31623145
94869435
94869435
94869435
94869435
189738870
189738870
189738870
189738870
252985160
252985160
252985160
252985160
184073941
184073941
552221823
552221823
635761400
635761400
635761400
635761400
252985160
252985160
252985160
252985160
189738870
189738870
189738870
189738870
633771107
633771107
903068968
903068968
269297861
269297861
269297861
269297861
869296876
869296876
869296876
869296876
434648438
434648438
305700961
305700961
308247276
308247276
102749092
102749092
557744013
557744013
557744013
557744013
939493814
939493814
821992736
821992736
880743275
880743275
880743275
880743275
581750418
581750418
747006901
747006901
193916806
193916806
193916806
193916806
239001829
239001829
239001829
239001829
722671230
722671230
722671230
722671230
274922197
274922197
274922197
274922197
549844394
549844394
549844394
549844394
38716663
38716663
38716663
38716663
777720762
777720762
557197171
557197171
310423824
310423824
155211912
155211912
310423824
310423824
310423824
310423824
349226802
349226802
116408934
116408934
232817868
232817868
232817868
232817868
649168773
649168773
216389591
216389591
865558364
865558364
432779182
432779182
575036798
575036798
726866041
726866041
878695284
878695284
878695284
878695284
26181416
26181416
52362832
52362832
70040479
70040479
70040479
70040479
735516408
735516408
735516408
735516408
472788463
472788463
472788463
472788463
146178539
146178539
146178539
146178539
718389985
718389985
858317169
858317169
349646719
349646719
349646719
349646719
429366963
429366963
429366963
429366963
420863921
420863921
805784209
805784209
420863921
420863921
709554137
709554137
306376767
306376767
306376767
306376767
782772672
782772672
260924224
260924224
341749869
341749869
113916623
113916623
911332984
911332984
455666492
455666492
907909798
907909798
727240688
727240688
456237023
456237023
817575243
817575243
422056974
422056974
422056974
422056974
211028487
211028487
633085461
633085461
815664907
815664907
604636420
604636420
211028487
211028487
633085461
633085461
75208140
75208140
75208140
75208140
56406105
56406105
18802035
18802035
935529095
935529095
977339267
977339267
103782605
103782605
103782605
103782605
783129306
783129306
783129306
783129306
251857491
251857491
251857491
251857491
181210438
181210438
181210438
181210438
393151597
393151597
393151597
393151597
194870116
194870116
194870116
194870116
659274244
659274244
552506199
552506199
320304135
320304135
960912405
960912405
779480464
779480464
779480464
779480464
573512460
573512460
573512460
573512460
722293027
722293027
722293027
722293027
923038933
923038933
923038933
923038933
979442998
979442998
941840288
941840288
475842050
475842050
824110252
824110252
301707949
301707949
649976151
649976151
770542886
770542886
770542886
770542886
770542886
770542886
315139952
315139952
665040183
665040183
996876196
996876196
110155952
110155952
330467856
330467856
870088903
870088903
613778003
613778003
613778003
613778003
806011178
806011178
306204923
306204923
612409846
612409846
536884733
536884733
536884733
536884733
877720495
877720495
636672779
636672779
757196637
757196637
757196637
757196637
39325862
39325862
39325862
39325862
19662931
19662931
39325862
39325862
39325862
39325862
39325862
39325862
78651724
78651724
78651724
78651724
180492499
180492499
180492499
180492499
932991945
932991945
932991945
932991945
541477497
541477497
541477497
541477497
435396241
435396241
435396241
435396241
147832658
147832658
147832658
147832658
73916329
73916329
73916329
73916329
72634547
72634547
72634547
72634547
91273852
91273852
91273852
91273852
897381375
897381375
897381375
897381375
796518397
796518397
598254250
598254250
423474943
423474943
423474943
423474943
322611965
322611965
322611965
322611965
12430280
12430280
669639662
669639662
572535045
572535045
572535045
572535045
341034971
341034971
341034971
341034971
560104765
560104765
560104765
560104765
857311785
857311785
857311785
857311785
857311785
857311785
857311785
857311785
645912933
645912933
645912933
645912933
39138601
39138601
39138601
39138601
345366545
345366545
345366545
345366545
182147093
182147093
364294186
364294186
521368445
521368445
839285717
839285717
680327081
680327081
680327081
680327081
317647382
317647382
317647382
317647382
317647382
317647382
317647382
317647382
317647382
317647382
317647382
317647382
476471073
476471073
476471073
476471073
5176903
5176903
5176903
5176903
10353806
10353806
10353806
10353806
857049590
857049590
951179432
951179432
982556046
982556046
982556046
982556046
44899601
44899601
134698803
134698803
860061173
860061173
860061173
860061173
860061173
860061173
952183293
952183293
952183293
952183293
860061173
860061173
435010653
435010653
435010653
435010653
50341512
50341512
25170756
25170756
796470749
796470749
930986485
930986485
930986485
930986485
930986485
930986485
681793586
681793586
48892052
48892052
365342819
365342819
365342819
365342819
910765385
910765385
735807449
735807449
852446073
852446073
852446073
852446073
990516880
990516880
982789407
982789407
990516880
990516880
982789407
982789407
792413504
792413504
792413504
792413504
990516880
990516880
982789407
982789407
396206752
396206752
198103376
198103376
49525844
49525844
49525844
49525844
396206752
396206752
396206752
396206752
396206752
396206752
198103376
198103376
745037955
745037955
745037955
745037955
56936734
56936734
170810202
170810202
67814957
67814957
688101221
688101221
377958089
377958089
377958089
377958089
505371425
505371425
751807889
751807889
628589657
628589657
875026121
875026121
751807889
751807889
505371425
505371425
116624175
116624175
38874725
38874725
462743399
462743399
462743399
462743399
880168471
880168471
880168471
880168471
626137608
626137608
208712536
208712536
626137608
626137608
626137608
626137608
523888333
523888333
761066343
761066343
713630741
713630741
903373149
903373149
761066343
761066343
523888333
523888333
523888333
523888333
523888333
523888333
113646983
113646983
340940949
340940949
340940949
340940949
113646983
113646983
847767698
847767698
847767698
847767698
847767698
847767698
423883849
423883849
322727653
322727653
322727653
322727653
630424609
630424609
262604865
262604865
525541845
525541845
175180615
175180615
175180615
175180615
175180615
175180615
493836641
493836641
493836641
493836641
462123428
462123428
819537378
819537378
756110952
756110952
756110952
756110952
756110952
756110952
756110952
756110952
682614071
682614071
682614071
682614071
261773695
261773695
630009024
630009024
640830403
640830403
640830403
640830403
566832906
566832906
566832906
566832906
830512219
830512219
830512219
830512219
908553854
908553854
729172856
729172856
454276927
454276927
454276927
454276927
454276927
454276927
454276927
454276927
416129553
416129553
250144306
250144306
416129553
416129553
416129553
416129553
600500505
600500505
200166835
200166835
800667340
800667340
800667340
800667340
872367810
872367810
290789270
290789270
581578540
581578540
581578540
581578540
872367810
872367810
872367810
872367810
872367810
872367810
872367810
872367810
592995213
592995213
592995213
592995213
227319938
227319938
227319938
227319938
928913494
928913494
642385949
642385949
642385949
642385949
642385949
642385949
69883084
69883084
209649252
209649252
69883084
69883084
209649252
209649252
559064672
559064672
559064672
559064672
279532336
279532336
279532336
279532336
631096899
631096899
263949445
263949445
407335313
407335313
407335313
407335313
850517093
850517093
850517093
850517093
850517093
850517093
850517093
850517093
597281967
597281967
196319581
196319581
597281967
597281967
196319581
196319581
278176703
278176703
278176703
278176703
796375956
796375956
796375956
796375956
196319581
196319581
597281967
597281967
597281967
597281967
196319581
196319581
196319581
196319581
196319581
196319581
196319581
196319581
196319581
196319581
586177552
586177552
528140635
528140635
58036917
58036917
58036917
58036917
58036917
58036917
528140635
528140635
528140635
528140635
58036917
58036917
590712419
590712419
590712419
590712419
794478386
794478386
794478386
794478386
350310355
350310355
449518236
449518236
899036472
899036472
899036472
899036472
280205364
280205364
560410728
560410728
910677628
910677628
735544178
735544178
560410728
560410728
280205364
280205364
910677628
910677628
735544178
735544178
65629088
65629088
65629088
65629088
32814544
32814544
32814544
32814544
24610908
24610908
24610908
24610908
114850904
114850904
114850904
114850904
890506647
890506647
782768941
782768941
944375500
944375500
944375500
944375500
889508330
889508330
961999012
961999012
508433091
508433091
527054920
527054920
447229345
447229345
481824566
481824566
963649132
963649132
963649132
963649132
722736849
722736849
722736849
722736849
860490601
860490601
860490601
860490601
933508240
933508240
933508240
933508240
233377060
233377060
233377060
233377060
466754120
466754120
466754120
466754120
466754120
466754120
933508240
933508240
735216352
735216352
209160350
209160350
209160350
209160350
209160350
209160350
236759452
236759452
236759452
236759452
177569589
177569589
177569589
177569589
946471259
946471259
980986655
980986655
178939633
178939633
178939633
178939633
895831263
895831263
691005083
691005083
887202414
887202414
665118536
665118536
793418173
793418173
793418173
793418173
187568482
187568482
562705446
562705446
392394662
392394662
392394662
392394662
392394662
392394662
392394662
392394662
874944357
874944357
628344365
628344365
628344365
628344365
874944357
874944357
427479188
427479188
284193211
284193211
32517054
32517054
10839018
10839018
719061676
719061676
160696322
160696322
719061676
719061676
160696322
160696322
512728498
512728498
256364249
256364249
627304301
627304301
627304301
627304301
529466729
529466729
841985145
841985145
841985145
841985145
529466729
529466729
841985145
841985145
529466729
529466729
529466729
529466729
841985145
841985145
853819423
853819423
853819423
853819423
328504732
328504732
164252366
164252366
963383163
963383163
321127721
321127721
980813758
980813758
963383163
963383163
989978086
989978086
981711819
981711819
72972827
72972827
689820511
689820511
72972827
72972827
72972827
72972827
689820511
689820511
689820511
689820511
625530806
625530806
878348065
878348065
878348065
878348065
625530806
625530806
754110216
754110216
265841942
265841942
291891308
291891308
762793338
762793338
704918803
704918803
704918803
704918803
567721052
567721052
567721052
567721052
947764225
947764225
947764225
947764225
947764225
947764225
947764225
947764225
140814078
140814078
140814078
140814078
422442234
422442234
211221117
211221117
407976926
407976926
407976926
407976926
422442234
422442234
211221117
211221117
832952566
832952566
502368992
502368992
24540774
24540774
24540774
24540774
462877257
462877257
462877257
462877257
316765096
316765096
438336483
438336483
937732279
937732279
816708131
816708131
937732279
937732279
816708131
816708131
935397012
935397012
935397012
935397012
746854989
746854989
746854989
746854989
135237957
135237957
45079319
45079319
90158638
90158638
90158638
90158638
963445708
963445708
963445708
963445708
963445708
963445708
963445708
963445708
291672940
291672940
145836470
145836470
184273899
184273899
184273899
184273899
803371941
803371941
267790647
267790647
914727605
914727605
914727605
914727605
905750467
905750467
905750467
905750467
951997410
951997410
951997410
951997410
19033763
19033763
671840823
671840823
410717999
410717999
802402235
802402235
88060147
88060147
543152250
543152250
724203000
724203000
724203000
724203000
88060147
88060147
88060147
88060147
362101500
362101500
88060147
88060147
855658975
855658975
617967776
617967776
950764796
950764796
475382398
475382398
237691199
237691199
713073597
713073597
475382398
475382398
950764796
950764796
737121529
737121529
737121529
737121529
606560117
606560117
606560117
606560117
417521294
417521294
417521294
417521294
508639058
508639058
508639058
508639058
11192845
11192845
11192845
11192845
515911444
515911444
515911444
515911444
560335966
560335966
560335966
560335966
560335966
560335966
560335966
560335966
392443291
392443291
463562548
463562548
321324034
321324034
321324034
321324034
713767325
713767325
144813269
144813269
429290297
429290297
289626538
289626538
784886582
784886582
927125096
927125096
642648068
642648068
642648068
642648068
2574755
2574755
5149510
5149510
713767325
713767325
713767325
713767325
392443291
392443291
179085520
179085520
784886582
784886582
784886582
784886582
858580594
858580594
858580594
858580594
429290297
429290297
429290297
429290297
595691702
595691702
595691702
595691702
297845851
297845851
595691702
595691702
371214472
371214472
371214472
371214472
556821708
556821708
185607236
185607236
516932277
516932277
516932277
516932277
433759893
433759893
433759893
433759893
35620201
35620201
106860603
106860603
606070652
606070652
606070652
606070652
927283098
927283098
785360588
785360588
927283098
927283098
785360588
785360588
912012066
912012066
912012066
912012066
195431157
195431157
195431157
195431157
369773746
369773746
184886873
184886873
369773746
369773746
369773746
369773746
369773746
369773746
369773746
369773746
347558369
347558369
347558369
347558369
908443250
908443250
908443250
908443250
728841044
728841044
728841044
728841044
559671058
559671058
519305137
519305137
279835529
279835529
279835529
279835529
895142103
895142103
895142103
895142103
895142103
895142103
298380701
298380701
969301778
969301778
911416628
911416628
621990878
621990878
310995439
310995439
74247527
74247527
148495054
148495054
536245940
536245940
536245940
536245940
610493467
610493467
536245940
536245940
74247527
74247527
148495054
148495054
296990108
296990108
148495054
148495054
536245940
536245940
610493467
610493467
148495054
148495054
148495054
148495054
74247527
74247527
74247527
74247527
978876466
978876466
489438233
489438233
978876466
978876466
978876466
978876466
901404918
901404918
901404918
901404918
804565483
804565483
804565483
804565483
777636078
777636078
777636078
777636078
168209764
168209764
168209764
168209764
735583637
735583637
210262205
210262205
472922921
472922921
472922921
472922921
16901705
16901705
16901705
16901705
169017050
169017050
169017050
169017050
526507611
526507611
581278480
581278480
817146851
817146851
636049349
636049349
826576024
826576024
826576024
826576024
315191824
315191824
315191824
315191824
12718428
12718428
12718428
12718428
25436856
25436856
25436856
25436856
677091786
677091786
677091786
677091786
677091786
677091786
677091786
677091786
754639655
754639655
754639655
754639655
58251164
58251164
684913290
684913290
278006610
278006610
92668870
92668870
92668870
92668870
92668870
92668870
783434091
783434091
353813567
353813567
783434091
783434091
783434091
783434091
536245940
536245940
536245940
536245940
296990108
296990108
296990108
296990108
104154506
104154506
700214404
700214404
104154506
104154506
700214404
700214404
89518204
89518204
44759102
44759102
155394651
155394651
155394651
155394651
669470317
669470317
555904890
555904890
669470317
669470317
555904890
555904890
679997232
679997232
679997232
679997232
679997232
679997232
679997232
679997232
228156966
228156966
76052322
76052322
988680186
988680186
494340093
494340093
363050278
363050278
363050278
363050278
622289670
622289670
622289670
622289670
479765569
479765569
479765569
479765569
739004961
739004961
739004961
739004961
813813192
813813192
444950870
444950870
521039418
521039418
260519709
260519709
260519709
260519709
521039418
521039418
629382031
629382031
889901740
889901740
46412982
46412982
15470994
15470994
30941988
30941988
30941988
30941988
696444840
696444840
394645327
394645327
464296560
464296560
464296560
464296560
75002404
75002404
75002404
75002404
808953343
808953343
808953343
808953343
35716202
35716202
35716202
35716202
35716202
35716202
35716202
35716202
801813343
801813343
600019232
600019232
325015818
325015818
325015818
325015818
812539545
812539545
812539545
812539545
951818151
951818151
858965747
858965747
891587557
891587557
784930761
784930761
891587557
891587557
784930761
784930761
678273965
678273965
891587557
891587557
678273965
678273965
891587557
891587557
338065593
338065593
112688531
112688531
338065593
338065593
338065593
338065593
621484318
621484318
621484318
621484318
112688531
112688531
338065593
338065593
917809132
917809132
917809132
917809132
917809132
917809132
458904566
458904566
533413097
533413097
843300601
843300601
74508531
74508531
223525593
223525593
765828725
765828725
920772477
920772477
995281008
995281008
989354318
989354318
378469345
378469345
378469345
378469345
756938690
756938690
917809132
917809132
319882391
319882391
319882391
319882391
918487312
918487312
638910555
638910555
918487312
918487312
758973230
758973230
959647173
959647173
319882391
319882391
312951029
312951029
655597691
655597691
387419488
387419488
461887947
461887947
785880822
785880822
785880822
785880822
713650070
713650070
713650070
713650070
492592923
492592923
492592923
492592923
328395282
328395282
328395282
328395282
260894224
260894224
782682672
782682672
782682672
782682672
260894224
260894224
89250233
89250233
267750699
267750699
543747293
543747293
632997526
632997526
770995823
770995823
770995823
770995823
405748996
405748996
405748996
405748996
459771758
459771758
381070921
381070921
643617365
643617365
932607742
932607742
381070921
381070921
689657637
689657637
843950995
843950995
843950995
843950995
303001046
303001046
766496584
766496584
980396110
980396110
659546821
659546821
161693800
161693800
161693800
161693800
428918294
428918294
428918294
428918294
553363162
553363162
276681581
276681581
553363162
553363162
517202505
517202505
25207350
25207350
25207350
25207350
25207350
25207350
12603675
12603675
10803150
10803150
10803150
10803150
8402450
8402450
8402450
8402450
668297052
668297052
668297052
668297052
685101952
685101952
342550976
342550976
169999833
169999833
169999833
169999833
675648403
675648403
675648403
675648403
874007675
874007675
625534319
625534319
381411892
381411892
459885415
459885415
895863834
895863834
691102796
691102796
691102796
691102796
895863834
895863834
532406133
532406133
532406133
532406133
215012807
215012807
737167171
737167171
845353851
845353851
845353851
845353851
921799102
921799102
768908600
768908600
736128060
736128060
474011767
474011767
736128060
736128060
474011767
474011767
375624312
375624312
128628583
128628583
10261437
10261437
10261437
10261437
269942107
269942107
539884214
539884214
845457640
845457640
539884214
539884214
643950119
643950119
643950119
643950119
289655885
289655885
289655885
289655885
625351237
625351237
811797795
811797795
541198530
541198530
625351237
625351237
364051413
364051413
121350471
121350471
364051413
364051413
681147883
681147883
728102826
728102826
728102826
728102826
485401884
485401884
457961299
457961299
138935742
138935742
138935742
138935742
370495312
370495312
185247656
185247656
821243799
821243799
273747933
273747933
185247656
185247656
370495312
370495312
467242691
467242691
467242691
467242691
403483720
403483720
201741860
201741860
567386488
567386488
521876947
521876947
567386488
567386488
521876947
521876947
860833405
860833405
860833405
860833405
929538879
929538879
792127931
792127931
378753265
378753265
378753265
378753265
690077210
690077210
690077210
690077210
172166681
172166681
172166681
172166681
619692586
619692586
619692586
619692586
929538879
929538879
929538879
929538879
929538879
929538879
963891616
963891616
496037065
496037065
498093806
498093806
747140709
747140709
496037065
496037065
117324858
117324858
117324858
117324858
234649716
234649716
469299432
469299432
596907995
596907995
864465567
864465567
864465567
864465567
864465567
864465567
864465567
864465567
864465567
864465567
463129209
463129209
463129209
463129209
425138461
425138461
425138461
425138461
425138461
425138461
425138461
425138461
284207467
284207467
427483940
427483940
782156904
782156904
566069455
566069455
104112519
104112519
551178436
551178436
551178436
551178436
104112519
104112519
241907128
241907128
413383827
413383827
312337557
312337557
655290955
655290955
657363534
657363534
657363534
657363534
876484712
876484712
876484712
876484712
322582241
322582241
645164482
645164482
109560589
109560589
109560589
109560589
495015296
495015296
495015296
495015296
742522944
742522944
742522944
742522944
973603070
973603070
973603070
973603070
981816831
981816831
948961787
948961787
69998049
69998049
69998049
69998049
836180826
836180826
674117299
674117299
924085869
924085869
924085869
924085869
256659513
256659513
256659513
256659513
876483424
876483424
632961566
632961566
725538925
725538925
180128069
180128069
422794606
422794606
270139465
270139465
422794606
422794606
270139465
270139465
608143987
608143987
535462780
535462780
535462780
535462780
535462780
535462780
696101614
696101614
696101614
696101614
742009682
742009682
742009682
742009682
527854123
527854123
508699492
508699492
837694178
837694178
837694178
837694178
275527216
275527216
275527216
275527216
424590523
424590523
275527216
275527216
830886050
830886050
830886050
830886050
328811141
328811141
663527747
663527747
328811141
328811141
328811141
328811141
902611037
902611037
902611037
902611037
274243409
274243409
274243409
274243409
822730227
822730227
910487290
910487290
783069392
783069392
352719470
352719470
391534696
391534696
391534696
391534696
953458221
953458221
953458221
953458221
953458221
953458221
953458221
953458221
546066550
546066550
546066550
546066550
908672089
908672089
908672089
908672089
88956975
88956975
88956975
88956975
543600664
543600664
632557639
632557639
199200853
199200853
199200853
199200853
398401706
398401706
398401706
398401706
65134447
65134447
65134447
65134447
727092741
727092741
455941129
455941129
65134447
65134447
65134447
65134447
130268894
130268894
130268894
130268894
843216044
843216044
843216044
843216044
894892147
894892147
688187735
688187735
107451805
107451805
322355415
322355415
322355415
322355415
107451805
107451805
478996703
478996703
478996703
478996703
219372878
219372878
738620528
738620528
588683142
588683142
588683142
588683142
317385499
317385499
952156497
952156497
976289291
976289291
990925999
990925999
707804285
707804285
707804285
707804285
990925999
990925999
983607645
983607645
849365142
849365142
849365142
849365142
817791265
817791265
456885089
456885089
817791265
817791265
817791265
817791265
134801295
134801295
404403885
404403885
404403885
404403885
134801295
134801295
823543634
823543634
940010780
940010780
881777207
881777207
881777207
881777207
488878060
488878060
495707471
495707471
746975912
746975912
746975912
746975912
697055036
697055036
697055036
697055036
697055036
697055036
697055036
697055036
172192693
172192693
172192693
172192693
585218523
585218523
172192693
172192693
676266024
676266024
225422008
225422008
128865687
128865687
42955229
42955229
682208050
682208050
560150801
560150801
901254826
901254826
804265299
804265299
834502289
834502289
507018161
507018161
670760225
670760225
670760225
670760225
302340581
302340581
302340581
302340581
302340581
302340581
766276429
766276429
2764814
2764814
2764814
2764814
8294442
8294442
4147221
4147221
626149132
626149132
626149132
626149132
874673415
874673415
627531539
627531539
953957359
953957359
953957359
953957359
562159916
562159916
688235395
688235395
821096377
821096377
821096377
821096377
821096377
821096377
821096377
821096377
767083672
767083672
304762310
304762310
767083672
767083672
304762310
304762310
839161724
839161724
839161724
839161724
209017184
209017184
209017184
209017184
890504946
890504946
675026132
675026132
890504946
890504946
890504946
890504946
583500443
583500443
583500443
583500443
721748413
721748413
721748413
721748413
767547980
767547980
536851607
536851607
383773990
383773990
153077617
153077617
824808474
824808474
824808474
824808474
176744673
176744673
176744673
176744673
123803436
123803436
123803436
123803436
165071248
165071248
165071248
165071248
236203547
236203547
236203547
236203547
971203717
971203717
656482690
656482690
403990725
403990725
403990725
403990725
106863911
106863911
701117539
701117539
654202025
654202025
310159697
310159697
310159697
310159697
310159697
310159697
382162238
382162238
148242361
148242361
573243357
573243357
191081119
191081119
933066245
933066245
933066245
933066245
607175705
607175705
607175705
607175705
357717495
357717495
74908132
74908132
790343122
790343122
790343122
790343122
466271957
466271957
466271957
466271957
865251254
865251254
865251254
865251254
885968237
885968237
960818981
960818981
904680923
904680923
811117493
811117493
861017989
861017989
586565261
586565261
571501339
571501339
571501339
571501339
54851958
54851958
27425979
27425979
23507982
23507982
23507982
23507982
671521907
671521907
671521907
671521907
500929878
500929878
504545281
504545281
765145867
765145867
765145867
765145867
182399652
182399652
364799304
364799304
267756596
267756596
754748434
754748434
827530465
827530465
912887409
912887409
767522938
767522938
588589097
588589097
357867682
357867682
357867682
357867682
409110886
409110886
469118413
469118413
409110886
409110886
409110886
409110886
798327985
798327985
798327985
798327985
848307077
848307077
848307077
848307077
585916844
585916844
292958422
292958422
585916844
585916844
585916844
585916844
960760034
960760034
960760034
960760034
823317531
823317531
823317531
823317531
806304404
806304404
806304404
806304404
460969114
460969114
460969114
460969114
746337261
746337261
746337261
746337261
242523077
242523077
620383715
620383715
620383715
620383715
872290807
872290807
245651082
245651082
245651082
245651082
781872467
781872467
349128695
349128695
565500581
565500581
132756809
132756809
589390603
589390603
589390603
589390603
132756809
132756809
565500581
565500581
324794855
324794855
974384565
974384565
974384565
974384565
324794855
324794855
714548681
714548681
714548681
714548681
667266069
667266069
336287785
336287785
583481446
583481446
752199985
752199985
902529836
902529836
711100802
711100802
209817722
209817722
209817722
209817722
232528217
232528217
232528217
232528217
869527139
869527139
869527139
869527139
148161985
148161985
148161985
148161985
663295074
663295074
991640869
991640869
854694662
854694662
854694662
854694662
592282259
592282259
862923655
862923655
37264033
37264033
37264033
37264033
690338924
690338924
690338924
690338924
839395056
839395056
839395056
839395056
189147826
189147826
395797393
395797393
189147826
189147826
395797393
395797393
929361164
929361164
929361164
929361164
395797393
395797393
395797393
395797393
690463128
690463128
690463128
690463128
936688108
936688108
813575618
813575618
666357222
666357222
666357222
666357222
666357222
666357222
666357222
666357222
825184294
825184294
412592147
412592147
825184294
825184294
825184294
825184294
873697665
873697665
624604289
624604289
624604289
624604289
873697665
873697665
951539345
951539345
858129329
858129329
624604289
624604289
624604289
624604289
624604289
624604289
624604289
624604289
624604289
624604289
811424321
811424321
84593722
84593722
253781166
253781166
169187444
169187444
169187444
169187444
818890289
818890289
460182161
460182161
460182161
460182161
460182161
460182161
903484011
903484011
713963327
713963327
507562332
507562332
524442643
524442643
30307693
30307693
30307693
30307693
90923079
90923079
30307693
30307693
537870025
537870025
512038126
512038126
51663798
51663798
51663798
51663798
960646468
960646468
480323234
480323234
960646468
960646468
480323234
480323234
258318990
258318990
129159495
129159495
51663798
51663798
154991394
154991394
335814687
335814687
667029520
667029520
77495697
77495697
25831899
25831899
524203268
524203268
840230658
840230658
840230658
840230658
840230658
840230658
311716137
311716137
311716137
311716137
497240390
497240390
497240390
497240390
926012455
926012455
781548659
781548659
781548659
781548659
781548659
781548659
478797328
478797328
492347227
492347227
478797328
478797328
478797328
478797328
411310381
411310381
469851578
469851578
939703156
939703156
881161959
881161959
66144222
66144222
66144222
66144222
660681219
660681219
660681219
660681219
107169399
107169399
552706876
552706876
545759990
545759990
639035617
639035617
552706876
552706876
552706876
552706876
552706876
552706876
107169399
107169399
71759673
71759673
23919891
23919891
47839782
47839782
47839782
47839782
535002013
535002013
535002013
535002013
511082122
511082122
535002013
535002013
272319075
272319075
272319075
272319075
163391445
163391445
163391445
163391445
943909999
943909999
835241291
835241291
576688126
576688126
524977493
524977493
529098959
529098959
529098959
529098959
517108246
517108246
505117533
505117533
935051196
935051196
935051196
935051196
935051196
935051196
935051196
935051196
425849733
425849733
141949911
141949911
283899822
283899822
283899822
283899822
91771662
91771662
91771662
91771662
608123778
608123778
608123778
608123778
769665419
769665419
922051375
922051375
845858397
845858397
845858397
845858397
89369448
89369448
29789816
29789816
59579632
59579632
59579632
59579632
227095071
227095071
681285213
681285213
781596628
781596628
781596628
781596628
880637311
880637311
626293888
626293888
880637311
880637311
626293888
626293888
204804985
204804985
204804985
204804985
802032892
802032892
802032892
802032892
213398509
213398509
605821431
605821431
401016446
401016446
204804985
204804985
630834884
630834884
875774530
875774530
893194059
893194059
683093471
683093471
599659508
599659508
201074663
201074663
171331288
171331288
171331288
171331288
887519148
887519148
295839716
295839716
825814311
825814311
825814311
825814311
12180244
12180244
336808199
336808199
894095116
894095116
685796642
685796642
328148231
328148231
663196292
663196292
996272973
996272973
996272973
996272973
316319951
316319951
316319951
316319951
770936219
770936219
770936219
770936219
2953825
2953825
8861475
8861475
5907650
5907650
5907650
5907650
674841994
674841994
674841994
674841994
730916546
730916546
909135084
909135084
544720007
544720007
544720007
544720007
661270440
661270440
661270440
661270440
482748499
482748499
493664284
493664284
482748499
482748499
482748499
482748499
499851630
499851630
499851630
499851630
874010899
874010899
749777445
749777445
729766817
729766817
729766817
729766817
595528049
595528049
864005585
864005585
528656677
528656677
508967010
508967010
508967010
508967010
508967010
508967010
601655546
601655546
601655546
601655546
601655546
601655546
866048084
866048084
157010798
157010798
471032394
471032394
471032394
471032394
471032394
471032394
953318950
953318950
953318950
953318950
953318950
953318950
908393547
908393547
55350718
55350718
55350718
55350718
55350718
55350718
55350718
55350718
297140353
297140353
297140353
297140353
297140353
297140353
297140353
297140353
632632568
632632568
899653351
899653351
899653351
899653351
899653351
899653351
854275970
854275970
854275970
854275970
283169602
283169602
427137985
427137985
821058364
821058364
821058364
821058364
821058364
821058364
821058364
821058364
228552945
228552945
228552945
228552945
228552945
228552945
685658835
685658835
991342860
991342860
991342860
991342860
247835715
247835715
743507145
743507145
98096685
98096685
98096685
98096685
65397790
65397790
65397790
65397790
378631295
378631295
378631295
378631295
151452518
151452518
151452518
151452518
151452518
151452518
454357554
454357554
757262590
757262590
757262590
757262590
38216949
38216949
12738983
12738983
25477966
25477966
76433898
76433898
12738983
12738983
12738983
12738983
530969634
530969634
530969634
530969634
708867412
708867412
708867412
708867412
65056765
65056765
65056765
65056765
121136809
121136809
363410427
363410427
867390917
867390917
605684045
605684045
198166690
198166690
396333380
396333380
396333380
396333380
396333380
396333380
297250035
297250035
99083345
99083345
647747194
647747194
548663849
548663849
535989370
535989370
511411241
511411241
535989370
535989370
535989370
535989370
694873495
694873495
694873495
694873495
176263558
176263558
391502637
391502637
491972727
491972727
745108540
745108540
491972727
491972727
491972727
491972727
491972727
491972727
745108540
745108540
491972727
491972727
491972727
491972727
263422118
263422118
263422118
263422118
395133177
395133177
395133177
395133177
225718898
225718898
225718898
225718898
483227383
483227383
483227383
483227383
49086121
49086121
49086121
49086121
657849957
657849957
657849957
657849957
642310016
642310016
928685695
928685695
727408615
727408615
727408615
727408615
173342102
173342102
520026306
520026306
173342102
173342102
520026306
520026306
237581757
237581757
79193919
79193919
617913055
617913055
237581757
237581757
756526227
756526227
756526227
756526227
868088439
868088439
607776611
607776611
206851586
206851586
206851586
206851586
385815298
385815298
461353217
461353217
483425536
483425536
483425536
483425536
483425536
483425536
483425536
483425536
886682141
886682141
886682141
886682141
880866586
880866586
880866586
880866586
863722147
863722147
863722147
863722147
863722147
863722147
930983250
930983250
532590563
532590563
843026423
843026423
976899969
976899969
976899969
976899969
800777904
800777904
800777904
800777904
684822188
684822188
684822188
684822188
911367507
911367507
737613815
737613815
737613815
737613815
911367507
911367507
291743066
291743066
291743066
291743066
583486132
583486132
291743066
291743066
863801009
863801009
931022681
931022681
717929476
717929476
572057943
572057943
291743066
291743066
583486132
583486132
107459149
107459149
107459149
107459149
717929476
717929476
717929476
717929476
583486132
583486132
291743066
291743066
429836596
429836596
429836596
429836596
291265435
291265435
644754894
644754894
107459149
107459149
322377447
322377447
322377447
322377447
660310900
660310900
606342510
606342510
303171255
303171255
303171255
303171255
606342510
606342510
606342510
606342510
606342510
606342510
650707804
650707804
650707804
650707804
177559719
177559719
177559719
177559719
177559719
177559719
587902036
587902036
177559719
177559719
59186573
59186573
177559719
177559719
177559719
177559719
670389876
670389876
670389876
670389876
7340461
7340461
502792407
502792407
670389876
670389876
670389876
670389876
7340461
7340461
335194938
335194938
497420619
497420619
494017504
494017504
496059373
496059373
498101242
498101242
995521861
995521861
995521861
995521861
991438123
991438123
991438123
991438123
596188721
596188721
864225809
864225809
864225809
864225809
864225809
864225809
112536817
112536817
337610451
337610451
780464219
780464219
562684085
562684085
846365694
846365694
542608376
542608376
542608376
542608376
542608376
542608376
271304188
271304188
271304188
271304188
965791223
965791223
900884963
900884963
472389035
472389035
944778070
944778070
944778070
944778070
944778070
944778070
418922752
418922752
418922752
418922752
837845504
837845504
837845504
837845504
879417131
879417131
879417131
879417131
285281021
285281021
285281021
285281021
641762687
641762687
641762687
641762687
463521854
463521854
927043708
927043708
917733795
917733795
756712679
756712679
837223237
837223237
837223237
837223237
957989074
957989074
957989074
957989074
917733795
917733795
756712679
756712679
335425879
335425879
8033284
8033284
670851758
670851758
670851758
670851758
10041605
10041605
504142979
504142979
10041605
10041605
10041605
10041605
1434515
1434515
1434515
1434515
4016642
4016642
4016642
4016642
670851758
670851758
670851758
670851758
335425879
335425879
8033284
8033284
416476192
416476192
416476192
416476192
306281546
306281546
306281546
306281546
536935815
536935815
536935815
536935815
536935815
536935815
536935815
536935815
777855061
777855061
592033138
592033138
371643846
371643846
371643846
371643846
592033138
592033138
592033138
592033138
371643846
371643846
185821923
185821923
48786446
48786446
681758384
681758384
365272415
365272415
365272415
365272415
511318788
511318788
170439596
170439596
255659394
255659394
511318788
511318788
114098463
114098463
556171408
556171408
278085704
278085704
834257112
834257112
613323730
613323730
613323730
613323730
245329492
245329492
245329492
245329492
900404246
900404246
900404246
900404246
559810569
559810569
559810569
559810569
559112362
559112362
559112362
559112362
559112362
559112362
559112362
559112362
371810632
371810632
371810632
371810632
743621264
743621264
371810632
371810632
996847939
996847939
996847939
996847939
996149732
996149732
996149732
996149732
245651582
245651582
747380096
747380096
742167421
742167421
742167421
742167421
186449441
186449441
727646049
727646049
274228647
274228647
274228647
274228647
838934221
838934221
838934221
838934221
612392858
612392858
612392858
612392858
967551386
967551386
967551386
967551386
875472485
875472485
875472485
875472485
803458305
803458305
803458305
803458305
900851329
900851329
706065281
706065281
826443285
826443285
482841149
482841149
826443285
826443285
482841149
482841149
807543
807543
807543
807543
807543
807543
2422629
2422629
714492949
714492949
714492949
714492949
714492949
714492949
714492949
714492949
697436413
697436413
697436413
697436413
697436413
697436413
697436413
697436413
376549326
376549326
125516442
125516442
633469393
633469393
543904582
543904582
18570622
18570622
18570622
18570622
338938325
338938325
18570622
18570622
431791435
431791435
431791435
431791435
863582870
863582870
728921387
728921387
859290913
859290913
859290913
859290913
581384033
581384033
581384033
581384033
789814193
789814193
581384033
581384033
676983594
676983594
676983594
676983594
807045231
807045231
424646987
424646987
6681531
6681531
6681531
6681531
753694413
753694413
509144473
509144473
509144473
509144473
509144473
509144473
665040926
665040926
665040926
665040926
665040926
665040926
887176544
887176544
443588272
443588272
887176544
887176544
887176544
887176544
887176544
887176544
961051009
961051009
961051009
961051009
387968997
387968997
387968997
387968997
165491897
165491897
581868125
581868125
720660201
720660201
720660201
720660201
648436675
648436675
648436675
648436675
546079313
546079313
772161833
772161833
847522673
847522673
546079313
546079313
817378337
817378337
817378337
817378337
507764496
507764496
507764496
507764496
507764496
507764496
507764496
507764496
990482013
990482013
990482013
990482013
986600843
986600843
994363183
994363183
270810207
270810207
270810207
270810207
541620414
541620414
541620414
541620414
911733231
911733231
738710987
738710987
911733231
911733231
738710987
738710987
577362894
577362894
733844329
733844329
733844329
733844329
577362894
577362894
403625059
403625059
403625059
403625059
53157706
53157706
350467353
350467353
775739382
775739382
775739382
775739382
775739382
775739382
387869691
387869691
387869691
387869691
775739382
775739382
775739382
775739382
258579794
258579794
775739382
775739382
258579794
258579794
66145888
66145888
354796747
354796747
97691573
97691573
698060093
698060093
738084661
738084661
738084661
738084661
383300396
383300396
793263034
793263034
383300396
383300396
793263034
793263034
322080615
322080615
966241845
966241845
966241845
966241845
322080615
322080615
848472684
848472684
548929346
548929346
124693004
124693004
249386008
249386008
424236342
424236342
424236342
424236342
62346502
62346502
62346502
62346502
30442427
30442427
30442427
30442427
812128598
812128598
439897088
439897088
328227635
328227635
774905447
774905447
774905447
774905447
328227635
328227635
313854012
313854012
313854012
313854012
941562036
941562036
941562036
941562036
917017327
917017327
917017327
917017327
957630840
957630840
957630840
957630840
259556414
259556414
752015040
752015040
510228094
510228094
510228094
510228094
756457407
756457407
756457407
756457407
303980084
303980084
303980084
303980084
944393341
944393341
944393341
944393341
782840305
782840305
890542329
890542329
859445760
859445760
581848574
581848574
859445760
859445760
859445760
859445760
156809958
156809958
156809958
156809958
470429874
470429874
235214937
235214937
504377270
504377270
504377270
504377270
521350968
521350968
173783656
173783656
122346515
122346515
122346515
122346515
836953372
836953372
836953372
836953372
881410955
881410955
959299887
959299887
920355421
920355421
920355421
920355421
513212082
513212082
513212082
513212082
39850101
39850101
39850101
39850101
302291287
302291287
906873861
906873861
906873861
906873861
302291287
302291287
940811023
940811023
940811023
940811023
986757687
986757687
963784355
963784355
248125255
248125255
248125255
248125255
738632432
738632432
738632432
738632432
313750567
313750567
437331640
437331640
154860616
154860616
154860616
154860616
710663915
710663915
710663915
710663915
846166954
846166954
694089555
694089555
336835827
336835827
667540090
667540090
336835827
336835827
336835827
336835827
36789384
36789384
12263128
12263128
685934782
685934782
685934782
685934782
742503439
742503439
742503439
742503439
486762525
486762525
973525050
973525050
486762525
486762525
486762525
486762525
486762525
486762525
973525050
973525050
597573313
597573313
794475586
794475586
196902273
196902273
590706819
590706819
615206358
615206358
847374721
847374721
141970698
141970698
425912094
425912094
988274258
988274258
968334068
968334068
988274258
988274258
988274258
988274258
799234049
799234049
799234049
799234049
202203137
202203137
600223745
600223745
865570817
865570817
732897281
732897281
732897281
732897281
865570817
865570817
758303158
758303158
278420768
278420768
249746467
249746467
249746467
249746467
406833638
406833638
406833638
406833638
629090199
629090199
629090199
629090199
45707295
45707295
45707295
45707295
685609425
685609425
685609425
685609425
28668607
28668607
513456480
513456480
410765184
410765184
410765184
410765184
855360564
855360564
855360564
855360564
264661976
264661976
264661976
264661976
723035953
723035953
723035953
723035953
863095765
863095765
863095765
863095765
595381478
595381478
595381478
595381478
326806228
326806228
326806228
326806228
558869177
558869177
778556765
778556765
851785961
851785961
558869177
558869177
746817426
746817426
248939142
248939142
497878284
497878284
497878284
497878284
62799802
62799802
62799802
62799802
125599604
125599604
251199208
251199208
728979864
728979864
242993288
242993288
971973152
971973152
971973152
971973152
588047842
588047842
765899173
765899173
884466727
884466727
656911475
656911475
118567554
118567554
118567554
118567554
118567554
118567554
118567554
118567554
251199208
251199208
125599604
125599604
31399901
31399901
31399901
31399901
251199208
251199208
416481187
416481187
251199208
251199208
416481187
416481187
891523618
891523618
891523618
891523618
848835324
848835324
550017266
550017266
630814985
630814985
894200602
894200602
630814985
630814985
630814985
630814985
791440491
791440491
377832767
377832767
869684804
869684804
869684804
869684804
228038540
228038540
684115620
684115620
228038540
228038540
228038540
228038540
414334315
414334315
470859556
470859556
131708110
131708110
376650821
376650821
885193871
885193871
885193871
885193871
828668630
828668630
941719112
941719112
113979608
113979608
113979608
113979608
85484706
85484706
28494902
28494902
945194518
945194518
945194518
945194518
977024419
977024419
977024419
977024419
70934770
70934770
70934770
70934770
783720852
783720852
783720852
783720852
61638126
61638126
61638126
61638126
246552504
246552504
123276252
123276252
936187785
936187785
312062595
312062595
936187785
936187785
312062595
312062595
920673643
920673643
920673643
920673643
639639332
639639332
920673643
920673643
486255041
486255041
486255041
486255041
486255041
486255041
827581249
827581249
612778237
612778237
612778237
612778237
903351956
903351956
966613554
966613554
220647768
220647768
441295536
441295536
408989540
408989540
801826082
801826082
699578697
699578697
699578697
699578697
904073467
904073467
904073467
904073467
735743090
735743090
735743090
735743090
771482812
771482812
771482812
771482812
614351831
614351831
230459309
230459309
614351831
614351831
614351831
614351831
889130344
889130344
889130344
889130344
335451163
335451163
335451163
335451163
913457752
913457752
913457752
913457752
913457752
913457752
637234035
637234035
233064844
233064844
233064844
233064844
876566087
876566087
633209555
633209555
876566087
876566087
633209555
633209555
876566087
876566087
876566087
876566087
742911088
742911088
742911088
742911088
696733674
696733674
232244558
232244558
162978437
162978437
162978437
162978437
162978437
162978437
162978437
162978437
875737316
875737316
875737316
875737316
875737316
875737316
753230279
753230279
859712111
859712111
859712111
859712111
589711129
589711129
589711129
589711129
611746957
611746957
611746957
611746957
611746957
611746957
836996518
836996518
738936865
738936865
738936865
738936865
738936865
738936865
220321889
220321889
74670614
74670614
149341228
149341228
74670614
74670614
149341228
149341228
442294070
442294070
442294070
442294070
609695694
609695694
830842729
830842729
212891744
212891744
106445872
106445872
212891744
212891744
106445872
106445872
212891744
212891744
212891744
212891744
106445872
106445872
106445872
106445872
259427235
259427235
778281705
778281705
259427235
259427235
259427235
259427235
628835794
628835794
628835794
628835794
408873146
408873146
801787284
801787284
114680639
114680639
114680639
114680639
523882516
523882516
523882516
523882516
394740225
394740225
394740225
394740225
526320300
526320300
526320300
526320300
865569175
865569175
865569175
865569175
399615793
399615793
465953382
465953382
960830068
960830068
886001498
886001498
8490981
8490981
8490981
8490981
890516597
890516597
890516597
890516597
567333329
567333329
567333329
567333329
567333329
567333329
567333329
567333329
567333329
567333329
567333329
567333329
988618076
988618076
494309038
494309038
598304860
598304860
598304860
598304860
747881075
747881075
247154519
247154519
448728645
448728645
347941582
347941582
596771349
596771349
596771349
596771349
596771349
596771349
792069694
792069694
859586101
859586101
859586101
859586101
859586101
859586101
928915227
928915227
127781938
127781938
63890969
63890969
531067661
531067661
531067661
531067661
930727946
930727946
795695132
795695132
728178725
728178725
728178725
728178725
405366826
405366826
405366826
405366826
43571225
43571225
43571225
43571225
395900655
395900655
189457612
189457612
189457612
189457612
395900655
395900655
363384291
363384291
363384291
363384291
680814322
680814322
680814322
680814322
726768582
726768582
726768582
726768582
680814322
680814322
680814322
680814322
152072393
152072393
152072393
152072393
608289572
608289572
304144786
304144786
608289572
608289572
304144786
304144786
304144786
304144786
304144786
304144786
180600139
180600139
180600139
180600139
180600139
180600139
541800417
541800417
738274499
738274499
738274499
738274499
608289572
608289572
608289572
608289572
434129713
434129713
434129713
434129713
434129713
434129713
868259426
868259426
857215693
857215693
575158373
575158373
434129713
434129713
868259426
868259426
471869896
471869896
471869896
471869896
923048002
923048002
923048002
923048002
772655300
772655300
923048002
923048002
20691790
20691790
20691790
20691790
594304423
594304423
784668916
784668916
317274155
317274155
317274155
317274155
126909662
126909662
380728986
380728986
507638648
507638648
17032943
17032943
646928826
646928826
646928826
646928826
646928826
646928826
646928826
646928826
323464413
323464413
323464413
323464413
984318796
984318796
660854383
660854383
481801409
481801409
481801409
481801409
481801409
481801409
826096705
826096705
991316046
991316046
991316046
991316046
481801409
481801409
740022881
740022881
887391441
887391441
295797147
295797147
591594294
591594294
591594294
591594294
928961283
928961283
859678213
859678213
859678213
859678213
928961283
928961283
202963412
202963412
202963412
202963412
202963412
202963412
405926824
405926824
468057059
468057059
468057059
468057059
405926824
405926824
405926824
405926824
197557551
197557551
197557551
197557551
65852517
65852517
65852517
65852517
298950476
298950476
298950476
298950476
496508027
496508027
496508027
496508027
143808364
143808364
431425092
431425092
287616728
287616728
287616728
287616728
405926824
405926824
405926824
405926824
101481706
101481706
101481706
101481706
405926824
405926824
202963412
202963412
50740853
50740853
50740853
50740853
304445118
304445118
101481706
101481706
101481706
101481706
101481706
101481706
583520286
583520286
583520286
583520286
451389903
451389903
150463301
150463301
574353827
574353827
574353827
574353827
9166459
9166459
9166459
9166459
331250281
331250281
664747317
664747317
443164878
443164878
331250281
331250281
436424613
436424613
436424613
436424613
436424613
436424613
872849226
872849226
643710272
643710272
643710272
643710272
643710272
643710272
643710272
643710272
932787332
932787332
867330311
867330311
867330311
867330311
867330311
867330311
106707796
106707796
106707796
106707796
106707796
106707796
106707796
106707796
693600674
693600674
693600674
693600674
80030847
80030847
240092541
240092541
570156314
570156314
570156314
570156314
610881765
610881765
610881765
610881765
792733884
792733884
792733884
792733884
792733884
792733884
792733884
792733884
167416618
167416618
167416618
167416618
777107314
777107314
777107314
777107314
723386893
723386893
723386893
723386893
502249854
502249854
502249854
502249854
851444408
851444408
851444408
851444408
396366942
396366942
792733884
792733884
283822681
283822681
641033517
641033517
753577778
753577778
753577778
753577778
396366942
396366942
396366942
396366942
594550413
594550413
198183471
198183471
198183471
198183471
198183471
198183471
396366942
396366942
792733884
792733884
364696745
364696745
364696745
364696745
575879281
575879281
575879281
575879281
349701343
349701343
349701343
349701343
673972848
673972848
25429838
25429838
988576642
988576642
978908931
978908931
242310305
242310305
746266337
746266337
219823861
219823861
219823861
219823861
50437476
50437476
16812492
16812492
846408924
846408924
846408924
846408924
239067208
239067208
717201624
717201624
938183141
938183141
938183141
938183141
788030111
788030111
577815869
577815869
863401036
863401036
593714402
593714402
863401036
863401036
863401036
863401036
884641176
884641176
884641176
884641176
879804328
879804328
879804328
879804328
358553684
358553684
358553684
358553684
785014130
785014130
358553684
358553684
448192105
448192105
482145486
482145486
179276842
179276842
179276842
179276842
3039362
3039362
666509356
666509356
678666804
678666804
678666804
678666804
755141909
755141909
755141909
755141909
51669154
51669154
25834577
25834577
946750763
946750763
981079823
981079823
135250109
135250109
135250109
135250109
165446907
165446907
165446907
165446907
581845630
581845630
165446907
165446907
667067185
667067185
4712849
4712849
779030524
779030524
779030524
779030524
471708334
471708334
471708334
471708334
888588983
888588983
888588983
888588983
838409801
838409801
838409801
838409801
650136450
650136450
650136450
650136450
678575249
678575249
678575249
678575249
838409801
838409801
838409801
838409801
538899701
538899701
538899701
538899701
309227375
309227375
309227375
309227375
163433966
163433966
490301898
490301898
163433966
163433966
490301898
490301898
400867707
400867707
699556030
699556030
674011184
674011184
25544846
25544846
559644824
559644824
559644824
559644824
133622569
133622569
400867707
400867707
70197144
70197144
210591432
210591432
350985720
350985720
116995240
116995240
421182864
421182864
140394288
140394288
233990480
233990480
233990480
233990480
422535918
422535918
845071836
845071836
845071836
845071836
845071836
845071836
151189039
151189039
453567117
453567117
967213154
967213154
967213154
967213154
747964565
747964565
247404989
247404989
747964565
747964565
247404989
247404989
637748458
637748458
277252563
277252563
318874229
318874229
956622687
956622687
778255463
778255463
924914723
924914723
851585093
851585093
851585093
851585093
94184204
94184204
282552612
282552612
188368408
188368408
565105224
565105224
785912079
785912079
785912079
785912079
671196118
671196118
556480157
556480157
889613813
889613813
962034173
962034173
889613813
889613813
889613813
889613813
259181312
259181312
751890006
751890006
259181312
259181312
751890006
751890006
78205268
78205268
78205268
78205268
691564658
691564658
78205268
78205268
695063013
695063013
695063013
695063013
543472343
543472343
846653683
846653683
36304051
36304051
36304051
36304051
834915140
834915140
834915140
834915140
229562849
229562849
229562849
229562849
721727332
721727332
721727332
721727332
666221850
666221850
2176844
2176844
334199347
334199347
668398694
668398694
730667292
730667292
195513170
195513170
39102634
39102634
117307902
117307902
712787372
712787372
141873410
141873410
427330391
427330391
427330391
427330391
11384919
11384919
11384919
11384919
11384919
11384919
11384919
11384919
45539676
45539676
45539676
45539676
45539676
45539676
45539676
45539676
22769838
22769838
68309514
68309514
45539676
45539676
91079352
91079352
11384919
11384919
34154757
34154757
11384919
11384919
34154757
34154757
427360464
427360464
427360464
427360464
427360464
427360464
427360464
427360464
197722984
197722984
398655779
398655779
995034542
995034542
995034542
995034542
22769838
22769838
22769838
22769838
22769838
22769838
68309514
68309514
34154757
34154757
34154757
34154757
22769838
22769838
22769838
22769838
821645105
821645105
939377937
939377937
956196913
956196913
956196913
956196913
577174629
577174629
192391543
192391543
514732667
514732667
545953648
545953648
754369201
754369201
876306777
876306777
754369201
754369201
584204518
584204518
81908931
81908931
81908931
81908931
245726793
245726793
245726793
245726793
937275565
937275565
937275565
937275565
754369201
754369201
876306777
876306777
300035922
300035922
100011974
100011974
606755249
606755249
867747985
867747985
728624881
728624881
728624881
728624881
863434617
863434617
863434617
863434617
491098823
491098823
491098823
491098823
728624881
728624881
728624881
728624881
734254687
734254687
206275355
206275355
734254687
734254687
206275355
206275355
853153667
853153667
949880791
949880791
853153667
853153667
949880791
949880791
645647892
645647892
645647892
645647892
645647892
645647892
645647892
645647892
554090409
554090409
554090409
554090409
886103846
886103846
886103846
886103846
903374260
903374260
713634074
713634074
174631296
174631296
174631296
174631296
961306551
961306551
961306551
961306551
283497715
283497715
566995430
566995430
968026573
968026573
655423642
655423642
312602931
312602931
625205862
625205862
465683456
465683456
465683456
465683456
385922253
385922253
385922253
385922253
268249625
268249625
268249625
268249625
268249625
268249625
268249625
268249625
694079883
694079883
694079883
694079883
694079883
694079883
694079883
694079883
694079883
694079883
694079883
694079883
779830826
779830826
389915413
389915413
53649925
53649925
160949775
160949775
565231126
565231126
565231126
565231126
171563281
171563281
343126562
343126562
561499159
561499159
561499159
561499159
192492615
192492615
192492615
192492615
482464596
482464596
482464596
482464596
18390068
18390068
55170204
55170204
18390068
18390068
55170204
55170204
226716873
226716873
226716873
226716873
226716873
226716873
226716873
226716873
961293276
961293276
961293276
961293276
961293276
961293276
961293276
961293276
924342199
924342199
961293276
961293276
480646638
480646638
443695561
443695561
781568148
781568148
781568148
781568148
620170450
620170450
620170450
620170450
552181772
552181772
849556826
849556826
620170450
620170450
620170450
620170450
48944911
48944911
48944911
48944911
178781164
178781164
178781164
178781164
556734017
556734017
556734017
556734017
360962024
360962024
360962024
360962024
477200586
477200586
477200586
477200586
397667155
397667155
194757112
194757112
902405060
902405060
902405060
902405060
902405060
902405060
451202530
451202530
756727432
756727432
756727432
756727432
250710255
250710255
250710255
250710255
954936451
954936451
868320647
868320647
868320647
868320647
954936451
954936451
725105009
725105009
725105009
725105009
861674681
861674681
588535337
588535337
588535337
588535337
588535337
588535337
369289149
369289149
369289149
369289149
718021500
718021500
718021500
718021500
595374441
595374441
595374441
595374441
696460087
696460087
696460087
696460087
272783977
272783977
272783977
272783977
43852869
43852869
43852869
43852869
521048611
521048611
521048611
521048611
443244593
443244593
443244593
443244593
665244497
665244497
665244497
665244497
242209939
242209939
413484764
413484764
803324490
803324490
803324490
803324490
501442376
501442376
506082775
506082775
529284770
529284770
264642385
264642385
496513338
496513338
496513338
496513338
643667636
643667636
880052114
880052114
987808999
987808999
987808999
987808999
304743950
304743950
914231850
914231850
354875103
354875103
709750206
709750206
354875103
354875103
709750206
709750206
354875103
354875103
354875103
354875103
709750206
709750206
354875103
354875103
763890803
763890803
763890803
763890803
607655103
607655103
607655103
607655103
685772953
685772953
60830153
60830153
685772953
685772953
60830153
60830153
399795260
399795260
399795260
399795260
719631468
719631468
239877156
239877156
769468817
769468817
311917745
311917745
311917745
311917745
769468817
769468817
854694926
854694926
567596072
567596072
758995308
758995308
280497218
280497218
930589636
930589636
465294818
465294818
232647409
232647409
232647409
232647409
564742498
564742498
695983141
695983141
695983141
695983141
695983141
695983141
51680791
51680791
51680791
51680791
576643363
576643363
787443858
787443858
485182646
485182646
827223784
827223784
695983141
695983141
91460717
91460717
91460717
91460717
695983141
695983141
393721929
393721929
393721929
393721929
94576560
94576560
283729680
283729680
283729680
283729680
94576560
94576560
53919877
53919877
53919877
53919877
762163234
762163234
762163234
762163234
132214373
132214373
132214373
132214373
949748525
949748525
949748525
949748525
80582887
80582887
80582887
80582887
520774854
520774854
520774854
520774854
820304740
820304740
606183031
606183031
606183031
606183031
820304740
820304740
403368227
403368227
799952311
799952311
601660269
601660269
601660269
601660269
837872622
837872622
677500891
677500891
470649227
470649227
470649227
470649227
677500891
677500891
837872622
837872622
708590332
708590332
708590332
708590332
133524790
133524790
133524790
133524790
23317989
23317989
510781171
510781171
23317989
23317989
23317989
23317989
716362822
716362822
716362822
716362822
935109767
935109767
935109767
935109767
903542474
903542474
966677060
966677060
871975181
871975181
871975181
871975181
903542474
903542474
966677060
966677060
826873365
826873365
275624455
275624455
551248910
551248910
104253467
104253467
104253467
104253467
104253467
104253467
220499564
220499564
661498692
661498692
53290924
53290924
159872772
159872772
231623425
231623425
694870275
694870275
926493700
926493700
926493700
926493700
391496197
391496197
782992394
782992394
447281205
447281205
447281205
447281205
687198524
687198524
894562410
894562410
447281205
447281205
447281205
447281205
790880467
790880467
790880467
790880467
509373578
509373578
835287428
835287428
509373578
509373578
509373578
509373578
82011212
82011212
692833306
692833306
387422259
387422259
164022424
164022424
502067328
502067328
502067328
502067328
502067328
502067328
502067328
502067328
396873725
396873725
797787477
797787477
883120420
883120420
883120420
883120420
724303035
724303035
724303035
724303035
587332376
587332376
587332376
587332376
430636847
430636847
293666188
293666188
607057246
607057246
607057246
607057246
238621596
238621596
79540532
79540532
79540532
79540532
238621596
238621596
505085937
505085937
517013458
517013458
517013458
517013458
505085937
505085937
166562948
166562948
166562948
166562948
83281474
83281474
83281474
83281474
216486499
216486499
216486499
216486499
216486499
216486499
216486499
216486499
670789290
670789290
223596430
223596430
666252386
666252386
666252386
666252386
668520838
668520838
668520838
668520838
889848816
889848816
889848816
889848816
859801424
859801424
859801424
859801424
721358495
721358495
721358495
721358495
385511736
385511736
385511736
385511736
128503912
128503912
385511736
385511736
648413017
648413017
823328685
823328685
823328685
823328685
648413017
648413017
477257718
477257718
477257718
477257718
715886577
715886577
715886577
715886577
168039415
168039415
168039415
168039415
919220714
919220714
919220714
919220714
550963046
550963046
550963046
550963046
826444569
826444569
275481523
275481523
676347667
676347667
354450981
354450981
621061199
621061199
621061199
621061199
676347667
676347667
354450981
354450981
354450981
354450981
118150327
118150327
797892719
797892719
931460475
931460475
626162747
626162747
626162747
626162747
807433273
807433273
425811113
425811113
769271057
769271057
769271057
769271057
980754951
980754951
945776147
945776147
990748895
990748895
990748895
990748895
996995110
996995110
996995110
996995110
996995110
996995110
996995110
996995110
813986193
813986193
271328731
271328731
87070571
87070571
542657462
542657462
225264191
225264191
225264191
225264191
294361001
294361001
294361001
294361001
808028507
808028507
808028507
808028507
186468117
186468117
62156039
62156039
130252182
130252182
43417394
43417394
65126091
65126091
130252182
130252182
845836707
845836707
845836707
845836707
461020265
461020265
461020265
461020265
370437748
370437748
113068891
113068891
113068891
113068891
113068891
113068891
478151811
478151811
478151811
478151811
352329618
352329618
117443206
117443206
595595017
595595017
595595017
595595017
956303622
956303622
956303622
956303622
992855926
992855926
992855926
992855926
652923239
652923239
652923239
652923239
982079072
982079072
982079072
982079072
307602125
307602125
307602125
307602125
178978613
178978613
178978613
178978613
506684909
506684909
834391205
834391205
685663522
685663522
685663522
685663522
15125465
15125465
15125465
15125465
13748713
13748713
13748713
13748713
27497426
27497426
27497426
27497426
447274930
447274930
343580437
343580437
447274930
447274930
447274930
447274930
269351924
269351924
269351924
269351924
134675962
134675962
269351924
269351924
79163343
79163343
79163343
79163343
538703848
538703848
538703848
538703848
441517096
441517096
479920483
479920483
415914838
415914838
249500161
249500161
938119020
938119020
938119020
938119020
625412680
625412680
625412680
625412680
805253370
805253370
268417790
268417790
805253370
805253370
268417790
268417790
748420479
748420479
249473493
249473493
997543591
997543591
997543591
997543591
95148421
95148421
95148421
95148421
95148421
95148421
95148421
95148421
233876252
233876252
233876252
233876252
743454986
743454986
233876252
233876252
83252715
83252715
27750905
27750905
83252715
83252715
83252715
83252715
540748534
540748534
83252715
83252715
35679735
35679735
35679735
35679735
911753001
911753001
911753001
911753001
911753001
911753001
911753001
911753001
461282210
461282210
461282210
461282210
482905048
482905048
482905048
482905048
908535392
908535392
729117470
729117470
729117470
729117470
908535392
908535392
274849774
274849774
424364709
424364709
848729418
848729418
848729418
848729418
741459394
741459394
741459394
741459394
57035338
57035338
171106014
171106014
741459394
741459394
741459394
741459394
741459394
741459394
741459394
741459394
496732487
496732487
496732487
496732487
747488420
747488420
245976554
245976554
496732487
496732487
496732487
496732487
245976554
245976554
122988277
122988277
246902187
246902187
246902187
246902187
246902187
246902187
246902187
246902187
287735959
287735959
863207877
863207877
581359587
581359587
745834408
745834408
577396512
577396512
577396512
577396512
630256346
630256346
630256346
630256346
192465504
192465504
192465504
192465504
577396512
577396512
577396512
577396512
863396698
863396698
431698349
431698349
863396698
863396698
620547017
620547017
524536678
524536678
524536678
524536678
118601007
118601007
118601007
118601007
194189109
194189109
64729703
64729703
194189109
194189109
596216731
596216731
687072803
687072803
687072803
687072803
816532209
816532209
907388281
907388281
722462422
722462422
170898560
170898560
341797120
341797120
446680491
446680491
596216731
596216731
194189109
194189109
596216731
596216731
194189109
194189109
174402457
174402457
174402457
174402457
792283879
792283879
380362931
380362931
101710525
101710525
101710525
101710525
651687964
651687964
549977439
549977439
337460165
337460165
337460165
337460165
67492033
67492033
67492033
67492033
313699597
313699597
313699597
313699597
941098791
941098791
313699597
313699597
836115630
836115630
836115630
836115630
390187294
390187294
172317529
172317529
360581777
360581777
785690161
785690161
614886458
614886458
231528563
231528563
477335200
477335200
477335200
477335200
346613341
346613341
672428847
672428847
672428847
672428847
672428847
672428847
346613341
346613341
672428847
672428847
206745113
206745113
206745113
206745113
201286465
201286465
603859395
603859395
646466913
646466913
941156386
941156386
294689473
294689473
884068419
884068419
228991746
228991746
457983492
457983492
457983492
457983492
152661164
152661164
622212347
622212347
622212347
622212347
810228350
810228350
434196344
434196344
749244983
749244983
749244983
749244983
739149575
739149575
220960019
220960019
624745298
624745298
312372649
312372649
802281009
802281009
802281009
802281009
433587813
433587813
433587813
433587813
605038172
605038172
867175626
867175626
410354321
410354321
410354321
410354321
232818610
232818610
410354321
410354321
490139143
490139143
490139143
490139143
490139143
490139143
980278286
980278286
778701128
778701128
925063278
925063278
375546812
375546812
375546812
375546812
321530396
321530396
321530396
321530396
772673034
772673034
321530396
321530396
954169996
954169996
866021282
866021282
425277712
425277712
212638856
212638856
652530494
652530494
652530494
652530494
306816635
306816635
306816635
306816635
970980032
970980032
970980032
970980032
970980032
970980032
916451390
916451390
272219692
272219692
423488015
423488015
423488015
423488015
272219692
272219692
160952045
160952045
160952045
160952045
32190409
32190409
96571227
96571227
240326517
240326517
80108839
80108839
240326517
240326517
240326517
240326517
894873257
894873257
688131065
688131065
860012395
860012395
860012395
860012395
42499762
42499762
84999524
84999524
832595292
832595292
832595292
832595292
143793435
143793435
143793435
143793435
9586229
9586229
9586229
9586229
483503466
483503466
161167822
161167822
161167822
161167822
483503466
483503466
80583911
80583911
80583911
80583911
241751733
241751733
241751733
241751733
382180228
382180228
460141527
460141527
751818703
751818703
751818703
751818703
642378414
642378414
642378414
642378414
234374681
234374681
234374681
234374681
541667900
541667900
541667900
541667900
170182894
170182894
85091447
85091447
795321485
795321485
795321485
795321485
288014315
288014315
576028630
576028630
234063369
234063369
234063369
234063369
234063369
234063369
234063369
234063369
786197307
786197307
786197307
786197307
786197307
786197307
262065769
262065769
213352598
213352598
213352598
213352598
205555911
205555911
68518637
68518637
688335781
688335781
68518637
68518637
640057794
640057794
213352598
213352598
382069556
382069556
382069556
382069556
382069556
382069556
147964315
147964315
737915649
737915649
737915649
737915649
642398260
642398260
546880871
546880871
163832933
163832933
720107213
720107213
757192165
757192165
757192165
757192165
582019703
582019703
859502803
859502803
720761253
720761253
720761253
720761253
211863604
211863604
105931802
105931802
326767033
326767033
441670462
441670462
51873069
51873069
17291023
17291023
69164092
69164092
69164092
69164092
477381850
477381850
238690925
238690925
238690925
238690925
477381850
477381850
260396431
260396431
419546928
419546928
419546928
419546928
260396431
260396431
617119750
617119750
235995147
235995147
493695800
493695800
493695800
493695800
572360849
572360849
718838194
718838194
146477345
146477345
146477345
146477345
699517291
699517291
699517291
699517291
911779592
911779592
911779592
911779592
919578795
919578795
306526265
306526265
306526265
306526265
306526265
306526265
683834694
683834694
683834694
683834694
55015376
55015376
55015376
55015376
227860707
227860707
613052530
613052530
958911574
958911574
652385309
652385309
322887545
322887545
322887545
322887545
853525037
853525037
853525037
853525037
291243323
291243323
291243323
291243323
967115757
967115757
967115757
967115757
577629447
577629447
734643988
734643988
577629447
577629447
734643988
734643988
942087246
942087246
314029082
314029082
942087246
942087246
314029082
314029082
620561584
620561584
242878815
242878815
620561584
620561584
620561584
620561584
232710594
232710594
698131782
698131782
387850990
387850990
387850990
387850990
489279217
489279217
495841190
495841190
991682380
991682380
991682380
991682380
482717244
482717244
482717244
482717244
482717244
482717244
241358622
241358622
860456875
860456875
722669397
722669397
722669397
722669397
860456875
860456875
860456875
860456875
860456875
860456875
929350614
929350614
791563136
791563136
929350614
929350614
791563136
791563136
395781568
395781568
791563136
791563136
98945392
98945392
98945392
98945392
731459830
731459830
731459830
731459830
402834437
402834437
402834437
402834437
910798353
910798353
823352353
823352353
780932526
780932526
346308872
346308872
563620699
563620699
563620699
563620699
247363480
247363480
123681740
123681740
123681740
123681740
247363480
247363480
49472696
49472696
148418088
148418088
247363480
247363480
415202611
415202611
248405733
248405733
82801911
82801911
78180490
78180490
358808281
358808281
97001312
97001312
97001312
97001312
291003936
291003936
291003936
291003936
56797604
56797604
56797604
56797604
28398802
28398802
85196406
85196406
370613187
370613187
370613187
370613187
370613187
370613187
370613187
370613187
179625359
179625359
179625359
179625359
179625359
179625359
179625359
179625359
870445626
870445626
870445626
870445626
742646899
742646899
231451991
231451991
86221084
86221084
172442168
172442168
129331626
129331626
43110542
43110542
140199818
140199818
140199818
140199818
426214663
426214663
426214663
426214663
449948861
449948861
449948861
449948861
449948861
449948861
449948861
449948861
449948861
449948861
724096607
724096607
861170480
861170480
587022734
587022734
697090356
697090356
395936359
395936359
47391181
47391181
348545178
348545178
872041526
872041526
619635872
619635872
745838699
745838699
241027391
241027391
229626070
229626070
409290141
409290141
409290141
409290141
229626070
229626070
584800771
584800771
756157960
756157960
584800771
584800771
756157960
756157960
757995023
757995023
757995023
757995023
517745693
517745693
517745693
517745693
551841972
551841972
183947324
183947324
91973662
91973662
91973662
91973662
348902869
348902869
673573611
673573611
449049074
449049074
449049074
449049074
611384445
611384445
611384445
611384445
428319352
428319352
428319352
428319352
517707381
517707381
37170409
37170409
757975867
757975867
277438895
277438895
37170409
37170409
517707381
517707381
637841624
637841624
637841624
637841624
225595875
225595875
611920114
611920114
94141556
94141556
282424668
282424668
399764045
399764045
399764045
399764045
399764045
399764045
399764045
399764045
369318871
369318871
109712260
109712260
109712260
109712260
369318871
369318871
917880171
917880171
305960057
305960057
225595875
225595875
611920114
611920114
229265318
229265318
229265318
229265318
458530636
458530636
458530636
458530636
776916223
776916223
776916223
776916223
444924028
444924028
444924028
444924028
125683094
125683094
62841547
62841547
848868720
848868720
848868720
848868720
275058727
275058727
424434360
424434360
699493087
699493087
699493087
699493087
320180958
320180958
320180958
320180958
480271437
480271437
160090479
160090479
455793637
455793637
455793637
455793637
455793637
455793637
455793637
455793637
343180678
343180678
686361356
686361356
811083303
811083303
811083303
811083303
711529553
711529553
711529553
711529553
854886953
854886953
568172153
568172153
653954864
653954864
326977432
326977432
663847468
663847468
663847468
663847468
840863451
840863451
840863451
840863451
840863451
840863451
840863451
840863451
281357944
281357944
140678972
140678972
853068198
853068198
853068198
853068198
562715888
562715888
853068198
853068198
426534099
426534099
426534099
426534099
196651064
196651064
731046590
731046590
98325532
98325532
196651064
196651064
344139362
344139362
780209356
780209356
878534888
878534888
878534888
878534888
271779388
271779388
815338164
815338164
240435058
240435058
240435058
240435058
934080242
934080242
976856316
976856316
240066624
240066624
240066624
240066624
577876363
577876363
577876363
577876363
696137266
696137266
91923092
91923092
602535655
602535655
533593336
533593336
556574109
556574109
556574109
556574109
976385156
976385156
990957954
990957954
961812358
961812358
961812358
961812358
568346812
568346812
284173406
284173406
274083067
274083067
822249201
822249201
441299974
441299974
441299974
441299974
830097157
830097157
830097157
830097157
577876363
577876363
577876363
577876363
830097157
830097157
830097157
830097157
134250613
134250613
402751839
402751839
700498096
700498096
566247483
566247483
941649707
941649707
941649707
941649707
941649707
941649707
941649707
941649707
27955902
27955902
83867706
83867706
463762311
463762311
463762311
463762311
926694646
926694646
926694646
926694646
926694646
926694646
855144939
855144939
476910286
476910286
238455143
238455143
476910286
476910286
491718213
491718213
238455143
238455143
744981283
744981283
350278751
350278751
700557502
700557502
341105421
341105421
341105421
341105421
505390154
505390154
833959620
833959620
311226836
311226836
311226836
311226836
985331584
985331584
985331584
985331584
377197247
377197247
377197247
377197247
887741882
887741882
666736940
666736940
363208007
363208007
363208007
363208007
726416014
726416014
363208007
363208007
166996531
166996531
582620442
582620442
166996531
166996531
582620442
582620442
428352556
428352556
475532303
475532303
903884859
903884859
903884859
903884859
404627392
404627392
215637823
215637823
268934331
268934331
268934331
268934331
881086986
881086986
293695662
293695662
688041137
688041137
688041137
688041137
484511994
484511994
484511994
484511994
778073342
778073342
778073342
778073342
380976878
380976878
144686281
144686281
463279208
463279208
463279208
463279208
634451767
634451767
270659181
270659181
634451767
634451767
634451767
634451767
270659181
270659181
270659181
270659181
20819937
20819937
62459811
62459811
692041273
692041273
692041273
692041273
845142813
845142813
845142813
845142813
81720736
81720736
81720736
81720736
163441472
163441472
163441472
163441472
468500308
468500308
468500308
468500308
488914887
488914887
468500308
468500308
787628303
787628303
928039003
928039003
787628303
787628303
928039003
928039003
492146428
492146428
478194931
478194931
984292856
984292856
984292856
984292856
153197645
153197645
153197645
153197645
575720999
575720999
728918644
728918644
747520640
747520640
246073214
246073214
246073214
246073214
747520640
747520640
468893933
468893933
821794213
821794213
162498643
162498643
487495929
487495929
668048214
668048214
668048214
668048214
222682738
222682738
222682738
222682738
338809067
338809067
668526710
668526710
338809067
338809067
668526710
668526710
925272745
925272745
925272745
925272745
852301137
852301137
852301137
852301137
531714954
531714954
531714954
531714954
758461098
758461098
278894588
278894588
740188169
740188169
224075801
224075801
706207786
706207786
568150713
568150713
310094529
310094529
654169441
654169441
310094529
310094529
310094529
310094529
54934570
54934570
54934570
54934570
27467285
27467285
27467285
27467285
54934570
54934570
54934570
54934570
27467285
27467285
82401855
82401855
366543404
366543404
366543404
366543404
174173275
174173275
174173275
174173275
581309661
581309661
193769887
193769887
522519825
522519825
760382089
760382089
832606323
832606323
501330263
501330263
832606323
832606323
832606323
832606323
749787308
749787308
501330263
501330263
832606323
832606323
501330263
501330263
326859323
326859323
326859323
326859323
331275919
331275919
993827757
993827757
996036055
996036055
996036055
996036055
662551838
662551838
662551838
662551838
850764004
850764004
703283655
703283655
703283655
703283655
850764004
850764004
715926104
715926104
715926104
715926104
669375456
669375456
11637662
11637662
35496138
35496138
35496138
35496138
141984552
141984552
70992276
70992276
141984552
141984552
141984552
141984552
53244207
53244207
17748069
17748069
612982099
612982099
537075484
537075484
612982099
612982099
612982099
612982099
923967418
923967418
923967418
923967418
923967418
923967418
640737257
640737257
359136776
359136776
79165975
79165975
718273552
718273552
158331950
158331950
224460485
224460485
673381455
673381455
168950169
168950169
168950169
168950169
128195849
128195849
384587547
384587547
256391698
256391698
256391698
256391698
27322439
27322439
512783396
512783396
384587547
384587547
128195849
128195849
730248327
730248327
730248327
730248327
864246340
864246340
864246340
864246340
251487693
251487693
251487693
251487693
624866023
624866023
624866023
624866023
395601567
395601567
696922960
696922960
395601567
395601567
131867189
131867189
395601567
395601567
696922960
696922960
395601567
395601567
395601567
395601567
112135908
112135908
56067954
56067954
84101931
84101931
28033977
28033977
541173142
541173142
541173142
541173142
56067954
56067954
112135908
112135908
814089835
814089835
906167094
906167094
814089835
814089835
906167094
906167094
559261867
559261867
559261867
559261867
339770624
339770624
778753110
778753110
825295352
825295352
825295352
825295352
33374837
33374837
66749674
66749674
66749674
66749674
33374837
33374837
515809595
515809595
515809595
515809595
679157210
679157210
40982924
40982924
576280048
576280048
576280048
576280048
42976223
42976223
128928669
128928669
128928669
128928669
42976223
42976223
965661807
965661807
965661807
965661807
608038343
608038343
825870676
825870676
981953080
981953080
949370534
949370534
981953080
981953080
949370534
949370534
887964880
887964880
628736411
628736411
518456938
518456938
518456938
518456938
777685407
777685407
259228469
259228469
259228469
259228469
777685407
777685407
408323316
408323316
136107772
136107772
771156683
771156683
771156683
771156683
362471292
362471292
181235646
181235646
90617823
90617823
90617823
90617823
544431088
544431088
90617823
90617823
272215544
272215544
816646632
816646632
544431088
544431088
90617823
90617823
90617823
90617823
544431088
544431088
265652060
265652060
754046922
754046922
754046922
754046922
754046922
754046922
509849491
509849491
509849491
509849491
754046922
754046922
509849491
509849491
954268596
954268596
954268596
954268596
470852047
470852047
470852047
470852047
683167876
683167876
560470743
560470743
298409188
298409188
298409188
298409188
480526303
480526303
480526303
480526303
480526303
480526303
480526303
480526303
646962162
646962162
942642133
942642133
831808494
831808494
831808494
831808494
55996359
55996359
55996359
55996359
639113074
639113074
639113074
639113074
319556537
319556537
639113074
639113074
319556537
319556537
319556537
319556537
798753581
798753581
798753581
798753581
931747429
931747429
931747429
931747429
485185953
485185953
161728651
161728651
646914604
646914604
646914604
646914604
90556674
90556674
30185558
30185558
120742232
120742232
120742232
120742232
45278337
45278337
15092779
15092779
196206127
196206127
597225240
597225240
228835240
228835240
228835240
228835240
137301144
137301144
45767048
45767048
732272768
732272768
732272768
732272768
183068192
183068192
549204576
549204576
528454037
528454037
841647581
841647581
528454037
528454037
841647581
841647581
143022025
143022025
143022025
143022025
143022025
143022025
429066075
429066075
633343656
633343656
901786615
901786615
950015484
950015484
950015484
950015484
475007742
475007742
475007742
475007742
712511613
712511613
426778873
426778873
158335914
158335914
158335914
158335914
554175699
554175699
110107045
110107045
712511613
712511613
426778873
426778873
783944798
783944798
783944798
783944798
890773646
890773646
962420784
962420784
962420784
962420784
890773646
890773646
445386823
445386823
721815588
721815588
962420784
962420784
962420784
962420784
336262530
336262530
672525060
672525060
672525060
672525060
672525060
672525060
543790802
543790802
543790802
543790802
643671290
643671290
643671290
643671290
129131691
129131691
129131691
129131691
86087794
86087794
86087794
86087794
860877940
860877940
430438970
430438970
516526764
516526764
172175588
172175588
281844011
281844011
281844011
281844011
640044182
640044182
281844011
281844011
324887908
324887908
974663724
974663724
974663724
974663724
974663724
974663724
258334704
258334704
775004112
775004112
902569964
902569964
902569964
902569964
35094463
35094463
105283389
105283389
452886482
452886482
452886482
452886482
902569964
902569964
966352890
966352890
389103556
389103556
389103556
389103556
645036010
645036010
936863677
936863677
583655334
583655334
583655334
583655334
707634652
707634652
707634652
707634652
960465152
960465152
960465152
960465152
252830500
252830500
252830500
252830500
960465152
960465152
922685951
922685951
120527512
120527512
120527512
120527512
241055024
241055024
241055024
241055024
493451467
493451467
482110048
482110048
241055024
241055024
241055024
241055024
255060097
255060097
255060097
255060097
554112264
554112264
554112264
554112264
277056132
277056132
277056132
277056132
299052167
299052167
765180291
765180291
526215873
526215873
526215873
526215873
753893591
753893591
265192067
265192067
16673044
16673044
16673044
16673044
16673044
16673044
50019132
50019132
133789713
133789713
133789713
133789713
267579426
267579426
133789713
133789713
890187523
890187523
890187523
890187523
728102278
728102278
728102278
728102278
112717794
112717794
112717794
112717794
281794485
281794485
93931495
93931495
889649518
889649518
672459848
672459848
629297957
629297957
629297957
629297957
177075870
177075870
177075870
177075870
106245522
106245522
35415174
35415174
46503280
46503280
93006560
93006560
37202624
37202624
37202624
37202624
54016486
54016486
54016486
54016486
108032972
108032972
216065944
216065944
54016486
54016486
54016486
54016486
216065944
216065944
216065944
216065944
949631120
949631120
901017887
901017887
712223340
712223340
237407780
237407780
924976201
924976201
924976201
924976201
759426254
759426254
281790056
281790056
510797945
510797945
23351537
23351537
145942270
145942270
145942270
145942270
792516264
792516264
792516264
792516264
381060086
381060086
381060086
381060086
392514395
392514395
392514395
392514395
392514395
392514395
796334367
796334367
392514395
392514395
392514395
392514395
392514395
392514395
796334367
796334367
796334367
796334367
796334367
796334367
796334367
796334367
897289360
897289360
150967075
150967075
383070476
383070476
766140952
766140952
766140952
766140952
393105891
393105891
181073320
181073320
393105891
393105891
181073320
181073320
334742782
334742782
5983993
5983993
572989913
572989913
572989913
572989913
409031343
409031343
228849676
228849676
291188741
291188741
291188741
291188741
659206916
659206916
885231874
885231874
885231874
885231874
659206916
659206916
140783063
140783063
140783063
140783063
851079834
851079834
425539917
425539917
142378427
142378427
142378427
142378427
142378427
142378427
142378427
142378427
781020670
781020670
346573304
346573304
781020670
781020670
346573304
346573304
612862892
612862892
612862892
612862892
533912877
533912877
177970959
177970959
508266473
508266473
526555066
526555066
526555066
526555066
526555066
526555066
881582953
881582953
648260153
648260153
88285433
88285433
694924713
694924713
32804876
32804876
676431194
676431194
709236070
709236070
709236070
709236070
420227787
420227787
709236070
709236070
676431194
676431194
676431194
676431194
51803439
51803439
525023896
525023896
51803439
51803439
51803439
51803439
51803439
51803439
51803439
51803439
720432172
720432172
720432172
720432172
217077400
217077400
217077400
217077400
108538700
108538700
108538700
108538700
644435774
644435774
644435774
644435774
225503975
225503975
740664227
740664227
718692036
718692036
239564012
239564012
479128024
479128024
479128024
479128024
957368008
957368008
916491663
916491663
981893815
981893815
949192739
949192739
932842201
932842201
932842201
932842201
578293366
578293366
578293366
578293366
965543277
965543277
965543277
965543277
916491663
916491663
957368008
957368008
723952622
723952622
723952622
723952622
401160844
401160844
401160844
401160844
357865610
357865610
784784772
784784772
309730267
309730267
309730267
309730267
39366885
39366885
13122295
13122295
623388883
623388883
540544412
540544412
833345603
833345603
833345603
833345603
806614741
806614741
601619698
601619698
529975084
529975084
529975084
529975084
683991434
683991434
683991434
683991434
20568605
20568605
20568605
20568605
509406479
509406479
529975084
529975084
933350245
933350245
933350245
933350245
900903191
900903191
900903191
900903191
87960345
87960345
87960345
87960345
263881035
263881035
631062694
631062694
701325940
701325940
701325940
701325940
701325940
701325940
701325940
701325940
332454040
332454040
664908080
664908080
332454040
332454040
332454040
332454040
269605018
269605018
269605018
269605018
269605018
269605018
422616457
422616457
701325940
701325940
701325940
701325940
107489114
107489114
701325940
701325940
356942315
356942315
356942315
356942315
72582592
72582592
72582592
72582592
1990215
1990215
1990215
1990215
960539260
960539260
652927871
652927871
837682181
837682181
837682181
837682181
917963267
917963267
917963267
917963267
958103810
958103810
958103810
958103810
877822724
877822724
877822724
877822724
242831629
242831629
485663258
485663258
620537991
620537991
863369620
863369620
431684810
431684810
431684810
431684810
485663258
485663258
485663258
485663258
769768596
769768596
384884298
384884298
769768596
769768596
769768596
769768596
756273984
756273984
756273984
756273984
504182656
504182656
504182656
504182656
273626482
273626482
273626482
273626482
273626482
273626482
423956945
423956945
423956945
423956945
423956945
423956945
971209909
971209909
971209909
971209909
185910158
185910158
185910158
185910158
650685553
650685553
303126753
303126753
913376446
913376446
743640632
743640632
658772725
658772725
658772725
658772725
367034255
367034255
367034255
367034255
51429206
51429206
51429206
51429206
804737425
804737425
417723569
417723569
479142995
479142995
479142995
479142995
236430330
236430330
472860660
472860660
472860660
472860660
472860660
472860660
210157859
210157859
210157859
210157859
210157859
210157859
210157859
210157859
694475883
694475883
694475883
694475883
311099687
311099687
622199374
622199374
390707413
390707413
462983922
462983922
318430904
318430904
318430904
318430904
954191309
954191309
983560005
983560005
990902179
990902179
990902179
990902179
427535980
427535980
213767990
213767990
488895577
488895577
488895577
488895577
309547484
309547484
309547484
309547484
461207238
461207238
461207238
461207238
112776950
112776950
112776950
112776950
309547484
309547484
309547484
309547484
257039263
257039263
771117789
771117789
191301308
191301308
191301308
191301308
542000933
542000933
85757513
85757513
725282754
725282754
725282754
725282754
333308130
333308130
166654065
166654065
333308130
333308130
333308130
333308130
125410558
125410558
374551637
374551637
584129246
584129246
584129246
584129246
749103274
749103274
749103274
749103274
582449209
582449209
582449209
582449209
833270325
833270325
833270325
833270325
749103274
749103274
250821116
250821116
92874495
92874495
92874495
92874495
247665320
247665320
123832660
123832660
364305644
364305644
182152822
182152822
575618547
575618547
575618547
575618547
521687968
521687968
521687968
521687968
521687968
521687968
521687968
521687968
521687968
521687968
521687968
521687968
712310522
712310522
712310522
712310522
874657671
874657671
936451012
936451012
267557432
267557432
267557432
267557432
771821421
771821421
257273807
257273807
524831239
524831239
524831239
524831239
257959382
257959382
257959382
257959382
257959382
257959382
257959382
257959382
55988625
55988625
55988625
55988625
55988625
55988625
55988625
55988625
596897007
596897007
792446668
792446668
994828345
994828345
987996329
987996329
994828345
994828345
987996329
987996329
994828345
994828345
987996329
987996329
452230582
452230582
452230582
452230582
580189974
580189974
580189974
580189974
648542380
648542380
648542380
648542380
648542380
648542380
324271190
324271190
75076176
75076176
150152352
150152352
150152352
150152352
150152352
150152352
450457056
450457056
450457056
450457056
750761760
750761760
750761760
750761760
751962610
751962610
751962610
751962610
518798248
518798248
505680867
505680867
103833362
103833362
207666724
207666724
103833362
103833362
103833362
103833362
480238503
480238503
442471156
442471156
321446161
321446161
321446161
321446161
684521146
684521146
684521146
684521146
14268683
14268683
670252463
670252463
950069800
950069800
950069800
950069800
300631749
300631749
300631749
300631749
728834222
728834222
728834222
728834222
728834222
728834222
728834222
728834222
154850084
154850084
717112930
717112930
435981507
435981507
435981507
435981507
503247653
503247653
503247653
503247653
528000512
528000512
528000512
528000512
730438291
730438291
576227548
576227548
576227548
576227548
730438291
730438291
956360327
956360327
914476301
914476301
914476301
914476301
914476301
914476301
869801536
869801536
869801536
869801536
494239146
494239146
494239146
494239146
869801536
869801536
869801536
869801536
622681963
622681963
869801536
869801536
687364606
687364606
687364606
687364606
343682303
343682303
343682303
343682303
771869901
771869901
319120997
319120997
450046944
450046944
450046944
450046944
649010905
649010905
649010905
649010905
299777457
299777457
649010905
649010905
438057194
438057194
438057194
438057194
251328141
251328141
251328141
251328141
713810525
713810525
713810525
713810525
571593611
571593611
856027439
856027439
571593611
571593611
571593611
571593611
713810525
713810525
713810525
713810525
743173635
743173635
743173635
743173635
735827462
735827462
210993680
210993680
480756744
480756744
480756744
480756744
488102917
488102917
488102917
488102917
373447599
373447599
746895198
746895198
342922988
342922988
342922988
342922988
746895198
746895198
746895198
746895198
746895198
746895198
746895198
746895198
152106199
152106199
456318597
456318597
456318597
456318597
456318597
456318597
831456401
831456401
497880497
497880497
784157466
784157466
784157466
784157466
360761464
360761464
84040039
84040039
360761464
360761464
84040039
84040039
360761464
360761464
360761464
360761464
360761464
360761464
180380732
180380732
655967999
655967999
655967999
655967999
142553468
142553468
142553468
142553468
969659644
969659644
655967999
655967999
827106176
827106176
484829822
484829822
430952332
430952332
476398895
476398895
476398895
476398895
476398895
476398895
618612839
618612839
618612839
618612839
222136368
222136368
222136368
222136368
486582305
486582305
486582305
486582305
717333586
717333586
358666793
358666793
461502562
461502562
486582305
486582305
230751281
230751281
230751281
230751281
93664058
93664058
696717588
696717588
395190823
395190823
395190823
395190823
964561043
964561043
964561043
964561043
918865302
918865302
760107200
760107200
322555144
322555144
440266499
440266499
440266499
440266499
440266499
440266499
682182857
682182857
892890521
892890521
720183090
720183090
720183090
720183090
850590741
850590741
555283517
555283517
364538889
364538889
364538889
364538889
459911203
459911203
459911203
459911203
486051852
486051852
459911203
459911203
715977897
715977897
715977897
715977897
387495229
387495229
387495229
387495229
715977897
715977897
238659299
238659299
447029601
447029601
447029601
447029601
548090690
548090690
548090690
548090690
743964744
743964744
235405526
235405526
743964744
743964744
743964744
743964744
939838798
939838798
646027717
646027717
903273979
903273979
713333231
713333231
761873844
761873844
761873844
761873844
238481361
238481361
238481361
238481361
618362857
618362857
618362857
618362857
105100667
105100667
105100667
105100667
761873844
761873844
380936922
380936922
475396606
475396606
475396606
475396606
237698303
237698303
475396606
475396606
18097836
18097836
36195672
36195672
12065224
12065224
36195672
36195672
78423956
78423956
156847912
156847912
693055359
693055359
231018453
231018453
199076196
199076196
66358732
66358732
66358732
66358732
199076196
199076196
27146754
27146754
27146754
27146754
13573377
13573377
40720131
40720131
686733265
686733265
686733265
686733265
842488809
842488809
842488809
842488809
589386050
589386050
861958252
861958252
939836024
939836024
939836024
939836024
453099949
453099949
453099949
453099949
920366581
920366581
920366581
920366581
686733265
686733265
686733265
686733265
920366581
920366581
764611037
764611037
427757658
427757658
427757658
427757658
213878829
213878829
427757658
427757658
833689142
833689142
833689142
833689142
252289360
252289360
126144680
126144680
427757658
427757658
142585886
142585886
213878829
213878829
427757658
427757658
946342885
946342885
946342885
946342885
972293619
972293619
972293619
972293619
833485983
833485983
668727613
668727613
375553399
375553399
457932584
457932584
57241573
57241573
171724719
171724719
744140449
744140449
744140449
744140449
797455489
797455489
596666625
596666625
847652705
847652705
948047137
948047137
677506400
677506400
36030494
36030494
575572558
575572558
575572558
575572558
632697119
632697119
632697119
632697119
407735368
407735368
407735368
407735368
449923502
449923502
815470736
815470736
407735368
407735368
407735368
407735368
661030563
661030563
323816773
323816773
863358837
863358837
593587805
593587805
626539479
626539479
626539479
626539479
509669210
509669210
509669210
509669210
451389988
451389988
483211447
483211447
483211447
483211447
483211447
483211447
892350104
892350104
962946270
962946270
821753938
821753938
821753938
821753938
620395312
620395312
620395312
620395312
620395312
620395312
242546271
242546271
493109476
493109476
497117943
497117943
994235886
994235886
994235886
994235886
949563933
949563933
949563933
949563933
973904143
973904143
973904143
973904143
176614394
176614394
176614394
176614394
88307197
88307197
176614394
176614394
851466079
851466079
851466079
851466079
851466079
851466079
851466079
851466079
589125242
589125242
589125242
589125242
861871316
861871316
861871316
861871316
629676805
629676805
629676805
629676805
609254933
609254933
609254933
609254933
174072838
174072838
522218514
522218514
435182095
435182095
870364190
870364190
850819284
850819284
850819284
850819284
964513223
964513223
964513223
964513223
635931955
635931955
635931955
635931955
909551512
909551512
909551512
909551512
944992636
944992636
944992636
944992636
891740919
891740919
678734051
678734051
76493008
76493008
229479024
229479024
229479024
229479024
76493008
76493008
344771486
344771486
689542972
689542972
562595775
562595775
689542972
689542972
491880508
491880508
491880508
491880508
487052729
487052729
487052729
487052729
89961627
89961627
89961627
89961627
89961627
89961627
89961627
89961627
745462126
745462126
745462126
745462126
581235493
581235493
745462126
745462126
153670055
153670055
153670055
153670055
575957204
575957204
153670055
153670055
197270656
197270656
394541312
394541312
797010006
797010006
394541312
394541312
528851759
528851759
841780155
841780155
528851759
528851759
528851759
528851759
344332026
344332026
172166013
172166013
344332026
344332026
172166013
172166013
535234363
535234363
607458736
607458736
442632365
442632365
442632365
442632365
514856738
514856738
514856738
514856738
514856738
514856738
514856738
514856738
877212210
877212210
877212210
877212210
196541819
196541819
597393086
597393086
831689743
831689743
831689743
831689743
221711711
221711711
221711711
221711711
779701045
779701045
342614429
342614429
670429391
670429391
342614429
342614429
61468022
61468022
61468022
61468022
575957204
575957204
153670055
153670055
737342318
737342318
737342318
737342318
737342318
737342318
368671159
368671159
390498455
390498455
390498455
390498455
390498455
390498455
173251012
173251012
751731563
751731563
751731563
751731563
403840596
403840596
213277435
213277435
326575144
326575144
326575144
326575144
344833856
344833856
36257215
36257215
216589489
216589489
216589489
216589489
216589489
216589489
216589489
216589489
322940464
322940464
322940464
322940464
440394939
440394939
322940464
322940464
479925947
479925947
739085150
739085150
764040922
764040922
764040922
764040922
359507723
359507723
359507723
359507723
399647131
399647131
698945742
698945742
77778399
77778399
77778399
77778399
807017064
807017064
615789775
615789775
807017064
807017064
615789775
615789775
212281243
212281243
403508532
403508532
77778399
77778399
77778399
77778399
311113596
311113596
155556798
155556798
155556798
155556798
311113596
311113596
77778399
77778399
77778399
77778399
126116711
126116711
378350133
378350133
126116711
126116711
126116711
126116711
599012929
599012929
599012929
599012929
798628641
798628641
798628641
798628641
297083434
297083434
891250302
891250302
297083434
297083434
891250302
891250302
141879156
141879156
141879156
141879156
212818734
212818734
212818734
212818734
452227998
452227998
150742666
150742666
452227998
452227998
226113999
226113999
180004045
180004045
180004045
180004045
180004045
180004045
180004045
180004045
235602835
235602835
235602835
235602835
235602835
235602835
706808505
706808505
394034812
394034812
394034812
394034812
394034812
394034812
394034812
394034812
705363265
705363265
705363265
705363265
980351383
980351383
980351383
980351383
646978521
646978521
215659507
215659507
646978521
646978521
215659507
215659507
866519666
866519666
866519666
866519666
646978521
646978521
822611437
822611437
822611437
822611437
822611437
822611437
822611437
822611437
910427895
910427895
657080024
657080024
972995719
972995719
972995719
972995719
657080024
657080024
161152398
161152398
161152398
161152398
322304796
322304796
161152398
161152398
514241004
514241004
171413668
171413668
6047531
6047531
6047531
6047531
649864731
649864731
216621577
216621577
216621577
216621577
216621577
216621577
90538063
90538063
271614189
271614189
181076126
181076126
181076126
181076126
815617787
815617787
815617787
815617787
541677938
541677938
541677938
541677938
930357884
930357884
930357884
930357884
195123106
195123106
195123106
195123106
952986707
952986707
983158471
983158471
968072589
968072589
968072589
968072589
87219732
87219732
29073244
29073244
116292976
116292976
116292976
116292976
865355030
865355030
599576384
599576384
268927507
268927507
268927507
268927507
471209072
471209072
471209072
471209072
415382863
415382863
706813608
706813608
236096524
236096524
236096524
236096524
529003233
529003233
529003233
529003233
591692572
591692572
591692572
591692572
887538858
887538858
776833363
776833363
973918286
973918286
925266152
925266152
949592219
949592219
949592219
949592219
809715552
809715552
621186751
621186751
539810368
539810368
539810368
539810368
756020276
756020276
756020276
756020276
675278917
675278917
675278917
675278917
427092948
427092948
283034491
283034491
138976034
138976034
138976034
138976034
689797747
689797747
689797747
689797747
710127439
710127439
133893611
133893611
410422370
410422370
410422370
410422370
27811572
27811572
9270524
9270524
412802078
412802078
240161881
240161881
240161881
240161881
240161881
240161881
429290773
429290773
429290773
429290773
144813983
144813983
713767563
713767563
50417651
50417651
151252953
151252953
151252953
151252953
151252953
151252953
176542349
176542349
176542349
176542349
118776045
118776045
237552090
237552090
287949987
287949987
287949987
287949987
287949987
287949987
287949987
287949987
188717040
188717040
188717040
188717040
75486816
75486816
75486816
75486816
113230224
113230224
113230224
113230224
150973632
150973632
301947264
301947264
79438588
79438588
79438588
79438588
79438588
79438588
79438588
79438588
59578941
59578941
59578941
59578941
588490588
588490588
178736823
178736823
767977234
767977234
767977234
767977234
767977234
767977234
383988617
383988617
88661239
88661239
88661239
88661239
543452796
543452796
543452796
543452796
420335471
420335471
709289912
709289912
420335471
420335471
709289912
709289912
177322478
177322478
177322478
177322478
620628673
620628673
243012993
243012993
508090717
508090717
508090717
508090717
263013899
263013899
753167535
753167535
965556438
965556438
965556438
965556438
991706770
991706770
991706770
991706770
379413172
379413172
379413172
379413172
379413172
379413172
379413172
379413172
260373483
260373483
781120449
781120449
668321140
668321140
555521831
555521831
337211996
337211996
337211996
337211996
666389011
666389011
2678327
2678327
557556115
557556115
557556115
557556115
777900234
777900234
777900234
777900234
894752082
894752082
791259811
791259811
791259811
791259811
791259811
791259811
791259811
791259811
791259811
791259811
791259811
791259811
791259811
791259811
611217393
611217393
611217393
611217393
203739131
203739131
203739131
203739131
106982391
106982391
106982391
106982391
35660797
35660797
35660797
35660797
631863281
631863281
631863281
631863281
897345490
897345490
631863281
631863281
42456322
42456322
42456322
42456322
530964418
530964418
530964418
530964418
97368592
97368592
292105776
292105776
194737184
194737184
194737184
194737184
170395036
170395036
340790072
340790072
146052888
146052888
146052888
146052888
188892161
188892161
188892161
188892161
324000774
324000774
162000387
162000387
162000387
162000387
324000774
324000774
162000387
162000387
162000387
162000387
950966467
950966467
950966467
950966467
122344385
122344385
122344385
122344385
417825102
417825102
255230953
255230953
719374457
719374457
440504561
440504561
785665539
785665539
785665539
785665539
785665539
785665539
785665539
785665539
849220165
849220165
849220165
849220165
849220165
849220165
615821506
615821506
688328826
688328826
229442942
229442942
114721471
114721471
344164413
344164413
507684398
507684398
834724368
834724368
671204383
671204383
671204383
671204383
885164616
885164616
885164616
885164616
885164616
885164616
885164616
885164616
442582308
442582308
885164616
885164616
434632839
434632839
144877613
144877613
525404370
525404370
525404370
525404370
525404370
525404370
525404370
525404370
525404370
525404370
525404370
525404370
262702185
262702185
525404370
525404370
809436513
809436513
431820833
431820833
720775274
720775274
720775274
720775274
420335471
420335471
709289912
709289912
709289912
709289912
709289912
709289912
719387479
719387479
161673731
161673731
719387479
719387479
161673731
161673731
704673957
704673957
704673957
704673957
822207122
822207122
822207122
822207122
161673731
161673731
579959042
579959042
289979521
289979521
289979521
289979521
467045729
467045729
467045729
467045729
201446417
201446417
732645041
732645041
866920869
866920869
288973623
288973623
572681915
572681915
719801392
719801392
548856903
548856903
548856903
548856903
99469453
99469453
99469453
99469453
291426089
291426089
291426089
291426089
781244932
781244932
781244932
781244932
677071105
677071105
355897857
355897857
355897857
355897857
355897857
355897857
143831030
143831030
431493090
431493090
215746545
215746545
71915515
71915515
575324120
575324120
287662060
287662060
143831030
143831030
143831030
143831030
765536376
765536376
255178792
255178792
867754485
867754485
289251495
289251495
595172861
595172861
863887189
863887189
982015882
982015882
660086745
660086745
771337320
771337320
771337320
771337320
589371917
589371917
861953541
861953541
673525094
673525094
336762547
336762547
781764847
781764847
781764847
781764847
287662060
287662060
575324120
575324120
287662060
287662060
287662060
287662060
535079934
535079934
535079934
535079934
606995449
606995449
606995449
606995449
578525366
578525366
858338024
858338024
147466349
147466349
714651685
714651685
725991715
725991715
574745356
574745356
862118034
862118034
287372678
287372678
908538724
908538724
908538724
908538724
370304950
370304950
456183101
456183101
232981409
232981409
232981409
232981409
424297145
424297145
424297145
424297145
692314054
692314054
346157027
346157027
154099687
154099687
154099687
154099687
538214367
538214367
616398748
616398748
538214367
538214367
538214367
538214367
904896480
904896480
301632160
301632160
208284287
208284287
208284287
208284287
660732527
660732527
829488440
829488440
622116330
622116330
622116330
622116330
605642743
605642743
605642743
605642743
605642743
605642743
801943548
801943548
426082266
426082266
426082266
426082266
639123399
639123399
213041133
213041133
649586104
649586104
324793052
324793052
649586104
649586104
649586104
649586104
336291930
336291930
336291930
336291930
302662737
302662737
100887579
100887579
862105974
862105974
862105974
862105974
294914608
294914608
431052987
431052987
195269659
195269659
195269659
195269659
368643260
368643260
368643260
368643260
232133985
232133985
232133985
232133985
77377995
77377995
232133985
232133985
548944651
548944651
548944651
548944651
773594502
773594502
324294800
324294800
665426235
665426235
221808745
221808745
36933124
36933124
110799372
110799372
960891227
960891227
960891227
960891227
391827116
391827116
177236995
177236995
532815802
532815802
266407901
266407901
898734028
898734028
632326127
632326127
627544804
627544804
541929719
541929719
237719963
237719963
713159889
713159889
466426609
466426609
466426609
466426609
466426609
466426609
488223654
488223654
116878173
116878173
350634519
350634519
467512692
467512692
233756346
233756346
932853218
932853218
932853218
932853218
932853218
932853218
976447308
976447308
845665038
845665038
845665038
845665038
976447308
976447308
976447308
976447308
453659538
453659538
453659538
453659538
453659538
453659538
453659538
453659538
816393799
816393799
816393799
816393799
226829769
226829769
680489307
680489307
550086361
550086361
516110238
516110238
419683415
419683415
419683415
419683415
226829769
226829769
226829769
226829769
67952246
67952246
67952246
67952246
308318833
308318833
653281593
653281593
912003663
912003663
912003663
912003663
825762973
825762973
825762973
825762973
653281593
653281593
308318833
308318833
294011941
294011941
294011941
294011941
294011941
294011941
294011941
294011941
254693995
254693995
254693995
254693995
764081985
764081985
764081985
764081985
352282050
352282050
352282050
352282050
704564100
704564100
704564100
704564100
978449372
978449372
958654391
958654391
978449372
978449372
978449372
978449372
721804191
721804191
721804191
721804191
721804191
721804191
721804191
721804191
383929935
383929935
767859870
767859870
899508146
899508146
899508146
899508146
748506103
748506103
748506103
748506103
665023804
665023804
665023804
665023804
401215456
401215456
401215456
401215456
538622564
538622564
845037090
845037090
252802480
252802480
417015611
417015611
707629982
707629982
126401240
126401240
834031222
834031222
834031222
834031222
669818091
669818091
669818091
669818091
448615921
448615921
448615921
448615921
448615921
448615921
448615921
448615921
673278205
673278205
348312057
348312057
538622564
538622564
538622564
538622564
707629982
707629982
126401240
126401240
834031222
834031222
669818091
669818091
417015611
417015611
252802480
252802480
417015611
417015611
252802480
252802480
763195432
763195432
587146595
587146595
215065088
215065088
215065088
215065088
645195264
645195264
645195264
645195264
645195264
645195264
322597632
322597632
58048669
58048669
352097674
352097674
352097674
352097674
352097674
352097674
849592105
849592105
849592105
849592105
923918229
923918229
923918229
923918229
216315769
216315769
648947307
648947307
815616291
815616291
815616291
815616291
599300522
599300522
599300522
599300522
732281799
732281799
732281799
732281799
705021134
705021134
705021134
705021134
705021134
705021134
352510567
352510567
942170526
942170526
942170526
942170526
314056842
314056842
314056842
314056842
780031610
780031610
780031610
780031610
156006322
156006322
468018966
468018966
312012644
312012644
312012644
312012644
780031610
780031610
780031610
780031610
190646673
190646673
190646673
190646673
703386469
703386469
703386469
703386469
319144999
319144999
319144999
319144999
835250755
835250755
611165036
611165036
924366058
924366058
924366058
924366058
894814740
894814740
687955514
687955514
298271580
298271580
298271580
298271580
986227094
986227094
986227094
986227094
990232847
990232847
990232847
990232847
994238600
994238600
986227094
986227094
300547304
300547304
765678670
765678670
330271132
330271132
990813396
990813396
150682905
150682905
150682905
150682905
60273162
60273162
60273162
60273162
73369979
73369979
73369979
73369979
609177145
609177145
535807166
535807166
898586200
898586200
898586200
898586200
898586200
898586200
898586200
898586200
984007474
984007474
984007474
984007474
898586200
898586200
898586200
898586200
416866310
416866310
416866310
416866310
416866310
416866310
804451672
804451672
486662336
486662336
486662336
486662336
243331168
243331168
243331168
243331168
115293286
115293286
345879858
345879858
576466430
576466430
576466430
576466430
172939929
172939929
57646643
57646643
288233215
288233215
288233215
288233215
686377618
686377618
686377618
686377618
31322074
31322074
31322074
31322074
31322074
31322074
31322074
31322074
343188809
343188809
343188809
343188809
749021766
749021766
250576592
250576592
750375771
750375771
750375771
750375771
4062015
4062015
4062015
4062015
4062015
4062015
4062015
4062015
328497257
328497257
328497257
328497257
656994514
656994514
656994514
656994514
131512817
131512817
131512817
131512817
696391402
696391402
564878585
564878585
77342096
77342096
154684192
154684192
384309515
384309515
384309515
384309515
328497257
328497257
328497257
328497257
105248225
105248225
105248225
105248225
640484654
640484654
878991120
878991120
878991120
878991120
878991120
878991120
640484654
640484654
640484654
640484654
878991120
878991120
878991120
878991120
571013506
571013506
571013506
571013506
362136429
362136429
120712143
120712143
482848572
482848572
482848572
482848572
241424286
241424286
241424286
241424286
505706371
505706371
501316908
501316908
672812007
672812007
672812007
672812007
342990198
342990198
342990198
342990198
835528180
835528180
835528180
835528180
124070781
124070781
124070781
124070781
561157567
561157567
561157567
561157567
342614174
342614174
342614174
342614174
248141562
248141562
124070781
124070781
690877456
690877456
690877456
690877456
767021118
767021118
767021118
767021118
48949497
48949497
48949497
48949497
114215493
114215493
114215493
114215493
579308547
579308547
579308547
579308547
369840644
369840644
788776450
788776450
16170834
16170834
16170834
16170834
8085417
8085417
24256251
24256251
866620772
866620772
866620772
866620772
86196230
86196230
86196230
86196230
692675488
692675488
692675488
692675488
909977691
909977691
733444367
733444367
723609815
723609815
860927084
860927084
144721963
144721963
434165889
434165889
647248137
647248137
647248137
647248137
215749379
215749379
215749379
215749379
732464654
732464654
732464654
732464654
171307087
171307087
171307087
171307087
248141562
248141562
124070781
124070781
685228348
685228348
561157567
561157567
643890325
643890325
643890325
643890325
148590075
148590075
49530025
49530025
643890325
643890325
643890325
643890325
41886172
41886172
346710175
346710175
356928637
356928637
713857274
713857274
713857274
713857274
356928637
356928637
455228491
455228491
455228491
455228491
887065351
887065351
628436568
628436568
458065388
458065388
458065388
458065388
477014675
477014675
432799672
432799672
143350590
143350590
47783530
47783530
382268240
382268240
191134120
191134120
556279106
556279106
556279106
556279106
556279106
556279106
556279106
556279106
97236458
97236458
97236458
97236458
460302517
460302517
460302517
460302517
391371729
391371729
130457243
130457243
391371729
391371729
130457243
130457243
444151171
444151171
444151171
444151171
167104580
167104580
83552290
83552290
134333856
134333856
268667712
268667712
481394910
481394910
445940377
445940377
385887778
385887778
461377377
461377377
310398179
310398179
310398179
310398179
875001188
875001188
628514858
628514858
628514858
628514858
628514858
628514858
73794198
73794198
24598066
24598066
24598066
24598066
24598066
24598066
580739156
580739156
859075954
859075954
431944533
431944533
431944533
431944533
575926044
575926044
575926044
575926044
287963022
287963022
575926044
575926044
694092401
694092401
85788497
85788497
85788497
85788497
85788497
85788497
705808994
705808994
413373635
413373635
675574425
675574425
675574425
675574425
186413145
186413145
559239435
559239435
222497684
222497684
222497684
222497684
186413145
186413145
186413145
186413145
186413145
186413145
186413145
186413145
186413145
186413145
186413145
186413145
186413145
186413145
186413145
186413145
18497618
18497618
18497618
18497618
55492854
55492854
18497618
18497618
969739213
969739213
969739213
969739213
955486643
955486643
983991783
983991783
976865498
976865498
976865498
976865498
467053894
467053894
488432749
488432749
75204135
75204135
75204135
75204135
75204135
75204135
75204135
75204135
173363639
173363639
173363639
173363639
693454556
693454556
693454556
693454556
983991783
983991783
983991783
983991783
983991783
983991783
983991783
983991783
736212266
736212266
736212266
736212266
247779517
247779517
247779517
247779517
404517822
404517822
404517822
404517822
809035644
809035644
809035644
809035644
809035644
809035644
809035644
809035644
809035644
809035644
619826935
619826935
39678236
39678236
39678236
39678236
411201212
411201212
235359283
235359283
359200275
359200275
359200275
359200275
359200275
359200275
359200275
359200275
776191094
776191094
924226600
924226600
314077794
314077794
628155588
628155588
776191094
776191094
776191094
776191094
776191094
776191094
776191094
776191094
42538169
42538169
127614507
127614507
127614507
127614507
562929430
562929430
20149659
20149659
6716553
6716553
20149659
20149659
6716553
6716553
544749401
544749401
636003850
636003850
389106715
389106715
389106715
389106715
260330241
260330241
86776747
86776747
260330241
260330241
260330241
260330241
814396263
814396263
271465421
271465421
924705117
924705117
924705117
924705117
579700460
579700460
579700460
579700460
653239696
653239696
653239696
653239696
326619848
326619848
326619848
326619848
326619848
326619848
326619848
326619848
612412215
612412215
805328284
805328284
612412215
612412215
612412215
612412215
595687520
595687520
788818207
788818207
756227289
756227289
756227289
756227289
756227289
756227289
756227289
756227289
102842045
102842045
102842045
102842045
80963895
80963895
26987965
26987965
53975930
53975930
53975930
53975930
53975930
53975930
53975930
53975930
107951860
107951860
107951860
107951860
162139101
162139101
162139101
162139101
895878943
895878943
631374432
631374432
639965418
639965418
639965418
639965418
844696238
844696238
844696238
844696238
436667856
436667856
311759215
311759215
186850574
186850574
186850574
186850574
311759215
311759215
623518430
623518430
873335712
873335712
623518430
623518430
298949093
298949093
896847279
896847279
896847279
896847279
947545816
947545816
105164442
105164442
105164442
105164442
577995508
577995508
157746663
157746663
804459702
804459702
804459702
804459702
804459702
804459702
804459702
804459702
393220354
393220354
786440708
786440708
927643138
927643138
927643138
927643138
101489845
101489845
366578066
366578066
733156132
733156132
733156132
733156132
504847180
504847180
504847180
504847180
252423590
252423590
757270770
757270770
7633338
7633338
15266676
15266676
504847180
504847180
501030511
501030511
154750414
154750414
464251242
464251242
601999947
601999947
807755488
807755488
216816986
216816986
216816986
216816986
108408493
108408493
325225479
325225479
325225479
325225479
108408493
108408493
325225479
325225479
661734916
661734916
197582817
197582817
65860939
65860939
65860939
65860939
65860939
65860939
597913585
597913585
532052646
532052646
597913585
597913585
597913585
597913585
809347737
809347737
809347737
809347737
674212394
674212394
890233700
890233700
647087704
647087704
647087704
647087704
970631556
970631556
323543852
323543852
161771926
161771926
161771926
161771926
404429815
404429815
701337084
701337084
889745593
889745593
943994973
943994973
957557318
957557318
957557318
957557318
407511645
407511645
702877999
702877999
135837215
135837215
135837215
135837215
106320147
106320147
318960441
318960441
106320147
106320147
318960441
318960441
329582672
329582672
988748016
988748016
329582672
329582672
988748016
988748016
388076920
388076920
388076920
388076920
462107091
462107091
388076920
388076920
189337235
189337235
189337235
189337235
113602341
113602341
37867447
37867447
823956680
823956680
823956680
823956680
237690667
237690667
617967510
617967510
965266553
965266553
965266553
965266553
973511003
973511003
989999903
989999903
986042567
986042567
986042567
986042567
949437209
949437209
949437209
949437209
798144563
798144563
931544423
931544423
731444633
731444633
864844493
864844493
898194458
898194458
964894388
964894388
831494528
831494528
831494528
831494528
345160413
345160413
345160413
345160413
671702383
671702383
345160413
345160413
345160413
345160413
671702383
671702383
619733975
619733975
619733975
619733975
65916287
65916287
65916287
65916287
65916287
65916287
65916287
65916287
385164479
385164479
385164479
385164479
266040160
266040160
798120480
798120480
828825498
828825498
828825498
828825498
693290414
693290414
896593040
896593040
211110123
211110123
422220246
422220246
907015857
907015857
302338619
302338619
188936973
188936973
62978991
62978991
272908961
272908961
272908961
272908961
556673419
556673419
556673419
556673419
335887952
335887952
335887952
335887952
146950979
146950979
714479895
714479895
288833208
288833208
577666416
577666416
871568374
871568374
871568374
871568374
409722440
409722440
409722440
409722440
230075450
230075450
230075450
230075450
345113175
345113175
115037725
115037725
230075450
230075450
230075450
230075450
857225777
857225777
575188625
575188625
694427698
694427698
564224017
564224017
694427698
694427698
564224017
564224017
672729101
672729101
347213849
347213849
347213849
347213849
781234185
781234185
744667130
744667130
744667130
744667130
237512684
237512684
744667130
744667130
580439994
580439994
580439994
580439994
70102546
70102546
70102546
70102546
354267189
354267189
354267189
354267189
354267189
354267189
354267189
354267189
296325194
296325194
296325194
296325194
412209184
412209184
412209184
412209184
390266216
390266216
172554295
172554295
390266216
390266216
172554295
172554295
668176520
668176520
888221742
888221742
782219558
782219558
566194763
566194763
312909819
312909819
312909819
312909819
329914075
329914075
329914075
329914075
923759410
923759410
923759410
923759410
819456137
819456137
819456137
819456137
443832385
443832385
887664770
887664770
887664770
887664770
443832385
443832385
842315987
842315987
946268231
946268231
773014491
773014491
322554767
322554767
774032165
774032165
774032165
774032165
774032165
774032165
549819977
549819977
886138259
886138259
886138259
886138259
886138259
886138259
886138259
886138259
717607958
717607958
436971563
436971563
624062493
624062493
624062493
624062493
717607958
717607958
904698888
904698888
889321007
889321007
780397661
780397661
471891340
471891340
471891340
471891340
339262083
339262083
113087361
113087361
471891340
471891340
471891340
471891340
353918505
353918505
117972835
117972835
639121554
639121554
639121554
639121554
279998755
279998755
279998755
279998755
218021648
218021648
218021648
218021648
956191766
956191766
956191766
956191766
179562996
179562996
179562996
179562996
453470865
453470865
453470865
453470865
395645764
395645764
395645764
395645764
989114410
989114410
989114410
989114410
313210575
313210575
939631725
939631725
313210575
313210575
939631725
939631725
403876656
403876656
201938328
201938328
403876656
403876656
201938328
201938328
403876656
403876656
403876656
403876656
361199533
361199533
361199533
361199533
477142441
477142441
491795598
491795598
403876656
403876656
403876656
403876656
131468697
131468697
394406091
394406091
262937394
262937394
262937394
262937394
154590437
154590437
309180874
309180874
154590437
154590437
309180874
309180874
226156922
226156922
226156922
226156922
339235383
339235383
113078461
113078461
334369934
334369934
334369934
334369934
334369934
334369934
4865449
4865449
487219965
487219965
487219965
487219965
487219965
487219965
487219965
487219965
244405090
244405090
414216481
414216481
122202545
122202545
706230417
706230417
738219898
738219898
478195443
478195443
630826308
630826308
630826308
630826308
217361565
217361565
217361565
217361565
86944626
86944626
86944626
86944626
866664109
866664109
866664109
866664109
603503621
603503621
603503621
603503621
835051556
835051556
835051556
835051556
943846754
943846754
943846754
943846754
226895422
226895422
226895422
226895422
735083865
735083865
245027955
245027955
907581688
907581688
907581688
907581688
417525778
417525778
471923377
471923377
290840228
290840228
290840228
290840228
290840228
290840228
872520684
872520684
447050834
447050834
447050834
447050834
834410302
834410302
610884885
610884885
866664109
866664109
603503621
603503621
285945534
285945534
95315178
95315178
422178291
422178291
422178291
422178291
33536315
33536315
676675007
676675007
494302679
494302679
830263795
830263795
830263795
830263795
494302679
494302679
883044316
883044316
652644242
652644242
76644057
76644057
76644057
76644057
94996477
94996477
94996477
94996477
94996477
94996477
546620415
546620415
481760062
481760062
481760062
481760062
481760062
481760062
481760062
481760062
549913373
549913373
549913373
549913373
699357033
699357033
699357033
699357033
549913373
549913373
549913373
549913373
854660552
854660552
950383086
950383086
33985783
33985783
101957349
101957349
101957349
101957349
101957349
101957349
196180081
196180081
392360162
392360162
341264124
341264124
341264124
341264124
274974136
274974136
274974136
274974136
561893231
561893231
687435340
687435340
423113017
423113017
423113017
423113017
271094698
271094698
423113017
423113017
443123497
443123497
720683925
720683925
443123497
443123497
443123497
443123497
331126138
331126138
331126138
331126138
774249635
774249635
774249635
774249635
195955477
195955477
398066610
398066610
796133220
796133220
796133220
796133220
703358507
703358507
703358507
703358507
654210866
654210866
310177379
310177379
686872598
686872598
686872598
686872598
686872598
686872598
686872598
686872598
281161948
281161948
281161948
281161948
351452435
351452435
702904870
702904870
541246051
541246051
541246051
541246051
625493800
625493800
625493800
625493800
84247749
84247749
252743247
252743247
280825830
280825830
280825830
280825830
295069721
295069721
295069721
295069721
295069721
295069721
295069721
295069721
677594922
677594922
225864974
225864974
225864974
225864974
677594922
677594922
445068582
445068582
445068582
445068582
445068582
445068582
336961393
336961393
791593428
791593428
791593428
791593428
139873921
139873921
139873921
139873921
782029975
782029975
782029975
782029975
667602873
667602873
667602873
667602873
114427102
114427102
57213551
57213551
445068582
445068582
445068582
445068582
896508513
896508513
794772673
794772673
197100331
197100331
197100331
197100331
458484917
458484917
818324541
818324541
638404729
638404729
916969834
916969834
794772673
794772673
597672342
597672342
156405995
156405995
469217985
469217985
469217985
469217985
156405995
156405995
890137164
890137164
782029975
782029975
670925142
670925142
670925142
670925142
687211862
687211862
687211862
687211862
687211862
687211862
376179371
376179371
687211862
687211862
687211862
687211862
400886314
400886314
466376889
466376889
440180659
440180659
479475004
479475004
893459433
893459433
893459433
893459433
841066973
841066973
945851893
945851893
478331953
478331953
492192102
492192102
970524055
970524055
970524055
970524055
20225785
20225785
60677355
60677355
81455516
81455516
244366548
244366548
284037804
284037804
568075608
568075608
794185339
794185339
794185339
794185339
163404020
163404020
163404020
163404020
719964242
719964242
163404020
163404020
620272794
620272794
620272794
620272794
654190375
654190375
654190375
654190375
362679218
362679218
362679218
362679218
871131326
871131326
871131326
871131326
399929698
399929698
799859396
799859396
585720948
585720948
585720948
585720948
758918491
758918491
758918491
758918491
280266767
280266767
639255560
639255560
953003449
953003449
953003449
953003449
256129234
256129234
256129234
256129234
696874215
696874215
94133939
94133939
629012859
629012859
629012859
629012859
293800635
293800635
97933545
97933545
587601270
587601270
195867090
195867090
763542748
763542748
763542748
763542748
969033741
969033741
910612517
910612517
737062581
737062581
737062581
737062581
214699037
214699037
737062581
737062581
936267373
936267373
936267373
936267373
951761618
951761618
951761618
951761618
90196042
90196042
45098021
45098021
155491485
155491485
155491485
155491485
401179012
401179012
401179012
401179012
401179012
401179012
200589506
200589506
223964616
223964616
223964616
223964616
335946924
335946924
335946924
335946924
210311164
210311164
210311164
210311164
420622328
420622328
420622328
420622328
252753873
252753873
252753873
252753873
252753873
252753873
252753873
252753873
84251291
84251291
252753873
252753873
252753873
252753873
252753873
252753873
354831901
354831901
66251350
66251350
354831901
354831901
66251350
66251350
381843860
381843860
381843860
381843860
388077389
388077389
388077389
388077389
393009565
393009565
695626959
695626959
393009565
393009565
393009565
393009565
723137368
723137368
573793907
573793907
786019130
786019130
361568684
361568684
89280987
89280987
29760329
29760329
29760329
29760329
29760329
29760329
59520658
59520658
59520658
59520658
29760329
29760329
89280987
89280987
168865504
168865504
389036619
389036619
389036619
389036619
389036619
389036619
581333437
581333437
581333437
581333437
157957779
157957779
157957779
157957779
84417793
84417793
360887382
360887382
84417793
84417793
84417793
84417793
168835586
168835586
168835586
168835586
445305175
445305175
445305175
445305175
914535054
914535054
914535054
914535054
164911704
164911704
164911704
164911704
914535054
914535054
914535054
914535054
164911704
164911704
164911704
164911704
892909205
892909205
892909205
892909205
304496108
304496108
766994938
766994938
622744411
622744411
622744411
622744411
434994440
434994440
810494382
810494382
260311340
260311340
752266682
752266682
130155670
130155670
260311340
260311340
14333669
14333669
14333669
14333669
14333669
14333669
14333669
14333669
19263170
19263170
19263170
19263170
134842190
134842190
134842190
134842190
578184638
578184638
858224448
858224448
587237147
587237147
176229941
176229941
911125781
911125781
911125781
911125781
593138707
593138707
593138707
593138707
969204829
969204829
911125781
911125781
564099183
564099183
564099183
564099183
545773889
545773889
545773889
545773889
545773889
545773889
545773889
545773889
743729717
743729717
743729717
743729717
319538657
319538657
658891505
658891505
735760123
735760123
867002238
867002238
867002238
867002238
735760123
735760123
735760123
735760123
735760123
735760123
157758631
157758631
157758631
157758631
8630677
8630677
17261354
17261354
287678580
287678580
287678580
287678580
678921289
678921289
678921289
678921289
80550322
80550322
80550322
80550322
819375710
819375710
640507067
640507067
878998591
878998591
878998591
878998591
772570961
772570961
772570961
772570961
471673105
471673105
416774962
416774962
739317693
739317693
739317693
739317693
687532361
687532361
687532361
687532361
972351687
972351687
972351687
972351687
972351687
972351687
972351687
972351687
959405354
959405354
959405354
959405354
907620022
907620022
726371360
726371360
726371360
726371360
363185680
363185680
181592840
181592840
181592840
181592840
575470237
575470237
575470237
575470237
152696121
152696121
50898707
50898707
732841696
732841696
732841696
732841696
119122841
119122841
119122841
119122841
484522144
484522144
484522144
484522144
494255499
494255499
494255499
494255499
803577253
803577253
900910803
900910803
319770311
319770311
319770311
319770311
341120695
341120695
669682524
669682524
341120695
341120695
341120695
341120695
341120695
341120695
669682524
669682524
669682524
669682524
341120695
341120695
334841262
334841262
334841262
334841262
341120695
341120695
669682524
669682524
277967898
277967898
277967898
277967898
416951847
416951847
138983949
138983949
64007199
64007199
64007199
64007199
21335733
21335733
21335733
21335733
47610638
47610638
47610638
47610638
388293862
388293862
776587724
776587724
338585024
338585024
338585024
338585024
373606462
373606462
373606462
373606462
574337019
574337019
724766704
724766704
362383352
362383352
724766704
724766704
426326984
426326984
426326984
426326984
969126276
969126276
969126276
969126276
816986676
816986676
454471322
454471322
804229289
804229289
804229289
804229289
812597950
812597950
812597950
812597950
792931893
792931893
264310631
264310631
548287319
548287319
848258675
848258675
417967698
417967698
417967698
417967698
169824052
169824052
169824052
169824052
500600745
500600745
500600745
500600745
313984392
313984392
104661464
104661464
418645856
418645856
837291712
837291712
403340477
403340477
403340477
403340477
700792415
700792415
105888539
105888539
411907963
411907963
823815926
823815926
823815926
823815926
411907963
411907963
933904987
933904987
805226255
805226255
869565621
869565621
869565621
869565621
370320422
370320422
370320422
370320422
370320422
370320422
370320422
370320422
278753308
278753308
278753308
278753308
168062378
168062378
504187134
504187134
94161104
94161104
188322208
188322208
395522187
395522187
395522187
395522187
237842768
237842768
237842768
237842768
85762451
85762451
85762451
85762451
713528304
713528304
356764152
356764152
356764152
356764152
713528304
713528304
296176523
296176523
764221743
764221743
530199133
530199133
530199133
530199133
288536207
288536207
865608621
865608621
222218341
222218341
444436682
444436682
806448354
806448354
614652355
614652355
245860942
245860942
245860942
245860942
763601799
763601799
763601799
763601799
353990828
353990828
353990828
353990828
353990828
353990828
176995414
176995414
176995414
176995414
353990828
353990828
245860942
245860942
245860942
245860942
614652355
614652355
614652355
614652355
542252872
542252872
628514263
628514263
542252872
542252872
628514263
628514263
76106665
76106665
76106665
76106665
76106665
76106665
76106665
76106665
11376696
11376696
11376696
11376696
7584464
7584464
7584464
7584464
146534005
146534005
146534005
146534005
674660796
674660796
27493682
27493682
31488358
31488358
15744179
15744179
686488474
686488474
686488474
686488474
204801511
204801511
401015288
401015288
204801511
204801511
401015288
401015288
515582000
515582000
837356902
837356902
206232800
206232800
206232800
206232800
742828236
742828236
742828236
742828236
974824238
974824238
974824238
974824238
994174461
994174461
994174461
994174461
995191934
995191934
992139515
992139515
994174461
994174461
986034677
986034677
992139515
992139515
992139515
992139515
600511713
600511713
600511713
600511713
300981
300981
902943
902943
380533325
380533325
380533325
380533325
207207927
207207927
207207927
207207927
974108479
974108479
657450944
657450944
292521661
292521661
430255338
430255338
633315070
633315070
543853141
543853141
633315070
633315070
316657535
316657535
845664454
845664454
845664454
845664454
539065765
539065765
539065765
539065765
86941399
86941399
361728584
361728584
361728584
361728584
86941399
86941399
32510518
32510518
16255259
16255259
507249806
507249806
507249806
507249806
879559531
879559531
879559531
879559531
388564984
388564984
194282492
194282492
101851042
101851042
101851042
101851042
101851042
101851042
101851042
101851042
633011356
633011356
543751903
543751903
543751903
543751903
633011356
633011356
41427122
41427122
41427122
41427122
509478957
509478957
509478957
509478957
207934295
207934295
623802885
623802885
156762756
156762756
470288268
470288268
918159037
918159037
757988405
757988405
798031063
798031063
597817773
597817773
9489171
9489171
9489171
9489171
9489171
9489171
9489171
9489171
638801130
638801130
638801130
638801130
757988405
757988405
918159037
918159037
199272591
199272591
598758472
598758472
598758472
598758472
199272591
199272591
139067667
139067667
139067667
139067667
661367788
661367788
324491223
324491223
799413248
799413248
799413248
799413248
77259815
77259815
691249507
691249507
939617225
939617225
939617225
939617225
976259180
976259180
990915962
990915962
968930789
968930789
939617225
939617225
983587571
983587571
983587571
983587571
734872910
734872910
471501467
471501467
637782697
637782697
637782697
637782697
748822508
748822508
915103738
915103738
898475615
898475615
898475615
898475615
103298507
103298507
103298507
103298507
654069937
654069937
550771430
550771430
608210803
608210803
608210803
608210803
608210803
608210803
608210803
608210803
803913071
803913071
803913071
803913071
521214099
521214099
521214099
521214099
759806862
759806862
759806862
759806862
633172385
633172385
633172385
633172385
984663125
984663125
984663125
984663125
142607713
142607713
380284022
380284022
733405588
733405588
577216647
577216647
156188941
156188941
312377882
312377882
547506506
547506506
547506506
547506506
635998803
635998803
909752056
909752056
728629281
728629281
189399137
189399137
728629281
728629281
189399137
189399137
419174039
419174039
708709196
708709196
805220915
805220915
805220915
805220915
516642348
516642348
172214116
172214116
516642348
516642348
516642348
516642348
876260698
876260698
754277043
754277043
251425681
251425681
754277043
754277043
14916742
14916742
14916742
14916742
14916742
14916742
14916742
14916742
355483838
355483838
355483838
355483838
888709595
888709595
888709595
888709595
684105613
684105613
684105613
684105613
369966873
369966873
369966873
369966873
185631549
185631549
556894647
556894647
742526196
742526196
742526196
742526196
616869013
616869013
616869013
616869013
268836018
268836018
134418009
134418009
624597656
624597656
312298828
312298828
312298828
312298828
312298828
312298828
589600318
589600318
589600318
589600318
426142704
426142704
280183759
280183759
97521878
97521878
97521878
97521878
893047284
893047284
446523642
446523642
820392052
820392052
820392052
820392052
214179917
214179917
214179917
214179917
617532694
617532694
538592349
538592349
78940345
78940345
78940345
78940345
354221698
354221698
450822017
450822017
171747586
171747586
171747586
171747586
281786855
281786855
759425187
759425187
42967689
42967689
520606021
520606021
830578191
830578191
830578191
830578191
276859397
276859397
276859397
276859397
505399032
505399032
517952743
517952743
73993249
73993249
73993249
73993249
517952743
517952743
758098548
758098548
505399032
505399032
505399032
505399032
918831826
918831826
459415913
459415913
639025393
639025393
639025393
639025393
433945020
433945020
433945020
433945020
519709182
519709182
173236394
173236394
111992633
111992633
702827113
702827113
383599215
383599215
152553292
152553292
482123501
482123501
482123501
482123501
740183927
740183927
224063075
224063075
2279427
2279427
2279427
2279427
1519618
1519618
1519618
1519618
377095940
377095940
754191880
754191880
754191880
754191880
754191880
754191880
531502726
531502726
509915693
509915693
21587033
21587033
21587033
21587033
21587033
21587033
21587033
21587033
754080023
754080023
265751363
265751363
703832457
703832457
409420561
409420561
631997858
631997858
876162188
876162188
21587033
21587033
21587033
21587033
509915693
509915693
21587033
21587033
972819593
972819593
989769433
989769433
996549369
996549369
996549369
996549369
991464417
991464417
991464417
991464417
981294513
981294513
327098171
327098171
986803211
986803211
986803211
986803211
986803211
986803211
986803211
986803211
982989497
982989497
982989497
982989497
982989497
982989497
982989497
982989497
791015447
791015447
376557635
376557635
169328729
169328729
169328729
169328729
583786541
583786541
169328729
169328729
169328729
169328729
721939145
721939145
429614983
429614983
290600596
290600596
429614983
429614983
290600596
290600596
423976693
423976693
423976693
423976693
984796249
984796249
971348145
971348145
133452068
133452068
266904136
266904136
306410525
306410525
306410525
306410525
133452068
133452068
266904136
266904136
843432326
843432326
843432326
843432326
306410525
306410525
306410525
306410525
767633077
767633077
306410525
306410525
952310906
952310906
906377459
906377459
215111003
215111003
215111003
215111003
472941924
472941924
472941924
472941924
945883848
945883848
945883848
945883848
266904136
266904136
421716163
421716163
652327439
652327439
958737964
958737964
303196996
303196996
909590988
909590988
303196996
303196996
909590988
909590988
227397747
227397747
75799249
75799249
985390237
985390237
991817295
991817295
444274371
444274371
334578760
334578760
66915752
66915752
200747256
200747256
535326016
535326016
535326016
535326016
48271786
48271786
48271786
48271786
735337938
735337938
735337938
735337938
523812770
523812770
49381187
49381187
909275508
909275508
303091836
303091836
214122991
214122991
214122991
214122991
178987620
178987620
59662540
59662540
775613020
775613020
387806510
387806510
731315731
731315731
197458487
197458487
731315731
731315731
731315731
731315731
387806510
387806510
387806510
387806510
581709765
581709765
193903255
193903255
387806510
387806510
387806510
387806510
775613020
775613020
775613020
775613020
938288220
938288220
818375954
818375954
544729859
544729859
544729859
544729859
962440837
962440837
962440837
962440837
676012709
676012709
890833805
890833805
676581104
676581104
676581104
676581104
743090316
743090316
743090316
743090316
709835710
709835710
133018424
133018424
133018424
133018424
709835710
709835710
563470169
563470169
853319625
853319625
853319625
853319625
563470169
563470169
924649712
924649712
924649712
924649712
396278448
396278448
396278448
396278448
831385901
831385901
942624869
942624869
942624869
942624869
831385901
831385901
788493527
788493527
893368940
893368940
670026705
670026705
670026705
670026705
145961570
145961570
145961570
145961570
490373967
490373967
490373967
490373967
262730826
262730826
87576942
87576942
145961570
145961570
437884710
437884710
68147015
68147015
68147015
68147015
337291252
337291252
337291252
337291252
389357316
389357316
129785772
129785772
648928860
648928860
324464430
324464430
445713589
445713589
445713589
445713589
948396338
948396338
948396338
948396338
969759773
969759773
969759773
969759773
984002063
984002063
969759773
969759773
979522160
979522160
489761080
489761080
122440270
122440270
122440270
122440270
489761080
489761080
979522160
979522160
979522160
979522160
489761080
489761080
884355358
884355358
884355358
884355358
214399689
214399689
214399689
214399689
378544031
378544031
378544031
378544031
50255347
50255347
150766041
150766041
378491796
378491796
378491796
378491796
252327864
252327864
252327864
252327864
117180171
117180171
39060057
39060057
39060057
39060057
117180171
117180171
884574697
884574697
884574697
884574697
202556761
202556761
600400557
600400557
381852787
381852787
147314008
147314008
73657004
73657004
73657004
73657004
205740911
205740911
617222733
617222733
411481822
411481822
411481822
411481822
124884440
124884440
124884440
124884440
874191080
874191080
437095540
437095540
975798837
975798837
325266279
325266279
975798837
975798837
975798837
975798837
605641526
605641526
605641526
605641526
908462289
908462289
302820763
302820763
826031719
826031719
826031719
826031719
137181183
137181183
137181183
137181183
459381871
459381871
459381871
459381871
728813112
728813112
459381871
459381871
640381629
640381629
640381629
640381629
640381629
640381629
213460543
213460543
922900534
922900534
640381629
640381629
640381629
640381629
922900534
922900534
467174940
467174940
233587470
233587470
922377294
922377294
922377294
922377294
481651985
481651985
481651985
481651985
116793735
116793735
116793735
116793735
31338463
31338463
31338463
31338463
514791408
514791408
546129871
546129871
803525575
803525575
803525575
803525575
386093556
386093556
386093556
386093556
399261215
399261215
399261215
399261215
399261215
399261215
399261215
399261215
798522430
798522430
798522430
798522430
798522430
798522430
399078584
399078584
310990594
310990594
310990594
310990594
717328001
717328001
717328001
717328001
948034683
948034683
316011561
316011561
316011561
316011561
316011561
316011561
586887268
586887268
586887268
586887268
702120732
702120732
702120732
702120732
340073017
340073017
21974698
21974698
234040244
234040244
702120732
702120732
311514058
311514058
934542174
934542174
792935386
792935386
792935386
792935386
191158726
191158726
191158726
191158726
913290718
913290718
743383448
743383448
305703113
305703113
917109339
917109339
365216671
365216671
454487008
454487008
545085561
545085561
637012330
637012330
818707517
818707517
818707517
818707517
898801962
898801962
898801962
898801962
349958590
349958590
449400981
449400981
137154991
137154991
137154991
137154991
813725204
813725204
813725204
813725204
37712600
37712600
37712600
37712600
56568900
56568900
18856300
18856300
94281500
94281500
94281500
94281500
339033551
339033551
339033551
339033551
905370310
905370310
719622224
719622224
359811112
359811112
452685155
452685155
812496267
812496267
812496267
812496267
626748181
626748181
812496267
812496267
894406785
894406785
894406785
894406785
972284961
972284961
972284961
972284961
988509581
988509581
969040037
969040037
969040037
969040037
988509581
988509581
698995366
698995366
100497392
100497392
399746379
399746379
399746379
399746379
468701014
468701014
468701014
468701014
448420239
448420239
448420239
448420239
918743715
918743715
918743715
918743715
958494034
958494034
958494034
958494034
721709834
721709834
721709834
721709834
168640796
168640796
168640796
168640796
569923202
569923202
569923202
569923202
424806153
424806153
141602051
141602051
141602051
141602051
141602051
141602051
283204102
283204102
566408204
566408204
404126429
404126429
214134934
214134934
884249456
884249456
884249456
884249456
283204102
283204102
566408204
566408204
141602051
141602051
141602051
141602051
376416709
376416709
752833418
752833418
752833418
752833418
752833418
752833418
808252858
808252858
808252858
808252858
884249456
884249456
960246054
960246054
338418410
338418410
338418410
338418410
338418410
338418410
338418410
338418410
590654209
590654209
773718274
773718274
773718274
773718274
773718274
773718274
106383529
106383529
368209294
368209294
368209294
368209294
106383529
106383529
886761750
886761750
886761750
886761750
886761750
886761750
295587250
295587250
844853953
844853953
844853953
844853953
186604558
186604558
186604558
186604558
696596995
696596995
696596995
696596995
959896753
959896753
959896753
959896753
187184969
187184969
561554907
561554907
124865461
124865461
374369938
374369938
473609305
473609305
473609305
473609305
473609305
473609305
473609305
473609305
703338371
703338371
408432389
408432389
703338371
703338371
703338371
703338371
862130416
862130416
862130416
862130416
408387100
408387100
226916947
226916947
447734146
447734146
223867073
223867073
804650033
804650033
804650033
804650033
319938583
319938583
319938583
319938583
902172843
902172843
806101333
806101333
223867073
223867073
447734146
447734146
447734146
447734146
447734146
447734146
836181502
836181502
674118651
674118651
385929924
385929924
128643308
128643308
791896092
791896092
791896092
791896092
263965364
263965364
791896092
791896092
395948046
395948046
791896092
791896092
796083211
796083211
796083211
796083211
345702618
345702618
115234206
115234206
576171030
576171030
576171030
576171030
845502943
845502943
921873648
921873648
230468412
230468412
230468412
230468412
647098865
647098865
822671609
822671609
647098865
647098865
647098865
647098865
854692857
854692857
284897619
284897619
651509611
651509611
651509611
651509611
647098865
647098865
822671609
822671609
647098865
647098865
881195857
881195857
647098865
647098865
822671609
822671609
881195857
881195857
647098865
647098865
594386600
594386600
784915447
784915447
381057694
381057694
190528847
190528847
371491625
371491625
371491625
371491625
562020472
562020472
520088275
520088275
468351518
468351518
468351518
468351518
338445201
338445201
112815067
112815067
615349085
615349085
615349085
615349085
711072902
711072902
711072902
711072902
201573984
201573984
201573984
201573984
201573984
201573984
201573984
201573984
100786992
100786992
100786992
100786992
151180488
151180488
151180488
151180488
115048556
115048556
703845754
703845754
703845754
703845754
703845754
703845754
245668293
245668293
245668293
245668293
245668293
245668293
245668293
245668293
37586353
37586353
37586353
37586353
517915353
517915353
517915353
517915353
983249623
983249623
953260163
953260163
953260163
953260163
983249623
983249623
300242948
300242948
900728844
900728844
900728844
900728844
300242948
300242948
622977991
622977991
870689620
870689620
247711629
247711629
247711629
247711629
267228013
267228013
801684039
801684039
801684039
801684039
267228013
267228013
671229318
671229318
17199248
17199248
720402787
720402787
720402787
720402787
629111151
629111151
889089100
889089100
740530272
740530272
740530272
740530272
554831737
554831737
554831737
554831737
629111151
629111151
889089100
889089100
516587751
516587751
516587751
516587751
344391834
344391834
344391834
344391834
172195917
172195917
172195917
172195917
103563533
103563533
207127066
207127066
121965544
121965544
365896632
365896632
172253095
172253095
172253095
172253095
961840577
961840577
961840577
961840577
422618469
422618469
422618469
422618469
930509229
930509229
795038981
795038981
727303857
727303857
727303857
727303857
541032266
541032266
541032266
541032266
270516133
270516133
541032266
541032266
86100793
86100793
258302379
258302379
179506676
179506676
179506676
179506676
172201586
172201586
172201586
172201586
538520028
538520028
538520028
538520028
158068410
158068410
52689470
52689470
79034205
79034205
79034205
79034205
282492007
282492007
847476021
847476021
564984014
564984014
564984014
564984014
768441816
768441816
308836742
308836742
847476021
847476021
282492007
282492007
79034205
79034205
79034205
79034205
105378940
105378940
105378940
105378940
729043250
729043250
190641044
190641044
190641044
190641044
729043250
729043250
919684294
919684294
841124235
841124235
381282088
381282088
459842147
459842147
953984256
953984256
317994752
317994752
635989504
635989504
635989504
635989504
182489770
182489770
364979540
364979540
364979540
364979540
364979540
364979540
775037298
775037298
775037298
775037298
551830243
551830243
551830243
551830243
551830243
551830243
551830243
551830243
105416133
105416133
105416133
105416133
711912685
711912685
711912685
711912685
855078519
855078519
855078519
855078519
648788072
648788072
648788072
648788072
598663582
598663582
598663582
598663582
312419189
312419189
624838378
624838378
83810801
83810801
83810801
83810801
462047075
462047075
462047075
462047075
827119932
827119932
655995511
655995511
12172808
12172808
669553838
669553838
669553838
669553838
669553838
669553838
684769848
684769848
342384924
342384924
684769848
684769848
684769848
684769848
954120260
954120260
983536322
983536322
954120260
954120260
954120260
954120260
704083733
704083733
704083733
704083733
733499795
733499795
909996167
909996167
115337216
115337216
115337216
115337216
173005824
173005824
173005824
173005824
309927790
309927790
309927790
309927790
309927790
309927790
309927790
309927790
133030461
133030461
399091383
399091383
399091383
399091383
698667868
698667868
226826817
226826817
453653634
453653634
490028468
490028468
471841051
471841051
641484583
641484583
819864468
819864468
641484583
641484583
546576312
546576312
819864468
819864468
641484583
641484583
231552349
231552349
409932234
409932234
96417390
96417390
96417390
96417390
156380249
156380249
156380249
156380249
252797639
252797639
252797639
252797639
625520996
625520996
878318635
878318635
625520996
625520996
625520996
625520996
565558137
565558137
781901245
781901245
42331613
42331613
679606773
679606773
445632419
445632419
721938386
721938386
514549837
514549837
504264730
504264730
10285107
10285107
30855321
30855321
766682202
766682202
383341101
383341101
756397095
756397095
756397095
756397095
57472671
57472671
57472671
57472671
114945342
114945342
114945342
114945342
131964628
131964628
131964628
131964628
329911570
329911570
329911570
329911570
726414167
726414167
726414167
726414167
862329260
862329260
862329260
862329260
726414167
726414167
454583981
454583981
862329260
862329260
862329260
862329260
328416047
328416047
774968251
774968251
774968251
774968251
328416047
328416047
454583981
454583981
726414167
726414167
454583981
454583981
454583981
454583981
284862805
284862805
284862805
284862805
854588415
854588415
284862805
284862805
442946521
442946521
330595210
330595210
165297605
165297605
165297605
165297605
302117445
302117445
906352335
906352335
210225427
210225427
210225427
210225427
126637970
126637970
126637970
126637970
126637970
126637970
126637970
126637970
406228199
406228199
220440244
220440244
812456398
812456398
812456398
812456398
55110061
55110061
55110061
55110061
220440244
220440244
220440244
220440244
527999084
527999084
527999084
527999084
395999313
395999313
395999313
395999313
902218748
902218748
966235818
966235818
483117909
483117909
483117909
483117909
271892412
271892412
271892412
271892412
543784824
543784824
543784824
543784824
271892412
271892412
271892412
271892412
203919309
203919309
203919309
203919309
799663092
799663092
799663092
799663092
2669024
2669024
666385910
666385910
1334512
1334512
2669024
2669024
1000884
1000884
1000884
1000884
178096919
178096919
724861875
724861875
724861875
724861875
178096919
178096919
871196941
871196941
744149529
744149529
871196941
871196941
744149529
744149529
539117660
539117660
539117660
539117660
619108627
619108627
619108627
619108627
572643506
572643506
572643506
572643506
286321753
286321753
858965259
858965259
900853510
900853510
900853510
900853510
316508452
316508452
158254226
158254226
88258978
88258978
88258978
88258978
882589780
882589780
882589780
882589780
869605813
869605813
869605813
869605813
246989091
246989091
246989091
246989091
287821653
287821653
287821653
287821653
465427328
465427328
465427328
465427328
580873004
580873004
580873004
580873004
453938157
453938157
726091255
726091255
803951593
803951593
600731982
600731982
920527249
920527249
920527249
920527249
590659259
590659259
862382655
862382655
794451806
794451806
590659259
590659259
230286632
230286632
115143316
115143316
28785829
28785829
28785829
28785829
676923639
676923639
34282211
34282211
34282211
34282211
34282211
34282211
875449773
875449773
875449773
875449773
776698644
776698644
776698644
776698644
781818024
781818024
781818024
781818024
390909012
390909012
174482683
174482683
390909012
390909012
174482683
174482683
174482683
174482683
390909012
390909012
84576654
84576654
169153308
169153308
520266340
520266340
520266340
520266340
84576654
84576654
169153308
169153308
126864981
126864981
42288327
42288327
669672389
669672389
888720365
888720365
572676862
572676862
572676862
572676862
475681335
475681335
428799652
428799652
158560445
158560445
158560445
158560445
228095824
228095824
684287472
684287472
444916906
444916906
444916906
444916906
365970998
365970998
99668641
99668641
618880340
618880340
858396667
858396667
120032244
120032244
40010748
40010748
423304190
423304190
271668217
271668217
591754201
591754201
591754201
591754201
591754201
591754201
591754201
591754201
204481143
204481143
601362748
601362748
204481143
204481143
204481143
204481143
613443429
613443429
613443429
613443429
216561824
216561824
433123648
433123648
330862406
330862406
330862406
330862406
330862406
330862406
775783704
775783704
820615917
820615917
273538639
273538639
830262526
830262526
830262526
830262526
169505730
169505730
339011460
339011460
135604584
135604584
135604584
135604584
397011299
397011299
797833335
797833335
597422317
597422317
597422317
597422317
314382715
314382715
437542356
437542356
314382715
314382715
437542356
437542356
35655036
35655036
11885012
11885012
35655036
35655036
17827518
17827518
794655053
794655053
794655053
794655053
191212293
191212293
573636879
573636879
59611762
59611762
59611762
59611762
89417643
89417643
29805881
29805881
157388879
157388879
157388879
157388879
297531458
297531458
892594374
892594374
507936318
507936318
507936318
507936318
253968159
253968159
253968159
253968159
737642661
737642661
216439277
216439277
432878554
432878554
477040969
477040969
216439277
216439277
216439277
216439277
954081938
954081938
909919523
909919523
802793084
802793084
802793084
802793084
607341815
607341815
802793084
802793084
607341815
607341815
607341815
607341815
607341815
607341815
867943507
867943507
411890546
411890546
802793084
802793084
672492238
672492238
20988008
20988008
216439277
216439277
737642661
737642661
954081938
954081938
909919523
909919523
933093930
933093930
933093930
933093930
933093930
933093930
933093930
933093930
346740123
346740123
346740123
346740123
737642661
737642661
737642661
737642661
736781976
736781976
213857222
213857222
229725607
229725607
689176821
689176821
13793343
13793343
13793343
13793343
55173372
55173372
27586686
27586686
470525813
470525813
822338173
822338173
822338173
822338173
470525813
470525813
598050054
598050054
197855755
197855755
118713453
118713453
39571151
39571151
780667910
780667910
925718872
925718872
925718872
925718872
780667910
780667910
770889209
770889209
770889209
770889209
988302835
988302835
662182396
662182396
222954936
222954936
222954936
222954936
222954936
222954936
222954936
222954936
513056860
513056860
540926227
540926227
680273062
680273062
680273062
680273062
707223037
707223037
707223037
707223037
561712379
561712379
561712379
561712379
771412683
771412683
884828518
884828518
771412683
771412683
884828518
884828518
834643685
834643685
671043017
671043017
951501305
951501305
951501305
951501305
742710938
742710938
231644108
231644108
742710938
742710938
231644108
231644108
4126589
4126589
12379767
12379767
8253178
8253178
8253178
8253178
16506356
16506356
8253178
8253178
4126589
4126589
4126589
4126589
843429276
843429276
843429276
843429276
969757291
969757291
656000548
656000548
501185471
501185471
505312060
505312060
501185471
501185471
501185471
501185471
146168245
146168245
292336490
292336490
292336490
292336490
292336490
292336490
58467298
58467298
58467298
58467298
29233649
29233649
58467298
58467298
821373995
821373995
821373995
821373995
644503637
644503637
644503637
644503637
366469408
366469408
366469408
366469408
94799525
94799525
189599050
189599050
958797475
958797475
958797475
958797475
879903719
879903719
958797475
958797475
958797475
958797475
879903719
879903719
958797475
958797475
879903719
879903719
846480353
846480353
542952353
542952353
770598353
770598353
770598353
770598353
931847603
931847603
931847603
931847603
855965603
855965603
855965603
855965603
101972957
101972957
101972957
101972957
550108655
550108655
652081612
652081612
112374745
112374745
224749490
224749490
32107070
32107070
32107070
32107070
865805370
865805370
600927404
600927404
640154174
640154174
922218169
922218169
212706658
212706658
638119974
638119974
212706658
212706658
212706658
212706658
946154940
946154940
894065527
894065527
894065527
894065527
946154940
946154940
685707875
685707875
841976114
841976114
420988057
420988057
420988057
420988057
894065527
894065527
894065527
894065527
368898644
368898644
737797288
737797288
420988057
420988057
420988057
420988057
316809231
316809231
657526792
657526792
643929952
643929952
547391435
547391435
547391435
547391435
643929952
643929952
688964268
688964268
688964268
688964268
724166317
724166317
724166317
724166317
672662116
672662116
672662116
672662116
21497642
21497642
672662116
672662116
114928656
114928656
38309552
38309552
76619104
76619104
76619104
76619104
146195295
146195295
48731765
48731765
633512945
633512945
815878649
815878649
97463530
97463530
97463530
97463530
97463530
97463530
97463530
97463530
970209384
970209384
970209384
970209384
593339618
593339618
593339618
593339618
727657038
727657038
727657038
727657038
914139446
914139446
457069723
457069723
990005269
990005269
990005269
990005269
646271706
646271706
646271706
646271706
458157553
458157553
458157553
458157553
646271706
646271706
323135853
323135853
155403124
155403124
310806248
310806248
860756732
860756732
585781490
585781490
233104686
233104686
77701562
77701562
292890745
292890745
292890745
292890745
260868262
260868262
419704205
419704205
696491762
696491762
696491762
696491762
416520346
416520346
416520346
416520346
679848406
679848406
679848406
679848406
903900959
903900959
951072656
951072656
966796555
966796555
966796555
966796555
152910066
152910066
152910066
152910066
690259759
690259759
382275165
382275165
256152906
256152906
256152906
256152906
128076453
128076453
384229359
384229359
512305812
512305812
256152906
256152906
512305812
512305812
512305812
512305812
118041362
118041362
118041362
118041362
118041362
118041362
118041362
118041362
908578279
908578279
729246131
729246131
818912205
818912205
818912205
818912205
142447055
142447055
142447055
142447055
284894110
284894110
284894110
284894110
855611470
855611470
855611470
855611470
570345704
570345704
570345704
570345704
760538367
760538367
522832381
522832381
760538367
760538367
760538367
760538367
522832381
522832381
522832381
522832381
808098147
808098147
427805735
427805735
486759861
486759861
742502107
742502107
69537123
69537123
69537123
69537123
252361869
252361869
252361869
252361869
252361869
252361869
252361869
252361869
672964984
672964984
672964984
672964984
504723738
504723738
168241246
168241246
581552611
581552611
789898482
789898482
526598988
526598988
526598988
526598988
307182743
307182743
307182743
307182743
384011616
384011616
128003872
128003872
550496299
550496299
102748245
102748245
299890993
299890993
299890993
299890993
208478620
208478620
208478620
208478620
208478620
208478620
402240991
402240991
131649747
131649747
131649747
131649747
131649747
131649747
131649747
131649747
361726739
361726739
361726739
361726739
642129351
642129351
928143700
928143700
577640435
577640435
858043047
858043047
297237823
297237823
431827392
431827392
870901595
870901595
870901595
870901595
201807554
201807554
201807554
201807554
402440744
402440744
402440744
402440744
209077879
209077879
209077879
209077879
465680227
465680227
465680227
465680227
99699082
99699082
99699082
99699082
465680227
465680227
465680227
465680227
465680227
465680227
465680227
465680227
207915343
207915343
415830686
415830686
415830686
415830686
207915343
207915343
623746029
623746029
249247705
249247705
623746029
623746029
249247705
249247705
286152719
286152719
858458157
858458157
572305438
572305438
572305438
572305438
572305438
572305438
572305438
572305438
858458157
858458157
286152719
286152719
247554671
247554671
247554671
247554671
593178532
593178532
593178532
593178532
699273391
699273391
565839248
565839248
699273391
699273391
848758872
848758872
5460792
5460792
5460792
5460792
602223087
602223087
602223087
602223087
607683879
607683879
607683879
607683879
607683879
607683879
607683879
607683879
759434199
759434199
759434199
759434199
753290808
753290808
753290808
753290808
382788795
382788795
765577590
765577590
690516574
690516574
75061016
75061016
760586085
760586085
253528695
253528695
304234434
304234434
304234434
304234434
743168429
743168429
488092505
488092505
488092505
488092505
743168429
743168429
121987405
121987405
121987405
121987405
121987405
121987405
560115879
560115879
584385087
584385087
584385087
584385087
925436729
925436729
925436729
925436729
1969399
1969399
1969399
1969399
29540985
29540985
9846995
9846995
513892669
513892669
29540985
29540985
29540985
29540985
29540985
29540985
625729857
625729857
878945218
878945218
133916226
133916226
133916226
133916226
439472609
439472609
811987105
811987105
573388835
573388835
573388835
573388835
343995634
343995634
171997817
171997817
791682719
791682719
378559451
378559451
585121085
585121085
757118902
757118902
171997817
171997817
171997817
171997817
190840144
190840144
190840144
190840144
592095380
592095380
592095380
592095380
601335639
601335639
601335639
601335639
200160805
200160805
200160805
200160805
499331195
499331195
831939967
831939967
199732478
199732478
199732478
199732478
599615471
599615471
865368059
865368059
732491765
732491765
732491765
732491765
343995634
343995634
343995634
343995634
171997817
171997817
171997817
171997817
722760402
722760402
722760402
722760402
671222652
671222652
671222652
671222652
564163411
564163411
564163411
564163411
425314235
425314235
425314235
425314235
959398068
959398068
959398068
959398068
920551783
920551783
920551783
920551783
81113198
81113198
81113198
81113198
243339594
243339594
243339594
243339594
243339594
243339594
243339594
243339594
345652627
345652627
447965660
447965660
38013246
38013246
38013246
38013246
435964704
435964704
435964704
435964704
363303920
363303920
363303920
363303920
275002221
275002221
91667407
91667407
937907206
937907206
937907206
937907206
348279309
348279309
348279309
348279309
756895765
756895765
756895765
756895765
394872883
394872883
394872883
394872883
84423743
84423743
84423743
84423743
449951987
449951987
815480231
815480231
815480231
815480231
906862292
906862292
815480231
815480231
815480231
815480231
878048025
878048025
292682675
292682675
172486347
172486347
344972694
344972694
487264524
487264524
463549219
463549219
487264524
487264524
463549219
463549219
452016608
452016608
452016608
452016608
715610942
715610942
715610942
715610942
66484007
66484007
66484007
66484007
66484007
66484007
199452021
199452021
954168291
954168291
866016167
866016167
513756122
513756122
513756122
513756122
122493959
122493959
122493959
122493959
828821514
828821514
659398675
659398675
709244672
709244672
709244672
709244672
805577899
805577899
805577899
805577899
300637042
300637042
432960465
432960465
168313619
168313619
168313619
168313619
690495342
690495342
690495342
690495342
690495342
690495342
690495342
690495342
690495342
690495342
345247671
345247671
345247671
345247671
690495342
690495342
864304926
864304926
596426072
596426072
540823846
540823846
540823846
540823846
331080287
331080287
662160574
662160574
553468309
553468309
662160574
662160574
269806362
269806362
269806362
269806362
54118018
54118018
54118018
54118018
935787629
935787629
935787629
935787629
810874181
810874181
810874181
810874181
973785483
973785483
973785483
973785483
900408873
900408873
900408873
900408873
490060486
490060486
471937105
471937105
980120972
980120972
980120972
980120972
735090729
735090729
735090729
735090729
735090729
735090729
735090729
735090729
924867743
924867743
973785483
973785483
924867743
924867743
924867743
924867743
302844011
302844011
302844011
302844011
650544182
650544182
650544182
650544182
302844011
302844011
302844011
302844011
650544182
650544182
650544182
650544182
391718686
391718686
463321013
463321013
926642026
926642026
926642026
926642026
284734018
284734018
569468036
569468036
284734018
284734018
569468036
569468036
521175621
521175621
565282510
565282510
565282510
565282510
521175621
521175621
696971055
696971055
232323685
232323685
583914553
583914553
583914553
583914553
393879019
393879019
464041124
464041124
928082248
928082248
928082248
928082248
370954931
370954931
370954931
370954931
812071967
812071967
812071967
812071967
716131893
716131893
716131893
716131893
716131893
716131893
716131893
716131893
716131893
716131893
716131893
716131893
208663123
208663123
625989369
625989369
283784179
283784179
427342844
427342844
213671422
213671422
213671422
213671422
824639323
824639323
607627892
607627892
217011431
217011431
217011431
217011431
1932113
1932113
1932113
1932113
334036193
334036193
334036193
334036193
413252826
413252826
206626413
206626413
364950001
364950001
364950001
364950001
939551989
939551989
939551989
939551989
587397805
587397805
587397805
587397805
68352929
68352929
68352929
68352929
601651570
601651570
601651570
601651570
451594548
451594548
451594548
451594548
526860306
526860306
55476259
55476259
860629682
860629682
860629682
860629682
371774807
371774807
117080068
117080068
985098154
985098154
985098154
985098154
971951955
971951955
985098154
985098154
575385044
575385044
575385044
575385044
605890191
605890191
201963397
201963397
429655945
429655945
429655945
429655945
429655945
429655945
429655945
429655945
588767775
588767775
768058972
768058972
981279625
981279625
981279625
981279625
965535320
965535320
965535320
965535320
353505095
353505095
783331267
783331267
219034626
219034626
73011542
73011542
109517313
109517313
36505771
36505771
522066247
522066247
506770200
506770200
608124240
608124240
608124240
608124240
740070374
740070374
912186360
912186360
912186360
912186360
912186360
912186360
891840891
891840891
891840891
891840891
297280297
297280297
297280297
297280297
715881296
715881296
715881296
715881296
715881296
715881296
715881296
715881296
420839401
420839401
473027918
473027918
946055836
946055836
893867319
893867319
684154008
684154008
684154008
684154008
598114999
598114999
532119784
532119784
848397131
848397131
848397131
848397131
386736760
386736760
461660371
461660371
310499890
310499890
931499670
931499670
43521158
43521158
43521158
43521158
878840936
878840936
439420468
439420468
590986384
590986384
590986384
590986384
715356388
715356388
715356388
715356388
5424317
5424317
5424317
5424317
776242527
776242527
776242527
776242527
662950022
662950022
662950022
662950022
605119339
605119339
605119339
605119339
408556832
408556832
801681846
801681846
470270889
470270889
470270889
470270889
940541778
940541778
940541778
940541778
627027852
627027852
627027852
627027852
313513926
313513926
940541778
940541778
161413505
161413505
161413505
161413505
161413505
161413505
719300737
719300737
741242434
741242434
741242434
741242434
711479111
711479111
711479111
711479111
856347871
856347871
856347871
856347871
471239778
471239778
157079926
157079926
633380852
633380852
633380852
633380852
633380852
633380852
901898203
901898203
475035639
475035639
475035639
475035639
950071278
950071278
901898203
901898203
977412753
977412753
935749553
935749553
987828553
987828553
966996953
966996953
69469346
69469346
69469346
69469346
827591376
827591376
827591376
827591376
37755061
37755061
345333138
345333138
690666276
690666276
383088199
383088199
751555829
751555829
751555829
751555829
269669038
269669038
269669038
269669038
912419427
912419427
912419427
912419427
304139809
304139809
912419427
912419427
308374219
308374219
308374219
308374219
90604457
90604457
271813371
271813371
676929406
676929406
34299512
34299512
717931611
717931611
717931611
717931611
814340720
814340720
814340720
814340720
446533454
446533454
814340720
814340720
509188607
509188607
509188607
509188607
203585180
203585180
610755540
610755540
74291358
74291358
74291358
74291358
333373315
333373315
443872556
443872556
198110288
198110288
198110288
198110288
678190727
678190727
678190727
678190727
358137101
358137101
358137101
358137101
358137101
358137101
358137101
358137101
358137101
358137101
678190727
678190727
358137101
358137101
678190727
678190727
727508240
727508240
186036014
186036014
727508240
727508240
727508240
727508240
876196979
876196979
876196979
876196979
786390745
786390745
786390745
786390745
729587717
729587717
460931081
460931081
729587717
729587717
729587717
729587717
460931081
460931081
819139929
819139929
640035505
640035505
640035505
640035505
28122404
28122404
28122404
28122404
56244808
56244808
112489616
112489616
750440915
750440915
750440915
750440915
275925842
275925842
275925842
275925842
516740798
516740798
516740798
516740798
775111197
775111197
775111197
775111197
405174220
405174220
405174220
405174220
322990036
322990036
322990036
322990036
246164197
246164197
246164197
246164197
116288316
116288316
116288316
116288316
108546059
108546059
701678255
701678255
108546059
108546059
108546059
108546059
914168581
914168581
830092809
830092809
276697603
276697603
830092809
830092809
914168581
914168581
830092809
830092809
276697603
276697603
830092809
830092809
50352240
50352240
50352240
50352240
201408960
201408960
201408960
201408960
402817920
402817920
201408960
201408960
201408960
201408960
201408960
201408960
466106600
466106600
466106600
466106600
170474515
170474515
170474515
170474515
108041117
108041117
108041117
108041117
690097079
690097079
895528595
895528595
729925673
729925673
729925673
729925673
461606993
461606993
461606993
461606993
819365233
819365233
461606993
461606993
461606993
461606993
729925673
729925673
531108599
531108599
842532435
842532435
12794569
12794569
12794569
12794569
400985819
400985819
400985819
400985819
801971638
801971638
400985819
400985819
560870173
560870173
560870173
560870173
779557263
779557263
779557263
779557263
125526588
125526588
376579764
376579764
125526588
125526588
125526588
125526588
661958341
661958341
830101347
830101347
661958341
661958341
661958341
661958341
661958341
661958341
661958341
661958341
661958341
661958341
661958341
661958341
585911861
585911861
860800189
860800189
860800189
860800189
585911861
585911861
578684820
578684820
578684820
578684820
868027230
868027230
868027230
868027230
642911081
642911081
642911081
642911081
820577717
820577717
642911081
642911081
109911173
109911173
109911173
109911173
642911081
642911081
642911081
642911081
542169097
542169097
770206725
770206725
542169097
542169097
770206725
770206725
525152432
525152432
840547046
840547046
735415508
735415508
735415508
735415508
124370022
124370022
41456674
41456674
124622651
124622651
707037119
707037119
463952016
463952016
463952016
463952016
463952016
463952016
393611695
393611695
993867286
993867286
993867286
993867286
230027384
230027384
690082152
690082152
993867286
993867286
496933643
496933643
664037213
664037213
664037213
664037213
415461660
415461660
415461660
415461660
830923320
830923320
663602287
663602287
415461660
415461660
415461660
415461660
415461660
415461660
248140627
248140627
637164337
637164337
545136230
545136230
276084321
276084321
92028107
92028107
20515345
20515345
20515345
20515345
550410539
550410539
848966415
848966415
632273812
632273812
316136906
316136906
978310899
978310899
326103633
326103633
978310899
978310899
326103633
326103633
632273812
632273812
316136906
316136906
280939759
280939759
280939759
280939759
852789408
852789408
561879518
561879518
206550598
206550598
206550598
206550598
309825897
309825897
654035125
654035125
606314453
606314453
606314453
606314453
802279403
802279403
410349503
410349503
951342306
951342306
951342306
951342306
736957753
736957753
736957753
736957753
178502405
178502405
535507215
535507215
901929811
901929811
901929811
901929811
324042559
324042559
661143456
661143456
661143456
661143456
661143456
661143456
164375726
164375726
328751452
328751452
265399161
265399161
796197483
796197483
126704582
126704582
63352291
63352291
63352291
63352291
63352291
63352291
819286879
819286879
819286879
819286879
213443135
213443135
213443135
213443135
868507606
868507606
609034112
609034112
103303665
103303665
309910995
309910995
530798322
530798322
530798322
530798322
530798322
530798322
530798322
530798322
530798322
530798322
530798322
530798322
63352291
63352291
63352291
63352291
359288040
359288040
359288040
359288040
898220100
898220100
449110050
449110050
580337137
580337137
580337137
580337137
893767549
893767549
893767549
893767549
755528606
755528606
270097112
270097112
27381365
27381365
27381365
27381365
512812859
512812859
27381365
27381365
512812859
512812859
27381365
27381365
409865503
409865503
231352156
231352156
337029774
337029774
112343258
112343258
92346338
92346338
46173169
46173169
46173169
46173169
46173169
46173169
231352156
231352156
409865503
409865503
700722108
700722108
700722108
700722108
52838809
52838809
525541581
525541581
761892967
761892967
289190195
289190195
614232802
614232802
230221251
230221251
307116401
307116401
307116401
307116401
230221251
230221251
614232802
614232802
614232802
614232802
614232802
614232802
973637905
973637905
973637905
973637905
961334681
961334681
979789517
979789517
279434147
279434147
638839250
638839250
279434147
279434147
638839250
638839250
700978566
700978566
700978566
700978566
467319044
467319044
467319044
467319044
807425558
807425558
934638088
934638088
403712779
403712779
807425558
807425558
495684655
495684655
488809612
488809612
991369310
991369310
991369310
991369310
48669948
48669948
48669948
48669948
335924725
335924725
335924725
335924725
807449704
807449704
807449704
807449704
616655055
616655055
616655055
616655055
409963668
409963668
409963668
409963668
984356866
984356866
984356866
984356866
447387234
447387234
343917349
343917349
447387234
447387234
447387234
447387234
718959007
718959007
718959007
718959007
146557887
146557887
146557887
146557887
584989097
584989097
791616725
791616725
250709613
250709613
250709613
250709613
668558968
668558968
338873583
338873583
334279484
334279484
4594099
4594099
179643253
179643253
538929759
538929759
338873583
338873583
668558968
668558968
621538184
621538184
621538184
621538184
112957861
112957861
338873583
338873583
465955107
465955107
465955107
465955107
465955107
465955107
465955107
465955107
155318369
155318369
465955107
465955107
266206782
266206782
798620346
798620346
847028478
847028478
847028478
847028478
937977581
937977581
968110967
968110967
645788337
645788337
645788337
645788337
586664642
586664642
586664642
586664642
80245960
80245960
359496771
359496771
200078217
200078217
200078217
200078217
702011965
702011965
702011965
702011965
850128159
850128159
702011965
702011965
618629222
618629222
618629222
618629222
927943833
927943833
309314611
309314611
492090845
492090845
492090845
492090845
492090845
492090845
492090845
492090845
434180159
434180159
434180159
434180159
622201557
622201557
622201557
622201557
973536080
973536080
924119534
924119534
486768040
486768040
462059767
462059767
8540547
8540547
8540547
8540547
11387396
11387396
11387396
11387396
266096674
266096674
266096674
266096674
266096674
266096674
421447009
421447009
852308388
852308388
560436458
560436458
844539254
844539254
844539254
844539254
390402022
390402022
172961713
172961713
84004521
84004521
84004521
84004521
691846852
691846852
691846852
691846852
256966234
256966234
513932468
513932468
442538938
442538938
442538938
442538938
295701090
295701090
295701090
295701090
39270198
39270198
39270198
39270198
78540396
78540396
235621188
235621188
78540396
78540396
78540396
78540396
117810594
117810594
117810594
117810594
200841977
200841977
200841977
200841977
80933344
80933344
359725899
359725899
271613711
271613711
756034139
756034139
844244630
844244630
946911112
946911112
418991227
418991227
418991227
418991227
418991227
418991227
472411860
472411860
354308895
354308895
354308895
354308895
354308895
354308895
64682332
64682332
607487653
607487653
802866003
802866003
450277589
450277589
450277589
450277589
209892404
209892404
735460370
735460370
510216956
510216956
510216956
510216956
750936323
750936323
750936323
750936323
750936323
750936323
750936323
750936323
569961417
569961417
569961417
569961417
437295169
437295169
437295169
437295169
558897246
558897246
558897246
558897246
397503866
397503866
397503866
397503866
119550139
119550139
358650417
358650417
678447385
678447385
358650417
358650417
500966205
500966205
500966205
500966205
256015188
256015188
512030376
512030376
39763543
39763543
39763543
39763543
692005264
692005264
692005264
692005264
256015188
256015188
512030376
512030376
512030376
512030376
512030376
512030376
512030376
512030376
512030376
512030376
39386952
39386952
118160856
118160856
256609952
256609952
256609952
256609952
64152488
64152488
64152488
64152488
400953050
400953050
200476525
200476525
200476525
200476525
200476525
200476525
936314688
936314688
812455358
812455358
923928755
923928755
923928755
923928755
468157344
468157344
468157344
468157344
220438684
220438684
406227679
406227679
301743183
301743183
301743183
301743183
905229549
905229549
905229549
905229549
58182472
58182472
174547416
174547416
858095023
858095023
577796363
577796363
510471562
510471562
255235781
255235781
440987924
440987924
440987924
440987924
255235781
255235781
255235781
255235781
626740067
626740067
881975848
881975848
128874652
128874652
375706335
375706335
128874652
128874652
64437326
64437326
375706335
375706335
375706335
375706335
633455639
633455639
633455639
633455639
64437326
64437326
686975344
686975344
686975344
686975344
686975344
686975344
257682529
257682529
515365058
515365058
442822985
442822985
813103897
813103897
328257668
328257668
328257668
328257668
774915458
774915458
328257668
328257668
355901457
355901457
355901457
355901457
135414581
135414581
135414581
135414581
812487486
812487486
812487486
812487486
406243743
406243743
220486876
220486876
34730009
34730009
34730009
34730009
516487181
516487181
516487181
516487181
956763232
956763232
956763232
956763232
131806458
131806458
131806458
131806458
263612916
263612916
263612916
263612916
956763232
956763232
956763232
956763232
197709687
197709687
395419374
395419374
567933065
567933065
705554842
705554842
894835695
894835695
894835695
894835695
120447338
120447338
120447338
120447338
528663166
528663166
528663166
528663166
508969173
508969173
528663166
528663166
528663166
528663166
528663166
528663166
284025576
284025576
568051152
568051152
14049718
14049718
14049718
14049718
49174013
49174013
98348026
98348026
796101063
796101063
796101063
796101063
126447462
126447462
63223731
63223731
419568873
419568873
419568873
419568873
419568873
419568873
419568873
419568873
781241048
781241048
781241048
781241048
636572178
636572178
636572178
636572178
418155791
418155791
418155791
418155791
418155791
418155791
418155791
418155791
94290249
94290249
282870747
282870747
889607036
889607036
889607036
889607036
732912968
732912968
732912968
732912968
732912968
732912968
202250198
202250198
419445233
419445233
805311313
805311313
993236898
993236898
993236898
993236898
376006226
376006226
376006226
376006226
129774325
129774325
376006226
376006226
978834757
978834757
940015565
940015565
978834757
978834757
940015565
940015565
450976393
450976393
450976393
450976393
779337169
779337169
779337169
779337169
245231234
245231234
245231234
245231234
560429985
560429985
683045602
683045602
684805871
684805871
371367389
371367389
580326377
580326377
580326377
580326377
545499879
545499879
92755405
92755405
92755405
92755405
545499879
545499879
741638749
741638749
741638749
741638749
934092952
934092952
934092952
934092952
342278876
342278876
28592275
28592275
342278876
342278876
342278876
342278876
567777814
567777814
567777814
567777814
567777814
567777814
567777814
567777814
745135851
745135851
248378617
248378617
234188962
234188962
117094481
117094481
971013246
971013246
971013246
971013246
485506623
485506623
458275516
458275516
714644381
714644381
714644381
714644381
785544374
785544374
572844395
572844395
449217954
449217954
349409509
349409509
178263631
178263631
178263631
178263631
637896755
637896755
878128487
878128487
637896755
637896755
818070554
818070554
725753319
725753319
725753319
725753319
453262285
453262285
453262285
453262285
906524570
906524570
453262285
453262285
589507802
589507802
861998836
861998836
89598596
89598596
89598596
89598596
426177320
426177320
280287607
280287607
44799298
44799298
134397894
134397894
134397894
134397894
134397894
134397894
835519625
835519625
916881989
916881989
944002777
944002777
944002777
944002777
916881989
916881989
835519625
835519625
835519625
835519625
835519625
835519625
944002777
944002777
835519625
835519625
889761201
889761201
889761201
889761201
672825090
672825090
224275030
224275030
919086684
919086684
919086684
919086684
58590580
58590580
58590580
58590580
725586805
725586805
725586805
725586805
180271709
180271709
180271709
180271709
58590580
58590580
58590580
58590580
35154348
35154348
35154348
35154348
87885870
87885870
87885870
87885870
14647645
14647645
29295290
29295290
14647645
14647645
29295290
29295290
439258833
439258833
439258833
439258833
439258833
439258833
439258833
439258833
946095948
946095948
946095948
946095948
946095948
946095948
841799138
841799138
311663890
311663890
436636081
436636081
717440217
717440217
155831945
155831945
186998334
186998334
186998334
186998334
639370927
639370927
639370927
639370927
498968859
498968859
498968859
498968859
166322953
166322953
498968859
498968859
426145073
426145073
852290146
852290146
712194713
712194713
712194713
712194713
665291812
665291812
997631083
997631083
332645906
332645906
332645906
332645906
332645906
332645906
332645906
332645906
997631083
997631083
665291812
665291812
826573456
826573456
826573456
826573456
483231662
483231662
483231662
483231662
772091692
772091692
386045846
386045846
772091692
772091692
772091692
772091692
662083104
662083104
662083104
662083104
993124656
993124656
496562328
496562328
331041552
331041552
993124656
993124656
993124656
993124656
993124656
993124656
939791523
939791523
939791523
939791523
626527682
626527682
626527682
626527682
20999691
20999691
20999691
20999691
764433033
764433033
764433033
764433033
9674480
9674480
29023440
29023440
38697920
38697920
77395840
77395840
653697416
653697416
653697416
653697416
682923831
682923831
227641277
227641277
564936565
564936565
521060306
521060306
360734058
360734058
120244686
120244686
732852207
732852207
732852207
732852207
711744130
711744130
355872065
355872065
295786221
295786221
295786221
295786221
295786221
295786221
887358663
887358663
440051618
440051618
440051618
440051618
880103236
880103236
880103236
880103236
795493298
795493298
930660668
930660668
457574873
457574873
457574873
457574873
514530605
514530605
514530605
514530605
787204336
787204336
787204336
787204336
870336580
870336580
870336580
870336580
682644559
682644559
367044765
367044765
521903785
521903785
506716046
506716046
239136992
239136992
239136992
239136992
153720961
153720961
307441922
307441922
416973496
416973496
416973496
416973496
933657112
933657112
643967155
643967155
643967155
643967155
643967155
643967155
890019069
890019069
890019069
890019069
859018662
859018662
286339554
286339554
450586483
450586483
482943612
482943612
965887224
965887224
965887224
965887224
630277074
630277074
262309795
262309795
180079164
180079164
180079164
180079164
360158328
360158328
82230631
82230631
720316656
720316656
720316656
720316656
591127552
591127552
591127552
591127552
775138303
775138303
328926203
328926203
350173018
350173018
350173018
350173018
875432545
875432545
875432545
875432545
267988358
267988358
754825688
754825688
481342652
481342652
445783603
445783603
237923987
237923987
713771961
713771961
713771961
713771961
713771961
713771961
633103486
633103486
543782613
543782613
913981076
913981076
970156594
970156594
132581420
132581420
66290710
66290710
66290710
66290710
66290710
66290710
746688612
746688612
248896204
248896204
164157778
164157778
164157778
164157778
800521359
800521359
405075371
405075371
602798365
602798365
602798365
602798365
828767501
828767501
659290649
659290649
659290649
659290649
885259785
885259785
217990525
217990525
217990525
217990525
684540999
684540999
684540999
684540999
132581420
132581420
132581420
132581420
132581420
132581420
66290710
66290710
132581420
132581420
132581420
132581420
33145355
33145355
33145355
33145355
455449172
455449172
455449172
455449172
368103163
368103163
455449172
455449172
582569607
582569607
582569607
582569607
166894861
166894861
582569607
582569607
904624880
904624880
967037862
967037862
967037862
967037862
904624880
904624880
440857948
440857948
440857948
440857948
440857948
440857948
440857948
440857948
319081566
319081566
319081566
319081566
638163132
638163132
638163132
638163132
603424195
603424195
533889516
533889516
380439036
380439036
380439036
380439036
452799868
452799868
483681407
483681407
907088767
907088767
907088767
907088767
571858931
571858931
571858931
571858931
571858931
571858931
571858931
571858931
785051642
785051642
785051642
785051642
89666555
89666555
695385087
695385087
451310837
451310837
451310837
451310837
294022108
294022108
294022108
294022108
19835082
19835082
6611694
6611694
19835082
19835082
19835082
19835082
26446776
26446776
26446776
26446776
185127432
185127432
92563716
92563716
575791147
575791147
153337941
153337941
890598247
890598247
629614200
629614200
936290082
936290082
936290082
936290082
733194697
733194697
733194697
733194697
458153213
458153213
818213973
818213973
638183593
638183593
638183593
638183593
166080826
166080826
166080826
166080826
144054009
144054009
144054009
144054009
543656151
543656151
181218717
181218717
181218717
181218717
181218717
181218717
946409546
946409546
894574739
894574739
578212689
578212689
736393714
736393714
233640375
233640375
233640375
233640375
233640375
233640375
467280750
467280750
720571268
720571268
720571268
720571268
180142817
180142817
540428451
540428451
444048512
444048512
444048512
444048512
333901183
333901183
3459196
3459196
888097024
888097024
888097024
888097024
576917146
576917146
732507085
732507085
695092094
695092094
347546047
347546047
695092094
695092094
347546047
347546047
22196894
22196894
672895200
672895200
369742941
369742941
683993647
683993647
695092094
695092094
695092094
695092094
672895200
672895200
22196894
22196894
22196894
22196894
672895200
672895200
44393788
44393788
347546047
347546047
497883881
497883881
831457529
831457529
831457529
831457529
831457529
831457529
914850941
914850941
748064117
748064117
831457529
831457529
831457529
831457529
808137576
808137576
808137576
808137576
599680619
599680619
800797504
800797504
610690727
610690727
833827828
833827828
416913914
416913914
804467540
804467540
202107045
202107045
202107045
202107045
6145436
6145436
667544714
667544714
434864343
434864343
434864343
434864343
956804250
956804250
318934750
318934750
189186219
189186219
189186219
189186219
441434511
441434511
326059180
326059180
10748815
10748815
10748815
10748815
32246445
32246445
32246445
32246445
303793863
303793863
303793863
303793863
52027334
52027334
52027334
52027334
303793863
303793863
303793863
303793863
52027334
52027334
52027334
52027334
366211537
366211537
366211537
366211537
50195129
50195129
50195129
50195129
955119123
955119123
955119123
955119123
955119123
955119123
955119123
955119123
713537657
713537657
713537657
713537657
3541834
3541834
333928729
333928729
239026497
239026497
239026497
239026497
857661922
857661922
618635425
618635425
176309840
176309840
176309840
176309840
450288011
450288011
450288011
450288011
105785904
105785904
35261968
35261968
962143212
962143212
320714404
320714404
32251800
32251800
32251800
32251800
15050840
15050840
15050840
15050840
90305040
90305040
90305040
90305040
94154381
94154381
282463143
282463143
386429327
386429327
161043628
161043628
80521814
80521814
161043628
161043628
225762600
225762600
225762600
225762600
225762600
225762600
75254200
75254200
293708552
293708552
146854276
146854276
293708552
293708552
146854276
146854276
70635942
70635942
70635942
70635942
70635942
70635942
70635942
70635942
473027360
473027360
473027360
473027360
36386720
36386720
109160160
109160160
436640640
436640640
873281280
873281280
582187520
582187520
582187520
582187520
170079363
170079363
170079363
170079363
666978357
666978357
666978357
666978357
21734136
21734136
7244712
7244712
21734136
21734136
21734136
21734136
174021946
174021946
174021946
174021946
807772947
807772947
807772947
807772947
210096648
210096648
210096648
210096648
26262081
26262081
78786243
78786243
196242205
196242205
196242205
196242205
398162186
398162186
196242205
196242205
381128858
381128858
190564429
190564429
381128858
381128858
381128858
381128858
59795351
59795351
119590702
119590702
872266153
872266153
623503502
623503502
621374336
621374336
865878655
865878655
723221479
723221479
723221479
723221479
544867043
544867043
91489733
91489733
91489733
91489733
544867043
544867043
155676298
155676298
155676298
155676298
155676298
155676298
155676298
155676298
302170504
302170504
433471619
433471619
809986775
809986775
809986775
809986775
595468974
595468974
595468974
595468974
245214041
245214041
490428082
490428082
445140972
445140972
445140972
445140972
445140972
445140972
445140972
445140972
167758573
167758573
167758573
167758573
335517146
335517146
167758573
167758573
229216154
229216154
229216154
229216154
445140972
445140972
337178563
337178563
667711458
667711458
667711458
667711458
667711458
667711458
222570486
222570486
772352193
772352193
320567873
320567873
616220755
616220755
616220755
616220755
936788628
936788628
312262876
312262876
936788628
936788628
312262876
312262876
185613825
185613825
185613825
185613825
371227650
371227650
185613825
185613825
123742550
123742550
371227650
371227650
123742550
123742550
123742550
123742550
520099080
520099080
173366360
173366360
508112278
508112278
508112278
508112278
508112278
508112278
508112278
508112278
34673272
34673272
34673272
34673272
230221564
230221564
230221564
230221564
639710203
639710203
639710203
639710203
83747431
83747431
83747431
83747431
624743323
624743323
624743323
624743323
99114205
99114205
198228410
198228410
99114205
99114205
198228410
198228410
647793484
647793484
548679279
548679279
198228410
198228410
198228410
198228410
265097130
265097130
265097130
265097130
565396459
565396459
565396459
565396459
305350948
305350948
305350948
305350948
392594076
392594076
392594076
392594076
379715598
379715598
126571866
126571866
379715598
379715598
126571866
126571866
723610195
723610195
174341879
174341879
623317916
623317916
623317916
623317916
127592854
127592854
127592854
127592854
63796427
63796427
63796427
63796427
4999662
4999662
4999662
4999662
502871923
502871923
502871923
502871923
104673827
104673827
551459090
551459090
402530669
402530669
402530669
402530669
126801124
126801124
126801124
126801124
976117056
976117056
931862462
931862462
329184678
329184678
658369356
658369356
658369356
658369356
219456452
219456452
318494359
318494359
438912904
438912904
757407263
757407263
757407263
757407263
13249753
13249753
505747053
505747053
674329404
674329404
674329404
674329404
13249753
13249753
337164702
337164702
13249753
13249753
337164702
337164702
713674923
713674923
713674923
713674923
855959638
855959638
855959638
855959638
332935730
332935730
332935730
332935730
570827371
570827371
570827371
570827371
238093751
238093751
238093751
238093751
714281253
714281253
714281253
714281253
491477285
491477285
491477285
491477285
222803968
222803968
445607936
445607936
491477285
491477285
491477285
491477285
982954570
982954570
952375004
952375004
982954570
982954570
982954570
982954570
937085221
937085221
967664787
967664787
790498790
790498790
790498790
790498790
187503832
187503832
395249395
395249395
256752353
256752353
256752353
256752353
395249395
395249395
395249395
395249395
254955050
254955050
509910100
509910100
509910100
509910100
254955050
254955050
502718151
502718151
502718151
502718151
509910100
509910100
502718151
502718151
512306113
512306113
26367873
26367873
512306113
512306113
512306113
512306113
8789291
8789291
26367873
26367873
17578582
17578582
17578582
17578582
147730908
147730908
147730908
147730908
420820943
420820943
805769883
805769883
273090035
273090035
273090035
273090035
635667194
635667194
908757229
908757229
506885838
506885838
506885838
506885838
506885838
506885838
168961946
168961946
253442919
253442919
506885838
506885838
625843636
625843636
625843636
625843636
114120090
114120090
114120090
114120090
943402497
943402497
833718785
833718785
506885838
506885838
253442919
253442919
312921818
312921818
312921818
312921818
875664516
875664516
875664516
875664516
875664516
875664516
875664516
875664516
72252219
72252219
24084073
24084073
243000202
243000202
413748185
413748185
437832258
437832258
437832258
437832258
875664516
875664516
875664516
875664516
218916129
218916129
656748387
656748387
656748387
656748387
827496370
827496370
643242105
643242105
643242105
643242105
500299415
500299415
502653892
502653892
5150579
5150579
5150579
5150579
202739218
202739218
400327857
400327857
630339539
630339539
630339539
630339539
407145973
407145973
407145973
407145973
86457126
86457126
86457126
86457126
432285630
432285630
432285630
432285630
399494995
399494995
200240632
200240632
245767207
245767207
737301621
737301621
200240632
200240632
200240632
200240632
479393994
479393994
479393994
479393994
783709828
783709828
783709828
783709828
961030217
961030217
961030217
961030217
411870093
411870093
411870093
411870093
961030217
961030217
961030217
961030217
778931468
778931468
778931468
778931468
895898340
895898340
895898340
895898340
237172707
237172707
237172707
237172707
661964596
661964596
330982298
330982298
904192492
904192492
716088770
716088770
358044385
358044385
452096246
452096246
622036909
622036909
810140631
810140631
904192492
904192492
904192492
904192492
608614557
608614557
608614557
608614557
900836904
900836904
900836904
900836904
127801777
127801777
127801777
127801777
675627678
675627678
225209226
225209226
158173825
158173825
158173825
158173825
474521475
474521475
158173825
158173825
232333666
232333666
232333666
232333666
348500499
348500499
116166833
116166833
271123772
271123772
271123772
271123772
203342829
203342829
67780943
67780943
668574534
668574534
668574534
668574534
668574534
668574534
668574534
668574534
533012648
533012648
533012648
533012648
266506324
266506324
533012648
533012648
9234896
9234896
9234896
9234896
4617448
4617448
4617448
4617448
185142653
185142653
185142653
185142653
596874295
596874295
596874295
596874295
133334733
133334733
133334733
133334733
266669466
266669466
133334733
133334733
362817979
362817979
362817979
362817979
362817979
362817979
362817979
362817979
97301063
97301063
291903189
291903189
88889822
88889822
266669466
266669466
885284082
885284082
659363540
659363540
895388571
895388571
689677007
689677007
175398097
175398097
175398097
175398097
586821225
586821225
586821225
586821225
384312702
384312702
128104234
128104234
449918116
449918116
449918116
449918116
867033525
867033525
867033525
867033525
867033525
867033525
867033525
867033525
204270645
204270645
204270645
204270645
408541290
408541290
408541290
408541290
221602299
221602299
221602299
221602299
170622385
170622385
511867155
511867155
191267201
191267201
382534402
382534402
382534402
382534402
460259585
460259585
754628609
754628609
754628609
754628609
876436481
876436481
876436481
876436481
44669532
44669532
89339064
89339064
22334766
22334766
67004298
67004298
412160619
412160619
137386873
137386873
705202486
705202486
567815613
567815613
330320575
330320575
990961725
990961725
660641150
660641150
660641150
660641150
399159208
399159208
399159208
399159208
758610295
758610295
758610295
758610295
49285547
49285547
147856641
147856641
98571094
98571094
98571094
98571094
731210298
731210298
731210298
731210298
731210298
731210298
731210298
731210298
645633333
645633333
215211111
215211111
840084552
840084552
280028184
280028184
321547968
321547968
321547968
321547968
160773984
160773984
321547968
321547968
742695073
742695073
742695073
742695073
487145793
487145793
974291586
974291586
487145793
487145793
487145793
487145793
974291586
974291586
487145793
487145793
974291586
974291586
487145793
487145793
974291586
974291586
487145793
487145793
926386052
926386052
926386052
926386052
463193026
463193026
463193026
463193026
928624928
928624928
975037878
975037878
951831403
951831403
951831403
951831403
603612302
603612302
603612302
603612302
208980251
208980251
626940753
626940753
521757276
521757276
521757276
521757276
521757276
521757276
567027475
567027475
481858355
481858355
481858355
481858355
481858355
481858355
481858355
481858355
839136425
839136425
839136425
839136425
918690389
918690389
918690389
918690389
574333537
574333537
574333537
574333537
629048231
629048231
813646292
813646292
166053463
166053463
388099272
388099272
221276379
221276379
221276379
221276379
526156562
526156562
54068771
54068771
863362127
863362127
863362127
863362127
339735053
339735053
778741253
778741253
679470106
679470106
559238153
559238153
559238153
559238153
559238153
559238153
120231953
120231953
240463906
240463906
998089743
998089743
998089743
998089743
998012438
998012438
499006219
499006219
712998550
712998550
712998550
712998550
307134269
307134269
921402807
921402807
298284390
298284390
298284390
298284390
327824728
327824728
327824728
327824728
149142195
149142195
298284390
298284390
860539911
860539911
286846637
286846637
537488104
537488104
537488104
537488104
640879287
640879287
924393508
924393508
253973883
253973883
253973883
253973883
507947766
507947766
507947766
507947766
189223737
189223737
189223737
189223737
593734045
593734045
189223737
189223737
214623946
214623946
214623946
214623946
214623946
214623946
214623946
214623946
249469057
249469057
249469057
249469057
997876228
997876228
997508103
997508103
998097103
998097103
997802603
997802603
997876228
997876228
997508103
997508103
643460203
643460203
643460203
643460203
410426139
410426139
233034064
233034064
315309872
315309872
315309872
315309872
472964808
472964808
236482404
236482404
550960463
550960463
849149723
849149723
849149723
849149723
550960463
550960463
938261667
938261667
938261667
938261667
625507778
625507778
625507778
625507778
171502252
171502252
171502252
171502252
639400894
639400894
545881749
545881749
825554860
825554860
825554860
825554860
825554860
825554860
480175874
480175874
857613193
857613193
716982033
716982033
515880627
515880627
549397528
549397528
750498934
750498934
750498934
750498934
515880627
515880627
515880627
515880627
934300073
934300073
966272213
966272213
993981401
993981401
993981401
993981401
993981401
993981401
985455497
985455497
942825977
942825977
970535165
970535165
185020392
185020392
185020392
185020392
215857124
215857124
431714248
431714248
75260979
75260979
225782937
225782937
988318540
988318540
978392727
978392727
577039122
577039122
577039122
577039122
155833891
155833891
155833891
155833891
643381957
643381957
643381957
643381957
547208770
547208770
643381957
643381957
444374076
444374076
444374076
444374076
444374076
444374076
148124692
148124692
85762262
85762262
85762262
85762262
563443873
563443873
563443873
563443873
619965958
619965958
619965958
619965958
978731377
978731377
978731377
978731377
124609707
124609707
124609707
124609707
498438828
498438828
249219414
249219414
124609707
124609707
124609707
124609707
498438828
498438828
498438828
498438828
498791524
498791524
498791524
498791524
498791524
498791524
498791524
498791524
996172264
996172264
996172264
996172264
996172264
996172264
498086132
498086132
747129198
747129198
747129198
747129198
498086132
498086132
498086132
498086132
995555046
995555046
497777523
497777523
497777523
497777523
995555046
995555046
871782992
871782992
871782992
871782992
123772054
123772054
123772054
123772054
191481453
191481453
191481453
191481453
63827151
63827151
63827151
63827151
255308604
255308604
127654302
127654302
255308604
255308604
85102868
85102868
679689854
679689854
679689854
679689854
212904280
212904280
212904280
212904280
170323424
170323424
722270710
722270710
807432422
807432422
616620491
616620491
489282647
489282647
828590451
828590451
489282647
489282647
489282647
489282647
472995674
472995674
472995674
472995674
893738343
893738343
789232333
789232333
617371095
617371095
617371095
617371095
426934466
426934466
426934466
426934466
789232333
789232333
893738343
893738343
472995674
472995674
472995674
472995674
614830049
614830049
614830049
614830049
791790497
791790497
929426401
929426401
161014612
161014612
386419655
386419655
80507306
80507306
80507306
80507306
429035303
429035303
429035303
429035303
429035303
429035303
288861556
288861556
216646167
216646167
216646167
216646167
72215389
72215389
72215389
72215389
585953298
585953298
759615541
759615541
520986729
520986729
173662243
173662243
481546696
481546696
446395735
446395735
892791470
892791470
963093392
963093392
458916923
458916923
458916923
458916923
944311610
944311610
944311610
944311610
728580638
728580638
728580638
728580638
475286102
475286102
427613953
427613953
24413311
24413311
340885888
340885888
24413311
24413311
340885888
340885888
255664416
255664416
766993248
766993248
24413311
24413311
511328832
511328832
185396911
185396911
185396911
185396911
26485273
26485273
26485273
26485273
105941092
105941092
105941092
105941092
211882184
211882184
105941092
105941092
251970725
251970725
251970725
251970725
414125821
414125821
470790058
470790058
365299199
365299199
97653244
97653244
365299199
365299199
97653244
97653244
584568765
584568765
584568765
584568765
280077727
280077727
280077727
280077727
649520850
649520850
649520850
649520850
649520850
649520850
649520850
649520850
897147643
897147643
897147643
897147643
164253601
164253601
164253601
164253601
269238646
269238646
807715938
807715938
501204564
501204564
501204564
501204564
638101600
638101600
638101600
638101600
454406324
454406324
364974619
364974619
536199579
536199579
536199579
536199579
383610983
383610983
383610983
383610983
82767485
82767485
82767485
82767485
82767485
82767485
82767485
82767485
871094788
871094788
616795658
616795658
667655484
667655484
6477746
6477746
642225571
642225571
928432360
928432360
464216180
464216180
928432360
928432360
374251730
374251730
790246812
790246812
318833667
318833667
956501001
956501001
142436985
142436985
142436985
142436985
142436985
142436985
47478995
47478995
112688522
112688522
112688522
112688522
225377044
225377044
225377044
225377044
420962679
420962679
420962679
420962679
324974067
324974067
108324689
108324689
966248149
966248149
966248149
966248149
966248149
966248149
966248149
966248149
552772018
552772018
552772018
552772018
107299683
107299683
321899049
321899049
947835970
947835970
947835970
947835970
897427587
897427587
947835970
947835970
429198732
429198732
429198732
429198732
214599366
214599366
214599366
214599366
874671067
874671067
936457710
936457710
660071701
660071701
660071701
660071701
836508196
836508196
674772039
674772039
418254098
418254098
418254098
418254098
70259945
70259945
70259945
70259945
224924013
224924013
224924013
224924013
8649513
8649513
17299026
17299026
200802139
200802139
200802139
200802139
401604278
401604278
200802139
200802139
401604278
401604278
401604278
401604278
507720637
507720637
507720637
507720637
628099084
628099084
314049542
314049542
628099084
628099084
628099084
628099084
517547449
517547449
517547449
517547449
255227181
255227181
765681543
765681543
649992048
649992048
649992048
649992048
471891197
471891197
471891197
471891197
943782394
943782394
889320435
889320435
908925896
908925896
908925896
908925896
730288982
730288982
908925896
908925896
678614007
678614007
358983661
358983661
838429180
838429180
838429180
838429180
454052226
454052226
454052226
454052226
410658636
410658636
821317272
821317272
32281781
32281781
676256829
676256829
708538610
708538610
708538610
708538610
464678346
464678346
464678346
464678346
619571128
619571128
619571128
619571128
906875901
906875901
906875901
906875901
815507449
815507449
815507449
815507449
687265966
687265966
687265966
687265966
817884350
817884350
817884350
817884350
319874143
319874143
319874143
319874143
161753530
161753530
161753530
161753530
102165596
102165596
102165596
102165596
408662384
408662384
408662384
408662384
252307386
252307386
84102462
84102462
126153693
126153693
42051231
42051231
94033354
94033354
94033354
94033354
310080726
310080726
930242178
930242178
930242178
930242178
310080726
310080726
552159277
552159277
775201815
775201815
273772424
273772424
821317272
821317272
410658636
410658636
821317272
821317272
818670387
818670387
818670387
818670387
908457370
908457370
908457370
908457370
848984768
848984768
550465598
550465598
848984768
848984768
848984768
848984768
337617769
337617769
337617769
337617769
337617769
337617769
445287374
445287374
487896137
487896137
487896137
487896137
805676202
805676202
805676202
805676202
791858469
791858469
791858469
791858469
351283551
351283551
351283551
351283551
379086701
379086701
688665527
688665527
843454940
843454940
843454940
843454940
57566939
57566939
57566939
57566939
527905646
527905646
585472585
585472585
677926173
677926173
677926173
677926173
225975391
225975391
225975391
225975391
72947923
72947923
218843769
218843769
459082404
459082404
459082404
459082404
244405639
244405639
244405639
244405639
488811278
488811278
488811278
488811278
37297307
37297307
37297307
37297307
555068137
555068137
517770830
517770830
51214759
51214759
51214759
51214759
575944315
575944315
524729556
524729556
994136800
994136800
994136800
994136800
969491482
969491482
969491482
969491482
57512090
57512090
684666932
684666932
914715292
914715292
914715292
914715292
894176469
894176469
894176469
894176469
894176469
894176469
894176469
894176469
823838083
823838083
823838083
823838083
649431813
649431813
649431813
649431813
607360812
607360812
202453604
202453604
607360812
607360812
607360812
607360812
89204293
89204293
89204293
89204293
815303199
815303199
815303199
815303199
180297156
180297156
540891468
540891468
540891468
540891468
270445734
270445734
52743597
52743597
52743597
52743597
105487194
105487194
105487194
105487194
688937834
688937834
688937834
688937834
724100232
724100232
724100232
724100232
781445184
781445184
781445184
781445184
477511415
477511415
477511415
477511415
781445184
781445184
781445184
781445184
60111168
60111168
180333504
180333504
696230862
696230862
232076954
232076954
155778319
155778319
155778319
155778319
775710546
775710546
775710546
775710546
387855273
387855273
387855273
387855273
551167696
551167696
551167696
551167696
378821063
378821063
378821063
378821063
654120303
654120303
964116556
964116556
482058278
482058278
964116556
964116556
436349889
436349889
310805314
310805314
591752546
591752546
185260739
185260739
942936586
942936586
647060313
647060313
255497547
255497547
85165849
85165849
678694231
678694231
39593987
39593987
359144109
359144109
359144109
359144109
838469292
838469292
838469292
838469292
151576441
151576441
151576441
151576441
198132905
198132905
198132905
198132905
168817047
168817047
506451141
506451141
704584046
704584046
704584046
704584046
352292023
352292023
58631716
58631716
163206588
163206588
163206588
163206588
816032940
816032940
816032940
816032940
451610114
451610114
225805057
225805057
805134529
805134529
805134529
805134529
425185327
425185327
425185327
425185327
355857420
355857420
69327907
69327907
266893065
266893065
533786130
533786130
533786130
533786130
533786130
533786130
601678743
601678743
601678743
601678743
200559581
200559581
200559581
200559581
200559581
200559581
401119162
401119162
466454505
466454505
401119162
401119162
613475693
613475693
613475693
613475693
902052188
902052188
709667858
709667858
478806662
478806662
825098456
825098456
478806662
478806662
825098456
825098456
699250145
699250145
898579617
898579617
499920673
499920673
499920673
499920673
531452397
531452397
531452397
531452397
96724496
96724496
96724496
96724496
67160254
67160254
67160254
67160254
33580127
33580127
100740381
100740381
740045746
740045746
223648532
223648532
744981471
744981471
744981471
744981471
304005468
304005468
304005468
304005468
165157691
165157691
165157691
165157691
560576119
560576119
560576119
560576119
511412965
511412965
535994542
535994542
628190286
628190286
886326505
886326505
314095143
314095143
314095143
314095143
984254622
984254622
984254622
984254622
492127311
492127311
478137580
478137580
695101254
695101254
695101254
695101254
695101254
695101254
695101254
695101254
932462503
932462503
643568952
643568952
965353428
965353428
932462503
932462503
991687321
991687321
663310558
663310558
660032042
660032042
321819731
321819731
102901889
102901889
102901889
102901889
102901889
102901889
308705667
308705667
656753526
656753526
656753526
656753526
315262699
315262699
315262699
315262699
328376763
328376763
328376763
328376763
656753526
656753526
656753526
656753526
924641775
924641775
924641775
924641775
341477110
341477110
446573821
446573821
804461392
804461392
804461392
804461392
814237908
814237908
407118954
407118954
211520563
211520563
604882458
604882458
743248904
743248904
743248904
743248904
604882458
604882458
604882458
604882458
116629003
116629003
116629003
116629003
35409495
35409495
70818990
70818990
70818990
70818990
70818990
70818990
106228485
106228485
35409495
35409495
516826924
516826924
552236419
552236419
609386625
609386625
609386625
609386625
609386625
609386625
609386625
609386625
170628255
170628255
170628255
170628255
25525177
25525177
341256510
341256510
543251548
543251548
543251548
543251548
631510291
631510291
543251548
543251548
304408195
304408195
304408195
304408195
852342946
852342946
852342946
852342946
371722997
371722997
789403901
789403901
162882545
162882545
162882545
162882545
893824127
893824127
893824127
893824127
893824127
893824127
893824127
893824127
742732132
742732132
580325495
580325495
556520964
556520964
556520964
556520964
223243546
223243546
223243546
223243546
666554836
666554836
554933063
554933063
222109331
222109331
222109331
222109331
556520964
556520964
556520964
556520964
278260482
278260482
556520964
556520964
556520964
556520964
556520964
556520964
365073026
365073026
365073026
365073026
547609539
547609539
547609539
547609539
109940768
109940768
109940768
109940768
812083926
812083926
812083926
812083926
625523476
625523476
625523476
625523476
625523476
625523476
625523476
625523476
161404917
161404917
161404917
161404917
463859708
463859708
463859708
463859708
966174351
966174351
966174351
966174351
491104676
491104676
475069675
475069675
902153476
902153476
709971722
709971722
149461461
149461461
448384383
448384383
597293839
597293839
531846064
531846064
597293839
597293839
597293839
597293839
215961748
215961748
404735367
404735367
755608904
755608904
755608904
755608904
51979089
51979089
51979089
51979089
242569082
242569082
242569082
242569082
638292441
638292441
638292441
638292441
638292441
638292441
638292441
638292441
728189389
728189389
728189389
728189389
795703130
795703130
930730612
930730612
397851565
397851565
397851565
397851565
262824083
262824083
262824083
262824083
173905190
173905190
173905190
173905190
260857785
260857785
260857785
260857785
883997077
883997077
655502525
655502525
826873439
826873439
655502525
655502525
165191173
165191173
165191173
165191173
330382346
330382346
775623684
775623684
394548712
394548712
464264355
464264355
835675839
835675839
278558613
278558613
31729798
31729798
31729798
31729798
79324495
79324495
538784424
538784424
52475380
52475380
26237690
26237690
350239911
350239911
52475380
52475380
764204907
764204907
764204907
764204907
406719060
406719060
135573020
135573020
135573020
135573020
406719060
406719060
704979704
704979704
704979704
704979704
91904343
91904343
91904343
91904343
636978691
636978691
545074348
545074348
408805761
408805761
408805761
408805761
136268587
136268587
408805761
408805761
575011139
575011139
575011139
575011139
400011087
400011087
400011087
400011087
10700187
10700187
504472270
504472270
605366724
605366724
201788908
201788908
218538773
218538773
218538773
218538773
655616319
655616319
655616319
655616319
448883735
448883735
448883735
448883735
265763529
265763529
531527058
531527058
334888800
334888800
6422047
6422047
669777600
669777600
669777600
669777600
569035231
569035231
522426528
522426528
658374478
658374478
658374478
658374478
251356537
251356537
251356537
251356537
754069611
754069611
754069611
754069611
179541731
179541731
359083462
359083462
621722982
621722982
621722982
621722982
541978022
541978022
541978022
541978022
143715506
143715506
143715506
143715506
941118550
941118550
941118550
941118550
66161037
66161037
66161037
66161037
637948469
637948469
277652585
277652585
818096411
818096411
818096411
818096411
455014025
455014025
455014025
455014025
545087996
545087996
545087996
545087996
726164772
726164772
726164772
726164772
726164772
726164772
726164772
726164772
637948469
637948469
637948469
637948469
457800527
457800527
818096411
818096411
34648521
34648521
69297042
69297042
46198028
46198028
46198028
46198028
409744831
409744831
409744831
409744831
115495070
115495070
703994592
703994592
363546803
363546803
363546803
363546803
727093606
727093606
727093606
727093606
502140887
502140887
750192620
750192620
499354385
499354385
499818802
499818802
520871296
520871296
260435648
260435648
130217824
130217824
390653472
390653472
425446658
425446658
807311788
807311788
512609714
512609714
512609714
512609714
457649921
457649921
818046209
818046209
457649921
457649921
818046209
818046209
223125510
223125510
74375170
74375170
111562755
111562755
111562755
111562755
672254574
672254574
672254574
672254574
672254574
672254574
672254574
672254574
346264795
346264795
346264795
346264795
346264795
346264795
346264795
346264795
176373532
176373532
529120596
529120596
176373532
176373532
529120596
529120596
98789070
98789070
296367210
296367210
184944509
184944509
184944509
184944509
981527487
981527487
981527487
981527487
964810621
964810621
964810621
964810621
725697574
725697574
453150795
453150795
725697574
725697574
453150795
453150795
581554662
581554662
193851554
193851554
193851554
193851554
193851554
193851554
362520636
362520636
120840212
120840212
120840212
120840212
362520636
362520636
508785405
508785405
528111862
528111862
19326457
19326457
57979371
57979371
105038037
105038037
105038037
105038037
656679232
656679232
551641195
551641195
740640905
740640905
740640905
740640905
888769086
888769086
888769086
888769086
592512724
592512724
530252359
530252359
592512724
592512724
296256362
296256362
125438760
125438760
376316280
376316280
376316280
376316280
125438760
125438760
346491529
346491529
346491529
346491529
346491529
346491529
346491529
346491529
238598008
238598008
238598008
238598008
412280787
412280787
412280787
412280787
178948506
178948506
178948506
178948506
471930289
471930289
471930289
471930289
424421400
424421400
848842800
848842800
424421400
424421400
848842800
848842800
545801693
545801693
545801693
545801693
726778757
726778757
907755821
907755821
145028051
145028051
145028051
145028051
647772229
647772229
548672194
548672194
99100035
99100035
297300105
297300105
746872264
746872264
495500175
495500175
729649258
729649258
729649258
729649258
96229534
96229534
364824629
364824629
302699232
302699232
302699232
302699232
613668092
613668092
613668092
613668092
831619794
831619794
831619794
831619794
110582039
110582039
221164078
221164078
297300105
297300105
99100035
99100035
99100035
99100035
99100035
99100035
583951501
583951501
791097927
791097927
583951501
583951501
583951501
583951501
169658649
169658649
169658649
169658649
960756576
960756576
923268799
923268799
980938374
980938374
980938374
980938374
337973720
337973720
337973720
337973720
241409800
241409800
241409800
241409800
681590222
681590222
681590222
681590222
553316681
553316681
553316681
553316681
661705690
661705690
661705690
661705690
661705690
661705690
661705690
661705690
330852845
330852845
330852845
330852845
391602833
391602833
391602833
391602833
744731125
744731125
580991826
580991826
774655768
774655768
774655768
774655768
774655768
774655768
774655768
774655768
328860505
328860505
328860505
328860505
914571372
914571372
914571372
914571372
830898391
830898391
496206467
496206467
663552429
663552429
328860505
328860505
373612705
373612705
457285686
457285686
914571372
914571372
747225410
747225410
295533749
295533749
591067498
591067498
295533749
295533749
295533749
295533749
994112981
994112981
994112981
994112981
597294063
597294063
597294063
597294063
996867229
996867229
996867229
996867229
797769208
797769208
396818918
396818918
198150206
198150206
198150206
198150206
975764384
975764384
487882192
487882192
686032398
686032398
373820443
373820443
670630276
670630276
15402122
15402122
38206411
38206411
38206411
38206411
38206411
38206411
38206411
38206411
253875719
253875719
750121475
750121475
874182914
874182914
874182914
874182914
38206411
38206411
518225382
518225382
259112691
259112691
259112691
259112691
38206411
38206411
518225382
518225382
518225382
518225382
38206411
38206411
148641682
148641682
148641682
148641682
148641682
148641682
297283364
297283364
148641682
148641682
148641682
148641682
297283364
297283364
148641682
148641682
483596114
483596114
452543989
452543989
452543989
452543989
452543989
452543989
403529871
403529871
134509957
134509957
948672500
948672500
849528794
849528794
545712990
545712990
545712990
545712990
908406919
908406919
818569485
818569485
252744817
252744817
252744817
252744817
758234451
758234451
252744817
252744817
970086143
970086143
970086143
970086143
956007038
956007038
984165248
984165248
292298404
292298404
876895212
876895212
584596808
584596808
584596808
584596808
132346996
132346996
132346996
132346996
132346996
132346996
132346996
132346996
794081976
794081976
264693992
264693992
397040988
397040988
794081976
794081976
986041555
986041555
961635959
961635959
829489164
829489164
829489164
829489164
380597714
380597714
380597714
380597714
158472428
158472428
158472428
158472428
278156483
278156483
638200418
638200418
278156483
278156483
758215063
758215063
498736769
498736769
831741825
831741825
665239297
665239297
997473538
997473538
473816747
473816747
473816747
473816747
473816747
473816747
473816747
473816747
406745977
406745977
406745977
406745977
850733133
850733133
850733133
850733133
570547637
570547637
855678781
855678781
855678781
855678781
855678781
855678781
686310827
686310827
62443775
62443775
721952220
721952220
721952220
721952220
733785268
733785268
733785268
733785268
577343207
577343207
577343207
577343207
661086545
661086545
829665449
829665449
885858417
885858417
661086545
661086545
957850620
957850620
319283540
319283540
638567080
638567080
638567080
638567080
850659662
850659662
949049456
949049456
850659662
850659662
425329831
425329831
912967262
912967262
742413080
742413080
713987383
713987383
713987383
713987383
863244553
863244553
728244753
728244753
977475153
977475153
935936753
935936753
784227278
784227278
784227278
784227278
334551580
334551580
444265311
444265311
702329202
702329202
110498900
110498900
702329202
702329202
110498900
110498900
702329202
702329202
110498900
110498900
48693483
48693483
146080449
146080449
48693483
48693483
146080449
146080449
146080449
146080449
146080449
146080449
384319243
384319243
384319243
384319243
384319243
384319243
384319243
384319243
183139073
183139073
549417219
549417219
549417219
549417219
773830786
773830786
740212789
740212789
740212789
740212789
190267758
190267758
190267758
190267758
862716741
862716741
930480547
930480547
930480547
930480547
862716741
862716741
55289413
55289413
55289413
55289413
582056296
582056296
165868239
165868239
817795031
817795031
817795031
817795031
637345709
637345709
276447065
276447065
144328776
144328776
144328776
144328776
168442934
168442934
84221467
84221467
865972656
865972656
288657552
288657552
288657552
288657552
288657552
288657552
744377496
744377496
744377496
744377496
558283122
558283122
186094374
186094374
279141561
279141561
279141561
279141561
186094374
186094374
186094374
186094374
93047187
93047187
93047187
93047187
93047187
93047187
279141561
279141561
772734896
772734896
772734896
772734896
192413050
192413050
192413050
192413050
744377496
744377496
372188748
372188748
279141561
279141561
93047187
93047187
911515842
911515842
911515842
911515842
911515842
911515842
911515842
911515842
545645770
545645770
545645770
545645770
365870072
365870072
365870072
365870072
279141561
279141561
279141561
279141561
93047187
93047187
93047187
93047187
472651122
472651122
157550374
157550374
393875935
393875935
787751870
787751870
734809761
734809761
734809761
734809761
241236986
241236986
745908564
745908564
408524791
408524791
408524791
408524791
680651570
680651570
45466004
45466004
363058787
363058787
90932008
90932008
90932008
90932008
90932008
90932008
506912359
506912359
506912359
506912359
506912359
506912359
522492724
522492724
827604422
827604422
827604422
827604422
535383351
535383351
72522349
72522349
584324946
584324946
194774982
194774982
194774982
194774982
194774982
194774982
840609861
840609861
840609861
840609861
630215679
630215679
630215679
630215679
738629295
738629295
868436824
868436824
246209765
246209765
246209765
246209765
304410883
304410883
434218412
434218412
738629295
738629295
868436824
868436824
95083213
95083213
285249639
285249639
294783837
294783837
294783837
294783837
346664838
346664838
115554946
115554946
577774730
577774730
577774730
577774730
593479393
593479393
593479393
593479393
593479393
593479393
593479393
593479393
806962722
806962722
424399460
424399460
806962722
806962722
424399460
424399460
576121814
576121814
576121814
576121814
67435741
67435741
67435741
67435741
13291762
13291762
337178705
337178705
13291762
13291762
337178705
337178705
755522065
755522065
584588806
584588806
170933259
170933259
170933259
170933259
322037672
322037672
966113016
966113016
966113016
966113016
966113016
966113016
438501963
438501963
317261536
317261536
877003926
877003926
634523072
634523072
713838456
713838456
356919228
356919228
815008603
815008603
815008603
815008603
855934829
855934829
855934829
855934829
831074
831074
831074
831074
856350366
856350366
285450122
285450122
570900244
570900244
570900244
570900244
142040994
142040994
142040994
142040994
213061491
213061491
213061491
213061491
401560450
401560450
401560450
401560450
933203202
933203202
803120900
803120900
57996061
57996061
115992122
115992122
115992122
115992122
57996061
57996061
835346668
835346668
835346668
835346668
611197007
611197007
835346668
835346668
858316159
858316159
858316159
858316159
957850620
957850620
957850620
957850620
964362450
964362450
896598644
896598644
964362450
964362450
896598644
896598644
661558026
661558026
220519342
220519342
330779013
330779013
110259671
110259671
271218692
271218692
755902466
755902466
271218692
271218692
755902466
755902466
495845828
495845828
489293131
489293131
985138959
985138959
972033565
972033565
924705186
924705186
777626852
777626852
777626852
777626852
924705186
924705186
972616815
972616815
324205605
324205605
389046726
389046726
389046726
389046726
790907221
790907221
596383858
596383858
194523363
194523363
194523363
194523363
91240935
91240935
91240935
91240935
272371322
272371322
272371322
272371322
596383858
596383858
790907221
790907221
324205605
324205605
324205605
324205605
33264141
33264141
99792423
99792423
66528282
66528282
66528282
66528282
88704376
88704376
88704376
88704376
88704376
88704376
44352188
44352188
266818788
266818788
266818788
266818788
851959240
851959240
559389014
559389014
654171251
654171251
654171251
654171251
654171251
654171251
654171251
654171251
535657334
535657334
608727649
608727649
146140630
146140630
146140630
146140630
121759903
121759903
365279709
365279709
754796413
754796413
584346922
584346922
876556316
876556316
876556316
876556316
803486001
803486001
803486001
803486001
633036510
633036510
633036510
633036510
633036510
633036510
633036510
633036510
962763866
962763866
962763866
962763866
739813143
739813143
739813143
739813143
616409626
616409626
616409626
616409626
542779712
542779712
542779712
542779712
347057885
347057885
347057885
347057885
564120041
564120041
564120041
564120041
850593774
850593774
850593774
850593774
850593774
850593774
850593774
850593774
530406341
530406341
530406341
530406341
881284850
881284850
647365844
647365844
591453538
591453538
776116261
776116261
184662723
184662723
184662723
184662723
931683992
931683992
931683992
931683992
159712654
159712654
159712654
159712654
79856327
79856327
79856327
79856327
705410977
705410977
705410977
705410977
639344260
639344260
639344260
639344260
93481389
93481389
93481389
93481389
488318485
488318485
495520946
495520946
495520946
495520946
495520946
495520946
925674504
925674504
925674504
925674504
511862793
511862793
511862793
511862793
268672013
268672013
755053573
755053573
925674504
925674504
925674504
925674504
279277708
279277708
279277708
279277708
279277708
279277708
139638854
139638854
558555416
558555416
558555416
558555416
279277708
279277708
837833124
837833124
863672554
863672554
863672554
863672554
431836277
431836277
863672554
863672554
919914314
919914314
459957157
459957157
594528956
594528956
863672554
863672554
347508318
347508318
347508318
347508318
585999256
585999256
759753415
759753415
634101633
634101633
634101633
634101633
907208673
907208673
907208673
907208673
21001025
21001025
672496577
672496577
346748801
346748801
693497602
693497602
753933521
753933521
876088937
876088937
753933521
753933521
916807409
916807409
281283807
281283807
281283807
281283807
418049995
418049995
418049995
418049995
191929224
191929224
191929224
191929224
964052806
964052806
964052806
964052806
639202014
639202014
319601007
319601007
661739918
661739918
661739918
661739918
996835734
996835734
996835734
996835734
332278578
332278578
996835734
996835734
874816569
874816569
874816569
874816569
44749955
44749955
44749955
44749955
245393937
245393937
621819145
621819145
621819145
621819145
245393937
245393937
893340581
893340581
683533037
683533037
672710956
672710956
672710956
672710956
925806824
925806824
925806824
925806824
462903412
462903412
925806824
925806824
597404222
597404222
864630976
864630976
298702111
298702111
432315488
432315488
602511123
602511123
200837041
200837041
399693798
399693798
399693798
399693798
897815513
897815513
964768073
964768073
53612141
53612141
683366949
683366949
609327204
609327204
609327204
609327204
829737259
829737259
609327204
609327204
190005046
190005046
190005046
190005046
380010092
380010092
380010092
380010092
640952547
640952547
640952547
640952547
819598450
819598450
462306644
462306644
161899448
161899448
161899448
161899448
354598150
354598150
354598150
354598150
818925036
818925036
460286402
460286402
639605719
639605719
639605719
639605719
872602129
872602129
623615494
623615494
373972341
373972341
373972341
373972341
712290693
712290693
712290693
712290693
969648987
969648987
969648987
969648987
581953592
581953592
581953592
581953592
873258647
873258647
956582451
956582451
919254182
919254182
919254182
919254182
919254182
919254182
761273840
761273840
671099763
671099763
223699921
223699921
791355015
791355015
894799684
894799684
263785005
263785005
263785005
263785005
631014679
631014679
263785005
263785005
599452444
599452444
200660535
200660535
299726222
299726222
899178666
899178666
200660535
200660535
200660535
200660535
890974576
890974576
629739643
629739643
533583135
533583135
602505052
602505052
671426969
671426969
834835661
834835661
717600674
717600674
717600674
717600674
39078329
39078329
78156658
78156658
225235233
225235233
225235233
225235233
436956995
436956995
436956995
436956995
800036062
800036062
400018031
400018031
800036062
800036062
800036062
800036062
84721160
84721160
84721160
84721160
693736622
693736622
693736622
693736622
898369926
898369926
449184963
449184963
299456642
299456642
299456642
299456642
19821905
19821905
19821905
19821905
59465715
59465715
19821905
19821905
59465715
59465715
59465715
59465715
35679429
35679429
11893143
11893143
365721126
365721126
121907042
121907042
243814084
243814084
243814084
243814084
487628168
487628168
487628168
487628168
487628168
487628168
243814084
243814084
908878439
908878439
908878439
908878439
971917864
971917864
919264886
919264886
551414783
551414783
655999996
655999996
193951127
193951127
730146611
730146611
772670026
772670026
772670026
772670026
772670026
772670026
772670026
772670026
53180637
53180637
53180637
53180637
372264459
372264459
372264459
372264459
96097234
96097234
96097234
96097234
48048617
48048617
96097234
96097234
553233032
553233032
661454743
661454743
384838227
384838227
769676454
769676454
657312527
657312527
657312527
657312527
486846614
486846614
243423307
243423307
964747549
964747549
964747549
964747549
830760333
830760333
830760333
830760333
91971622
91971622
45985811
45985811
789104492
789104492
928531066
928531066
867721113
867721113
867721113
867721113
737197873
737197873
737197873
737197873
82295761
82295761
82295761
82295761
82295761
82295761
82295761
82295761
177875948
177875948
724788218
724788218
177875948
177875948
177875948
177875948
946023765
946023765
946023765
946023765
315341255
315341255
946023765
946023765
946023765
946023765
841582589
841582589
841582589
841582589
946023765
946023765
49750597
49750597
149251791
149251791
49750597
49750597
149251791
149251791
838395960
838395960
838395960
838395960
358850781
358850781
358850781
358850781
158377061
158377061
158377061
158377061
36798358
36798358
36798358
36798358
174665825
174665825
523997475
523997475
274167019
274167019
274167019
274167019
504827509
504827509
11410665
11410665
11410665
11410665
11410665
11410665
796367427
796367427
796367427
796367427
785227150
785227150
785227150
785227150
877582271
877582271
958023659
958023659
797140883
797140883
931209863
931209863
676478801
676478801
890989169
890989169
783733985
783733985
783733985
783733985
462512334
462512334
462512334
462512334
462512334
462512334
231256167
231256167
84816797
84816797
84816797
84816797
84816797
84816797
84816797
84816797
309679573
309679573
435974642
435974642
435974642
435974642
435974642
435974642
871949284
871949284
871949284
871949284
435974642
435974642
435974642
435974642
302898672
302898672
100966224
100966224
302898672
302898672
302898672
302898672
807729792
807729792
807729792
807729792
426700670
426700670
807729792
807729792
537845091
537845091
537845091
537845091
768044722
768044722
537845091
537845091
886040998
886040998
886040998
886040998
661634288
661634288
661634288
661634288
493515700
493515700
246757850
246757850
497253351
497253351
493515700
493515700
183198603
183198603
183198603
183198603
78513687
78513687
78513687
78513687
810589229
810589229
810589229
810589229
935692645
935692645
810589229
810589229
369875700
369875700
111382747
111382747
815406688
815406688
815406688
815406688
790800661
790800661
596348338
596348338
596348338
596348338
790800661
790800661
89747226
89747226
89747226
89747226
89747226
89747226
269241678
269241678
284199549
284199549
284199549
284199549
94733183
94733183
284199549
284199549
871489522
871489522
623244625
623244625
116225301
116225301
116225301
116225301
94680821
94680821
94680821
94680821
320571704
320571704
320571704
320571704
932639322
932639322
932639322
932639322
160285852
160285852
160285852
160285852
373409951
373409951
373409951
373409951
373409951
373409951
373409951
373409951
41667311
41667311
83334622
83334622
83334622
83334622
83334622
83334622
829896187
829896187
829896187
829896187
220516007
220516007
661548021
661548021
159244560
159244560
477733680
477733680
477733680
477733680
477733680
477733680
441032014
441032014
441032014
441032014
661548021
661548021
220516007
220516007
974786002
974786002
974786002
974786002
657676785
657676785
974786002
974786002
570534667
570534667
570534667
570534667
665751321
665751321
765257
765257
39743041
39743041
518993697
518993697
345995798
345995798
39743041
39743041
439333292
439333292
439333292
439333292
80599985
80599985
80599985
80599985
519933277
519933277
759088815
759088815
519933277
519933277
519933277
519933277
465534995
465534995
931069990
931069990
522014414
522014414
839501040
839501040
890632987
890632987
890632987
890632987
470882467
470882467
414403048
414403048
723868466
723868466
361934233
361934233
680089293
680089293
680089293
680089293
314812890
314812890
314812890
314812890
575820097
575820097
729215938
729215938
164909478
164909478
164909478
164909478
164909478
164909478
54969826
54969826
622804285
622804285
540349546
540349546
540349546
540349546
622804285
622804285
219934200
219934200
73311400
73311400
73311400
73311400
219934200
219934200
293245600
293245600
586491200
586491200
723742251
723742251
723742251
723742251
724660920
724660920
241553640
241553640
96976174
96976174
96976174
96976174
644143040
644143040
934184767
934184767
934184767
934184767
644143040
644143040
9345771
9345771
9345771
9345771
531832375
531832375
65420397
65420397
9345771
9345771
28037313
28037313
74766168
74766168
37383084
37383084
50712774
50712774
50712774
50712774
50712774
50712774
50712774
50712774
587869531
587869531
793056942
793056942
191341060
191341060
396528471
396528471
126781935
126781935
126781935
126781935
689295079
689295079
562513144
562513144
604773789
604773789
604773789
604773789
689295079
689295079
562513144
562513144
26676314
26676314
26676314
26676314
26676314
26676314
674388340
674388340
701064654
701064654
106705256
106705256
754417282
754417282
510590211
510590211
842985425
842985425
532467569
532467569
505791255
505791255
519129412
519129412
42413949
42413949
42413949
42413949
84827898
84827898
42413949
42413949
402310154
402310154
799599620
799599620
799599620
799599620
402310154
402310154
600954887
600954887
203665421
203665421
600954887
600954887
203665421
203665421
537956641
537956641
537956641
537956641
537956641
537956641
615625570
615625570
661442789
661442789
986084014
986084014
986084014
986084014
661442789
661442789
864461227
864461227
596894975
596894975
463111849
463111849
463111849
463111849
398784832
398784832
465676395
465676395
64327017
64327017
64327017
64327017
163056671
163056671
163056671
163056671
326113342
326113342
441452565
441452565
580650512
580650512
580650512
580650512
163056671
163056671
163056671
163056671
896076781
896076781
896076781
896076781
793909209
793909209
793909209
793909209
654773772
654773772
311303191
311303191
311303191
311303191
311303191
311303191
104160784
104160784
104160784
104160784
312482352
312482352
104160784
104160784
13020098
13020098
39060294
39060294
65100490
65100490
65100490
65100490
510689450
510689450
510689450
510689450
255344725
255344725
255344725
255344725
951759082
951759082
905273811
905273811
737061947
737061947
214697135
214697135
133529939
133529939
133529939
133529939
710006215
710006215
133529939
133529939
94127937
94127937
546186145
546186145
405572937
405572937
405572937
405572937
630954260
630954260
630954260
630954260
320076482
320076482
320076482
320076482
595919700
595919700
595919700
595919700
193595047
193595047
580785141
580785141
840023451
840023451
840023451
840023451
919133902
919133902
760913000
760913000
986167749
986167749
986167749
986167749
791349520
791349520
791349520
791349520
247296725
247296725
741890175
741890175
980129447
980129447
980129447
980129447
710817719
710817719
902435475
902435475
671970733
671970733
671970733
671970733
840287355
840287355
524373359
524373359
277076634
277076634
277076634
277076634
989186900
989186900
989186900
989186900
989186900
989186900
980129447
980129447
68108854
68108854
68108854
68108854
340544270
340544270
340544270
340544270
951416321
951416321
857760257
857760257
881174273
881174273
764104193
764104193
962081028
962081028
962081028
962081028
962081028
962081028
320693676
320693676
163478552
163478552
163478552
163478552
980871312
980871312
326957104
326957104
193754960
193754960
193754960
193754960
387509920
387509920
387509920
387509920
221434240
221434240
221434240
221434240
332151360
332151360
110717120
110717120
546719253
546719253
546719253
546719253
320956703
320956703
659600528
659600528
885363078
885363078
885363078
885363078
303269581
303269581
303269581
303269581
379542007
379542007
759084014
759084014
551114544
551114544
655099279
655099279
725382005
725382005
725382005
725382005
770859063
770859063
770859063
770859063
508668822
508668822
508668822
508668822
301382635
301382635
904147905
904147905
811421464
811421464
405710732
405710732
811421464
811421464
811421464
811421464
115719250
115719250
371321201
371321201
278066067
278066067
834198201
834198201
371321201
371321201
115719250
115719250
57859625
57859625
115719250
115719250
546990180
546990180
546990180
546990180
533328151
533328151
533328151
533328151
377030699
377030699
132847744
132847744
924020879
924020879
924020879
924020879
126619197
126619197
42206399
42206399
848390631
848390631
848390631
848390631
698536909
698536909
698536909
698536909
548683187
548683187
548683187
548683187
318181923
318181923
318181923
318181923
230784755
230784755
230784755
230784755
954545769
954545769
954545769
954545769
297067820
297067820
891203460
891203460
791532510
791532510
791532510
791532510
189054412
189054412
395766255
395766255
980586922
980586922
980586922
980586922
659610425
659610425
659610425
659610425
617281184
617281184
617281184
617281184
980586922
980586922
490293461
490293461
512788463
512788463
512788463
512788463
385800740
385800740
385800740
385800740
970016026
970016026
970016026
970016026
574819448
574819448
857102718
857102718
287409724
287409724
574819448
574819448
970016026
970016026
970016026
970016026
990627115
990627115
990627115
990627115
994435734
994435734
994435734
994435734
99201492
99201492
99201492
99201492
231470148
231470148
231470148
231470148
634783972
634783972
634783972
634783972
450510392
450510392
225255196
225255196
721833983
721833983
721833983
721833983
721833983
721833983
906107563
906107563
478524297
478524297
478524297
478524297
697188566
697188566
697188566
697188566
602637970
602637970
602637970
602637970
282399861
282399861
94133287
94133287
991089696
991089696
976780382
976780382
969625725
969625725
983935039
983935039
605121746
605121746
867203484
867203484
619431060
619431060
619431060
619431060
969625725
969625725
983935039
983935039
991089696
991089696
976780382
976780382
991089696
991089696
991089696
991089696
488390191
488390191
488390191
488390191
289253986
289253986
289253986
289253986
289253986
289253986
289253986
289253986
630700930
630700930
630700930
630700930
630700930
630700930
630700930
630700930
674840550
674840550
674840550
674840550
717036387
717036387
717036387
717036387
969625725
969625725
983935039
983935039
64641715
64641715
64641715
64641715
135219860
135219860
135219860
135219860
710569522
710569522
135219860
135219860
253204609
253204609
253204609
253204609
253204609
253204609
253204609
253204609
197446163
197446163
197446163
197446163
197446163
197446163
731311623
731311623
298922629
298922629
298922629
298922629
197446163
197446163
597845258
597845258
185640840
185640840
556922520
556922520
371281680
371281680
371281680
371281680
556922520
556922520
278461260
278461260
278461260
278461260
556922520
556922520
671407488
671407488
671407488
671407488
671407488
671407488
671407488
671407488
335703744
335703744
335703744
335703744
419629680
419629680
839259360
839259360
90919771
90919771
90919771
90919771
544582062
544582062
544582062
544582062
739032369
739032369
739032369
739032369
246344123
246344123
246344123
246344123
39081047
39081047
678523251
678523251
414930160
414930160
414930160
414930160
907544950
907544950
907544950
907544950
635263101
635263101
635263101
635263101
869226351
869226351
869226351
869226351
869226351
869226351
869226351
869226351
584867747
584867747
791556050
791556050
860452151
860452151
584867747
584867747
444982357
444982357
444982357
444982357
204444572
204444572
613333716
613333716
30609338
30609338
30609338
30609338
30609338
30609338
30609338
30609338
897777481
897777481
897777481
897777481
847544045
847544045
847544045
847544045
773935432
773935432
590726595
590726595
773935432
773935432
590726595
590726595
98203270
98203270
196406540
196406540
196406540
196406540
98203270
98203270
523672994
523672994
572774629
572774629
572774629
572774629
572774629
572774629
165060484
165060484
495181452
495181452
495181452
495181452
495181452
495181452
495181452
495181452
165060484
165060484
728576860
728576860
575607071
575607071
3537933
3537933
10613799
10613799
21227598
21227598
7075866
7075866
412847820
412847820
412847820
412847820
172060601
172060601
722849769
722849769
691960576
691960576
345980288
345980288
236471237
236471237
744319981
744319981
490395609
490395609
472942474
472942474
980791218
980791218
945884948
945884948
578224564
578224564
736429339
736429339
316409550
316409550
316409550
316409550
210653606
210653606
210653606
210653606
631960818
631960818
210653606
210653606
803457963
803457963
413885183
413885183
803457963
803457963
803457963
803457963
432155381
432155381
432155381
432155381
176516192
176516192
529548576
529548576
766917567
766917567
882580960
882580960
450425579
450425579
450425579
450425579
450425579
450425579
353032384
353032384
176516192
176516192
353032384
353032384
603618665
603618665
603618665
603618665
866702457
866702457
603618665
603618665
866702457
866702457
866702457
866702457
735160561
735160561
735160561
735160561
744534851
744534851
744534851
744534851
363970598
363970598
786819768
786819768
70458093
70458093
211374279
211374279
375801649
375801649
375801649
375801649
329150452
329150452
329150452
329150452
329150452
329150452
329150452
329150452
151248418
151248418
75624209
75624209
659445979
659445979
659445979
659445979
975800434
975800434
975800434
975800434
678571520
678571520
891686742
891686742
785129131
785129131
594457828
594457828
740241293
740241293
869242823
869242823
60722349
60722349
20240783
20240783
40481566
40481566
40481566
40481566
891174494
891174494
891174494
891174494
381931926
381931926
381931926
381931926
80963132
80963132
80963132
80963132
40481566
40481566
40481566
40481566
161926264
161926264
80963132
80963132
80963132
80963132
161926264
161926264
721626175
721626175
721626175
721626175
721626175
721626175
445007997
445007997
721626175
721626175
445007997
445007997
291658543
291658543
429967632
429967632
895791749
895791749
690886541
690886541
895791749
895791749
690886541
690886541
357581310
357581310
178790655
178790655
718598499
718598499
159306791
159306791
599209885
599209885
599209885
599209885
399692651
399692651
798727119
798727119
934982791
934982791
934982791
934982791
573641987
573641987
573641987
573641987
852943093
852943093
562340573
562340573
823882841
823882841
823882841
823882841
173179419
173179419
346358838
346358838
867867250
867867250
607113044
607113044
194503710
194503710
194503710
194503710
642248957
642248957
879579221
879579221
318859770
318859770
956579310
956579310
277194727
277194727
277194727
277194727
758068625
758068625
517892897
517892897
517892897
517892897
517892897
517892897
108444787
108444787
108444787
108444787
325334361
325334361
108444787
108444787
586036382
586036382
586036382
586036382
759864793
759864793
586036382
586036382
466846602
466846602
233423301
233423301
586036382
586036382
586036382
586036382
877242023
877242023
877242023
877242023
181453756
181453756
181453756
181453756
231824885
231824885
695474655
695474655
695474655
695474655
231824885
231824885
75986718
75986718
25328906
25328906
202631248
202631248
101315624
101315624
50657812
50657812
50657812
50657812
101315624
101315624
202631248
202631248
971608262
971608262
918336080
918336080
944972171
944972171
944972171
944972171
7346134
7346134
7346134
7346134
349889097
349889097
116629699
116629699
251249793
251249793
624747073
624747073
904870033
904870033
718121393
718121393
811495713
811495713
811495713
811495713
904870033
904870033
718121393
718121393
74715454
74715454
149430908
149430908
828481664
828481664
488956286
488956286
349254490
349254490
349254490
349254490
715306538
715306538
149430908
149430908
541594302
541594302
270797151
270797151
180531434
180531434
180531434
180531434
195437429
195437429
195437429
195437429
123272550
123272550
123272550
123272550
167019963
167019963
167019963
167019963
291316079
291316079
873948237
873948237
686728978
686728978
686728978
686728978
878387384
878387384
878387384
878387384
705910567
705910567
705910567
705910567
426038730
426038730
426038730
426038730
279871837
279871837
639058095
639058095
852077460
852077460
852077460
852077460
872823453
872823453
872823453
872823453
935533903
935533903
872823453
872823453
872823453
872823453
872823453
872823453
872823453
872823453
872823453
872823453
728291518
728291518
728291518
728291518
728291518
728291518
728291518
728291518
380223167
380223167
792237291
792237291
767349276
767349276
767349276
767349276
423952971
423952971
423952971
423952971
369230059
369230059
369230059
369230059
492506208
492506208
246253104
246253104
492506208
492506208
492506208
492506208
893984105
893984105
893984105
893984105
893984105
893984105
893984105
893984105
102483920
102483920
699657542
699657542
102483920
102483920
102483920
102483920
969852184
969852184
969852184
969852184
952380080
952380080
982956262
982956262
917435872
917435872
458717936
458717936
458717936
458717936
458717936
458717936
995399254
995399254
664547869
664547869
330851385
330851385
330851385
330851385
733369029
733369029
733369029
733369029
600931367
600931367
600931367
600931367
454632755
454632755
454632755
454632755
545234688
545234688
637459711
637459711
742669454
742669454
913052720
913052720
913052720
913052720
742669454
742669454
597361662
597361662
597361662
597361662
319121203
319121203
319121203
319121203
896042493
896042493
793840633
793840633
875602121
875602121
957363609
957363609
387033518
387033518
794507408
794507408
774067036
774067036
590770463
590770463
120494351
120494351
361483053
361483053
120494351
120494351
361483053
361483053
139456729
139456729
139456729
139456729
354153635
354153635
783547447
783547447
650883911
650883911
650883911
650883911
650883911
650883911
650883911
650883911
948495527
948495527
981661411
981661411
782666107
782666107
593636820
593636820
164771812
164771812
164771812
164771812
164771812
164771812
494315436
494315436
349726472
349726472
349726472
349726472
699452944
699452944
349726472
349726472
327698854
327698854
327698854
327698854
967948771
967948771
655397708
655397708
738535307
738535307
738535307
738535307
178525384
178525384
178525384
178525384
311414838
311414838
103804946
103804946
74146390
74146390
74146390
74146390
602966575
602966575
810655372
810655372
850855004
850855004
850855004
850855004
147910453
147910453
147910453
147910453
360493928
360493928
720987856
720987856
447844381
447844381
447844381
447844381
447844381
447844381
447844381
447844381
447844381
447844381
723044367
723044367
447844381
447844381
447844381
447844381
561146681
561146681
561146681
561146681
561146681
561146681
779695517
779695517
755412313
755412313
269748233
269748233
733762098
733762098
733762098
733762098
302828125
302828125
302828125
302828125
302828125
302828125
302828125
302828125
238341091
238341091
238341091
238341091
618292722
618292722
856633813
856633813
13584570
13584570
6792285
6792285
9056380
9056380
9056380
9056380
273730413
273730413
273730413
273730413
273730413
273730413
273730413
273730413
935470008
935470008
311823336
311823336
935470008
935470008
935470008
935470008
528460960
528460960
58677567
58677567
39118378
39118378
39118378
39118378
522572844
522572844
522572844
522572844
261286422
261286422
522572844
522572844
281408010
281408010
281408010
281408010
93802670
93802670
93802670
93802670
926429517
926429517
926429517
926429517
782799845
782799845
890522099
890522099
962336935
962336935
962336935
962336935
908475808
908475808
908475808
908475808
410925190
410925190
410925190
410925190
675185776
675185776
675185776
675185776
733983767
733983767
866114060
866114060
733983767
733983767
733983767
733983767
636455056
636455056
636455056
636455056
636455056
636455056
318227528
318227528
847129503
847129503
847129503
847129503
469342378
469342378
938684756
938684756
542078998
542078998
627992641
627992641
542078998
542078998
627992641
627992641
85913643
85913643
85913643
85913643
627992641
627992641
542078998
542078998
961320912
961320912
961320912
961320912
924397471
924397471
850550589
850550589
443737015
443737015
480660456
480660456
406813574
406813574
203406787
203406787
57732090
57732090
115464180
115464180
57732090
57732090
57732090
57732090
994215655
994215655
994215655
994215655
498115002
498115002
496100653
496100653
93909980
93909980
93909980
93909980
46954990
46954990
46954990
46954990
373758598
373758598
373758598
373758598
123031441
123031441
373758598
373758598
540547800
540547800
623399047
623399047
374269679
374269679
374269679
374269679
202705425
202705425
608116275
608116275
623399047
623399047
810821700
810821700
29653588
29653588
342632647
342632647
372286235
372286235
372286235
372286235
401939823
401939823
700092088
700092088
342632647
342632647
342632647
342632647
808234631
808234631
618224909
618224909
618224909
618224909
871571205
871571205
570583816
570583816
522942723
522942723
522942723
522942723
570583816
570583816
146897135
146897135
440691405
440691405
104926525
104926525
104926525
104926525
121714769
121714769
121714769
121714769
681694330
681694330
365144307
365144307
789158796
789158796
789158796
789158796
197289699
197289699
197289699
197289699
605110345
605110345
534451566
534451566
534451566
534451566
605110345
605110345
763254456
763254456
763254456
763254456
254418152
254418152
763254456
763254456
127209076
127209076
254418152
254418152
127209076
127209076
254418152
254418152
827003397
827003397
275667799
275667799
275667799
275667799
827003397
827003397
731113485
731113485
196851749
196851749
196851749
196851749
597548051
597548051
787288462
787288462
365376680
365376680
252306476
252306476
126153238
126153238
154420789
154420789
154420789
154420789
576332571
576332571
730753360
730753360
885730132
885730132
885730132
885730132
442865066
442865066
330350845
330350845
768004538
768004538
768004538
768004538
31237130
31237130
675908612
675908612
500524042
500524042
500524042
500524042
2803731
2803731
2803731
2803731
2803731
2803731
2803731
2803731
2803731
2803731
500524042
500524042
996617123
996617123
996617123
996617123
996617123
996617123
996617123
996617123
746852631
746852631
248950877
248950877
747666246
747666246
246510032
246510032
637106057
637106057
637106057
637106057
637106057
637106057
637106057
637106057
518325299
518325299
556731544
556731544
38406245
38406245
38406245
38406245
533632701
533632701
765938527
765938527
177877567
177877567
533632701
533632701
533632701
533632701
533632701
533632701
355755134
355755134
355755134
355755134
989579357
989579357
989579357
989579357
993911855
993911855
989579357
989579357
993911855
993911855
985246859
985246859
991745606
991745606
991745606
991745606
698944309
698944309
399644265
399644265
848594331
848594331
848594331
848594331
266429510
266429510
266429510
266429510
399644265
399644265
133214755
133214755
134947374
134947374
134947374
134947374
134947374
134947374
44982458
44982458
202421061
202421061
67473687
67473687
112456145
112456145
112456145
112456145
810541188
810541188
810541188
810541188
810541188
810541188
810541188
810541188
29864264
29864264
14932132
14932132
810541188
810541188
810541188
810541188
840405452
840405452
420202726
420202726
405270594
405270594
405270594
405270594
799342089
799342089
401537561
401537561
409003627
409003627
409003627
409003627
209008155
209008155
209008155
209008155
585222834
585222834
585222834
585222834
107001473
107001473
214002946
214002946
659624386
659624386
552622913
552622913
659705890
659705890
659705890
659705890
980873317
980873317
659705890
659705890
358599131
358599131
785029279
785029279
571814205
571814205
145384057
145384057
365909143
365909143
365909143
365909143
564875295
564875295
564875295
564875295
323286355
323286355
323286355
323286355
984051709
984051709
984051709
984051709
387242965
387242965
387242965
387242965
539993312
539993312
539993312
539993312
550637795
550637795
653669032
653669032
206062474
206062474
206062474
206062474
411486647
411486647
236215588
236215588
40629686
40629686
40629686
40629686
40629686
40629686
40629686
40629686
40629686
40629686
40629686
40629686
96424133
96424133
96424133
96424133
96424133
96424133
96424133
96424133
775560100
775560100
775560100
775560100
145899645
145899645
48633215
48633215
882347008
882347008
882347008
882347008
441173504
441173504
325276159
325276159
275733440
275733440
827200320
827200320
551466880
551466880
551466880
551466880
441173504
441173504
441173504
441173504
441173504
441173504
441173504
441173504
165440064
165440064
330880128
330880128
330880128
330880128
110293376
110293376
730779705
730779705
730779705
730779705
597047381
597047381
864512029
864512029
329582733
329582733
663913543
663913543
730779705
730779705
730779705
730779705
21792082
21792082
21792082
21792082
383596309
383596309
152544574
152544574
961831440
961831440
961831440
961831440
444502807
444502807
444502807
444502807
323952383
323952383
773480363
773480363
872668756
872668756
872668756
872668756
192016363
192016363
396753572
396753572
793507144
793507144
588769935
588769935
233018330
233018330
116509165
116509165
233018330
233018330
743169012
743169012
949785637
949785637
649343330
649343330
649343330
649343330
649343330
649343330
31041858
31041858
15520929
15520929
15520929
15520929
31041858
31041858
445557213
445557213
445557213
445557213
721900783
721900783
169213643
169213643
721900783
721900783
169213643
169213643
169213643
169213643
583728998
583728998
891114426
891114426
891114426
891114426
445557213
445557213
445557213
445557213
412136395
412136395
824272790
824272790
824272790
824272790
940253832
940253832
70396017
70396017
534320185
534320185
882263311
882263311
650301227
650301227
70396017
70396017
534320185
534320185
882263311
882263311
650301227
650301227
412136395
412136395
824272790
824272790
940253832
940253832
824272790
824272790
652056551
652056551
652056551
652056551
571418445
571418445
571418445
571418445
225230643
225230643
225230643
225230643
531099392
531099392
63954431
63954431
660728903
660728903
660728903
660728903
525722723
525722723
578923816
578923816
863238173
863238173
863238173
863238173
863238173
863238173
863238173
863238173
960521110
960521110
960521110
960521110
692970402
692970402
692970402
692970402
734181652
734181652
367090826
367090826
156706317
156706317
156706317
156706317
183545413
183545413
183545413
183545413
835304565
835304565
509424989
509424989
396255260
396255260
396255260
396255260
530030614
530030614
591847489
591847489
849237649
849237649
551224241
551224241
700230945
700230945
700230945
700230945
340289202
340289202
340289202
340289202
170144601
170144601
170144601
170144601
871955577
871955577
290651859
290651859
342153258
342153258
28215421
28215421
333306353
333306353
333306353
333306353
554952353
554952353
554952353
554952353
691479086
691479086
384713819
384713819
164877351
164877351
164877351
164877351
237530453
237530453
237530453
237530453
237530453
237530453
617887403
617887403
473829388
473829388
490691247
490691247
893361360
893361360
683595374
683595374
578712381
578712381
192904127
192904127
578712381
578712381
788478367
788478367
172899503
172899503
172899503
172899503
585571928
585571928
585571928
585571928
597352604
597352604
196460855
196460855
196460855
196460855
196460855
196460855
872467554
872467554
746690755
746690755
872467554
872467554
872467554
872467554
746690755
746690755
872467554
872467554
298676302
298676302
298676302
298676302
809341566
809341566
809341566
809341566
5203777
5203777
334482710
334482710
674169197
674169197
836206775
836206775
377593993
377593993
377593993
377593993
304289817
304289817
912869451
912869451
640689708
640689708
640689708
640689708
32110074
32110074
64220148
64220148
624634671
624634671
624634671
624634671
870692335
870692335
870692335
870692335
105380227
105380227
105380227
105380227
20802109
20802109
339682154
339682154
806916326
806916326
806916326
806916326
39039393
39039393
117118179
117118179
936471477
936471477
812925725
812925725
851965118
851965118
705685883
705685883
100812269
100812269
100812269
100812269
558875009
558875009
558875009
558875009
388517428
388517428
388517428
388517428
322699234
322699234
440314529
440314529
136722626
136722626
136722626
136722626
411090028
411090028
469778127
469778127
880868155
880868155
763491957
763491957
328915756
328915756
328915756
328915756
82228939
82228939
82228939
82228939
929698465
929698465
929698465
929698465
929698465
929698465
642647606
642647606
972539645
972539645
972539645
972539645
972539645
972539645
921130229
921130229
300832073
300832073
300832073
300832073
205083939
205083939
601664146
601664146
68361313
68361313
68361313
68361313
880629058
880629058
880629058
880629058
849912225
849912225
924078289
924078289
924078289
924078289
849912225
849912225
503285699
503285699
750765026
750765026
833258135
833258135
503285699
503285699
351635056
351635056
351635056
351635056
154985562
154985562
154985562
154985562
539941101
539941101
769092727
769092727
327258457
327258457
327258457
327258457
207107036
207107036
207107036
207107036
838085432
838085432
838085432
838085432
254055151
254055151
254055151
254055151
951028573
951028573
649757642
649757642
170089211
170089211
722192639
722192639
892281850
892281850
892281850
892281850
641836758
641836758
641836758
641836758
962755137
962755137
320918379
320918379
643529897
643529897
643529897
643529897
932345338
932345338
932345338
932345338
662202252
662202252
662202252
662202252
662202252
662202252
662202252
662202252
834385592
834385592
943624766
943624766
889005179
889005179
889005179
889005179
427797825
427797825
427797825
427797825
855632721
855632721
855632721
855632721
597223716
597223716
597223716
597223716
494814937
494814937
494814937
494814937
929640690
929640690
792433364
792433364
309880230
309880230
309880230
309880230
644120866
644120866
644120866
644120866
289997379
289997379
644120866
644120866
289997379
289997379
644120866
644120866
644120866
644120866
644120866
644120866
466532850
466532850
466532850
466532850
466532850
466532850
466532850
466532850
927465791
927465791
974651499
974651499
356830604
356830604
784439770
784439770
439809644
439809644
879619288
879619288
625954547
625954547
879619288
879619288
625954547
625954547
879619288
879619288
970869338
970869338
989119348
989119348
706968770
706968770
901152492
901152492
960537233
960537233
960537233
960537233
647584029
647584029
215861343
215861343
960537233
960537233
885122993
885122993
254873527
254873527
764620581
764620581
259123478
259123478
751870728
751870728
921411261
921411261
767745077
767745077
997658510
997658510
998049072
998049072
422264666
422264666
806251124
806251124
38364235
38364235
38364235
38364235
725892188
725892188
725892188
725892188
241837312
241837312
241837312
241837312
731112795
731112795
731112795
731112795
487408530
487408530
463981237
463981237
220276972
220276972
220276972
220276972
487408530
487408530
487408530
487408530
17922046
17922046
8961023
8961023
17922046
17922046
338722133
338722133
890265727
890265727
890265727
890265727
377702016
377702016
377702016
377702016
930337841
930337841
930337841
930337841
930337841
930337841
930337841
930337841
862431329
862431329
930337841
930337841
930337841
930337841
862431329
862431329
974651381
974651381
974651381
974651381
992799821
992799821
996429509
996429509
986447867
986447867
974651381
974651381
974651381
974651381
974651381
974651381
947428721
947428721
947428721
947428721
976466225
976466225
976466225
976466225
794981825
794981825
388456769
388456769
911131841
911131841
911131841
911131841
453600919
453600919
362558404
362558404
453600919
453600919
362558404
362558404
667816592
667816592
667816592
667816592
667816592
667816592
667816592
667816592
180876288
180876288
90438144
90438144
67828608
67828608
22609536
22609536
316097257
316097257
438113870
438113870
438113870
438113870
438113870
438113870
901107740
901107740
901107740
901107740
180221548
180221548
180221548
180221548
691078461
691078461
691078461
691078461
767825138
767825138
537405923
537405923
51664952
51664952
51664952
51664952
682717886
682717886
51664952
51664952
734382838
734382838
734382838
734382838
516649520
516649520
35054687
35054687
518813902
518813902
505686085
505686085
21879695
21879695
21879695
21879695
923350190
923350190
923350190
923350190
461675095
461675095
386780932
386780932
734178413
734178413
910222373
910222373
646156433
646156433
646156433
646156433
822200393
822200393
646156433
646156433
646156433
646156433
822200393
822200393
841746760
841746760
841746760
841746760
336698704
336698704
336698704
336698704
348550463
348550463
673397408
673397408
348550463
348550463
348550463
348550463
487539737
487539737
464374858
464374858
565115093
565115093
565115093
565115093
36275347
36275347
36275347
36275347
94623034
94623034
94623034
94623034
884962433
884962433
658398593
658398593
862306049
862306049
862306049
862306049
828321473
828321473
658398593
658398593
743360033
743360033
913282913
913282913
884962433
884962433
941603393
941603393
884962433
884962433
884962433
884962433
286362333
286362333
286362333
286362333
928665676
928665676
928665676
928665676
258954180
258954180
258954180
258954180
253586699
253586699
253586699
253586699
943406864
943406864
943406864
943406864
747413826
747413826
747413826
747413826
386763458
386763458
162046021
162046021
386763458
386763458
162046021
162046021
69272120
69272120
69272120
69272120
138544240
138544240
69272120
69272120
209923023
209923023
209923023
209923023
209923023
209923023
209923023
209923023
687898329
687898329
687898329
687898329
134412562
134412562
134412562
134412562
667119187
667119187
667119187
667119187
416340885
416340885
250778302
250778302
135432509
135432509
406297527
406297527
561816752
561816752
561816752
561816752
715206177
715206177
238402059
238402059
52246854
52246854
104493708
104493708
104493708
104493708
52246854
52246854
538307317
538307317
538307317
538307317
236962705
236962705
710888115
710888115
854566234
854566234
710888115
710888115
304666335
304666335
304666335
304666335
236962705
236962705
236962705
236962705
802127650
802127650
802127650
802127650
202003649
202003649
202003649
202003649
688719537
688719537
229573179
229573179
688719537
688719537
688719537
688719537
704809439
704809439
704809439
704809439
370658053
370658053
456300802
456300802
994034548
994034548
497017274
497017274
994034548
994034548
664092967
664092967
429629760
429629760
290644927
290644927
85925952
85925952
85925952
85925952
146323142
146323142
73161571
73161571
855923925
855923925
571283069
571283069
73161571
73161571
73161571
73161571
499455736
499455736
500122855
500122855
430963998
430963998
430963998
430963998
718273330
718273330
718273330
718273330
54009094
54009094
108018188
108018188
642153887
642153887
642153887
642153887
615113237
615113237
870533981
870533981
903674284
903674284
903674284
903674284
765638644
765638644
300427226
300427226
533032935
533032935
600854452
600854452
533032935
533032935
533032935
533032935
67821517
67821517
67821517
67821517
584199668
584199668
584199668
584199668
876299502
876299502
438149751
438149751
218122534
218122534
218122534
218122534
810911258
810911258
810911258
810911258
383740408
383740408
383740408
383740408
152976871
152976871
383740408
383740408
191870204
191870204
191870204
191870204
191870204
191870204
575610612
575610612
562196466
562196466
187398822
187398822
187398822
187398822
562196466
562196466
230898332
230898332
230898332
230898332
346347498
346347498
346347498
346347498
229311867
229311867
229311867
229311867
613778110
613778110
613778110
613778110
674758175
674758175
674758175
674758175
647635266
647635266
944661445
944661445
656611456
656611456
551618603
551618603
611614519
611614519
611614519
611614519
119991832
119991832
359975496
359975496
119991832
119991832
359975496
359975496
330724120
330724120
442989491
442989491
687544510
687544510
687544510
687544510
801424027
801424027
604603701
604603701
604603701
604603701
604603701
604603701
439411632
439411632
439411632
439411632
439411632
439411632
439411632
439411632
601708362
601708362
601708362
601708362
737377503
737377503
215643803
215643803
296403549
296403549
296403549
296403549
592807098
592807098
592807098
592807098
471863750
471863750
822784152
822784152
356875223
356875223
713750446
713750446
670757383
670757383
670757383
670757383
834500868
834500868
507013898
507013898
834500868
834500868
507013898
507013898
834500868
834500868
834500868
834500868
232212701
232212701
232212701
232212701
742900469
742900469
742900469
742900469
716990497
716990497
571744950
571744950
290491094
290491094
580982188
580982188
613052299
613052299
613052299
613052299
613052299
613052299
805648326
805648326
52896327
52896327
158688981
158688981
211585308
211585308
211585308
211585308
997554036
997554036
498777018
498777018
249388509
249388509
748165527
748165527
332518012
332518012
332518012
332518012
498777018
498777018
997554036
997554036
607931761
607931761
607931761
607931761
753011207
753011207
753011207
753011207
507778061
507778061
507778061
507778061
262544915
262544915
262544915
262544915
765199555
765199555
765199555
765199555
459119733
459119733
459119733
459119733
450422258
450422258
353022421
353022421
900844516
900844516
900844516
900844516
831248639
831248639
942579115
942579115
886913877
886913877
886913877
886913877
854444977
854444977
566846225
566846225
63548409
63548409
127096818
127096818
293205843
293205843
97735281
97735281
488676405
488676405
488676405
488676405
477021424
477021424
477021424
477021424
238510712
238510712
238510712
238510712
747612927
747612927
747612927
747612927
496981501
496981501
496981501
496981501
363659852
363659852
363659852
363659852
933565128
933565128
933565128
933565128
886996086
886996086
886996086
886996086
36584414
36584414
73168828
73168828
793942317
793942317
793942317
793942317
845017826
845017826
947168844
947168844
424739303
424739303
849478606
849478606
768842333
768842333
310038293
310038293
80636273
80636273
80636273
80636273
539440313
539440313
539440313
539440313
637075727
637075727
275907101
275907101
637075727
637075727
637075727
637075727
321282447
321282447
321282447
321282447
321282447
321282447
321282447
321282447
685090068
685090068
685090068
685090068
58781498
58781498
58781498
58781498
58781498
58781498
58781498
58781498
474293124
474293124
158097708
158097708
640903650
640903650
320451825
320451825
640903650
640903650
640903650
640903650
640903650
640903650
924466597
924466597
283562947
283562947
283562947
283562947
984116493
984116493
984116493
984116493
977052563
977052563
977052563
977052563
988354851
988354851
988354851
988354851
958686345
958686345
958686345
958686345
382768145
382768145
382768145
382768145
355218818
355218818
355218818
355218818
789553652
789553652
372172250
372172250
372172250
372172250
789553652
789553652
270079458
270079458
540158916
540158916
270079458
270079458
270079458
270079458
195472175
195472175
195472175
195472175
195472175
195472175
195472175
195472175
31429653
31429653
31429653
31429653
577696309
577696309
577696309
577696309
251437224
251437224
251437224
251437224
502874448
502874448
502874448
502874448
134726398
134726398
134726398
134726398
538905592
538905592
538905592
538905592
336815995
336815995
336815995
336815995
342917811
342917811
670581082
670581082
369252909
369252909
369252909
369252909
369252909
369252909
369252909
369252909
479370853
479370853
492538402
492538402
413533108
413533108
413533108
413533108
301051182
301051182
301051182
301051182
903153546
903153546
903153546
903153546
973269911
973269911
985757132
985757132
597281649
597281649
597281649
597281649
123576225
123576225
123576225
123576225
588079091
588079091
588079091
588079091
82384150
82384150
82384150
82384150
82384150
82384150
82384150
82384150
974591691
974591691
974591691
974591691
974591691
974591691
974591691
974591691
709725796
709725796
132688682
132688682
553895921
553895921
850128209
850128209
179688878
179688878
725392528
725392528
481382680
481382680
445903687
445903687
481382680
481382680
481382680
481382680
445903687
445903687
445903687
445903687
271604150
271604150
271604150
271604150
271604150
271604150
756030952
756030952
543208300
543208300
513817551
513817551
29390749
29390749
58781498
58781498
61646056
61646056
61646056
61646056
61646056
61646056
61646056
61646056
868847886
868847886
868847886
868847886
92469084
92469084
92469084
92469084
640877980
640877980
546374111
546374111
115152972
115152972
115152972
115152972
283511607
283511607
283511607
283511607
838627364
838627364
838627364
838627364
98874692
98874692
698454466
698454466
698454466
698454466
98874692
98874692
819711793
819711793
605985382
605985382
890099495
890099495
944171924
944171924
420056468
420056468
805515058
805515058
420056468
420056468
420056468
420056468
691882674
691882674
691882674
691882674
39579658
39579658
345941337
345941337
971494375
971494375
656579576
656579576
730262527
730262527
730262527
730262527
863791548
863791548
287930516
287930516
143965258
143965258
143965258
143965258
358256110
358256110
358256110
358256110
179128055
179128055
537384165
537384165
767814259
767814259
767814259
767814259
767814259
767814259
588686204
588686204
762369493
762369493
290619773
290619773
762369493
762369493
290619773
290619773
573669605
573669605
856719437
856719437
526494633
526494633
526494633
526494633
658502690
658502690
318761027
318761027
771749911
771749911
318761027
318761027
569775548
569775548
711082291
711082291
419371653
419371653
419371653
419371653
720435465
720435465
164817689
164817689
607444266
607444266
607444266
607444266
432008248
432008248
297780391
297780391
560422374
560422374
683022769
683022769
126704424
126704424
126704424
126704424
42234808
42234808
126704424
126704424
15391039
15391039
337878464
337878464
675756928
675756928
675756928
675756928
24650804
24650804
24650804
24650804
73952412
73952412
73952412
73952412
796967190
796967190
796967190
796967190
698363974
698363974
698363974
698363974
572999095
572999095
572999095
572999095
392810862
392810862
392810862
392810862
867787147
867787147
622010500
622010500
622010500
622010500
867787147
867787147
832695932
832695932
832695932
832695932
336050669
336050669
336050669
336050669
717952550
717952550
717952550
717952550
157368944
157368944
717952550
717952550
887766411
887766411
295922137
295922137
426127361
426127361
852254722
852254722
529624483
529624483
509289612
509289612
631298838
631298838
631298838
631298838
904509810
904509810
904509810
904509810
603006540
603006540
810775267
810775267
943976986
943976986
943976986
943976986
889709619
889709619
889709619
889709619
725161782
725161782
725161782
725161782
693799805
693799805
693799805
693799805
863921743
863921743
863921743
863921743
729599133
729599133
729599133
729599133
49111381
49111381
98222762
98222762
698237156
698237156
698237156
698237156
572789248
572789248
523677867
523677867
523677867
523677867
523677867
523677867
929926754
929926754
929926754
929926754
861609155
861609155
929926754
929926754
731603865
731603865
731603865
731603865
65002645
65002645
130005290
130005290
215952262
215952262
431904524
431904524
713974492
713974492
570739615
570739615
736349072
736349072
910945926
910945926
516965493
516965493
172321831
172321831
219660053
219660053
219660053
219660053
658980159
658980159
219660053
219660053
464362919
464362919
928725838
928725838
642323397
642323397
928725838
928725838
821374742
821374742
821374742
821374742
290765909
290765909
290765909
290765909
175363320
175363320
175363320
175363320
350726640
350726640
350726640
350726640
560096894
560096894
560096894
560096894
958719600
958719600
319573200
319573200
633040868
633040868
633040868
633040868
584357817
584357817
584357817
584357817
146113635
146113635
292227270
292227270
292227270
292227270
146113635
146113635
146113635
146113635
292227270
292227270
146113635
146113635
292227270
292227270
38252674
38252674
38252674
38252674
153010696
153010696
153010696
153010696
327888713
327888713
327888713
327888713
551340593
551340593
655777426
655777426
682535493
682535493
51117773
51117773
887006585
887006585
961165097
961165097
577413414
577413414
733995889
733995889
733995889
733995889
733995889
733995889
530834829
530834829
176944943
176944943
303795553
303795553
303795553
303795553
370191863
370191863
370191863
370191863
561656180
561656180
280828090
280828090
461984614
461984614
230992307
230992307
614618330
614618330
614618330
614618330
448563156
448563156
448563156
448563156
373802630
373802630
123163537
123163537
511259371
511259371
511259371
511259371
576843834
576843834
732287149
732287149
372884633
372884633
372884633
372884633
789791113
789791113
789791113
789791113
677893339
677893339
37191311
37191311
728970814
728970814
728970814
728970814
382395617
382395617
382395617
382395617
372356245
372356245
744712490
744712490
41315209
41315209
519779781
519779781
519779781
519779781
41315209
41315209
98397381
98397381
32799127
32799127
163995635
163995635
163995635
163995635
576113743
576113743
576113743
576113743
51327711
51327711
51327711
51327711
918375556
918375556
918375556
918375556
182524219
182524219
182524219
182524219
657771902
657771902
657771902
657771902
317299451
317299451
317299451
317299451
355470196
355470196
451238183
451238183
341836949
341836949
341836949
341836949
605026856
605026856
605026856
605026856
605026856
605026856
605026856
605026856
736344630
736344630
736344630
736344630
572712490
572712490
572712490
572712490
45346692
45346692
90693384
90693384
60462256
60462256
60462256
60462256
398248895
398248895
796497790
796497790
796497790
796497790
398248895
398248895
260672004
260672004
260672004
260672004
391008006
391008006
130336002
130336002
451125455
451125455
451125455
451125455
451125455
451125455
451125455
451125455
439077196
439077196
439077196
439077196
958214366
958214366
958214366
958214366
399047209
399047209
399047209
399047209
99448637
99448637
698645781
698645781
861788396
861788396
861788396
861788396
631929136
631929136
631929136
631929136
559210672
559210672
519151675
519151675
222493575
222493575
222493575
222493575
873726278
873726278
873726278
873726278
707702178
707702178
353851089
353851089
216612631
216612631
216612631
216612631
286293923
286293923
286293923
286293923
281889017
281889017
759459241
759459241
759459241
759459241
759459241
759459241
925779714
925779714
925779714
925779714
925779714
925779714
925779714
925779714
608088716
608088716
608088716
608088716
442884357
442884357
442884357
442884357
720564355
720564355
165204359
165204359
868192474
868192474
868192474
868192474
321620598
321620598
107206866
107206866
727594851
727594851
727594851
727594851
627418481
627418481
627418481
627418481
884011090
884011090
884011090
884011090
759232083
759232083
253077361
253077361
253077361
253077361
759232083
759232083
437611485
437611485
314590102
314590102
437611485
437611485
437611485
437611485
159931487
159931487
479794461
479794461
799657435
799657435
898950894
898950894
19333864
19333864
19333864
19333864
19333864
19333864
19333864
19333864
50908811
50908811
152726433
152726433
829140769
829140769
490933601
490933601
973026166
973026166
973026166
973026166
973026166
973026166
657090173
657090173
657697592
657697592
657697592
657697592
328848796
328848796
986546388
986546388
660037185
660037185
660037185
660037185
575485393
575485393
152726433
152726433
196543902
196543902
196543902
196543902
491359755
491359755
163786585
163786585
398707089
398707089
797414178
797414178
265804726
265804726
265804726
265804726
524075241
524075241
524075241
524075241
873418144
873418144
873418144
873418144
675272200
675272200
29327894
29327894
352300047
352300047
352300047
352300047
694880779
694880779
88153631
88153631
711435390
711435390
237145130
237145130
898916687
898916687
965135131
965135131
783034410
783034410
567824467
567824467
665134417
665134417
665134417
665134417
498734514
498734514
498734514
498734514
221349654
221349654
221349654
221349654
221349654
221349654
221349654
221349654
916965599
916965599
916965599
916965599
862779763
862779763
862779763
862779763
673129337
673129337
889872681
889872681
889872681
889872681
673129337
673129337
477720790
477720790
477720790
477720790
983976762
983976762
983976762
983976762
491988381
491988381
491988381
491988381
983976762
983976762
983976762
983976762
77150723
77150723
691213143
691213143
1571682
1571682
523894
523894
770459442
770459442
770459442
770459442
770459442
770459442
770459442
770459442
523738758
523738758
523738758
523738758
261869379
261869379
785608137
785608137
698318344
698318344
98466326
98466326
698318344
698318344
98466326
98466326
172559429
172559429
723016045
723016045
723016045
723016045
723016045
723016045
24651347
24651347
24651347
24651347
24651347
24651347
24651347
24651347
800749065
800749065
800749065
800749065
811516978
811516978
811516978
811516978
245608676
245608676
245608676
245608676
245608676
245608676
245608676
245608676
288282742
288282742
288282742
288282742
144141371
144141371
144141371
144141371
359010272
359010272
718020544
718020544
179505136
179505136
538515408
538515408
536531508
536531508
611350171
611350171
444188939
444188939
444188939
444188939
39770851
39770851
39770851
39770851
778511403
778511403
778511403
778511403
78550592
78550592
235651776
235651776
78550592
78550592
235651776
235651776
235651776
235651776
235651776
235651776
117825888
117825888
235651776
235651776
994751405
994751405
997080037
997080037
997662195
997662195
996497879
996497879
996206800
996206800
996206800
996206800
997371116
997371116
997371116
997371116
377810733
377810733
377810733
377810733
755621466
755621466
755621466
755621466
874157629
874157629
874157629
874157629
135187846
135187846
135187846
135187846
977108633
977108633
934837193
934837193
987676493
987676493
987676493
987676493
918104748
918104748
459052374
459052374
986795838
986795838
986795838
986795838
112106259
112106259
224212518
224212518
224212518
224212518
224212518
224212518
139279055
139279055
139279055
139279055
417837165
417837165
139279055
139279055
440661380
440661380
881322760
881322760
254800389
254800389
254800389
254800389
169866926
169866926
169866926
169866926
20957203
20957203
339733852
339733852
99862889
99862889
99862889
99862889
299588667
299588667
299588667
299588667
179907015
179907015
539721045
539721045
948889714
948889714
899535075
899535075
160088252
160088252
320176504
320176504
878947238
878947238
878947238
878947238
759650123
759650123
521055893
521055893
759650123
759650123
759650123
759650123
282181606
282181606
282181606
282181606
483952223
483952223
453612316
453612316
584094387
584094387
584094387
584094387
584094387
584094387
791169370
791169370
935653596
935653596
935653596
935653596
560109054
560109054
280054527
280054527
92364535
92364535
545304444
545304444
363536296
363536296
92364535
92364535
880165653
880165653
880165653
880165653
880165653
880165653
293388551
293388551
176283271
176283271
391509208
391509208
788581654
788581654
788581654
788581654
306492714
306492714
306492714
306492714
534219217
534219217
604413298
604413298
590745506
590745506
773992165
773992165
549739977
549739977
183246659
183246659
566146855
566146855
566146855
566146855
257294705
257294705
771884115
771884115
885064234
885064234
885064234
885064234
658703996
658703996
885064234
885064234
504277921
504277921
504277921
504277921
514589410
514589410
514589410
514589410
82491912
82491912
82491912
82491912
61868934
61868934
20622978
20622978
707278712
707278712
707278712
707278712
416313071
416313071
416313071
416313071
387243757
387243757
387243757
387243757
461829370
461829370
461829370
461829370
20878229
20878229
672455645
672455645
693333874
693333874
693333874
693333874
913034678
913034678
742615328
742615328
572195978
572195978
572195978
572195978
251384645
251384645
251384645
251384645
150830787
150830787
150830787
150830787
732662584
732662584
366331292
366331292
366331292
366331292
732662584
732662584
850124443
850124443
924184398
924184398
850124443
850124443
850124443
850124443
772934409
772934409
772934409
772934409
663409516
663409516
553884623
553884623
499913133
499913133
499913133
499913133
1581913
1581913
1581913
1581913
682360751
682360751
892949819
892949819
627659764
627659764
627659764
627659764
373271781
373271781
124423927
124423927
248847854
248847854
248847854
248847854
16473281
16473281
16473281
16473281
343730305
343730305
343730305
343730305
883803777
883803777
883803777
883803777
212792892
212792892
212792892
212792892
671010885
671010885
671010885
671010885
180160683
180160683
180160683
180160683
145872549
145872549
145872549
145872549
191599529
191599529
191599529
191599529
695752544
695752544
897413750
897413750
112262348
112262348
112262348
112262348
198728022
198728022
66242674
66242674
165606685
165606685
331213370
331213370
181677208
181677208
181677208
181677208
91818895
91818895
91818895
91818895
437968344
437968344
437968344
437968344
326645461
326645461
326645461
326645461
302558208
302558208
302558208
302558208
100852736
100852736
302558208
302558208
772736834
772736834
772736834
772736834
697567661
697567661
697567661
697567661
627659764
627659764
313829882
313829882
734494588
734494588
577579647
577579647
909717499
909717499
909717499
909717499
96676507
96676507
96676507
96676507
441629938
441629938
441629938
441629938
437968344
437968344
437968344
437968344
435502528
435502528
435502528
435502528
614462949
614462949
614462949
614462949
116905391
116905391
704464699
704464699
704464699
704464699
116905391
116905391
347931476
347931476
347931476
347931476
694686586
694686586
694686586
694686586
435502528
435502528
217751264
217751264
217751264
217751264
435502528
435502528
299785023
299785023
649014688
649014688
299785023
299785023
99928341
99928341
599570046
599570046
199856682
199856682
399713364
399713364
399713364
399713364
58624821
58624821
175874463
175874463
610671576
610671576
610671576
610671576
119099897
119099897
238199794
238199794
893875400
893875400
893875400
893875400
618900930
618900930
858458437
858458437
33257197
33257197
33257197
33257197
205174122
205174122
410348244
410348244
343833850
343833850
343833850
343833850
446017778
446017778
446017778
446017778
446017778
446017778
446017778
446017778
285446726
285446726
856340178
856340178
856340178
856340178
856340178
856340178
792367190
792367190
792367190
792367190
333209139
333209139
111069713
111069713
776796459
776796459
776796459
776796459
555348565
555348565
555348565
555348565
792367190
792367190
792367190
792367190
51369334
51369334
349871229
349871229
666072512
666072512
887520406
887520406
555348565
555348565
776796459
776796459
76136517
76136517
228409551
228409551
659849814
659849814
659849814
659849814
101515356
101515356
101515356
101515356
406061424
406061424
406061424
406061424
472889213
472889213
420423286
420423286
683031269
683031269
52605101
52605101
337531074
337531074
337531074
337531074
337531074
337531074
14348869
14348869
547741670
547741670
273870835
273870835
909928429
909928429
636057594
636057594
78248810
78248810
78248810
78248810
848076792
848076792
547741670
547741670
660081328
660081328
552775227
552775227
660081328
660081328
330040664
330040664
396277607
396277607
396277607
396277607
636057594
636057594
636057594
636057594
135179387
135179387
135179387
135179387
340027122
340027122
21837013
21837013
115868046
115868046
115868046
115868046
173802069
173802069
57934023
57934023
444160843
444160843
444160843
444160843
721202598
721202598
444160843
444160843
810182287
810182287
602808880
602808880
848804969
848804969
848804969
848804969
717414090
717414090
155753564
155753564
717414090
717414090
717414090
717414090
133916551
133916551
133916551
133916551
377386968
377386968
377386968
377386968
440372335
440372335
719308344
719308344
473943673
473943673
473943673
473943673
396698309
396698309
191850574
191850574
170013561
170013561
170013561
170013561
346912838
346912838
346912838
346912838
216646535
216646535
216646535
216646535
954358282
954358282
650867545
650867545
303490737
303490737
910472211
910472211
900370637
900370637
965619781
965619781
867746065
867746065
867746065
867746065
455584083
455584083
455584083
455584083
184253948
184253948
184253948
184253948
224253300
224253300
74751100
74751100
74751100
74751100
74751100
74751100
864832502
864832502
864832502
864832502
299004400
299004400
299004400
299004400
662703542
662703542
886397416
886397416
281341277
281341277
844023831
844023831
677977360
677977360
677977360
677977360
677977360
677977360
677977360
677977360
921723662
921723662
972737456
972737456
972737456
972737456
972737456
972737456
166663673
166663673
582454013
582454013
686401598
686401598
894296768
894296768
138697135
138697135
378980496
378980496
757960992
757960992
757960992
757960992
138697135
138697135
138697135
138697135
378980496
378980496
138697135
138697135
282985039
282985039
282985039
282985039
848955117
848955117
848955117
848955117
220611307
220611307
220611307
220611307
220611307
220611307
406285220
406285220
220611307
220611307
220611307
220611307
487542264
487542264
487542264
487542264
31515901
31515901
31515901
31515901
812570440
812570440
812570440
812570440
425895974
425895974
425895974
425895974
425895974
425895974
807461560
807461560
425895974
425895974
279443569
279443569
44330388
44330388
132991164
132991164
123412006
123412006
246824012
246824012
890898590
890898590
890898590
890898590
497297459
497297459
497297459
497297459
747770906
747770906
747770906
747770906
203263885
203263885
203263885
203263885
27112608
27112608
54225216
54225216
20334456
20334456
6778152
6778152
27112608
27112608
54225216
54225216
18075072
18075072
18075072
18075072
9037536
9037536
27112608
27112608
22593840
22593840
22593840
22593840
45187680
45187680
22593840
22593840
147524567
147524567
295049134
295049134
147524567
147524567
147524567
147524567
270022378
270022378
270022378
270022378
135011189
135011189
135011189
135011189
465708787
465708787
465708787
465708787
487984380
487984380
465708787
465708787
854017625
854017625
854017625
854017625
926130989
926130989
926130989
926130989
634443494
634443494
634443494
634443494
634443494
634443494
905086129
905086129
296497967
296497967
296497967
296497967
517896928
517896928
517896928
517896928
867810736
867810736
737377119
737377119
245792373
245792373
245792373
245792373
224566058
224566058
224566058
224566058
224566058
224566058
673698174
673698174
704884898
704884898
704884898
704884898
704884898
704884898
118165988
118165988
560270344
560270344
560270344
560270344
122296335
122296335
122296335
122296335
295842072
295842072
295842072
295842072
147921036
147921036
147921036
147921036
110940777
110940777
110940777
110940777
184901295
184901295
184901295
184901295
653247415
653247415
961497892
961497892
653247415
653247415
653247415
653247415
480748946
480748946
825745884
825745884
653247415
653247415
653247415
653247415
664510811
664510811
330777269
330777269
553266297
553266297
553266297
553266297
886999839
886999839
886999839
886999839
942622096
942622096
886999839
886999839
56730133
56730133
351658162
351658162
760046457
760046457
253348819
253348819
760046457
760046457
760046457
760046457
938694879
938694879
938694879
938694879
3503299
3503299
3503299
3503299
500873826
500873826
500873826
500873826
210017727
210017727
210017727
210017727
210017727
210017727
210017727
210017727
515016498
515016498
31788643
31788643
31788643
31788643
343344332
343344332
811732989
811732989
811732989
811732989
718477307
718477307
904988671
904988671
250088650
250088650
750265950
750265950
125044325
125044325
125044325
125044325
686688664
686688664
686688664
686688664
515016498
515016498
31788643
31788643
816205562
816205562
816205562
816205562
816205562
816205562
816205562
816205562
937564756
937564756
937564756
937564756
755525965
755525965
755525965
755525965
620985971
620985971
620985971
620985971
620985971
620985971
620985971
620985971
883272485
883272485
883272485
883272485
959920397
959920397
959920397
959920397
744449280
744449280
248149760
248149760
325372042
325372042
441205465
441205465
760932194
760932194
760932194
760932194
760932194
760932194
760932194
760932194
179168935
179168935
179168935
179168935
588706644
588706644
588706644
588706644
209538619
209538619
209538619
209538619
209538619
209538619
402594324
402594324
438028479
438028479
315841084
315841084
753869563
753869563
753869563
753869563
696522854
696522854
93079856
93079856
538602312
538602312
538602312
538602312
749171235
749171235
749171235
749171235
749171235
749171235
749171235
749171235
624634676
624634676
624634676
624634676
749171235
749171235
749171235
749171235
12964992
12964992
12964992
12964992
12964992
12964992
12964992
12964992
724144531
724144531
724144531
724144531
874159434
874159434
874159434
874159434
973169114
973169114
973169114
973169114
486584557
486584557
973169114
973169114
973169114
973169114
948093875
948093875
948093875
948093875
973169114
973169114
540986932
540986932
540986932
540986932
792175465
792175465
792175465
792175465
624716443
624716443
624716443
624716443
316870186
316870186
316870186
316870186
648426593
648426593
881638433
881638433
788353697
788353697
928280801
928280801
904959617
904959617
718390145
718390145
718390145
718390145
718390145
718390145
498797737
498797737
498797737
498797737
249290722
249290722
747872166
747872166
622577926
622577926
246911499
246911499
622577926
622577926
622577926
622577926
744411478
744411478
744411478
744411478
342612523
342612523
29593216
29593216
372205739
372205739
744411478
744411478
744411478
744411478
372205739
372205739
169398584
169398584
508195752
508195752
338797168
338797168
338797168
338797168
296447522
296447522
148223761
148223761
127048938
127048938
127048938
127048938
614826785
614826785
870438497
870438497
487020929
487020929
742632641
742632641
63524469
63524469
63524469
63524469
190573407
190573407
594408880
594408880
828234346
828234346
488214332
488214332
828234346
828234346
828234346
828234346
432505451
432505451
865010902
865010902
865010902
865010902
865010902
865010902
837428485
837428485
515796749
515796749
676612617
676612617
33349145
33349145
676612617
676612617
676612617
676612617
515796749
515796749
515796749
515796749
840793514
840793514
420396757
420396757
709320555
709320555
709320555
709320555
420396757
420396757
420396757
420396757
420396757
420396757
420396757
420396757
229473829
229473829
229473829
229473829
229473829
229473829
229473829
229473829
921142551
921142551
921142551
921142551
479846726
479846726
479846726
479846726
176518330
176518330
176518330
176518330
706073320
706073320
353036660
353036660
564858656
564858656
853782454
853782454
709320555
709320555
709320555
709320555
934839320
934839320
934839320
934839320
277204561
277204561
554409122
554409122
370688493
370688493
370688493
370688493
631510924
631510924
631510924
631510924
290840590
290840590
290840590
290840590
290840590
290840590
872521770
872521770
714790405
714790405
714790405
714790405
295765018
295765018
295765018
295765018
930901590
930901590
930901590
930901590
113745152
113745152
113745152
113745152
558540954
558540954
186180318
186180318
113745152
113745152
113745152
113745152
613379303
613379303
613379303
613379303
677523478
677523478
36081728
36081728
455958597
455958597
727101475
727101475
455958597
455958597
455958597
455958597
273853536
273853536
136926768
136926768
273853536
273853536
273853536
273853536
68463384
68463384
205390152
205390152
102695076
102695076
205390152
205390152
653514444
653514444
653514444
653514444
744190093
744190093
580811482
580811482
467365394
467365394
403851829
403851829
390270787
390270787
390270787
390270787
357492575
357492575
74233372
74233372
357492575
357492575
74233372
74233372
928569076
928569076
464284538
464284538
464284538
464284538
928569076
928569076
121411484
121411484
121411484
121411484
272495761
272495761
423580038
423580038
186548461
186548461
373096922
373096922
302505017
302505017
302505017
302505017
24674987
24674987
673721231
673721231
398548083
398548083
698396218
698396218
878305099
878305099
638426591
638426591
627360785
627360785
627360785
627360785
664504263
664504263
995268436
995268436
995268436
995268436
995268436
995268436
613913674
613913674
229582995
229582995
324812339
324812339
974437017
974437017
875722691
875722691
875722691
875722691
875722691
875722691
875722691
875722691
845593339
845593339
845593339
845593339
616616818
616616818
308308409
308308409
602934091
602934091
207623829
207623829
29660547
29660547
29660547
29660547
59321094
59321094
59321094
59321094
148302735
148302735
573273544
573273544
750818439
750818439
750818439
750818439
316442850
316442850
316442850
316442850
560935445
560935445
560935445
560935445
123626537
123626537
560935445
560935445
65123612
65123612
195370836
195370836
65123612
65123612
65123612
65123612
4859271
4859271
14577813
14577813
4859271
4859271
14577813
14577813
728569691
728569691
728569691
728569691
296866180
296866180
296866180
296866180
925932696
925932696
925932696
925932696
853621039
853621039
853621039
853621039
311366964
311366964
311366964
311366964
386469049
386469049
461571134
461571134
254141329
254141329
508282658
508282658
834923788
834923788
508282658
508282658
629033715
629033715
629033715
629033715
150435516
150435516
150435516
150435516
539393617
539393617
539393617
539393617
849361866
849361866
424680933
424680933
474296393
474296393
474296393
474296393
212322413
212322413
736270373
736270373
605283383
605283383
867257363
867257363
736270373
736270373
736270373
736270373
439707348
439707348
439707348
439707348
293138232
293138232
879414696
879414696
262818059
262818059
262818059
262818059
893349265
893349265
893349265
893349265
955954825
955954825
871375769
871375769
488993839
488993839
468737164
468737164
495619658
495619658
495619658
495619658
328078093
328078093
328078093
328078093
920713201
920713201
639652518
639652518
67843177
67843177
203529531
203529531
303092484
303092484
606184968
606184968
919832476
919832476
763008722
763008722
408735053
408735053
703489703
703489703
762440633
762440633
762440633
762440633
94814897
94814897
94814897
94814897
549723876
549723876
549723876
549723876
145258203
145258203
48419401
48419401
746195237
746195237
746195237
746195237
896627366
896627366
693393392
693393392
896627366
896627366
693393392
693393392
568773456
568773456
189591152
189591152
468196270
468196270
234098135
234098135
234098135
234098135
468196270
468196270
308085622
308085622
308085622
308085622
219413334
219413334
219413334
219413334
658240002
658240002
219413334
219413334
621500274
621500274
621500274
621500274
207166758
207166758
207166758
207166758
11753032
11753032
11753032
11753032
29382580
29382580
29382580
29382580
70518192
70518192
23506064
23506064
188048512
188048512
94024256
94024256
147653258
147653258
714713988
714713988
431183623
431183623
431183623
431183623
862367246
862367246
862367246
862367246
862367246
862367246
862367246
862367246
406979102
406979102
406979102
406979102
610468653
610468653
203489551
203489551
100144492
100144492
100144492
100144492
503923027
503923027
503923027
503923027
949114352
949114352
949114352
949114352
635691692
635691692
877393466
877393466
463452482
463452482
463452482
463452482
614985297
614985297
846711538
846711538
603190636
603190636
811327555
811327555
936325829
936325829
936325829
936325829
460493337
460493337
460493337
460493337
460493337
460493337
460493337
460493337
853767797
853767797
853767797
853767797
926006075
926006075
926006075
926006075
98284707
98284707
98284707
98284707
294854121
294854121
294854121
294854121
528892149
528892149
59539945
59539945
705189532
705189532
705189532
705189532
439756949
439756949
812081885
812081885
439756949
439756949
812081885
812081885
614081315
614081315
614081315
614081315
678108488
678108488
37836758
37836758
174324366
174324366
522973098
522973098
522973098
522973098
522973098
522973098
825929668
825929668
825929668
825929668
206482417
206482417
619447251
619447251
701333627
701333627
899274111
899274111
503393143
503393143
503393143
503393143
412964834
412964834
412964834
412964834
808845802
808845802
808845802
808845802
808845802
808845802
808845802
808845802
206482417
206482417
206482417
206482417
184281819
184281819
184281819
184281819
591263086
591263086
591263086
591263086
591263086
591263086
591263086
591263086
295631543
295631543
591263086
591263086
290495548
290495548
429579967
429579967
713912160
713912160
145247774
145247774
963781416
963781416
894855542
894855542
825929668
825929668
825929668
825929668
186075018
186075018
558225054
558225054
372150036
372150036
744300072
744300072
47282302
47282302
348508885
348508885
248100024
248100024
744300072
744300072
231170659
231170659
231170659
231170659
263446074
263446074
263446074
263446074
781327335
781327335
889785844
889785844
781327335
781327335
781327335
781327335
821582525
821582525
821582525
821582525
762695249
762695249
762695249
762695249
990532924
990532924
990532924
990532924
990532924
990532924
990532924
990532924
958986169
958986169
958986169
958986169
939357077
939357077
968800715
968800715
978615261
978615261
939357077
939357077
989831885
989831885
989831885
989831885
103647015
103647015
34549005
34549005
103647015
103647015
103647015
103647015
207294030
207294030
207294030
207294030
138196020
138196020
138196020
138196020
276392040
276392040
276392040
276392040
829176120
829176120
276392040
276392040
138196020
138196020
138196020
138196020
207294030
207294030
207294030
207294030
82215940
82215940
246647820
246647820
802522802
802522802
802522802
802522802
181407303
181407303
181407303
181407303
884738742
884738742
884738742
884738742
876033057
876033057
876033057
876033057
876033057
876033057
292011019
292011019
584022038
584022038
584022038
584022038
876033057
876033057
937138705
937138705
747416875
747416875
245761919
245761919
364256056
364256056
94523815
94523815
151238104
151238104
151238104
151238104
383160819
383160819
151238104
151238104
75619052
75619052
690702586
690702586
993178794
993178794
496589397
496589397
584193610
584193610
584193610
584193610
584193610
584193610
584193610
584193610
305410427
305410427
305410427
305410427
305410427
305410427
305410427
305410427
580065952
580065952
161887551
161887551
870098928
870098928
290032976
290032976
863577139
863577139
620607164
620607164
242969975
242969975
485939950
485939950
534136132
534136132
534136132
534136132
534136132
534136132
534136132
534136132
234236511
234236511
234236511
234236511
468473022
468473022
468473022
468473022
234236511
234236511
234236511
234236511
702709533
702709533
234236511
234236511
498881407
498881407
498881407
498881407
498881407
498881407
498881407
498881407
197209787
197209787
197209787
197209787
969200425
969200425
969200425
969200425
127642719
127642719
255285438
255285438
255285438
255285438
255285438
255285438
765856314
765856314
255285438
255285438
278182837
278182837
638213595
638213595
495260936
495260936
495260936
495260936
990521872
990521872
990521872
990521872
495260936
495260936
487538455
487538455
982799391
982799391
982799391
982799391
127200591
127200591
127200591
127200591
508802364
508802364
508802364
508802364
40279381
40279381
120838143
120838143
467012721
467012721
467012721
467012721
898887401
898887401
898887401
898887401
923726639
923726639
923726639
923726639
811950068
811950068
405975034
405975034
405975034
405975034
811950068
811950068
377938449
377938449
377938449
377938449
823791379
823791379
823791379
823791379
848935682
848935682
848935682
848935682
550318340
550318340
275159170
275159170
569759330
569759330
569759330
569759330
203485475
203485475
203485475
203485475
366273855
366273855
732547710
732547710
244182570
244182570
244182570
244182570
347668953
347668953
347668953
347668953
231779302
231779302
695337906
695337906
835600503
835600503
835600503
835600503
951490154
951490154
951490154
951490154
445508526
445508526
445508526
445508526
823360807
823360807
607201720
607201720
627112131
627112131
627112131
627112131
209037377
209037377
209037377
209037377
738667233
738667233
738667233
738667233
246222411
246222411
738667233
738667233
230955128
230955128
692865384
692865384
692865384
692865384
692865384
692865384
144977406
144977406
48325802
48325802
627942093
627942093
885581926
885581926
867367652
867367652
867367652
867367652
537870818
537870818
615368101
615368101
562824286
562824286
127404219
127404219
921240391
921240391
639828248
639828248
720493218
720493218
720493218
720493218
240164406
240164406
720493218
720493218
359560170
359560170
359560170
359560170
359560170
359560170
359560170
359560170
720722031
720722031
720722031
720722031
641429939
641429939
641429939
641429939
464832309
464832309
154944103
154944103
17784633
17784633
5928211
5928211
32594697
32594697
32594697
32594697
275026306
275026306
825078918
825078918
41247737
41247737
679245481
679245481
799327684
799327684
401494346
401494346
722323722
722323722
446403091
446403091
361161861
361161861
361161861
361161861
947449748
947449748
947449748
947449748
947449748
947449748
947449748
947449748
33541855
33541855
33541855
33541855
33541855
33541855
100625565
100625565
964509769
964509769
964509769
964509769
964509769
964509769
964509769
964509769
190541627
190541627
190541627
190541627
784934617
784934617
594392990
594392990
417087108
417087108
417087108
417087108
417087108
417087108
417087108
417087108
387187928
387187928
193593964
193593964
48398491
48398491
48398491
48398491
839091280
839091280
839091280
839091280
83909128
83909128
83909128
83909128
663103836
663103836
663103836
663103836
358160096
358160096
76235935
76235935
512932358
512932358
512932358
512932358
512932358
512932358
512932358
512932358
866460936
866460936
866460936
866460936
602894102
602894102
602894102
602894102
304795022
304795022
304795022
304795022
565402897
565402897
565402897
565402897
358900204
358900204
78456259
78456259
437356463
437356463
717800408
717800408
643717216
643717216
289190079
289190079
373162918
373162918
457135757
457135757
289190079
289190079
289190079
289190079
96396693
96396693
289190079
289190079
197291751
197291751
591875253
591875253
328819585
328819585
328819585
328819585
692383281
692383281
230794427
230794427
155727782
155727782
155727782
155727782
539275017
539275017
539275017
539275017
768759685
768759685
539275017
539275017
745615879
745615879
745615879
745615879
745615879
745615879
745615879
745615879
8344917
8344917
503294635
503294635
8344917
8344917
8344917
8344917
201317854
201317854
603953562
603953562
201317854
201317854
603953562
603953562
757975634
757975634
757975634
757975634
74338954
74338954
37169477
37169477
533801951
533801951
533801951
533801951
741880598
741880598
912789768
912789768
351616934
351616934
351616934
351616934
527425401
527425401
56606449
56606449
719308877
719308877
719308877
719308877
347394909
347394909
43940374
43940374
867954870
867954870
607375904
607375904
737665387
737665387
737665387
737665387
513747060
513747060
171249020
171249020
730611249
730611249
195345041
195345041
693344819
693344819
388445285
388445285
270447526
270447526
422897293
422897293
117997759
117997759
117997759
117997759
845794586
845794586
845794586
845794586
674272274
674272274
674272274
674272274
890253660
890253660
890253660
890253660
762709454
762709454
762709454
762709454
41662808
41662808
41662808
41662808
705896534
705896534
705896534
705896534
705896534
705896534
705896534
705896534
751346870
751346870
751346870
751346870
300538748
300538748
300538748
300538748
649374502
649374502
649374502
649374502
974061753
974061753
974061753
974061753
658442977
658442977
658442977
658442977
995221528
995221528
995221528
995221528
899652391
899652391
899652391
899652391
632632248
632632248
632632248
632632248
216949003
216949003
650847009
650847009
405064452
405064452
405064452
405064452
626661555
626661555
881740312
881740312
626661555
626661555
626661555
626661555
607768090
607768090
535337481
535337481
535337481
535337481
607768090
607768090
866205793
866205793
621483382
621483382
866205793
866205793
621483382
621483382
790416238
790416238
790416238
790416238
696726236
696726236
696726236
696726236
609088455
609088455
609088455
609088455
609088455
609088455
609088455
609088455
414510506
414510506
803666404
803666404
414510506
414510506
803666404
803666404
672427019
672427019
672427019
672427019
228758162
228758162
741748956
741748956
855864180
855864180
285288060
285288060
476007814
476007814
476007814
476007814
225741533
225741533
225741533
225741533
451483066
451483066
451483066
451483066
473512425
473512425
735878389
735878389
923282649
923282649
923282649
923282649
111962776
111962776
111962776
111962776
733301943
733301943
733301943
733301943
163162148
163162148
163162148
163162148
681484089
681484089
681484089
681484089
144290407
144290407
288580814
288580814
285633690
285633690
285633690
285633690
155299769
155299769
155299769
155299769
621199076
621199076
621199076
621199076
143334583
143334583
430003749
430003749
714124051
714124051
570789468
570789468
288580814
288580814
288580814
288580814
288580814
288580814
144290407
144290407
673573279
673573279
673573279
673573279
511237742
511237742
835908816
835908816
887434740
887434740
887434740
887434740
443717370
443717370
887434740
887434740
306735335
306735335
767741347
767741347
306735335
306735335
306735335
306735335
520547060
520547060
520547060
520547060
101041099
101041099
101041099
101041099
135458511
135458511
135458511
135458511
837768454
837768454
418884227
418884227
554342738
554342738
850277148
850277148
850277148
850277148
850277148
850277148
882743925
882743925
882743925
882743925
189741357
189741357
189741357
189741357
148481858
148481858
148481858
148481858
296963716
296963716
296963716
296963716
917746978
917746978
638663777
638663777
982144878
982144878
949945928
949945928
966045403
966045403
966045403
966045403
901647503
901647503
901647503
901647503
101425274
101425274
304275822
304275822
405701096
405701096
405701096
405701096
160455956
160455956
481367868
481367868
781798519
781798519
781798519
781798519
521497872
521497872
521497872
521497872
678516341
678516341
39060317
39060317
652634459
652634459
959659024
959659024
921073695
921073695
307024565
307024565
38145195
38145195
12715065
12715065
25430130
25430130
25430130
25430130
84767100
84767100
42383550
42383550
50860260
50860260
16953420
16953420
169926598
169926598
509779794
509779794
254889897
254889897
509779794
509779794
771951961
771951961
771951961
771951961
319367177
319367177
771951961
771951961
660049589
660049589
660049589
660049589
885512765
885512765
660049589
660049589
575500898
575500898
857329868
857329868
575500898
575500898
857329868
857329868
567400027
567400027
782822190
782822190
782822190
782822190
567400027
567400027
849231462
849231462
283077154
283077154
566154308
566154308
566154308
566154308
70146429
70146429
210439287
210439287
70146429
70146429
210439287
210439287
284322873
284322873
284322873
284322873
712675761
712675761
712675761
712675761
248183362
248183362
248183362
248183362
248183362
248183362
248183362
248183362
665552825
665552825
665552825
665552825
748725707
748725707
915071471
915071471
895861049
895861049
895861049
895861049
895861049
895861049
895861049
895861049
486327833
486327833
742286093
742286093
691094441
691094441
895861049
895861049
313237756
313237756
313237756
313237756
469856634
469856634
939713268
939713268
502552565
502552565
502552565
502552565
502552565
502552565
502552565
502552565
714674128
714674128
570972827
570972827
287402602
287402602
143701301
143701301
717702528
717702528
717702528
717702528
717702528
717702528
717702528
717702528
678163645
678163645
678163645
678163645
716165874
716165874
716165874
716165874
994228634
994228634
497114317
497114317
994228634
994228634
996905780
996905780
487948403
487948403
743096378
743096378
487948403
487948403
487948403
487948403
658493244
658493244
658493244
658493244
688668132
688668132
229556044
229556044
779512895
779512895
925333867
925333867
852423381
852423381
852423381
852423381
185764413
185764413
185764413
185764413
185764413
185764413
185764413
185764413
779512895
779512895
925333867
925333867
961789110
961789110
888878624
888878624
961789110
961789110
961789110
961789110
371528826
371528826
743057652
743057652
743240044
743240044
743240044
743240044
371620022
371620022
116615713
116615713
769611623
769611623
883927988
883927988
519929057
519929057
561542818
561542818
187782975
187782975
187782975
187782975
296506832
296506832
296506832
296506832
153192215
153192215
716560307
716560307
588068476
588068476
294034238
294034238
903235197
903235197
903235197
903235197
713216885
713216885
713216885
713216885
115460863
115460863
230921726
230921726
230921726
230921726
230921726
230921726
689464596
689464596
689464596
689464596
438091163
438091163
438091163
438091163
601056604
601056604
300528302
300528302
67956285
67956285
67956285
67956285
557605317
557605317
557605317
557605317
963793274
963793274
894891116
894891116
853633515
853633515
853633515
853633515
344092321
344092321
447445558
447445558
298340373
298340373
298340373
298340373
99446791
99446791
298340373
298340373
221880746
221880746
221880746
221880746
554592363
554592363
554592363
554592363
78957251
78957251
78957251
78957251
538600802
538600802
617558053
617558053
811954784
811954784
439375646
439375646
629718796
629718796
542654383
542654383
960325797
960325797
884488685
884488685
505303125
505303125
505303125
505303125
767713455
767713455
306651659
306651659
537182557
537182557
537182557
537182557
945885979
945885979
841169231
841169231
245484161
245484161
736452483
736452483
546761943
546761943
772503148
772503148
579377361
579377361
579377361
579377361
7030569
7030569
7030569
7030569
7030569
7030569
502637461
502637461
540813
540813
1622439
1622439
7030569
7030569
7030569
7030569
569739929
569739929
710975434
710975434
284070313
284070313
284070313
284070313
980390002
980390002
980390002
980390002
980390002
980390002
980390002
980390002
683283571
683283571
560509308
560509308
368322789
368322789
122774263
122774263
788704770
788704770
788704770
788704770
788704770
788704770
788704770
788704770
962784199
962784199
962784199
962784199
962784199
962784199
653676184
653676184
851730407
851730407
924987380
924987380
924987380
924987380
924987380
924987380
28335760
28335760
28335760
28335760
398864891
398864891
198350320
198350320
581656589
581656589
581656589
581656589
243687536
243687536
746725414
746725414
526629180
526629180
581643187
581643187
55014007
55014007
55014007
55014007
55014007
55014007
110028014
110028014
263314590
263314590
789943770
789943770
655949692
655949692
969604723
969604723
313655031
313655031
313655031
313655031
365391748
365391748
454545367
454545367
566796073
566796073
566796073
566796073
721307616
721307616
721307616
721307616
879557180
879557180
879557180
879557180
161311090
161311090
483933270
483933270
958681962
958681962
879557180
879557180
494424932
494424932
494424932
494424932
597067714
597067714
597067714
597067714
746176325
746176325
872210339
872210339
298470530
298470530
298470530
298470530
228421618
228421618
685264854
685264854
648661552
648661552
648661552
648661552
431128353
431128353
431128353
431128353
454293765
454293765
726269059
726269059
90858753
90858753
272576259
272576259
454293765
454293765
151431255
151431255
555558976
555558976
517934443
517934443
37624533
37624533
37624533
37624533
890814915
890814915
675956039
675956039
79201828
79201828
359148727
359148727
356819526
356819526
356819526
356819526
14442845
14442845
670310517
670310517
170839127
170839127
170839127
170839127
926219994
926219994
463109997
463109997
901516302
901516302
804788251
804788251
292270870
292270870
876812610
876812610
459266027
459266027
379553728
379553728
387893081
387893081
794793929
794793929
335527902
335527902
335527902
335527902
335527902
335527902
335527902
335527902
737168715
737168715
215017439
215017439
215017439
215017439
737168715
737168715
754708996
754708996
754708996
754708996
584317783
584317783
584317783
584317783
724648912
724648912
724648912
724648912
902106942
902106942
451053471
451053471
505196790
505196790
168398930
168398930
252598395
252598395
252598395
252598395
483649533
483649533
483649533
483649533
483649533
483649533
740946943
740946943
496391710
496391710
496391710
496391710
490930777
490930777
490930777
490930777
184397685
184397685
184397685
184397685
379689074
379689074
379689074
379689074
596767871
596767871
792059260
792059260
792059260
792059260
792059260
792059260
940229943
940229943
940229943
940229943
940229943
940229943
940229943
940229943
739491702
739491702
739491702
739491702
246497234
246497234
246497234
246497234
509531168
509531168
530349151
530349151
530349151
530349151
764296752
764296752
266994310
266994310
266994310
266994310
266994310
266994310
266994310
266994310
671998790
671998790
345753227
345753227
671998790
671998790
345753227
345753227
2438458
2438458
7315374
7315374
669560332
669560332
669560332
669560332
934247796
934247796
467123898
467123898
934247796
934247796
934247796
934247796
240757411
240757411
240757411
240757411
413000588
413000588
240757411
240757411
732981314
732981314
366490657
366490657
732981314
732981314
732981314
732981314
585963910
585963910
759647377
759647377
585963910
585963910
585963910
585963910
551457479
551457479
551457479
551457479
551457479
551457479
551457479
551457479
161673005
161673005
161673005
161673005
456812692
456812692
485019015
485019015
158773888
158773888
79386944
79386944
22681984
22681984
22681984
22681984
76551696
76551696
76551696
76551696
204137856
204137856
102068928
102068928
30497592
30497592
10165864
10165864
20331728
20331728
20331728
20331728
14351808
14351808
14351808
14351808
14351808
14351808
14351808
14351808
219977553
219977553
219977553
219977553
73325851
73325851
73325851
73325851
439955106
439955106
439955106
439955106
219977553
219977553
219977553
219977553
849365433
849365433
849365433
849365433
364013757
364013757
364013757
364013757
777916345
777916345
777916345
777916345
943162351
943162351
832998347
832998347
49131243
49131243
16377081
16377081
49131243
49131243
49131243
49131243
334249967
334249967
334249967
334249967
903709837
903709837
903709837
903709837
772673732
772673732
772673732
772673732
547103111
547103111
547103111
547103111
890651958
890651958
675467168
675467168
675467168
675467168
890651958
890651958
840253012
840253012
840253012
840253012
630189759
630189759
210063253
210063253
132240899
132240899
132240899
132240899
396722697
396722697
396722697
396722697
93835386
93835386
93835386
93835386
548343350
548343350
646785697
646785697
628357853
628357853
628357853
628357853
751653353
751653353
751653353
751653353
769110932
769110932
769110932
769110932
384555466
384555466
155422045
155422045
387221897
387221897
387221897
387221897
692733125
692733125
692733125
692733125
931403379
931403379
931403379
931403379
964823866
964823866
931403379
931403379
482411933
482411933
448991446
448991446
931403379
931403379
964823866
964823866
143306427
143306427
570775390
570775390
143306427
143306427
143306427
143306427
611370038
611370038
869286248
869286248
482411933
482411933
482411933
482411933
764920877
764920877
920469861
920469861
492710155
492710155
985420310
985420310
902350154
902350154
710561756
710561756
259386679
259386679
518773358
518773358
440105780
440105780
440105780
440105780
880211560
880211560
880211560
880211560
378090383
378090383
378090383
378090383
378090383
378090383
378090383
378090383
995219697
995219697
995219697
995219697
657430486
657430486
657430486
657430486
115133316
115133316
115133316
115133316
28783329
28783329
86349987
86349987
413502943
413502943
705873648
705873648
705873648
705873648
705873648
705873648
54864365
54864365
683784357
683784357
424188726
424188726
424188726
424188726
980342323
980342323
980342323
980342323
980342323
980342323
980342323
980342323
976931345
976931345
934305329
934305329
813531617
813531617
813531617
813531617
383611726
383611726
460618693
460618693
729431523
729431523
191805863
191805863
577123078
577123078
577123078
577123078
681124280
681124280
681124280
681124280
927980053
927980053
927980053
927980053
899874333
899874333
299958111
299958111
515599062
515599062
515599062
515599062
32953771
32953771
515599062
515599062
212830379
212830379
212830379
212830379
32953771
32953771
32953771
32953771
721996409
721996409
721996409
721996409
929182367
929182367
791058395
791058395
659224105
659224105
659224105
659224105
320203857
320203857
320203857
320203857
364162971
364162971
364162971
364162971
364162971
364162971
728325942
728325942
86336645
86336645
259009935
259009935
345346580
345346580
345346580
345346580
690693160
690693160
690693160
690693160
690693160
690693160
690693160
690693160
623561649
623561649
623561649
623561649
623561649
623561649
623561649
623561649
921058807
921058807
639767720
639767720
331025536
331025536
331025536
331025536
275668574
275668574
551337148
551337148
730100030
730100030
908862912
908862912
810634284
810634284
270211428
270211428
540422856
540422856
540422856
540422856
59962559
59962559
59962559
59962559
59962559
59962559
179887677
179887677
841266997
841266997
841266997
841266997
735804540
735804540
735804540
735804540
857136200
857136200
428568100
428568100
550267037
550267037
550267037
550267037
736711825
736711825
213646769
213646769
466111970
466111970
820866892
820866892
413088655
413088655
413088655
413088655
120510806
120510806
120510806
120510806
453684763
453684763
362809936
362809936
344772845
344772845
344772845
344772845
376802063
376802063
791096923
791096923
687523208
687523208
376802063
376802063
301816469
301816469
650030411
650030411
301816469
301816469
301816469
301816469
475923440
475923440
824137382
824137382
650030411
650030411
301816469
301816469
356942580
356942580
118980860
118980860
118980860
118980860
118980860
118980860
930822393
930822393
930822393
930822393
985159306
985159306
492579653
492579653
607989347
607989347
607989347
607989347
642493480
642493480
642493480
642493480
61951763
61951763
185855289
185855289
185855289
185855289
185855289
185855289
247807052
247807052
123903526
123903526
123903526
123903526
247807052
247807052
577364302
577364302
288682151
288682151
630243462
630243462
630243462
630243462
321731626
321731626
965194878
965194878
577364302
577364302
288682151
288682151
995437895
995437895
989824979
989824979
991228208
991228208
984212063
984212063
992631437
992631437
992631437
992631437
987018521
987018521
987018521
987018521
373113807
373113807
121097068
121097068
494210875
494210875
988421750
988421750
494210875
494210875
988421750
988421750
996841124
996841124
996841124
996841124
621385527
621385527
244526701
244526701
216478057
216478057
404907470
404907470
227265997
227265997
227265997
227265997
612755175
612755175
612755175
612755175
205150720
205150720
615452160
615452160
615452160
615452160
615452160
615452160
642961407
642961407
930639868
930639868
287678461
287678461
575356922
575356922
655906935
655906935
655906935
655906935
827075644
827075644
827075644
827075644
620306733
620306733
206768911
206768911
691507137
691507137
691507137
691507137
425943953
425943953
851887906
851887906
425943953
425943953
851887906
851887906
851887906
851887906
851887906
851887906
425943953
425943953
279587506
279587506
931700822
931700822
976063176
976063176
354944526
354944526
709889052
709889052
643322674
643322674
931723669
931723669
576801990
576801990
288400995
288400995
912701440
912701440
912701440
912701440
365080576
365080576
365080576
365080576
462077951
462077951
462077951
462077951
656072701
656072701
827158527
827158527
358574387
358574387
785021031
785021031
621650257
621650257
621650257
621650257
451340518
451340518
451340518
451340518
966389914
966389914
966389914
966389914
968751208
968751208
968751208
968751208
484375604
484375604
454882459
454882459
726563406
726563406
183201512
183201512
212694657
212694657
212694657
212694657
105069180
105069180
105069180
105069180
441290556
441290556
147096852
147096852
126083016
126083016
42027672
42027672
546359736
546359736
273179868
273179868
950174292
950174292
950174292
950174292
389683729
389683729
170806834
170806834
15859946
15859946
31719892
31719892
31719892
31719892
15859946
15859946
660754165
660754165
660754165
660754165
913871806
913871806
913871806
913871806
685150339
685150339
685150339
685150339
685150339
685150339
685150339
685150339
132150833
132150833
132150833
132150833
973848179
973848179
973848179
973848179
240412523
240412523
240412523
240412523
925055831
925055831
961650092
961650092
648071833
648071833
297899313
297899313
198599542
198599542
198599542
198599542
297899313
297899313
297899313
297899313
297899313
297899313
297899313
297899313
386705798
386705798
794398168
794398168
386705798
386705798
386705798
386705798
867078278
867078278
867078278
867078278
473580053
473580053
735912203
735912203
967980909
967980909
907454021
907454021
937717465
937717465
937717465
937717465
322660303
322660303
322660303
322660303
615057162
615057162
615057162
615057162
93125554
93125554
279376662
279376662
952120861
952120861
650121738
650121738
319916799
319916799
319916799
319916799
463281101
463281101
463281101
463281101
74137619
74137619
74137619
74137619
118963066
118963066
118963066
118963066
513481234
513481234
503908529
503908529
513481234
513481234
256740617
256740617
97580061
97580061
195160122
195160122
598305362
598305362
598305362
598305362
231705503
231705503
231705503
231705503
231705503
231705503
231705503
231705503
914298065
914298065
914298065
914298065
548578839
548578839
182859613
182859613
929265102
929265102
929265102
929265102
929265102
929265102
929265102
929265102
929265102
929265102
929265102
929265102
464632551
464632551
395653300
395653300
182859613
182859613
182859613
182859613
746405489
746405489
746405489
746405489
637181796
637181796
637181796
637181796
637181796
637181796
637181796
637181796
615733908
615733908
615733908
615733908
309725552
309725552
768738086
768738086
426001649
426001649
426001649
426001649
569062325
569062325
855183677
855183677
396753438
396753438
396753438
396753438
396753438
396753438
396753438
396753438
70188161
70188161
70188161
70188161
319747046
319747046
772078584
772078584
128995649
128995649
386986947
386986947
515982596
515982596
515982596
515982596
134892169
134892169
377712174
377712174
269784338
269784338
755424348
755424348
485622384
485622384
161874128
161874128
782406307
782406307
782406307
782406307
255393740
255393740
255393740
255393740
63848435
63848435
191545305
191545305
676649590
676649590
355054827
355054827
906360135
906360135
906360135
906360135
630707481
630707481
630707481
630707481
630707481
630707481
630707481
630707481
268163427
268163427
268163427
268163427
786440134
786440134
786440134
786440134
67600030
67600030
67600030
67600030
15756097
15756097
15756097
15756097
317668411
317668411
657956382
657956382
657956382
657956382
657956382
657956382
709800315
709800315
709800315
709800315
473200210
473200210
473200210
473200210
46189043
46189043
46189043
46189043
323323301
323323301
660783827
660783827
290153030
290153030
290153030
290153030
290153030
290153030
290153030
290153030
580306060
580306060
580306060
580306060
742673827
742673827
742673827
742673827
151058512
151058512
151058512
151058512
113293884
113293884
113293884
113293884
462753240
462753240
462753240
462753240
462753240
462753240
462753240
462753240
472466108
472466108
472466108
472466108
51843512
51843512
682777406
682777406
32402195
32402195
32402195
32402195
708699162
708699162
419153971
419153971
899554364
899554364
899554364
899554364
252397204
252397204
252397204
252397204
370112811
370112811
370112811
370112811
342089291
342089291
28023520
28023520
584035303
584035303
584035303
584035303
368646287
368646287
368646287
368646287
188465389
188465389
395569914
395569914
584035303
584035303
584035303
584035303
972720333
972720333
324240111
324240111
222144031
222144031
222144031
222144031
618878891
618878891
871789199
871789199
293708495
293708495
293708495
293708495
673655165
673655165
24476789
24476789
859134701
859134701
859134701
859134701
151982
151982
151982
151982
2279730
2279730
1139865
1139865
840833560
840833560
526011974
526011974
840833560
840833560
840833560
840833560
158392791
158392791
578318572
578318572
210208390
210208390
210208390
210208390
582558328
582558328
166872303
166872303
166872303
166872303
166872303
166872303
895070213
895070213
895070213
895070213
21232721
21232721
63698163
63698163
749430631
749430631
873837492
873837492
749430631
749430631
582558328
582558328
291279164
291279164
291279164
291279164
291279164
291279164
291279164
291279164
295648240
295648240
295648240
295648240
59129648
59129648
59129648
59129648
248111922
248111922
248111922
248111922
726945771
726945771
726945771
726945771
315082987
315082987
437775780
437775780
192390194
192390194
192390194
192390194
507473181
507473181
507473181
507473181
507473181
507473181
507473181
507473181
596339235
596339235
797291794
797291794
398645897
398645897
398645897
398645897
357803541
357803541
119267847
119267847
798223000
798223000
798223000
798223000
122660276
122660276
367980828
367980828
397559490
397559490
397559490
397559490
39755949
39755949
39755949
39755949
122660276
122660276
367980828
367980828
989654770
989654770
989654770
989654770
989654770
989654770
989654770
989654770
603774234
603774234
301887117
301887117
561913411
561913411
520052588
520052588
628999437
628999437
813621895
813621895
628999437
628999437
628999437
628999437
259754521
259754521
259754521
259754521
628999437
628999437
628999437
628999437
948479827
948479827
848950775
848950775
873833038
873833038
749421723
749421723
923597564
923597564
923597564
923597564
412034256
412034256
824068512
824068512
816724687
816724687
816724687
816724687
725851044
725851044
241950348
241950348
30101531
30101531
30101531
30101531
30101531
30101531
60203062
60203062
481538355
481538355
481538355
481538355
243281152
243281152
243281152
243281152
739891354
739891354
223185356
223185356
704723711
704723711
704723711
704723711
490418416
490418416
490418416
490418416
245209208
245209208
245209208
245209208
926870329
926870329
641704894
641704894
641704894
641704894
926870329
926870329
987105006
987105006
987105006
987105006
283621337
283621337
283621337
283621337
408722985
408722985
136240995
136240995
408722985
408722985
408722985
408722985
850864011
850864011
850864011
850864011
261342643
261342643
261342643
261342643
777173840
777173840
777173840
777173840
987105006
987105006
987105006
987105006
149823238
149823238
149823238
149823238
341726702
341726702
26935753
26935753
655399920
655399920
655399920
655399920
655399920
655399920
655399920
655399920
245584582
245584582
491169164
491169164
660194227
660194227
660194227
660194227
36558703
36558703
36558703
36558703
689868704
689868704
689868704
689868704
535338055
535338055
607769812
607769812
994199245
994199245
994199245
994199245
225385487
225385487
450770974
450770974
225385487
225385487
450770974
450770974
374294109
374294109
374294109
374294109
436613096
436613096
811033934
811033934
602755342
602755342
602755342
602755342
86107906
86107906
86107906
86107906
542796086
542796086
630143905
630143905
87347819
87347819
87347819
87347819
975238075
975238075
975238075
975238075
317410599
317410599
317410599
317410599
246116403
246116403
738349209
738349209
170388279
170388279
56796093
56796093
75728124
75728124
227184372
227184372
984465612
984465612
492232806
492232806
270055677
270055677
634150015
634150015
634150015
634150015
634150015
634150015
634150015
634150015
270055677
270055677
253660006
253660006
760980018
760980018
921025060
921025060
921025060
921025060
689367181
689367181
689367181
689367181
994039511
994039511
996141932
996141932
994039511
994039511
996842739
996842739
41339039
41339039
41339039
41339039
200823258
200823258
200823258
200823258
507980542
507980542
507980542
507980542
502074965
502074965
502074965
502074965
650786233
650786233
824515293
824515293
650786233
650786233
549676862
549676862
942303192
942303192
942303192
942303192
942303192
942303192
942303192
942303192
830879920
830879920
415439960
415439960
830879920
830879920
830879920
830879920
646586691
646586691
646586691
646586691
294929029
294929029
294929029
294929029
181471763
181471763
181471763
181471763
181471763
181471763
181471763
181471763
181471763
181471763
362943526
362943526
181471763
181471763
181471763
181471763
88977033
88977033
177954066
177954066
59318022
59318022
59318022
59318022
158181392
158181392
158181392
158181392
158181392
158181392
158181392
158181392
589074059
589074059
861854255
861854255
770927523
770927523
770927523
770927523
73172678
73172678
73172678
73172678
381529903
381529903
381529903
381529903
766512498
766512498
766512498
766512498
383256249
383256249
383256249
383256249
997966524
997966524
997966524
997966524
460407591
460407591
382978420
382978420
545128107
545128107
545128107
545128107
318569984
318569984
771686230
771686230
582236202
582236202
291118101
291118101
194078734
194078734
194078734
194078734
416889490
416889490
208444745
208444745
166755796
166755796
166755796
166755796
208444745
208444745
416889490
416889490
811789294
811789294
603344549
603344549
672833663
672833663
672833663
672833663
672833663
672833663
22012283
22012283
358603924
358603924
77567419
77567419
794775267
794775267
896509810
896509810
721320200
721320200
167471894
167471894
167471894
167471894
721320200
721320200
376541067
376541067
376541067
376541067
687392710
687392710
687392710
687392710
713623459
713623459
713623459
713623459
571313012
571313012
285656506
285656506
151412670
151412670
151412670
151412670
227119005
227119005
75706335
75706335
265207249
265207249
265207249
265207249
530414498
530414498
265207249
265207249
631725801
631725801
896933050
896933050
530414498
530414498
530414498
530414498
202373967
202373967
404747934
404747934
202373967
202373967
404747934
404747934
400555478
400555478
203422081
203422081
400555478
400555478
203422081
203422081
467323045
467323045
488522466
488522466
977044932
977044932
977044932
977044932
446123624
446123624
446123624
446123624
223061812
223061812
446123624
446123624
305430057
305430057
305430057
305430057
223475875
223475875
223475875
223475875
773503061
773503061
773503061
773503061
661132415
661132415
661132415
661132415
433373535
433373535
433373535
433373535
288915690
288915690
288915690
288915690
157418407
157418407
472255221
472255221
314836814
314836814
314836814
314836814
947958768
947958768
847387598
847387598
114843916
114843916
114843916
114843916
375787005
375787005
375787005
375787005
531401342
531401342
64558331
64558331
540194601
540194601
769219477
769219477
415726711
415726711
415726711
415726711
473365832
473365832
473365832
473365832
946731664
946731664
946731664
946731664
910535055
910535055
910535055
910535055
910535055
910535055
954389704
954389704
297385253
297385253
764624653
764624653
124467890
124467890
124467890
124467890
536797892
536797892
536797892
536797892
536797892
536797892
612149323
612149323
154285619
154285619
576264986
576264986
921760425
921760425
921760425
921760425
536797892
536797892
536797892
536797892
536797892
536797892
536797892
536797892
75351431
75351431
75351431
75351431
805196838
805196838
612149323
612149323
499279864
499279864
315375
315375
315375
315375
105125
105125
499595239
499595239
748919796
748919796
499279864
499279864
499279864
499279864
801677352
801677352
801677352
801677352
163417340
163417340
163417340
163417340
256175897
256175897
256175897
256175897
256175897
256175897
627210125
627210125
23961046
23961046
23961046
23961046
757668657
757668657
757668657
757668657
340735133
340735133
23961046
23961046
926985798
926985798
308995266
308995266
653378653
653378653
961891606
961891606
961891606
961891606
961891606
961891606
471614918
471614918
416600401
416600401
943229836
943229836
943229836
943229836
165922515
165922515
582083434
582083434
644643035
644643035
644643035
644643035
464653246
464653246
464653246
464653246
464653246
464653246
487632533
487632533
936304560
936304560
936304560
936304560
936304560
936304560
936304560
936304560
426841649
426841649
426841649
426841649
991402837
991402837
991402837
991402837
188035735
188035735
395426696
395426696
188035735
188035735
395426696
395426696
168680509
168680509
388974954
388974954
388974954
388974954
168680509
168680509
457066069
457066069
457066069
457066069
958991986
958991986
958991986
958991986
238374310
238374310
119187155
119187155
838073631
838073631
279357877
279357877
601077619
601077619
533107324
533107324
533107324
533107324
533107324
533107324
178590361
178590361
178590361
178590361
535771083
535771083
535771083
535771083
713515231
713515231
713515231
713515231
285575335
285575335
285575335
285575335
535771083
535771083
535771083
535771083
905749699
905749699
720760391
720760391
740703349
740703349
740703349
740703349
129862352
129862352
129862352
129862352
612296797
612296797
612296797
612296797
612296797
612296797
612296797
612296797
290188567
290188567
290188567
290188567
429477640
429477640
290188567
290188567
208951599
208951599
603597976
603597976
882176122
882176122
882176122
882176122
144150055
144150055
380798136
380798136
634663560
634663560
634663560
634663560
676974464
676974464
676974464
676974464
338487232
338487232
676974464
676974464
70180759
70180759
210542277
210542277
70180759
70180759
210542277
210542277
154172259
154172259
154172259
154172259
576208306
576208306
154172259
154172259
184792853
184792853
184792853
184792853
672863753
672863753
672863753
672863753
79196937
79196937
79196937
79196937
510173453
510173453
835554053
835554053
801793761
801793761
801793761
801793761
212441985
212441985
605343169
605343169
801793761
801793761
408892577
408892577
212441985
212441985
605343169
605343169
300391492
300391492
300391492
300391492
779181507
779181507
779181507
779181507
267886703
267886703
754791803
754791803
267886703
267886703
267886703
267886703
153730723
153730723
153730723
153730723
309472139
309472139
309472139
309472139
127781738
127781738
127781738
127781738
708090148
708090148
127781738
127781738
102890024
102890024
699792910
699792910
370451002
370451002
370451002
370451002
102890024
102890024
51445012
51445012
401341467
401341467
401341467
401341467
750406357
750406357
874325355
874325355
892028069
892028069
892028069
892028069
555676503
555676503
113108653
113108653
167196289
167196289
167196289
167196289
339192759
339192759
678385518
678385518
870300819
870300819
870300819
870300819
84499690
84499690
360914681
360914681
721829362
721829362
721829362
721829362
400647079
400647079
801294158
801294158
50924221
50924221
349722858
349722858
947744303
947744303
947744303
947744303
947744303
947744303
947744303
947744303
695762016
695762016
695762016
695762016
625200351
625200351
811722352
811722352
347797972
347797972
347797972
347797972
173898986
173898986
173898986
173898986
570793044
570793044
570793044
570793044
570793044
570793044
570793044
570793044
909594813
909594813
909594813
909594813
303198271
303198271
909594813
909594813
61740245
61740245
529992299
529992299
61740245
61740245
529992299
529992299
160867016
160867016
482601048
482601048
94782502
94782502
47391251
47391251
957651653
957651653
957651653
957651653
795280853
795280853
389353853
389353853
781749953
781749953
348761153
348761153
673502753
673502753
348761153
348761153
745563340
745563340
745563340
745563340
302369909
302369909
302369909
302369909
211235283
211235283
211235283
211235283
211235283
211235283
211235283
211235283
120100657
120100657
120100657
120100657
907109727
907109727
907109727
907109727
745563340
745563340
745563340
745563340
372781670
372781670
372781670
372781670
639270849
639270849
639270849
639270849
639270849
639270849
919568194
919568194
412348456
412348456
238801015
238801015
369308163
369308163
123102721
123102721
307910795
307910795
923732385
923732385
541309622
541309622
845932776
845932776
351742061
351742061
703484122
703484122
703484122
703484122
703484122
703484122
396180485
396180485
396180485
396180485
396180485
396180485
396180485
396180485
588134555
588134555
861541087
861541087
861541087
861541087
861541087
861541087
678303501
678303501
678303501
678303501
918259140
918259140
758288714
758288714
930099841
930099841
793810817
793810817
379144357
379144357
379144357
379144357
640698539
640698539
640698539
640698539
566305450
566305450
283152725
283152725
86611056
86611056
86611056
86611056
202092464
202092464
732860390
732860390
576652991
576652991
576652991
576652991
43593525
43593525
43593525
43593525
310123258
310123258
310123258
310123258
775308145
775308145
775308145
775308145
259227774
259227774
777683322
777683322
375228003
375228003
686736178
686736178
988830916
988830916
988830916
988830916
988830916
988830916
988830916
988830916
940750736
940750736
470375368
470375368
117593842
117593842
352781526
352781526
940750736
940750736
940750736
940750736
364801571
364801571
787096759
787096759
34731354
34731354
11577118
11577118
34731354
34731354
34731354
34731354
75251267
75251267
225753801
225753801
75251267
75251267
225753801
225753801
572401256
572401256
146558159
146558159
857218746
857218746
857218746
857218746
287583766
287583766
428609373
428609373
142869791
142869791
142869791
142869791
596552495
596552495
864347067
864347067
864347067
864347067
596552495
596552495
882184207
882184207
940214280
940214280
520685282
520685282
520685282
520685282
545414144
545414144
545414144
545414144
545414144
545414144
545414144
545414144
225525734
225525734
740671480
740671480
451051468
451051468
483098607
483098607
843996607
843996607
843996607
843996607
766872734
766872734
921120480
921120480
921120480
921120480
921120480
921120480
766872734
766872734
921120480
921120480
981875074
981875074
490937537
490937537
660039809
660039809
660039809
660039809
660039809
660039809
660039809
660039809
660039809
660039809
660039809
660039809
914084766
914084766
914084766
914084766
914084766
914084766
914084766
914084766
39100502
39100502
39100502
39100502
117301506
117301506
58650753
58650753
863067098
863067098
431533549
431533549
714888951
714888951
148178147
148178147
586091041
586091041
586091041
586091041
173937729
173937729
173937729
173937729
515694600
515694600
515694600
515694600
773541900
773541900
257847300
257847300
7360117
7360117
7360117
7360117
7360117
7360117
14720234
14720234
328350785
328350785
328350785
328350785
774946497
774946497
774946497
774946497
670402980
670402980
14720234
14720234
208481011
208481011
402241788
402241788
524449140
524449140
524449140
524449140
202852299
202852299
67617433
67617433
513140136
513140136
513140136
513140136
541176055
541176055
769710204
769710204
375074072
375074072
187537036
187537036
187537036
187537036
375074072
375074072
676647512
676647512
676647512
676647512
247851724
247851724
415365359
415365359
673002592
673002592
557082315
557082315
788922869
788922869
893583611
893583611
693538010
693538010
84125324
84125324
31794953
31794953
31794953
31794953
969197220
969197220
969197220
969197220
60929192
60929192
60929192
60929192
426504344
426504344
213252172
213252172
106626086
106626086
319878258
319878258
850237205
850237205
948908637
948908637
948908637
948908637
948908637
948908637
850237205
850237205
924240779
924240779
924240779
924240779
924240779
924240779
311452889
311452889
311452889
311452889
966301510
966301510
934358667
934358667
597615999
597615999
597615999
597615999
139755023
139755023
139755023
139755023
634943281
634943281
634943281
634943281
816038087
816038087
816038087
816038087
362189612
362189612
724379224
724379224
362189612
362189612
724379224
724379224
746987634
746987634
746987634
746987634
237691673
237691673
744726793
744726793
892232045
892232045
892232045
892232045
786219737
786219737
927569481
927569481
263071814
263071814
263071814
263071814
54042903
54042903
54042903
54042903
110124231
110124231
36708077
36708077
146832308
146832308
146832308
146832308
285510916
285510916
285510916
285510916
833767406
833767406
943418704
943418704
427918423
427918423
713081388
713081388
427918423
427918423
713081388
713081388
520760731
520760731
564037840
564037840
592889246
592889246
592889246
592889246
444629047
444629047
444629047
444629047
432862020
432862020
300341707
300341707
691271111
691271111
384297869
384297869
537784490
537784490
844757732
844757732
384297869
384297869
793595525
793595525
384297869
384297869
793595525
793595525
811812227
811812227
625380101
625380101
811812227
811812227
811812227
811812227
718596164
718596164
905028290
905028290
359298082
359298082
452514145
452514145
316081593
316081593
316081593
316081593
725379249
725379249
725379249
725379249
309298508
309298508
154649254
154649254
154649254
154649254
154649254
154649254
420344340
420344340
210172170
210172170
420344340
420344340
210172170
210172170
972009559
972009559
656751304
656751304
630516510
630516510
262788667
262788667
346923550
346923550
42526297
42526297
693847100
693847100
693847100
693847100
314683697
314683697
314683697
314683697
656464025
656464025
971147722
971147722
10956013
10956013
10956013
10956013
10956013
10956013
504600183
504600183
716624296
716624296
716624296
716624296
537468222
537468222
76692091
76692091
833405290
833405290
610549881
610549881
81250823
81250823
243752469
243752469
887737646
887737646
887737646
887737646
556217525
556217525
556217525
556217525
864236931
864236931
864236931
864236931
663225798
663225798
663225798
663225798
194199821
194199821
596222087
596222087
462214665
462214665
462214665
462214665
346554572
346554572
346554572
346554572
148523388
148523388
148523388
148523388
796807513
796807513
796807513
796807513
393933833
393933833
796807513
796807513
327669906
327669906
327669906
327669906
109223302
109223302
109223302
109223302
425618541
425618541
141872847
141872847
346015321
346015321
346015321
346015321
409979317
409979317
409979317
409979317
819958634
819958634
819958634
819958634
108217102
108217102
108217102
108217102
757519714
757519714
585254689
585254689
607863127
607863127
607863127
607863127
217481901
217481901
217481901
217481901
701278817
701278817
701278817
701278817
701278817
701278817
107347745
107347745
398599511
398599511
798362739
798362739
396272077
396272077
464838810
464838810
61584431
61584431
529914392
529914392
529914392
529914392
529914392
529914392
729374655
729374655
243124885
243124885
460504957
460504957
486249770
486249770
892409709
892409709
945327031
945327031
157315013
157315013
157315013
157315013
948277085
948277085
948277085
948277085
873326183
873326183
935785268
935785268
574680021
574680021
574680021
574680021
680571104
680571104
680571104
680571104
326914574
326914574
326914574
326914574
326914574
326914574
774467760
774467760
310897982
310897982
310897982
310897982
466346973
466346973
466346973
466346973
854239046
854239046
854239046
854239046
441487980
441487980
441487980
441487980
345484442
345484442
345484442
345484442
806237277
806237277
268745759
268745759
58509225
58509225
58509225
58509225
39006150
39006150
39006150
39006150
695592954
695592954
90290156
90290156
90290156
90290156
45145078
45145078
348156560
348156560
174078280
174078280
620161996
620161996
620161996
620161996
564852491
564852491
564852491
564852491
103569301
103569301
310707903
310707903
591294284
591294284
184344215
184344215
506823672
506823672
506823672
506823672
84470612
84470612
168941224
168941224
168941224
168941224
168941224
168941224
627550869
627550869
627550869
627550869
945288141
945288141
945288141
945288141
879092876
879092876
879092876
879092876
759941399
759941399
521638445
521638445
674485560
674485560
674485560
674485560
449657040
449657040
449657040
449657040
969005197
969005197
969005197
969005197
131149970
131149970
131149970
131149970
841471781
841471781
841471781
841471781
252976674
252976674
252976674
252976674
351174206
351174206
55278265
55278265
702348412
702348412
702348412
702348412
206692986
206692986
206692986
206692986
206692986
206692986
413385972
413385972
140385869
140385869
140385869
140385869
354850490
354850490
709700980
709700980
12081522
12081522
12081522
12081522
12081522
12081522
4027174
4027174
202065175
202065175
606195525
606195525
6040761
6040761
12081522
12081522
835885697
835885697
835885697
835885697
944124801
944124801
835885697
835885697
345842370
345842370
691684740
691684740
691684740
691684740
345842370
345842370
690695552
690695552
345347776
345347776
793211819
793211819
793211819
793211819
140315242
140315242
280630484
280630484
895728086
895728086
895728086
895728086
906833159
906833159
906833159
906833159
430563781
430563781
476269378
476269378
743748766
743748766
371874383
371874383
580664373
580664373
580664373
580664373
9843099
9843099
29529297
29529297
928270779
928270779
309423593
309423593
29529297
29529297
29529297
29529297
513886825
513886825
29529297
29529297
302950117
302950117
302950117
302950117
86084372
86084372
86084372
86084372
345992303
345992303
691984606
691984606
128574953
128574953
128574953
128574953
814385165
814385165
814385165
814385165
283789756
283789756
283789756
283789756
569239581
569239581
709474390
709474390
709474390
709474390
569239581
569239581
515495771
515495771
515495771
515495771
274121480
274121480
548242960
548242960
219297184
219297184
219297184
219297184
548242960
548242960
548242960
548242960
672118328
672118328
672118328
672118328
691984606
691984606
345992303
345992303
9933139
9933139
9933139
9933139
19866278
19866278
672118328
672118328
30529769
30529769
30529769
30529769
894890577
894890577
894890577
894890577
91589307
91589307
91589307
91589307
544916830
544916830
91589307
91589307
99558786
99558786
49779393
49779393
99558786
99558786
99558786
99558786
560230261
560230261
560230261
560230261
560230261
560230261
519491538
519491538
387183820
387183820
774367640
774367640
774367640
774367640
923618782
923618782
923618782
923618782
923618782
923618782
923618782
923618782
461809391
461809391
864006872
864006872
864006872
864006872
223081665
223081665
223081665
223081665
938367427
938367427
818613575
818613575
818613575
818613575
908428964
908428964
152618353
152618353
152618353
152618353
364024853
364024853
364024853
364024853
99766728
99766728
199533456
199533456
199533456
199533456
99766728
99766728
395042526
395042526
186883225
186883225
658404210
658404210
658404210
658404210
121042804
121042804
242085608
242085608
242085608
242085608
121042804
121042804
352537765
352537765
450260706
450260706
900521412
900521412
900521412
900521412
416241471
416241471
416241471
416241471
320995538
320995538
320995538
320995538
286900295
286900295
286900295
286900295
286900295
286900295
286900295
286900295
196610263
196610263
196610263
196610263
896140962
896140962
298713654
298713654
835842734
835842734
835842734
835842734
944110480
944110480
944110480
944110480
768714109
768714109
309653621
309653621
147252002
147252002
147252002
147252002
904320609
904320609
904320609
904320609
59006913
59006913
59006913
59006913
398027938
398027938
398027938
398027938
465424097
465424097
398027938
398027938
56330382
56330382
56330382
56330382
84495573
84495573
541369963
541369963
341097959
341097959
25049524
25049524
366147483
366147483
366147483
366147483
558240607
558240607
558240607
558240607
389121240
389121240
389121240
389121240
558240607
558240607
558240607
558240607
778242480
778242480
338238734
338238734
948800376
948800376
316266792
316266792
948800376
948800376
316266792
316266792
6970052
6970052
6970052
6970052
231972555
231972555
77324185
77324185
339381677
339381677
339381677
339381677
720260170
720260170
164291804
164291804
603533588
603533588
301766794
301766794
301766794
301766794
603533588
603533588
199372704
199372704
199372704
199372704
299059056
299059056
299059056
299059056
245852915
245852915
245852915
245852915
737558745
737558745
737558745
737558745
311554720
311554720
311554720
311554720
599631865
599631865
532625406
532625406
887221314
887221314
295740438
295740438
295740438
295740438
295740438
295740438
285546794
285546794
285546794
285546794
285546794
285546794
856640382
856640382
713866985
713866985
713866985
713866985
713866985
713866985
713866985
713866985
525810426
525810426
175270142
175270142
282023140
282023140
426755831
426755831
762865883
762865883
762865883
762865883
880555118
880555118
880555118
880555118
859676515
859676515
859676515
859676515
515805909
515805909
515805909
515805909
239519896
239519896
239519896
239519896
102651384
102651384
102651384
102651384
400910134
400910134
400910134
400910134
215564612
215564612
737351106
737351106
952915718
952915718
952915718
952915718
952915718
952915718
952915718
952915718
540660157
540660157
623736118
623736118
769452255
769452255
769452255
769452255
532830135
532830135
532830135
532830135
532830135
532830135
67415917
67415917
386683633
386683633
773367266
773367266
773367266
773367266
773367266
773367266
441924152
441924152
441924152
441924152
441924152
441924152
441924152
441924152
215670219
215670219
606957286
606957286
606957286
606957286
215670219
215670219
524454979
524454979
524454979
524454979
380674833
380674833
380674833
380674833
50665605
50665605
50665605
50665605
575120584
575120584
524454979
524454979
359450365
359450365
718900730
718900730
838545856
838545856
519148862
519148862
871937134
871937134
871937134
871937134
741558782
741558782
741558782
741558782
114093820
114093820
114093820
114093820
22818764
22818764
68456292
68456292
340673426
340673426
779054044
779054044
779054044
779054044
340673426
340673426
746484980
746484980
242966234
242966234
989451214
989451214
494725607
494725607
703978948
703978948
409713543
409713543
338668535
338668535
17761252
17761252
761728262
761728262
761728262
761728262
721740200
721740200
445236047
445236047
187824981
187824981
187824981
187824981
718251321
718251321
438258289
438258289
320431566
320431566
961294698
961294698
283481911
283481911
566963822
566963822
627154194
627154194
209051398
209051398
31341758
31341758
31341758
31341758
642825073
642825073
642825073
642825073
418102796
418102796
418102796
418102796
682117146
682117146
49862732
49862732
49862732
49862732
49862732
49862732
831705342
831705342
831705342
831705342
199450928
199450928
199450928
199450928
128227901
128227901
708238869
708238869
364307524
364307524
364307524
364307524
418233385
418233385
418233385
418233385
310381663
310381663
310381663
310381663
28481870
28481870
674990192
674990192
119144135
119144135
119144135
119144135
816919823
816919823
635595293
635595293
907582088
907582088
907582088
907582088
270544252
270544252
270544252
270544252
270544252
270544252
541088504
541088504
541088504
541088504
270544252
270544252
524301973
524301973
507515442
507515442
159965766
159965766
53321922
53321922
53321922
53321922
159965766
159965766
535673494
535673494
535673494
535673494
516179458
516179458
550294021
550294021
416527725
416527725
416527725
416527725
751172092
751172092
583138815
583138815
419372099
419372099
419372099
419372099
708808226
708808226
419372099
419372099
249916635
249916635
249916635
249916635
751172092
751172092
583138815
583138815
2844374
2844374
1422187
1422187
2844374
2844374
666444360
666444360
247709926
247709926
743129778
743129778
495419852
495419852
495419852
495419852
495419852
495419852
247709926
247709926
247709926
247709926
495419852
495419852
68280045
68280045
68280045
68280045
136560090
136560090
273120180
273120180
273120180
273120180
136560090
136560090
136560090
136560090
136560090
136560090
364666320
364666320
95754607
95754607
546999480
546999480
546999480
546999480
601337365
601337365
601337365
601337365
700564112
700564112
402883871
402883871
587309394
587309394
176374435
176374435
397507400
397507400
194277847
194277847
564930129
564930129
188310043
188310043
188310043
188310043
188310043
188310043
225605471
225605471
676816413
676816413
676816413
676816413
225605471
225605471
584764626
584764626
584764626
584764626
715899537
715899537
151209905
151209905
337846270
337846270
337846270
337846270
15294457
15294457
506769405
506769405
956856474
956856474
318952158
318952158
637904316
637904316
637904316
637904316
723690064
723690064
723690064
723690064
598847700
598847700
299423850
299423850
935823171
935823171
873401989
873401989
573978139
573978139
723690064
723690064
586558363
586558363
586558363
586558363
586558363
586558363
586558363
586558363
32410436
32410436
97231308
97231308
676299714
676299714
676299714
676299714
542344811
542344811
542344811
542344811
932723108
932723108
932723108
932723108
691562152
691562152
563268835
563268835
691562152
691562152
563268835
563268835
95815632
95815632
95815632
95815632
95815632
95815632
95815632
95815632
399231800
399231800
399231800
399231800
299423850
299423850
598847700
598847700
794685168
794685168
264895056
264895056
529790112
529790112
529790112
529790112
33111882
33111882
33111882
33111882
496678230
496678230
496678230
496678230
270729080
270729080
270729080
270729080
270729080
270729080
755739262
755739262
254064700
254064700
508129400
508129400
508129400
508129400
508129400
508129400
586281218
586281218
586281218
586281218
110991114
110991114
55495557
55495557
110991114
110991114
55495557
55495557
110991114
110991114
110991114
110991114
526869955
526869955
526869955
526869955
291182756
291182756
762557154
762557154
526869955
526869955
526869955
526869955
110991114
110991114
110991114
110991114
703946924
703946924
703946924
703946924
180029042
180029042
180029042
180029042
269421669
269421669
808265007
808265007
538843338
538843338
538843338
538843338
945637850
945637850
893031347
893031347
472818925
472818925
472818925
472818925
848865787
848865787
848865787
848865787
923555070
923555070
923555070
923555070
337303314
337303314
337303314
337303314
337303314
337303314
337303314
337303314
752685064
752685064
752685064
752685064
188171266
188171266
188171266
188171266
770425626
770425626
256808542
256808542
95266119
95266119
95266119
95266119
720938009
720938009
859591181
859591181
780674527
780674527
592972960
592972960
693521614
693521614
693521614
693521614
693521614
693521614
84076136
84076136
746009970
746009970
248669990
248669990
237976811
237976811
744821839
744821839
171637693
171637693
389960682
389960682
781083171
781083171
346760807
346760807
474903086
474903086
426464905
426464905
559143141
559143141
186381047
186381047
136511844
136511844
136511844
136511844
546047376
546047376
93850399
93850399
204767766
204767766
204767766
204767766
341279610
341279610
341279610
341279610
136511844
136511844
136511844
136511844
93850399
93850399
546047376
546047376
463212019
463212019
463212019
463212019
391391704
391391704
391391704
391391704
497656972
497656972
248828486
248828486
373242729
373242729
124414243
124414243
460059575
460059575
818849427
818849427
662599021
662599021
662599021
662599021
973375121
973375121
973375121
973375121
694144708
694144708
564129687
564129687
863553349
863553349
863553349
863553349
11081465
11081465
33244395
33244395
894336822
894336822
298112274
298112274
137304352
137304352
378516235
378516235
317731172
317731172
317731172
317731172
551117843
551117843
551117843
551117843
172601608
172601608
517804824
517804824
172601608
172601608
172601608
172601608
305965420
305965420
305965420
305965420
458948130
458948130
229474065
229474065
859836909
859836909
859836909
859836909
859836909
859836909
859836909
859836909
963642492
963642492
894438770
894438770
790633187
790633187
929040631
929040631
497656972
497656972
497656972
497656972
497656972
497656972
497656972
497656972
690941967
690941967
690941967
690941967
767279162
767279162
767279162
767279162
841993947
841993947
841993947
841993947
529493135
529493135
763868744
763868744
373242729
373242729
124414243
124414243
497656972
497656972
248828486
248828486
66060660
66060660
33030330
33030330
22020220
22020220
22020220
22020220
39636396
39636396
13212132
13212132
33030330
33030330
66060660
66060660
957098100
957098100
957098100
957098100
574258860
574258860
191419620
191419620
915951847
915951847
915951847
915951847
574258860
574258860
724532227
724532227
478549050
478549050
478549050
478549050
13417304
13417304
669968670
669968670
779095784
779095784
389547892
389547892
389547892
389547892
779095784
779095784
322730447
322730447
322730447
322730447
435316098
435316098
307703941
307703941
315217194
315217194
105072398
105072398
330243700
330243700
330243700
330243700
807752899
807752899
617261445
617261445
617261445
617261445
807752899
807752899
930346409
930346409
930346409
930346409
964295381
964295381
964295381
964295381
642592140
642592140
642592140
642592140
321296070
321296070
963888210
963888210
18832457
18832457
18832457
18832457
18832457
18832457
18832457
18832457
610215151
610215151
610215151
610215151
148123966
148123966
296247932
296247932
382122773
382122773
764245546
764245546
764245546
764245546
382122773
382122773
373137100
373137100
457127151
457127151
457127151
457127151
373137100
373137100
387518774
387518774
164311969
164311969
783451096
783451096
783451096
783451096
950383160
950383160
950383160
950383160
776260259
776260259
332292071
332292071
730669815
730669815
195520739
195520739
654219947
654219947
654219947
654219947
994448045
994448045
990651737
990651737
995713481
995713481
995713481
995713481
604091133
604091133
604091133
604091133
469848659
469848659
469848659
469848659
326827033
326827033
441690462
441690462
326827033
326827033
441690462
441690462
441690462
441690462
147230154
147230154
736150770
736150770
736150770
736150770
712244000
712244000
712244000
712244000
330910196
330910196
165455098
165455098
902910902
902910902
712244000
712244000
712244000
712244000
712244000
712244000
737665721
737665721
737665721
737665721
867955037
867955037
737665721
737665721
542231747
542231747
542231747
542231747
802810379
802810379
802810379
802810379
366568005
366568005
366568005
366568005
366568005
366568005
122189335
122189335
733136010
733136010
733136010
733136010
834595672
834595672
610946675
610946675
474333204
474333204
948666408
948666408
948666408
948666408
948666408
948666408
676997128
676997128
676997128
676997128
558413827
558413827
676997128
676997128
572108878
572108878
523451077
523451077
572108878
572108878
572108878
572108878
973870780
973870780
973870780
973870780
462561817
462561817
486935390
486935390
758073617
758073617
878158985
878158985
908180327
908180327
968223011
968223011
908180327
908180327
968223011
968223011
968223011
968223011
968223011
968223011
131094666
131094666
131094666
131094666
131094666
131094666
131094666
131094666
35478617
35478617
70957234
70957234
70957234
70957234
70957234
70957234
618170847
618170847
808207600
808207600
618170847
618170847
808207600
808207600
817832057
817832057
938106921
938106921
413728257
413728257
413728257
413728257
365884806
365884806
365884806
365884806
853731214
853731214
564704936
564704936
14542965
14542965
43628895
43628895
24238275
24238275
24238275
24238275
861248393
861248393
861248393
861248393
626529106
626529106
626529106
626529106
587256473
587256473
763525066
763525066
831179677
831179677
609808010
609808010
995736552
995736552
990720950
990720950
995736552
995736552
995736552
995736552
505010481
505010481
505010481
505010481
23553218
23553218
47106436
47106436
758579023
758579023
279248363
279248363
518913693
518913693
518913693
518913693
758579023
758579023
758579023
758579023
319373179
319373179
638746358
638746358
489300343
489300343
489300343
489300343
430369342
430369342
430369342
430369342
513333236
513333236
513333236
513333236
128333309
128333309
384999927
384999927
777713856
777713856
336652862
336652862
336652862
336652862
336652862
336652862
580611825
580611825
789428089
789428089
232244730
232244730
232244730
232244730
444766759
444766759
481003704
481003704
801672840
801672840
408529814
408529814
22985820
22985820
22985820
22985820
17239365
17239365
34478730
34478730
245628191
245628191
245628191
245628191
993000490
993000490
993000490
993000490
556596327
556596327
114948301
114948301
872808326
872808326
872808326
872808326
441443387
441443387
441443387
441443387
882886774
882886774
882886774
882886774
40760726
40760726
40760726
40760726
20380363
20380363
61141089
61141089
731716022
731716022
198659360
198659360
528109109
528109109
528109109
528109109
157898634
157898634
157898634
157898634
52632878
52632878
52632878
52632878
993201012
993201012
993201012
993201012
993201012
993201012
993201012
993201012
451840545
451840545
451840545
451840545
150613515
150613515
150613515
150613515
299813385
299813385
299813385
299813385
299813385
299813385
299813385
299813385
93149618
93149618
93149618
93149618
232874045
232874045
232874045
232874045
176872135
176872135
176872135
176872135
783410992
783410992
353744270
353744270
541400111
541400111
845962939
845962939
745747002
745747002
248582334
248582334
558091161
558091161
558091161
558091161
372060774
372060774
372060774
372060774
799140697
799140697
600037041
600037041
699588869
699588869
898692525
898692525
770082832
770082832
770082832
770082832
125503916
125503916
125503916
125503916
125503916
125503916
62751958
62751958
416417395
416417395
416417395
416417395
307056047
307056047
307056047
307056047
767848251
767848251
307056047
307056047
573908920
573908920
149573487
149573487
149573487
149573487
573908920
573908920
242248295
242248295
242248295
242248295
242248295
242248295
242248295
242248295
43593357
43593357
43593357
43593357
130780071
130780071
130780071
130780071
825868026
825868026
275289342
275289342
275289342
275289342
825868026
825868026
395568185
395568185
395568185
395568185
851916768
851916768
559261598
559261598
388741359
388741359
388741359
388741359
83989862
83989862
693492856
693492856
407149553
407149553
223204306
223204306
643587473
643587473
932518066
932518066
141477738
141477738
282955476
282955476
312831061
312831061
312831061
312831061
407149553
407149553
223204306
223204306
223204306
223204306
407149553
407149553
415019941
415019941
415019941
415019941
740446410
740446410
246815470
246815470
661835411
661835411
987261880
987261880
987261880
987261880
661835411
661835411
242411713
242411713
242411713
242411713
427628424
427628424
427628424
427628424
641442636
641442636
320721318
320721318
739663165
739663165
739663165
739663165
426839764
426839764
426839764
426839764
282274939
282274939
282274939
282274939
745028478
745028478
238596728
238596728
936436271
936436271
977641659
977641659
368632021
368632021
368632021
368632021
368632021
368632021
107651710
107651710
737264042
737264042
737264042
737264042
107651710
107651710
53825855
53825855
812848774
812848774
406424387
406424387
55257202
55257202
55257202
55257202
812848774
812848774
406424387
406424387
34004432
34004432
676831046
676831046
520231866
520231866
173410622
173410622
112490249
112490249
702992985
702992985
38677407
38677407
12892469
12892469
38677407
38677407
12892469
12892469
836039420
836039420
673834487
673834487
673834487
673834487
673834487
673834487
334415768
334415768
334415768
334415768
25014755
25014755
25014755
25014755
963393737
963393737
963393737
963393737
951776865
951776865
951776865
951776865
494039795
494039795
494039795
494039795
496944013
496944013
496944013
496944013
442256628
442256628
147418876
147418876
294837752
294837752
294837752
294837752
191391590
191391590
191391590
191391590
574174770
574174770
574174770
574174770
931966556
931966556
931966556
931966556
931966556
931966556
931966556
931966556
114201566
114201566
114201566
114201566
599009341
599009341
798783670
798783670
349510116
349510116
349510116
349510116
20114398
20114398
20114398
20114398
328297002
328297002
984891006
984891006
492445503
492445503
984891006
984891006
314943655
314943655
656594004
656594004
314943655
314943655
314943655
314943655
983242932
983242932
983242932
983242932
819369110
819369110
819369110
819369110
590221827
590221827
590221827
590221827
590221827
590221827
182199301
182199301
181606716
181606716
181606716
181606716
136205037
136205037
272410074
272410074
182199301
182199301
393481218
393481218
786962436
786962436
786962436
786962436
635386472
635386472
907915063
907915063
90803358
90803358
272410074
272410074
595869524
595869524
595869524
595869524
446902143
446902143
148967381
148967381
296222173
296222173
296222173
296222173
296222173
296222173
296222173
296222173
328238380
328238380
442160911
442160911
214315849
214315849
214315849
214315849
137313426
137313426
411940278
411940278
274626852
274626852
274626852
274626852
988295315
988295315
994928007
994928007
988295315
988295315
988295315
988295315
752201444
752201444
916230050
916230050
670187141
670187141
670187141
670187141
563657002
563657002
563657002
563657002
921864928
921864928
640036427
640036427
640036427
640036427
921864928
921864928
281828501
281828501
281828501
281828501
30040222
30040222
342761525
342761525
745603494
745603494
372801747
372801747
796952938
796952938
796952938
796952938
197185054
197185054
398476469
398476469
592884800
592884800
780410047
780410047
296442400
296442400
889327200
889327200
745603494
745603494
372801747
372801747
497068996
497068996
497068996
497068996
865079627
865079627
931661990
931661990
909467869
909467869
909467869
909467869
989970048
989970048
989970048
989970048
996589492
996589492
996589492
996589492
933997779
933997779
869751205
869751205
521850723
521850723
173950241
173950241
653360588
653360588
883283098
883283098
501992391
501992391
167330797
167330797
366666349
366666349
366666349
366666349
101754694
101754694
101754694
101754694
733332698
733332698
733332698
733332698
835087392
835087392
417543696
417543696
50877347
50877347
50877347
50877347
417543696
417543696
417543696
417543696
468421043
468421043
468421043
468421043
468421043
468421043
468421043
468421043
468421043
468421043
936842086
936842086
101754694
101754694
366666349
366666349
468421043
468421043
468421043
468421043
733332698
733332698
203509388
203509388
891227199
891227199
891227199
891227199
891227199
891227199
891227199
891227199
655043255
655043255
311842157
311842157
472367888
472367888
472367888
472367888
293342274
293342274
293342274
293342274
293342274
293342274
97780758
97780758
466011093
466011093
399788926
399788926
891797701
891797701
891797701
891797701
727815939
727815939
727815939
727815939
793157014
793157014
793157014
793157014
224773298
224773298
224773298
224773298
899093192
899093192
899093192
899093192
781331693
781331693
564419033
564419033
564419033
564419033
564419033
564419033
472008094
472008094
472008094
472008094
181775882
181775882
181775882
181775882
939881070
939881070
939881070
939881070
939881070
939881070
939881070
939881070
183523111
183523111
550569333
550569333
550569333
550569333
550569333
550569333
435269193
435269193
435269193
435269193
870538386
870538386
290179462
290179462
966973485
966973485
322324495
322324495
966973485
966973485
322324495
322324495
826804177
826804177
483923825
483923825
766010771
766010771
882127562
882127562
741084089
741084089
741084089
741084089
912524265
912524265
912524265
912524265
440738416
440738416
220369208
220369208
959321846
959321846
959321846
959321846
375944237
375944237
375944237
375944237
687094295
687094295
64794179
64794179
398165613
398165613
398165613
398165613
398165613
398165613
398165613
398165613
883767969
883767969
883767969
883767969
883767969
883767969
883767969
883767969
353615299
353615299
62601544
62601544
62601544
62601544
62601544
62601544
416216843
416216843
416216843
416216843
353615299
353615299
62601544
62601544
186904356
186904356
186904356
186904356
747617424
747617424
747617424
747617424
928575859
928575859
928575859
928575859
321136702
321136702
321136702
321136702
689789420
689789420
689789420
689789420
517342065
517342065
517342065
517342065
930240564
930240564
930240564
930240564
930240564
930240564
930240564
930240564
120701458
120701458
372981937
372981937
855787769
855787769
927016061
927016061
788842235
788842235
788842235
788842235
474739058
474739058
474739058
474739058
968193695
968193695
983219024
983219024
983219024
983219024
968193695
968193695
839045210
839045210
839045210
839045210
882094705
882094705
882094705
882094705
110627643
110627643
331882929
331882929
331882929
331882929
110627643
110627643
554435998
554435998
554435998
554435998
831653997
831653997
831653997
831653997
113505471
113505471
340516413
340516413
340516413
340516413
113505471
113505471
428558627
428558627
428558627
428558627
808349111
808349111
428558627
428558627
416906184
416906184
416906184
416906184
208453092
208453092
625359276
625359276
282684492
282684492
282684492
282684492
282684492
282684492
94228164
94228164
331615054
331615054
331615054
331615054
490624199
490624199
981248398
981248398
913640994
913640994
744434276
744434276
578626749
578626749
737635894
737635894
175934522
175934522
527803566
527803566
527803566
527803566
527803566
527803566
410770297
410770297
410770297
410770297
527803566
527803566
527803566
527803566
535321733
535321733
535321733
535321733
843936813
843936813
535321733
535321733
657965479
657965479
657965479
657965479
995016886
995016886
995016886
995016886
548034030
548034030
548034030
548034030
986461254
986461254
328820418
328820418
284772091
284772091
427672148
427672148
789785817
789785817
372868745
372868745
345893917
345893917
39437398
39437398
39437398
39437398
39437398
39437398
385528202
385528202
771056404
771056404
771056404
771056404
589766919
589766919
293796903
293796903
293796903
293796903
293796903
293796903
293796903
293796903
910604120
910604120
969030942
969030942
939817531
939817531
939817531
939817531
108685228
108685228
108685228
108685228
871164478
871164478
871164478
871164478
961455059
961455059
924665765
924665765
979849706
979849706
979849706
979849706
344140721
344140721
780209809
780209809
562175265
562175265
562175265
562175265
344140721
344140721
344140721
344140721
780209809
780209809
344140721
344140721
474398681
474398681
948797362
948797362
129802781
129802781
129802781
129802781
122908559
122908559
122908559
122908559
245817118
245817118
737451354
737451354
438835535
438835535
811774747
811774747
784436267
784436267
570628181
570628181
495508161
495508161
495508161
495508161
345268121
345268121
37560010
37560010
312645050
312645050
312645050
312645050
312645050
312645050
312645050
312645050
675753926
675753926
675753926
675753926
706526998
706526998
414809643
414809643
129243559
129243559
129243559
129243559
984704870
984704870
957625904
957625904
851462149
851462149
851462149
851462149
822231074
822231074
411115537
411115537
526436045
526436045
526436045
526436045
816967936
816967936
816967936
816967936
57075856
57075856
57075856
57075856
772270722
772270722
320323460
320323460
620180530
620180530
620180530
620180530
781591668
781591668
348286298
348286298
293044751
293044751
293044751
293044751
645644552
645644552
645644552
645644552
325002399
325002399
325002399
325002399
663237775
663237775
663237775
663237775
137302749
137302749
137302749
137302749
45767583
45767583
45767583
45767583
660748051
660748051
660748051
660748051
660748051
660748051
660748051
660748051
268874038
268874038
268874038
268874038
852370290
852370290
560622164
560622164
493130745
493130745
493130745
493130745
745687549
745687549
493130745
493130745
619409147
619409147
871965951
871965951
871965951
871965951
871965951
871965951
195470945
195470945
195470945
195470945
396164297
396164297
792328594
792328594
245644283
245644283
747377663
747377663
847724339
847724339
546684311
546684311
16692552
16692552
16692552
16692552
149760287
149760287
149760287
149760287
310648942
310648942
310648942
310648942
732108883
732108883
576784412
576784412
12378332
12378332
12378332
12378332
86648324
86648324
43324162
43324162
86648324
86648324
86648324
86648324
833254812
833254812
833254812
833254812
423642135
423642135
847284270
847284270
282428090
282428090
282428090
282428090
345732219
345732219
38952304
38952304
345732219
345732219
38952304
38952304
460711014
460711014
230355507
230355507
614299930
614299930
844655437
844655437
825470756
825470756
825470756
825470756
825470756
825470756
825470756
825470756
670138771
670138771
670138771
670138771
670138771
670138771
834191562
834191562
9831252
9831252
3277084
3277084
6554168
6554168
6554168
6554168
345539232
345539232
115179744
115179744
172769616
172769616
57589872
57589872
676692939
676692939
33590111
33590111
129577212
129577212
129577212
129577212
54598814
54598814
683695840
683695840
806744949
806744949
806744949
806744949
647027594
647027594
647027594
647027594
660879075
660879075
660879075
660879075
307227747
307227747
307227747
307227747
109794431
109794431
109794431
109794431
573901409
573901409
723459874
723459874
236503923
236503923
473007846
473007846
484263367
484263367
484263367
484263367
484263367
484263367
484263367
484263367
370626930
370626930
370626930
370626930
864796170
864796170
864796170
864796170
597899804
597899804
298949902
298949902
298949902
298949902
597899804
597899804
860789478
860789478
860789478
860789478
860789478
860789478
860789478
860789478
743458920
743458920
743458920
743458920
743458920
743458920
371729460
371729460
301031137
301031137
301031137
301031137
699438689
699438689
699438689
699438689
415712752
415712752
415712752
415712752
415712752
415712752
207856376
207856376
272693933
272693933
272693933
272693933
925689311
925689311
925689311
925689311
27562121
27562121
512903237
512903237
876909074
876909074
876909074
876909074
674683609
674683609
27562121
27562121
512903237
512903237
27562121
27562121
322726953
322726953
107575651
107575651
107575651
107575651
107575651
107575651
111448347
111448347
111448347
111448347
520092286
520092286
520092286
520092286
641134269
641134269
641134269
641134269
641134269
641134269
213711423
213711423
29610107
29610107
59220214
59220214
352488189
352488189
352488189
352488189
822283568
822283568
822283568
822283568
29610107
29610107
59220214
59220214
352488189
352488189
59220214
59220214
29610107
29610107
59220214
59220214
202278666
202278666
202278666
202278666
357455053
357455053
357455053
357455053
917188772
917188772
917188772
917188772
971225826
971225826
971225826
971225826
565007424
565007424
565007424
565007424
131770495
131770495
376671616
376671616
353129640
353129640
117709880
117709880
141251856
141251856
141251856
141251856
404674045
404674045
809348090
809348090
323739236
323739236
323739236
323739236
196180802
196180802
196180802
196180802
690736954
690736954
690736954
690736954
695693694
695693694
695693694
695693694
695693694
695693694
695693694
695693694
883372350
883372350
883372350
883372350
883372350
883372350
883372350
883372350
328914102
328914102
986742306
986742306
646326157
646326157
822285255
822285255
796295073
796295073
796295073
796295073
859777484
859777484
859777484
859777484
910264804
910264804
734305706
734305706
455132402
455132402
367152853
367152853
910264804
910264804
910264804
910264804
646326157
646326157
822285255
822285255
506072984
506072984
506072984
506072984
506072984
506072984
13901615
13901615
442813861
442813861
442813861
442813861
657269984
657269984
657269984
657269984
980721027
980721027
980721027
980721027
945674375
945674375
840534419
840534419
506072984
506072984
13901615
13901615
5957835
5957835
5957835
5957835
524544664
524544664
575389639
575389639
786816996
786816996
575389639
575389639
812141013
812141013
812141013
812141013
439934333
439934333
439934333
439934333
904381188
904381188
904381188
904381188
675334432
675334432
557859595
557859595
591173173
591173173
591173173
591173173
142781567
142781567
142781567
142781567
992204513
992204513
992204513
992204513
986164673
986164673
986164673
986164673
996331737
996331737
996331737
996331737
996331737
996331737
996331737
996331737
792797236
792797236
792797236
792797236
792797236
792797236
792797236
792797236
792797236
792797236
597013863
597013863
391566746
391566746
391566746
391566746
728609861
728609861
728609861
728609861
917950738
917950738
917950738
917950738
863427107
863427107
728609861
728609861
728609861
728609861
728609861
728609861
398009242
398009242
195783373
195783373
398009242
398009242
195783373
195783373
195783373
195783373
195783373
195783373
391566746
391566746
391566746
391566746
124723644
124723644
124723644
124723644
83149096
83149096
83149096
83149096
637034520
637034520
637034520
637034520
488169527
488169527
488169527
488169527
411580194
411580194
411580194
411580194
884572652
884572652
960353786
960353786
985614164
985614164
985614164
985614164
454916515
454916515
909833030
909833030
160998314
160998314
719162340
719162340
440080327
440080327
440080327
440080327
737699879
737699879
737699879
737699879
316157091
316157091
316157091
316157091
10384558
10384558
10384558
10384558
25961395
25961395
25961395
25961395
387115714
387115714
387115714
387115714
163102789
163102789
580673571
580673571
619457749
619457749
619457749
619457749
619457749
619457749
619457749
619457749
565345377
565345377
565345377
565345377
781794865
781794865
348895889
348895889
673570121
673570121
890019609
890019609
835907237
835907237
673570121
673570121
754738679
754738679
267727331
267727331
754738679
754738679
754738679
754738679
366445461
366445461
122148487
122148487
442260727
442260727
442260727
442260727
564409214
564409214
564409214
564409214
564409214
564409214
564409214
564409214
625226266
625226266
877434445
877434445
912163256
912163256
740001062
740001062
240137955
240137955
80045985
80045985
539145169
539145169
619191154
619191154
951536447
951536447
982675051
982675051
951536447
951536447
982675051
982675051
935967145
935967145
967105749
967105749
951536447
951536447
982675051
982675051
967105749
967105749
935967145
935967145
374386858
374386858
374386858
374386858
831930595
831930595
831930595
831930595
374386858
374386858
374386858
374386858
884217810
884217810
884217810
884217810
720176629
720176629
720176629
720176629
951547419
951547419
858153551
858153551
693018709
693018709
693018709
693018709
260716032
260716032
86905344
86905344
173810688
173810688
521432064
521432064
110819002
110819002
110819002
110819002
55409501
55409501
55409501
55409501
740383499
740383499
740383499
740383499
797685911
797685911
396569027
396569027
730833097
730833097
730833097
730833097
730833097
730833097
730833097
730833097
903101394
903101394
903101394
903101394
178203869
178203869
356407738
356407738
383213990
383213990
793234232
793234232
971438101
971438101
656560818
656560818
269432060
269432060
269432060
269432060
134716030
134716030
269432060
269432060
269432060
269432060
134716030
134716030
269432060
269432060
134716030
134716030
940729800
940729800
313576600
313576600
627153200
627153200
627153200
627153200
313576600
313576600
940729800
940729800
256062047
256062047
256062047
256062047
792073725
792073725
379732469
379732469
137947938
137947938
137947938
137947938
861798973
861798973
620014442
620014442
241784531
241784531
483569062
483569062
445424697
445424697
445424697
445424697
445424697
445424697
148474899
148474899
448212135
448212135
346392052
346392052
590964021
590964021
794604187
794604187
774513925
774513925
550783497
550783497
183594499
183594499
550783497
550783497
877836566
877836566
877836566
877836566
590919426
590919426
590919426
590919426
998196170
998196170
998196170
998196170
998196170
998196170
998099804
998099804
712942198
712942198
712942198
712942198
712942198
712942198
712942198
712942198
961504060
961504060
961504060
961504060
68309498
68309498
688266068
688266068
59461339
59461339
59461339
59461339
647775524
647775524
647775524
647775524
86719334
86719334
260158002
260158002
503360942
503360942
503360942
503360942
658251842
658251842
884913516
884913516
658251842
658251842
884913516
884913516
559977112
559977112
559977112
559977112
382596527
382596527
382596527
382596527
472365445
472365445
472365445
472365445
472365445
472365445
472365445
472365445
99857877
99857877
299573631
299573631
199715754
199715754
199715754
199715754
266287672
266287672
266287672
266287672
798863016
798863016
266287672
266287672
420706015
420706015
420706015
420706015
659684230
659684230
321124107
321124107
82145892
82145892
164291784
164291784
164291784
164291784
164291784
164291784
107041369
107041369
107041369
107041369
948453399
948453399
848871491
848871491
107041369
107041369
321124107
321124107
527747384
527747384
527747384
527747384
10189581
10189581
10189581
10189581
524596129
524596129
507613494
507613494
291168544
291168544
582337088
582337088
72792136
72792136
218376408
218376408
13586108
13586108
13586108
13586108
6793054
6793054
13586108
13586108
20379162
20379162
20379162
20379162
16982635
16982635
50947905
50947905
241522884
241522884
241522884
241522884
120761442
120761442
362284326
362284326
181142163
181142163
362284326
362284326
362284326
362284326
362284326
362284326
569817522
569817522
569817522
569817522
282781382
282781382
141390691
141390691
926485318
926485318
926485318
926485318
641576557
641576557
926485318
926485318
483045768
483045768
450892951
450892951
966091536
966091536
966091536
966091536
543426489
543426489
181142163
181142163
450892951
450892951
724568652
724568652
933938719
933938719
933938719
933938719
611908207
611908207
837480268
837480268
322532854
322532854
322532854
322532854
161266427
161266427
322532854
322532854
333554697
333554697
333554697
333554697
499727111
499727111
499727111
499727111
621344483
621344483
865789096
865789096
761027119
761027119
761027119
761027119
233606728
233606728
233606728
233606728
116803364
116803364
116803364
116803364
962120192
962120192
962120192
962120192
962120192
962120192
962120192
962120192
21675770
21675770
65027310
65027310
368874401
368874401
108378850
108378850
694397262
694397262
86703080
86703080
563956331
563956331
781100342
781100342
591244199
591244199
862577635
862577635
862577635
862577635
591244199
591244199
726910917
726910917
726910917
726910917
726910917
726910917
726910917
726910917
683690771
683690771
369137189
369137189
369137189
369137189
788541965
788541965
893393159
893393159
788541965
788541965
788541965
788541965
788541965
788541965
718641169
718641169
159434801
159434801
598472786
598472786
299236393
299236393
229335597
229335597
229335597
229335597
917342388
917342388
458671194
458671194
104243160
104243160
104243160
104243160
243234040
243234040
413826131
413826131
244613924
244613924
747034210
747034210
727245553
727245553
727245553
727245553
221125563
221125563
663376689
663376689
770760151
770760151
770760151
770760151
956883589
956883589
956883589
956883589
894842443
894842443
894842443
894842443
607845217
607845217
607845217
607845217
535363190
535363190
607845217
607845217
622054498
622054498
540099617
540099617
704009379
704009379
704009379
704009379
375851617
375851617
687047985
687047985
458031990
458031990
375851617
375851617
223174287
223174287
669522861
669522861
669522861
669522861
223174287
223174287
124670098
124670098
374010294
374010294
694590546
694590546
694590546
694590546
521552973
521552973
521552973
521552973
347701982
347701982
347701982
347701982
500166926
500166926
500166926
500166926
4178998
4178998
4178998
4178998
102540784
102540784
307622352
307622352
307622352
307622352
102540784
102540784
175785755
175785755
724091487
724091487
449938621
449938621
449938621
449938621
342183183
342183183
342183183
342183183
335106884
335106884
335106884
335106884
243050371
243050371
243050371
243050371
944425705
944425705
647556686
647556686
540075166
540075166
540075166
540075166
351943562
351943562
351943562
351943562
872313873
872313873
872313873
872313873
227806051
227806051
227806051
227806051
150287158
150287158
150287158
150287158
925592153
925592153
974026953
974026953
252185942
252185942
126092971
126092971
678505034
678505034
678505034
678505034
785084807
785084807
358765715
358765715
930690976
930690976
465345488
465345488
414531186
414531186
414531186
414531186
829062372
829062372
414531186
414531186
730922690
730922690
730922690
730922690
403650154
403650154
403650154
403650154
539978645
539978645
845489117
845489117
539978645
539978645
845489117
845489117
196279364
196279364
730922690
730922690
807300308
807300308
807300308
807300308
299208320
299208320
299208320
299208320
681824491
681824491
365404629
365404629
181258077
181258077
181258077
181258077
771009292
771009292
589751215
589751215
299786015
299786015
299786015
299786015
535108806
535108806
535108806
535108806
911948027
911948027
825651701
825651701
883182585
883182585
883182585
883182585
635268428
635268428
635268428
635268428
317634214
317634214
317634214
317634214
831910667
831910667
831910667
831910667
915077510
915077510
748743824
748743824
572791761
572791761
572791761
572791761
785518057
785518057
572791761
572791761
190930587
190930587
190930587
190930587
594587470
594587470
190930587
190930587
827667395
827667395
486513479
486513479
259077535
259077535
259077535
259077535
657090437
657090437
657090437
657090437
657090437
657090437
884526381
884526381
23920960
23920960
340721771
340721771
3417280
3417280
3417280
3417280
337448238
337448238
337448238
337448238
488855006
488855006
828447904
828447904
152365200
152365200
304730400
304730400
114273900
114273900
38091300
38091300
57136950
57136950
114273900
114273900
76182600
76182600
76182600
76182600
777225923
777225923
924571543
924571543
887735138
887735138
777225923
777225923
884176987
884176987
627473780
627473780
627473780
627473780
627473780
627473780
563729575
563729575
563729575
563729575
563729575
563729575
563729575
563729575
516859188
516859188
516859188
516859188
387644391
387644391
129214797
129214797
120591702
120591702
40197234
40197234
123169451
123169451
706552719
706552719
390651333
390651333
173709646
173709646
310028336
310028336
310028336
310028336
612946096
612946096
306473048
306473048
75882613
75882613
75882613
75882613
262691184
262691184
262691184
262691184
602177262
602177262
200725754
200725754
288946491
288946491
288946491
288946491
866839473
866839473
866839473
866839473
592931289
592931289
592931289
592931289
592931289
592931289
592931289
592931289
699919780
699919780
349959890
349959890
349959890
349959890
699919780
699919780
349959890
349959890
349959890
349959890
586612149
586612149
761592094
761592094
953391761
953391761
953391761
953391761
789624964
789624964
372386186
372386186
349959890
349959890
349959890
349959890
349959890
349959890
699919780
699919780
963841240
963841240
963841240
963841240
413114394
413114394
413114394
413114394
193655545
193655545
193655545
193655545
387311090
387311090
387311090
387311090
170271414
170271414
510814242
510814242
340542828
340542828
23384131
23384131
758388771
758388771
278677607
278677607
77644050
77644050
38822025
38822025
261492314
261492314
261492314
261492314
15908301
15908301
15908301
15908301
514146683
514146683
514146683
514146683
514146683
514146683
514146683
514146683
845859088
845859088
845859088
845859088
598507486
598507486
532250613
532250613
964018102
964018102
929791851
929791851
571565611
571565611
571565611
571565611
968147599
968147599
655463984
655463984
98525478
98525478
295576434
295576434
278469253
278469253
556938506
556938506
556938506
556938506
556938506
556938506
818300578
818300578
818300578
818300578
736882281
736882281
736882281
736882281
409150289
409150289
409150289
409150289
409150289
409150289
409150289
409150289
246497231
246497231
739491693
739491693
488909319
488909319
488909319
488909319
488909319
488909319
488909319
488909319
492994462
492994462
492994462
492994462
497079605
497079605
492994462
492994462
472568747
472568747
735406550
735406550
492994462
492994462
492994462
492994462
246497231
246497231
739491693
739491693
980839977
980839977
326946659
326946659
963435601
963435601
653893318
653893318
993893259
993893259
993893259
993893259
976488883
976488883
976488883
976488883
619823570
619823570
872104092
872104092
910524934
910524934
910524934
910524934
872104092
872104092
619823570
619823570
183771524
183771524
367543048
367543048
681517983
681517983
48065243
48065243
681517983
681517983
48065243
48065243
873778955
873778955
873778955
873778955
681517983
681517983
48065243
48065243
42510114
42510114
127530342
127530342
42510114
42510114
127530342
127530342
276315741
276315741
552631482
552631482
637280047
637280047
913595788
913595788
516796667
516796667
837761791
837761791
757520510
757520510
757520510
757520510
300015384
300015384
900046152
900046152
300015384
300015384
900046152
900046152
744527104
744527104
580923819
580923819
580923819
580923819
580923819
580923819
934117201
934117201
934117201
934117201
785770052
785770052
785770052
785770052
360383396
360383396
720766792
720766792
360383396
360383396
360383396
360383396
573003715
573003715
720766792
720766792
720766792
720766792
360383396
360383396
66773591
66773591
687754099
687754099
377263845
377263845
133547182
133547182
399801668
399801668
399801668
399801668
199900834
199900834
199900834
199900834
300990499
300990499
300990499
300990499
649617426
649617426
950607925
950607925
385441856
385441856
158081215
158081215
845740956
845740956
845740956
845740956
750110746
750110746
582785033
582785033
501977139
501977139
167325713
167325713
167325713
167325713
334651426
334651426
167325713
167325713
334651426
334651426
519402142
519402142
559962073
559962073
964603978
964603978
964603978
964603978
856954778
856954778
951147828
951147828
762761728
762761728
381380864
381380864
761076830
761076830
919188512
919188512
761076830
761076830
380538415
380538415
459594256
459594256
459594256
459594256
150741287
150741287
150741287
150741287
676476808
676476808
354709263
354709263
118236421
118236421
118236421
118236421
827518884
827518884
413759442
413759442
827518884
827518884
275839628
275839628
422878034
422878034
422878034
422878034
653967295
653967295
826105824
826105824
231089261
231089261
231089261
231089261
422878034
422878034
845756068
845756068
506860478
506860478
506860478
506860478
506860478
506860478
522337081
522337081
134453421
134453421
134453421
134453421
938755944
938755944
819779126
819779126
378210713
378210713
378210713
378210713
584888593
584888593
584888593
584888593
946574883
946574883
946574883
946574883
843235943
843235943
843235943
843235943
796735312
796735312
598326555
598326555
598326555
598326555
796735312
796735312
392683802
392683802
392683802
392683802
196341901
196341901
196341901
196341901
951383817
951383817
317127939
317127939
317127939
317127939
317127939
317127939
150016953
150016953
150016953
150016953
724147606
724147606
724147606
724147606
89733647
89733647
695407451
695407451
785141098
785141098
785141098
785141098
89733647
89733647
695407451
695407451
89733647
89733647
89733647
89733647
335439435
335439435
670878870
670878870
134175774
134175774
402527322
402527322
670878870
670878870
335439435
335439435
670878870
670878870
670878870
670878870
242004146
242004146
121002073
121002073
494084215
494084215
494084215
494084215
746164284
746164284
746164284
746164284
943797970
943797970
647347441
647347441
661513133
661513133
661513133
661513133
773756873
773756873
324781913
324781913
806359406
806359406
934282704
934282704
806359406
806359406
806359406
806359406
522489921
522489921
522489921
522489921
93470978
93470978
93470978
93470978
93470978
93470978
46735489
46735489
46735489
46735489
46735489
46735489
899639269
899639269
899639269
899639269
751731643
751731643
583325332
583325332
778459207
778459207
778459207
778459207
437493999
437493999
314237644
314237644
600154992
600154992
802220623
802220623
202065631
202065631
202065631
202065631
802220623
802220623
802220623
802220623
802220623
802220623
802220623
802220623
56391076
56391076
56391076
56391076
56391076
56391076
56391076
56391076
818332359
818332359
458508371
458508371
14097769
14097769
14097769
14097769
431404883
431404883
295970296
295970296
862809766
862809766
862809766
862809766
695136958
695136958
88922168
88922168
569873899
569873899
784059126
784059126
890945317
890945317
890945317
890945317
485709797
485709797
485709797
485709797
890945317
890945317
944594835
944594835
944594835
944594835
944594835
944594835
75133653
75133653
150267306
150267306
725769315
725769315
241923105
241923105
150267306
150267306
150267306
150267306
75133653
75133653
150267306
150267306
392190411
392190411
392190411
392190411
725769315
725769315
725769315
725769315
876036621
876036621
937140487
937140487
876036621
876036621
937140487
937140487
767995629
767995629
883119991
883119991
825557810
825557810
940682172
940682172
767995629
767995629
767995629
767995629
255998543
255998543
255998543
255998543
870994905
870994905
290331635
290331635
779578196
779578196
779578196
779578196
389789098
389789098
779578196
779578196
396580986
396580986
396580986
396580986
76856271
76856271
76856271
76856271
307247650
307247650
921742950
921742950
179331299
179331299
537993897
537993897
537993897
537993897
537993897
537993897
940757889
940757889
940757889
940757889
524250083
524250083
840246263
840246263
358662598
358662598
358662598
358662598
76856271
76856271
76856271
76856271
531086173
531086173
764665263
764665263
323937859
323937859
440727404
440727404
811381081
811381081
811381081
811381081
764665263
764665263
531086173
531086173
217196827
217196827
651590481
651590481
434393654
434393654
434393654
434393654
311736718
311736718
311736718
311736718
560439237
560439237
683073358
683073358
604222548
604222548
302111274
302111274
919439992
919439992
761831270
761831270
66379182
66379182
22126394
22126394
22126394
22126394
22126394
22126394
604222548
604222548
201407516
201407516
761831270
761831270
919439992
919439992
302111274
302111274
302111274
302111274
604222548
604222548
604222548
604222548
966599758
966599758
966599758
966599758
960270839
960270839
960270839
960270839
534391638
534391638
178130546
178130546
840267785
840267785
840267785
840267785
890652730
890652730
890652730
890652730
512687354
512687354
836392020
836392020
975593485
975593485
930291749
930291749
975593485
975593485
975593485
975593485
834350306
834350306
417175153
417175153
533388993
533388993
533388993
533388993
834350306
834350306
943613004
943613004
678485010
678485010
38966324
38966324
937875178
937875178
877506003
877506003
937875178
937875178
937875178
937875178
894104348
894104348
685824338
685824338
494142673
494142673
497462342
497462342
355422665
355422665
355422665
355422665
355422665
355422665
68023642
68023642
316250655
316250655
316250655
316250655
973498159
973498159
973498159
973498159
628630688
628630688
628630688
628630688
942946032
942946032
314315344
314315344
577202989
577202989
577202989
577202989
577202989
577202989
156161625
156161625
117824220
117824220
353472660
353472660
22898887
22898887
22898887
22898887
952936404
952936404
952936404
952936404
907628455
907628455
907628455
907628455
805946598
805946598
268648866
268648866
537297732
537297732
537297732
537297732
395903592
395903592
395903592
395903592
197951796
197951796
197951796
197951796
924456063
924456063
850667773
850667773
850667773
850667773
616304042
616304042
260361453
260361453
260361453
260361453
616304042
616304042
616304042
616304042
52268017
52268017
104536034
104536034
700341580
700341580
700341580
700341580
45315564
45315564
22657782
22657782
504786622
504786622
516115513
516115513
411862535
411862535
823725070
823725070
823725070
823725070
607323141
607323141
607323141
607323141
823725070
823725070
117675010
117675010
117675010
117675010
261270294
261270294
522540588
522540588
130635147
130635147
391905441
391905441
261270294
261270294
261270294
261270294
522540588
522540588
261270294
261270294
261270294
261270294
261270294
261270294
783810882
783810882
261270294
261270294
412855022
412855022
412855022
412855022
956345191
956345191
956345191
956345191
46836823
46836823
522540588
522540588
522540588
522540588
522540588
522540588
391905441
391905441
391905441
391905441
46836823
46836823
522540588
522540588
447483798
447483798
344207041
344207041
940852105
940852105
826067609
826067609
605166033
605166033
605166033
605166033
424175426
424175426
424175426
424175426
163651597
163651597
163651597
163651597
490954791
490954791
490954791
490954791
332384324
332384324
997152972
997152972
664768648
664768648
996061591
996061591
902010882
902010882
300670294
300670294
499977168
499977168
499977168
499977168
259814020
259814020
779442060
779442060
519628040
519628040
519628040
519628040
591633135
591633135
197211045
197211045
394422090
394422090
394422090
394422090
328685075
328685075
986055225
986055225
328685075
328685075
328685075
328685075
522540588
522540588
522540588
522540588
391905441
391905441
391905441
391905441
522540588
522540588
46836823
46836823
391905441
391905441
130635147
130635147
262271039
262271039
262271039
262271039
262271039
262271039
262271039
262271039
649205787
649205787
649205787
649205787
235350020
235350020
235350020
235350020
465489660
465489660
465489660
465489660
310326440
310326440
310326440
310326440
540950062
540950062
540950062
540950062
790310261
790310261
790310261
790310261
470473470
470473470
413176057
413176057
705710205
705710205
413176057
413176057
6172025
6172025
667553577
667553577
667553577
667553577
667553577
667553577
904884924
904884924
718166066
718166066
718166066
718166066
904884924
904884924
320413660
320413660
320413660
320413660
80103415
80103415
80103415
80103415
679862916
679862916
679862916
679862916
679862916
679862916
679862916
679862916
21550021
21550021
21550021
21550021
21550021
21550021
21550021
21550021
476782953
476782953
476782953
476782953
630732142
630732142
630732142
630732142
158927651
158927651
476782953
476782953
158927651
158927651
476782953
476782953
78518833
78518833
235556499
235556499
157037666
157037666
157037666
157037666
874879790
874879790
874879790
874879790
874879790
874879790
874879790
874879790
583031056
583031056
291515528
291515528
583031056
583031056
583031056
583031056
583031056
583031056
583031056
583031056
750848815
750848815
750848815
750848815
288043373
288043373
576086746
576086746
430083569
430083569
430083569
430083569
607651234
607651234
535298529
535298529
144705410
144705410
144705410
144705410
393525016
393525016
182330695
182330695
138482961
138482961
138482961
138482961
363020071
363020071
453754808
453754808
726040142
726040142
907509616
907509616
557052236
557052236
557052236
557052236
115860119
115860119
704116275
704116275
963838918
963838918
963838918
963838918
963838918
963838918
963838918
963838918
234434293
234434293
234434293
234434293
645327175
645327175
292409997
292409997
468868586
468868586
821785764
821785764
468868586
468868586
821785764
821785764
440761340
440761340
440761340
440761340
661142010
661142010
661142010
661142010
881522680
881522680
881522680
881522680
881522680
881522680
881522680
881522680
203968927
203968927
203968927
203968927
601106640
601106640
601106640
601106640
781390773
781390773
260463591
260463591
911502921
911502921
911502921
911502921
361783564
361783564
361783564
361783564
448889903
448889903
723567128
723567128
50579144
50579144
50579144
50579144
151737432
151737432
151737432
151737432
430086682
430086682
476110345
476110345
399404240
399404240
399404240
399404240
343434397
343434397
343434397
343434397
567047522
567047522
135850691
135850691
45179761
45179761
347808038
347808038
392987799
392987799
392987799
392987799
759978205
759978205
586074186
586074186
759978205
759978205
879111279
879111279
765751988
765751988
765751988
765751988
382875994
382875994
382875994
382875994
903977461
903977461
903977461
903977461
634073938
634073938
903977461
903977461
131724566
131724566
131724566
131724566
977624137
977624137
987934245
987934245
582450439
582450439
526898264
526898264
526898264
526898264
582450439
582450439
687342046
687342046
687342046
687342046
687342046
687342046
343671023
343671023
963192228
963192228
963192228
963192228
963192228
963192228
963192228
963192228
276079503
276079503
552159006
552159006
709378413
709378413
131646533
131646533
642475326
642475326
642475326
642475326
642475326
642475326
214158442
214158442
377575979
377575979
134483584
134483584
134483584
134483584
377575979
377575979
687910166
687910166
67241792
67241792
956877334
956877334
651707229
651707229
539267110
539267110
269633555
269633555
512503821
512503821
512503821
512503821
269633555
269633555
269633555
269633555
755374087
755374087
755374087
755374087
275439872
275439872
550879744
550879744
550879744
550879744
275439872
275439872
550879744
550879744
654394879
654394879
654394879
654394879
550879744
550879744
454068524
454068524
454068524
454068524
113517131
113517131
113517131
113517131
978643755
978643755
978643755
978643755
959043157
959043157
978643755
978643755
691803817
691803817
691803817
691803817
15784549
15784549
338009634
338009634
691803817
691803817
845024085
845024085
883329152
883329152
959939286
959939286
457449125
457449125
457449125
457449125
457449125
457449125
914898250
914898250
899113701
899113701
299704567
299704567
883329152
883329152
959939286
959939286
769265444
769265444
311307626
311307626
540286535
540286535
540286535
540286535
66708777
66708777
66708777
66708777
466961439
466961439
466961439
466961439
183157465
183157465
393800606
393800606
576958071
576958071
576958071
576958071
773858374
773858374
590700909
590700909
984501515
984501515
984501515
984501515
986963569
986963569
986963569
986963569
975682785
975682785
986963569
986963569
975682785
975682785
975682785
975682785
585409671
585409671
195136557
195136557
687660771
687660771
687660771
687660771
532368980
532368980
266184490
266184490
122854380
122854380
40951460
40951460
941189815
941189815
941189815
941189815
310921303
310921303
310921303
310921303
92727027
92727027
278181081
278181081
278181081
278181081
278181081
278181081
174974599
174974599
524923797
524923797
659697842
659697842
659697842
659697842
329848921
329848921
989546763
989546763
123149746
123149746
123149746
123149746
620097525
620097525
620097525
620097525
485960501
485960501
485960501
485960501
742102427
742102427
742102427
742102427
76753933
76753933
230261799
230261799
332452635
332452635
332452635
332452635
910789353
910789353
910789353
910789353
779606853
779606853
888925603
888925603
954516853
954516853
954516853
954516853
845198103
845198103
692151853
692151853
879267517
879267517
879267517
879267517
625837290
625837290
625837290
625837290
686131642
686131642
61906220
61906220
343065821
343065821
343065821
343065821
437192716
437192716
313333795
313333795
874385432
874385432
750526511
750526511
288096890
288096890
864290670
864290670
874385432
874385432
750526511
750526511
92607616
92607616
46303808
46303808
621427880
621427880
866039287
866039287
776784850
776784850
333865844
333865844
46303808
46303808
46303808
46303808
740968311
740968311
226416227
226416227
740968311
740968311
740968311
740968311
355054248
355054248
355054248
355054248
177527124
177527124
532581372
532581372
888618875
888618875
888618875
888618875
833806136
833806136
943431614
943431614
824747801
824747801
824747801
824747801
781373663
781373663
564502973
564502973
486813032
486813032
827767246
827767246
657290139
657290139
657290139
657290139
766915617
766915617
766915617
766915617
353031994
353031994
60851629
60851629
41731634
41731634
41731634
41731634
41731634
41731634
679406780
679406780
360569207
360569207
360569207
360569207
20865817
20865817
41731634
41731634
709738388
709738388
132726458
132726458
242399867
242399867
620322110
620322110
686685339
686685339
228895113
228895113
613569733
613569733
613569733
613569733
772463705
772463705
772463705
772463705
772463705
772463705
772463705
772463705
659573381
659573381
980475790
980475790
433792733
433792733
303133846
303133846
935478209
935478209
935478209
935478209
872712065
872712065
872712065
872712065
966861281
966861281
966861281
966861281
872712065
872712065
872712065
872712065
171711170
171711170
722733292
722733292
171711170
171711170
722733292
722733292
67911279
67911279
67911279
67911279
22637093
22637093
22637093
22637093
966635107
966635107
903416615
903416615
745370385
745370385
871807369
871807369
298148154
298148154
298148154
298148154
745370385
745370385
745370385
745370385
479083082
479083082
479083082
479083082
439004893
439004893
479083082
479083082
149597514
149597514
49865838
49865838
858434488
858434488
858434488
858434488
924451623
924451623
308150541
308150541
542508352
542508352
542508352
542508352
707437134
707437134
125822696
125822696
605363959
605363959
212483565
212483565
436678397
436678397
436678397
436678397
673764998
673764998
673764998
673764998
399183592
399183592
798367184
798367184
798367184
798367184
399183592
399183592
465809315
465809315
931618630
931618630
931618630
931618630
931618630
931618630
819776435
819776435
938755047
938755047
879265741
879265741
879265741
879265741
562611456
562611456
562611456
562611456
562611456
562611456
562611456
562611456
210979296
210979296
632937888
632937888
703264320
703264320
703264320
703264320
201993085
201993085
605979255
605979255
807972340
807972340
617700327
617700327
617700327
617700327
617700327
617700327
617700327
617700327
617700327
617700327
319985433
319985433
319985433
319985433
995509492
995509492
995509492
995509492
987304909
987304909
987304909
987304909
981835187
981835187
992774631
992774631
375074304
375074304
126978559
126978559
849386906
849386906
849386906
849386906
706390832
706390832
353195416
353195416
899006055
899006055
700529459
700529459
160156435
160156435
160156435
160156435
899513264
899513264
899513264
899513264
292945365
292945365
878836095
878836095
878836095
878836095
878836095
878836095
937425168
937425168
815786798
815786798
815786798
815786798
815786798
815786798
25137393
25137393
25137393
25137393
25137393
25137393
25137393
25137393
450189646
450189646
482811333
482811333
287081211
287081211
287081211
287081211
58729402
58729402
58729402
58729402
205552907
205552907
411105814
411105814
665821094
665821094
665821094
665821094
532461960
532461960
532461960
532461960
157720167
157720167
157720167
157720167
735702427
735702427
577982260
577982260
309107526
309107526
309107526
309107526
955691288
955691288
984059998
984059998
927322578
927322578
927322578
927322578
730952821
730952821
730952821
730952821
730952821
730952821
196369757
196369757
899690939
899690939
899690939
899690939
646583762
646583762
646583762
646583762
646583762
646583762
941506933
941506933
929654885
929654885
792475949
792475949
975381197
975381197
975381197
975381197
326135642
326135642
326135642
326135642
743723908
743723908
489203463
489203463
951249367
951249367
904254381
904254381
904254381
904254381
904254381
904254381
716274437
716274437
152334605
152334605
528294493
528294493
528294493
528294493
182500616
182500616
182500616
182500616
182500616
182500616
91250308
91250308
365001232
365001232
365001232
365001232
730002464
730002464
365001232
365001232
510528465
510528465
510528465
510528465
510528465
510528465
510528465
510528465
800011563
800011563
800011563
800011563
266670521
266670521
266670521
266670521
791422868
791422868
791422868
791422868
982335008
982335008
950516318
950516318
966425663
966425663
966425663
966425663
775513523
775513523
775513523
775513523
795790010
795790010
795790010
795790010
397895005
397895005
195440662
195440662
795790010
795790010
795790010
795790010
188426981
188426981
593335667
593335667
750762915
750762915
255800039
255800039
627022196
627022196
255800039
255800039
907999024
907999024
907999024
907999024
727508366
727508366
907999024
907999024
627022196
627022196
255800039
255800039
255800039
255800039
255800039
255800039
255800039
255800039
255800039
255800039
255800039
255800039
750762915
750762915
220656017
220656017
220656017
220656017
882624068
882624068
882624068
882624068
509881287
509881287
509881287
509881287
107591105
107591105
107591105
107591105
841965883
841965883
841965883
841965883
810710189
810710189
810710189
810710189
918411754
918411754
918411754
918411754
918411754
918411754
918411754
918411754
452229506
452229506
358444165
358444165
628668722
628668722
887761813
887761813
915382448
915382448
970623718
970623718
943003083
943003083
887761813
887761813
929723405
929723405
792681509
792681509
655639613
655639613
884042773
884042773
977544411
977544411
977544411
977544411
687745223
687745223
687745223
687745223
470404488
470404488
156801496
156801496
470404488
470404488
470404488
470404488
627205984
627205984
627205984
627205984
883373599
883373599
883373599
883373599
170435625
170435625
170435625
170435625
56811875
56811875
170435625
170435625
681742500
681742500
227247500
227247500
681742500
681742500
681742500
681742500
700504327
700504327
700504327
700504327
551634314
551634314
551634314
551634314
24071121
24071121
24071121
24071121
168497847
168497847
583371100
583371100
157463021
157463021
577853687
577853687
542894523
542894523
542894523
542894523
437723465
437723465
717983909
717983909
175089386
175089386
175089386
175089386
289821406
289821406
429355253
429355253
429355253
429355253
429355253
429355253
287132978
287132978
287132978
287132978
571577528
571577528
856022078
856022078
814318547
814318547
630392741
630392741
814318547
814318547
814318547
814318547
232662442
232662442
232662442
232662442
630392741
630392741
814318547
814318547
214136084
214136084
736874930
736874930
475505507
475505507
475505507
475505507
475505507
475505507
475505507
475505507
475505507
475505507
736874930
736874930
793559292
793559292
793559292
793559292
793559292
793559292
396779646
396779646
793559292
793559292
793559292
793559292
452201694
452201694
452201694
452201694
783181473
783181473
261060491
261060491
783181473
783181473
783181473
783181473
183990444
183990444
551971332
551971332
919952220
919952220
459976110
459976110
938898380
938898380
938898380
938898380
938898380
938898380
469449190
469449190
776192176
776192176
332087822
332087822
108054758
108054758
54027379
54027379
134782744
134782744
377675699
377675699
134782744
134782744
134782744
134782744
53345066
53345066
53345066
53345066
53345066
53345066
53345066
53345066
714632559
714632559
714632559
714632559
286413331
286413331
286413331
286413331
185326273
185326273
555978819
555978819
555978819
555978819
185326273
185326273
45869829
45869829
45869829
45869829
91739658
91739658
91739658
91739658
45869829
45869829
45869829
45869829
137609487
137609487
567926920
567926920
211351883
211351883
211351883
211351883
631027867
631027867
894839248
894839248
677833676
677833676
677833676
677833676
338916838
338916838
338916838
338916838
616079936
616079936
308039968
308039968
616079936
616079936
616079936
616079936
658436764
658436764
658436764
658436764
679688483
679688483
892059063
892059063
886689088
886689088
886689088
886689088
931311194
931311194
931311194
931311194
950745731
950745731
974495042
974495042
463498210
463498210
487247521
487247521
503848394
503848394
503848394
503848394
842898135
842898135
280966045
280966045
280966045
280966045
842898135
842898135
337159254
337159254
337159254
337159254
899091344
899091344
899091344
899091344
601632317
601632317
205020281
205020281
733836329
733836329
205020281
205020281
457107620
457107620
457107620
457107620
382560913
382560913
382560913
382560913
382560913
382560913
382560913
382560913
628834289
628834289
628834289
628834289
444129257
444129257
888258514
888258514
441401854
441401854
479882069
479882069
441401854
441401854
441401854
441401854
441401854
441401854
441401854
441401854
487578112
487578112
464489983
464489983
213004884
213004884
213004884
213004884
213004884
213004884
213004884
213004884
128348411
128348411
385045233
385045233
670284990
670284990
335142495
335142495
952068095
952068095
952068095
952068095
975156224
975156224
928979966
928979966
574961988
574961988
574961988
574961988
574961988
574961988
574961988
574961988
277671791
277671791
555343582
555343582
517862645
517862645
517862645
517862645
597926263
597926263
597926263
597926263
838117117
838117117
838117117
838117117
497612127
497612127
494592028
494592028
696052958
696052958
897513888
897513888
595322493
595322493
595322493
595322493
595322493
595322493
787723126
787723126
934905122
934905122
871565891
871565891
934905122
934905122
871565891
871565891
585070726
585070726
756967825
756967825
808226660
808226660
618208967
618208967
385127892
385127892
385127892
385127892
513503856
513503856
513503856
513503856
30428675
30428675
30428675
30428675
60857350
60857350
30428675
30428675
435934429
435934429
717089391
717089391
956119188
956119188
956119188
956119188
745493363
745493363
913994023
913994023
913994023
913994023
913994023
913994023
393333203
393333203
393333203
393333203
937753238
937753238
937753238
937753238
881574287
881574287
648234155
648234155
414894023
414894023
803794243
803794243
44575365
44575365
44575365
44575365
668630475
668630475
833437414
833437414
757781205
757781205
757781205
757781205
817896992
817896992
938128566
938128566
98553449
98553449
698347385
698347385
98553449
98553449
548398901
548398901
612662537
612662537
612662537
612662537
869717081
869717081
869717081
869717081
735762543
735762543
735762543
735762543
210798923
210798923
210798923
210798923
113320453
113320453
113320453
113320453
793243171
793243171
597162508
597162508
602542627
602542627
800393490
800393490
602542627
602542627
602542627
602542627
800393490
800393490
602542627
602542627
699220549
699220549
101172941
101172941
976409773
976409773
976409773
976409773
976409773
976409773
976409773
976409773
620910166
620910166
310455083
310455083
654349718
654349718
654349718
654349718
932740613
932740613
932740613
932740613
867236873
867236873
867236873
867236873
392678599
392678599
785357198
785357198
927281968
927281968
785357198
785357198
881773554
881773554
648831956
648831956
648831956
648831956
648831956
648831956
414815420
414815420
207407710
207407710
360402479
360402479
360402479
360402479
544466294
544466294
544466294
544466294
933418916
933418916
933418916
933418916
297486268
297486268
297486268
297486268
297486268
297486268
892458804
892458804
735445562
735445562
472646771
472646771
823045159
823045159
823045159
823045159
863794620
863794620
863794620
863794620
863794620
863794620
863794620
863794620
42911940
42911940
42911940
42911940
42911940
42911940
14303980
14303980
414815420
414815420
414815420
414815420
414815420
414815420
207407710
207407710
284912645
284912645
569825290
569825290
341895174
341895174
113965058
113965058
641578499
641578499
641578499
641578499
569825290
569825290
284912645
284912645
703484588
703484588
703484588
703484588
208286171
208286171
734924959
734924959
569825290
569825290
569825290
569825290
522689881
522689881
522689881
522689881
617656020
617656020
617656020
617656020
617656020
617656020
617656020
617656020
154414005
154414005
154414005
154414005
308828010
308828010
617656020
617656020
704949067
704949067
567731140
567731140
283865570
283865570
283865570
283865570
851596710
851596710
851596710
851596710
704949067
704949067
567731140
567731140
114625631
114625631
114625631
114625631
229251262
229251262
229251262
229251262
225100652
225100652
225100652
225100652
56275163
56275163
168825489
168825489
953902438
953902438
953902438
953902438
216304652
216304652
737597786
737597786
351185822
351185822
351185822
351185822
593971928
593971928
593971928
593971928
368881870
368881870
368881870
368881870
591342644
591342644
775783579
775783579
844559486
844559486
537189752
537189752
996829788
996829788
996829788
996829788
612196757
612196757
612196757
612196757
901732454
901732454
901732454
901732454
995415223
995415223
995415223
995415223
281048307
281048307
843144921
843144921
431743265
431743265
431743265
431743265
863486530
863486530
728728707
728728707
196511112
196511112
65503704
65503704
65503704
65503704
196511112
196511112
675531120
675531120
675531120
675531120
30104654
30104654
675531120
675531120
291273801
291273801
291273801
291273801
291273801
291273801
291273801
291273801
435028090
435028090
870056180
870056180
522033708
522033708
174011236
174011236
252151630
252151630
756454890
756454890
252151630
252151630
252151630
252151630
743098837
743098837
743098837
743098837
743098837
743098837
580447730
580447730
302964503
302964503
605929006
605929006
302964503
302964503
605929006
605929006
921042540
921042540
843840727
843840727
230260635
230260635
690781905
690781905
100477368
100477368
301432104
301432104
100477368
100477368
301432104
301432104
204676120
204676120
400973491
400973491
8378749
8378749
8378749
8378749
460521270
460521270
460521270
460521270
921042540
921042540
843840727
843840727
690781905
690781905
690781905
690781905
921042540
921042540
921042540
921042540
460521270
460521270
383319457
383319457
921042540
921042540
843840727
843840727
73501819
73501819
357248724
357248724
192584727
192584727
192584727
192584727
836428928
836428928
512798078
512798078
674613503
674613503
674613503
674613503
509633714
509633714
509633714
509633714
881347462
881347462
626530605
626530605
254816857
254816857
764450571
764450571
881347462
881347462
626530605
626530605
391112551
391112551
175093300
175093300
31080466
31080466
31080466
31080466
890613400
890613400
675351494
675351494
337675747
337675747
675351494
675351494
659971504
659971504
659971504
659971504
664433787
664433787
995057008
995057008
985494973
985494973
985494973
985494973
331898159
331898159
331898159
331898159
602330617
602330617
800287485
800287485
640229988
640229988
640229988
640229988
175510625
175510625
175510625
175510625
762388114
762388114
526531875
526531875
991504987
991504987
978026255
978026255
971286889
971286889
944329425
944329425
242135750
242135750
242135750
242135750
242135750
242135750
242135750
242135750
706332413
706332413
900940373
900940373
425242367
425242367
807243691
807243691
726136601
726136601
907541769
907541769
907541769
907541769
726136601
726136601
530472376
530472376
509572243
509572243
544405798
544405798
544405798
544405798
660517648
660517648
330258824
330258824
310233004
310233004
310233004
310233004
560613303
560613303
560613303
560613303
186871101
186871101
186871101
186871101
600575041
600575041
532939798
532939798
439878887
439878887
439878887
439878887
235696651
235696651
235696651
235696651
89129395
89129395
89129395
89129395
380283795
380283795
380283795
380283795
887328855
887328855
942786604
942786604
195589641
195589641
65196547
65196547
130393094
130393094
130393094
130393094
649769650
649769650
951064597
951064597
407599113
407599113
407599113
407599113
316470013
316470013
632940026
632940026
452824881
452824881
452824881
452824881
496585158
496585158
496585158
496585158
993170316
993170316
496585158
496585158
548294379
548294379
548294379
548294379
59006643
59006643
59006643
59006643
548294379
548294379
548294379
548294379
646638784
646638784
548294379
548294379
290220187
290220187
429488180
429488180
719708367
719708367
719708367
719708367
322116135
322116135
966348405
966348405
612336322
612336322
536860225
536860225
834611247
834611247
834611247
834611247
196387196
196387196
196387196
196387196
605493641
605493641
818236570
818236570
818236570
818236570
409118285
409118285
981139899
981139899
946930991
946930991
989692126
989692126
989692126
989692126
972587672
972587672
972587672
972587672
946930991
946930991
946930991
946930991
171966398
171966398
515899194
515899194
859831990
859831990
859831990
859831990
639703642
639703642
319851821
319851821
639703642
639703642
545982665
545982665
473061636
473061636
473061636
473061636
236530818
236530818
709592454
709592454
935620816
935620816
467810408
467810408
644621723
644621723
644621723
644621723
125472632
125472632
250945264
250945264
125472632
125472632
250945264
250945264
898973588
898973588
898973588
898973588
799702823
799702823
799702823
799702823
966284566
966284566
966284566
966284566
902364992
902364992
902364992
902364992
520307074
520307074
562676869
562676869
590923399
590923399
590923399
590923399
303407310
303407310
303407310
303407310
63681232
63681232
127362464
127362464
707950390
707950390
707950390
707950390
700889357
700889357
106179365
106179365
196939444
196939444
98469722
98469722
523739607
523739607
523739607
523739607
523739607
523739607
523739607
523739607
760991980
760991980
523739607
523739607
303556255
303556255
303556255
303556255
607112510
607112510
215980667
215980667
356993801
356993801
784494169
784494169
215980667
215980667
737489791
737489791
544246114
544246114
634493989
634493989
634493989
634493989
544246114
544246114
72198300
72198300
72198300
72198300
144396600
144396600
288793200
288793200
952317475
952317475
975280914
975280914
975280914
975280914
952317475
952317475
167360039
167360039
721282915
721282915
582802196
582802196
167360039
167360039
11671136
11671136
669386614
669386614
238690386
238690386
716071158
716071158
363871147
363871147
681057750
681057750
454038500
454038500
363871147
363871147
227019250
227019250
227019250
227019250
681057750
681057750
681057750
681057750
683975534
683975534
683975534
683975534
369706715
369706715
369706715
369706715
295264313
295264313
295264313
295264313
646754333
646754333
942018646
942018646
3141284
3141284
666543330
666543330
333271665
333271665
1570642
1570642
626965336
626965336
626965336
626965336
450435005
450435005
450435005
450435005
608746981
608746981
608746981
608746981
608746981
608746981
608746981
608746981
395046409
395046409
696645381
696645381
395046409
395046409
395046409
395046409
976987692
976987692
488493846
488493846
790092818
790092818
790092818
790092818
697008811
697008811
94537727
94537727
420300800
420300800
805596502
805596502
60259489
60259489
60259489
60259489
529251921
529251921
529251921
529251921
67401787
67401787
67401787
67401787
202205361
202205361
202205361
202205361
635746395
635746395
908994832
908994832
183998916
183998916
183998916
183998916
128664203
128664203
563454278
563454278
128664203
128664203
128664203
128664203
257328406
257328406
257328406
257328406
643321015
643321015
820782684
820782684
419819844
419819844
419819844
419819844
419819844
419819844
419819844
419819844
356377978
356377978
451540777
451540777
261215179
261215179
261215179
261215179
696646927
696646927
847445640
847445640
272924107
272924107
423722820
423722820
696646927
696646927
847445640
847445640
847445640
847445640
847445640
847445640
469320361
469320361
469320361
469320361
733782357
733782357
733782357
733782357
869269289
869269289
740294225
740294225
869269289
869269289
740294225
740294225
242901221
242901221
242901221
242901221
485802442
485802442
485802442
485802442
647605506
647605506
647605506
647605506
647605506
647605506
647605506
647605506
543172312
543172312
543172312
543172312
678965390
678965390
359686427
359686427
616566666
616566666
616566666
616566666
469777958
469777958
469777958
469777958
459419263
459419263
459419263
459419263
190006718
190006718
728831808
728831808
459419263
459419263
459419263
459419263
364415904
364415904
95003359
95003359
282620309
282620309
282620309
282620309
911643606
911643606
911643606
911643606
27372298
27372298
27372298
27372298
505965251
505965251
505965251
505965251
458577548
458577548
458577548
458577548
687866322
687866322
343933161
343933161
588898651
588898651
768451600
768451600
768451600
768451600
768451600
768451600
448268674
448268674
224134337
224134337
482171009
482171009
482171009
482171009
447834876
447834876
447834876
447834876
121342837
121342837
373195730
373195730
819972684
819972684
409986342
409986342
259745291
259745291
259745291
259745291
676444373
676444373
890977693
890977693
890977693
890977693
890977693
890977693
113661084
113661084
340983252
340983252
227322168
227322168
227322168
227322168
68257709
68257709
533251031
533251031
722782782
722782782
722782782
722782782
566313834
566313834
700697149
700697149
566313834
566313834
700697149
700697149
563140649
563140649
128036945
128036945
25607389
25607389
76822167
76822167
576633260
576633260
576633260
576633260
432474945
432474945
432474945
432474945
977351793
977351793
977351793
977351793
914674113
914674113
914674113
914674113
914465327
914465327
746907275
746907275
961891159
961891159
961891159
961891159
322371433
322371433
322371433
322371433
982679326
982679326
967114299
967114299
30488543
30488543
91465629
91465629
60977086
60977086
121954172
121954172
782719779
782719779
782719779
782719779
782719779
782719779
782719779
782719779
936869579
936869579
977786095
977786095
936869579
936869579
977786095
977786095
143809913
143809913
713432873
713432873
290428172
290428172
290428172
290428172
669145068
669145068
334572534
334572534
669145068
669145068
669145068
669145068
366549056
366549056
366549056
366549056
304208445
304208445
101402815
101402815
898453971
898453971
299484657
299484657
598969314
598969314
798663589
798663589
561519543
561519543
561519543
561519543
374384199
374384199
374384199
374384199
413937024
413937024
413937024
413937024
413937024
413937024
413937024
413937024
413937024
413937024
413937024
413937024
964170292
964170292
964170292
964170292
90174061
90174061
90174061
90174061
543154260
543154260
543154260
543154260
266538974
266538974
266538974
266538974
719144510
719144510
719144510
719144510
583876693
583876693
583876693
583876693
749623757
749623757
252382565
252382565
56350211
56350211
169050633
169050633
853330272
853330272
853330272
853330272
767425141
767425141
767425141
767425141
767425141
767425141
767425141
767425141
306830840
306830840
920492520
920492520
613661680
613661680
613661680
613661680
859475822
859475822
859475822
859475822
534614998
534614998
534614998
534614998
394778882
394778882
186092293
186092293
883137703
883137703
627127352
627127352
770400130
770400130
770400130
770400130
157355842
157355842
157355842
157355842
462240078
462240078
462240078
462240078
924480156
924480156
924480156
924480156
341626616
341626616
341626616
341626616
85406654
85406654
256219962
256219962
328794073
328794073
442346142
442346142
821499978
821499978
821499978
821499978
151221792
151221792
151221792
151221792
589842357
589842357
589842357
589842357
755345333
755345333
755345333
755345333
174746056
174746056
349492112
349492112
315944210
315944210
315944210
315944210
315944210
315944210
315944210
315944210
884643788
884643788
884643788
884643788
771043223
771043223
771043223
771043223
982366225
982366225
660203526
660203526
660203526
660203526
660203526
660203526
660203526
660203526
660203526
660203526
660203526
660203526
660203526
660203526
980382462
980382462
326794154
326794154
464656572
464656572
464656572
464656572
464656572
464656572
464656572
464656572
464656572
464656572
464656572
464656572
629715969
629715969
890903554
890903554
890903554
890903554
890903554
890903554
522375170
522375170
568881157
568881157
186023948
186023948
186023948
186023948
163397077
163397077
163397077
163397077
542099334
542099334
628053649
628053649
722519517
722519517
240839839
240839839
481679678
481679678
481679678
481679678
326314606
326314606
163157303
163157303
163157303
163157303
326314606
326314606
978943818
978943818
978943818
978943818
994384246
994384246
986664032
986664032
929749774
929749774
929749774
929749774
150095907
150095907
574170130
574170130
861255195
861255195
287085065
287085065
929749774
929749774
642664709
642664709
704333964
704333964
704333964
704333964
385831810
385831810
385831810
385831810
477753231
477753231
159251077
159251077
796255385
796255385
930914697
930914697
77497673
77497673
691328793
691328793
768826466
768826466
768826466
768826466
860132351
860132351
860132351
860132351
615368686
615368686
615368686
615368686
764833673
764833673
764833673
764833673
881539013
881539013
764833673
764833673
881539013
881539013
881539013
881539013
245908606
245908606
122954303
122954303
170000462
170000462
170000462
170000462
170000462
170000462
722163056
722163056
340000924
340000924
340000924
340000924
446081759
446081759
446081759
446081759
598785976
598785976
598785976
598785976
198524420
198524420
99262210
99262210
349024093
349024093
349024093
349024093
397852019
397852019
397852019
397852019
965465896
965465896
965465896
965465896
867130525
867130525
867130525
867130525
32445438
32445438
32445438
32445438
507233536
507233536
523456255
523456255
880128338
880128338
880128338
880128338
321948154
321948154
440064169
440064169
133899205
133899205
133899205
133899205
511280391
511280391
511280391
511280391
218061621
218061621
218061621
218061621
508810449
508810449
508810449
508810449
382812580
382812580
382812580
382812580
150193387
150193387
382812580
382812580
49534170
49534170
16511390
16511390
49534170
49534170
16511390
16511390
610723155
610723155
610723155
610723155
208481278
208481278
402241877
402241877
746248615
746248615
746248615
746248615
872246484
872246484
872246484
872246484
382812580
382812580
191406290
191406290
382812580
382812580
191406290
191406290
150193387
150193387
150193387
150193387
574218870
574218870
574218870
574218870
150193387
150193387
574218870
574218870
929786329
929786329
642676894
642676894
258464191
258464191
258464191
258464191
258464191
258464191
258464191
258464191
844129924
844129924
614124759
614124759
422064962
422064962
422064962
422064962
705489939
705489939
705489939
705489939
647898838
647898838
647898838
647898838
427132252
427132252
213566126
213566126
659296771
659296771
659296771
659296771
630022599
630022599
210007533
210007533
525302261
525302261
577662430
577662430
35595282
35595282
11865094
11865094
154246222
154246222
77123111
77123111
164938518
164938518
164938518
164938518
412346295
412346295
412346295
412346295
622826065
622826065
622826065
622826065
82469259
82469259
82469259
82469259
905335090
905335090
905335090
905335090
173939756
173939756
347879512
347879512
966426134
966426134
966426134
966426134
483213067
483213067
483213067
483213067
504840065
504840065
833776257
833776257
669308161
669308161
669308161
669308161
733359451
733359451
733359451
733359451
240366800
240366800
240366800
240366800
940666691
940666691
825511367
825511367
748741151
748741151
748741151
748741151
518430503
518430503
838306403
838306403
518430503
518430503
518430503
518430503
639983345
639983345
921705682
921705682
332902481
332902481
332902481
332902481
358724098
358724098
717448196
717448196
717448196
717448196
358724098
358724098
331318200
331318200
331318200
331318200
327028447
327028447
327028447
327028447
235619391
235619391
78539797
78539797
939967117
939967117
646070490
646070490
57684134
57684134
173052402
173052402
230736536
230736536
230736536
230736536
431945877
431945877
297593278
297593278
69960291
69960291
69960291
69960291
914504469
914504469
914504469
914504469
914504469
914504469
956374411
956374411
977309382
977309382
977309382
977309382
977309382
977309382
977309382
977309382
863954631
863954631
287984877
287984877
575969754
575969754
575969754
575969754
638774667
638774667
638774667
638774667
851699556
851699556
851699556
851699556
933837899
933837899
933837899
933837899
901634672
901634672
966041126
966041126
434708762
434708762
869417524
869417524
217354381
217354381
217354381
217354381
150243061
150243061
450729183
450729183
150243061
150243061
150243061
150243061
46344623
46344623
46344623
46344623
577046005
577046005
577046005
577046005
704483990
704483990
704483990
704483990
762965622
762965622
254321874
254321874
469205259
469205259
469205259
469205259
96567918
96567918
32189306
32189306
319725605
319725605
319725605
319725605
319725605
319725605
319725605
319725605
897488391
897488391
947866372
947866372
299162797
299162797
897488391
897488391
695346235
695346235
564530196
564530196
695346235
695346235
695346235
695346235
523264156
523264156
571548115
571548115
523264156
523264156
571548115
571548115
977611333
977611333
956978313
956978313
695346235
695346235
695346235
695346235
137833958
137833958
137833958
137833958
68916979
68916979
68916979
68916979
339935735
339935735
778808147
778808147
559371941
559371941
679871470
679871470
606493610
606493610
606493610
606493610
606493610
606493610
606493610
606493610
523264156
523264156
523264156
523264156
96567918
96567918
48283959
48283959
96567918
96567918
96567918
96567918
523264156
523264156
523264156
523264156
985163460
985163460
328387820
328387820
992638256
992638256
992638256
992638256
844911605
844911605
844911605
844911605
844911605
844911605
947133437
947133437
993567545
993567545
996685417
996685417
711918155
711918155
711918155
711918155
422474085
422474085
140824695
140824695
569534524
569534524
710359219
710359219
788604469
788604469
578964585
578964585
578964585
578964585
578964585
578964585
894343702
894343702
686542400
686542400
274616960
274616960
274616960
274616960
343794771
343794771
343794771
343794771
23671400
23671400
23671400
23671400
483506892
483506892
161168964
161168964
241753446
241753446
241753446
241753446
12992345
12992345
12992345
12992345
341409681
341409681
341409681
341409681
518610694
518610694
518610694
518610694
695811707
695811707
695811707
695811707
162133536
162133536
162133536
162133536
162133536
162133536
162133536
162133536
901072542
901072542
300357514
300357514
901072542
901072542
901072542
901072542
152941719
152941719
305883438
305883438
152941719
152941719
305883438
305883438
801444430
801444430
801444430
801444430
801444430
801444430
801444430
801444430
478153620
478153620
436216507
436216507
226530942
226530942
226530942
226530942
595601047
595601047
595601047
595601047
595601047
595601047
595601047
595601047
802264085
802264085
932917597
932917597
932917597
932917597
932917597
932917597
474624643
474624643
425629576
425629576
458292954
458292954
376634509
376634509
474624643
474624643
474624643
474624643
474624643
474624643
736434498
736434498
425629576
425629576
474624643
474624643
212814788
212814788
425629576
425629576
164709773
164709773
164709773
164709773
720399493
720399493
720399493
720399493
768023772
768023772
256007924
256007924
142872837
142872837
142872837
142872837
256007924
256007924
768023772
768023772
47624279
47624279
47624279
47624279
333369953
333369953
665807153
665807153
665807153
665807153
665807153
665807153
413544288
413544288
413544288
413544288
206772144
206772144
206772144
206772144
137848096
137848096
413544288
413544288
890264947
890264947
890264947
890264947
629503100
629503100
629503100
629503100
137848096
137848096
413544288
413544288
705043472
705043472
705043472
705043472
705043472
705043472
705043472
705043472
929990363
929990363
929990363
929990363
975493023
975493023
975493023
975493023
816233713
816233713
816233713
816233713
816233713
816233713
816233713
816233713
953687983
953687983
953687983
953687983
623910290
623910290
623910290
623910290
860119606
860119606
721994859
721994859
714152078
714152078
145967528
145967528
54421838
54421838
54421838
54421838
720806229
720806229
720806229
720806229
27210919
27210919
54421838
54421838
769091454
769091454
256363818
256363818
914721289
914721289
747675161
747675161
831198225
831198225
831198225
831198225
956482821
956482821
956482821
956482821
872959757
872959757
872959757
872959757
240268743
240268743
720806229
720806229
203099362
203099362
101549681
101549681
117644756
117644756
117644756
117644756
822355910
822355910
646467467
646467467
379291821
379291821
379291821
379291821
379291821
379291821
139631110
139631110
532123434
532123434
177374478
177374478
518922931
518922931
505722428
505722428
677959872
677959872
677959872
677959872
677959872
677959872
677959872
677959872
442420375
442420375
480221576
480221576
442420375
442420375
480221576
480221576
291329083
291329083
873987249
873987249
792545020
792545020
596929791
596929791
677959872
677959872
677959872
677959872
338979936
338979936
18695455
18695455
670338070
670338070
670338070
670338070
699389078
699389078
699389078
699389078
164562136
164562136
493686408
493686408
329124272
329124272
329124272
329124272
953979579
953979579
317993193
317993193
136282797
136282797
136282797
136282797
953979579
953979579
317993193
317993193
303747126
303747126
911241378
911241378
325721448
325721448
108573816
108573816
940973072
940973072
940973072
940973072
612267251
612267251
226290149
226290149
226290149
226290149
612267251
612267251
224577911
224577911
224577911
224577911
62322601
62322601
62322601
62322601
296303039
296303039
764263915
764263915
530283477
530283477
62322601
62322601
268519503
268519503
268519503
268519503
268519503
268519503
268519503
268519503
151667318
151667318
151667318
151667318
537039006
537039006
537039006
537039006
848609314
848609314
549339236
549339236
524738776
524738776
51233199
51233199
151667318
151667318
151667318
151667318
537039006
537039006
537039006
537039006
790489864
790489864
790489864
790489864
770225818
770225818
542207283
542207283
790489864
790489864
790489864
790489864
395244932
395244932
790489864
790489864
680223882
680223882
226741294
226741294
680223882
680223882
680223882
680223882
627301051
627301051
627301051
627301051
906965176
906965176
906965176
906965176
262932965
262932965
753140557
753140557
893199869
893199869
893199869
893199869
876014210
876014210
753784067
753784067
876014210
876014210
753784067
753784067
803075971
803075971
803075971
803075971
399937811
399937811
399937811
399937811
708596445
708596445
853420399
853420399
47239763
47239763
47239763
47239763
685149695
685149695
685149695
685149695
744110074
744110074
744110074
744110074
110295580
110295580
110295580
110295580
441182320
441182320
220591160
220591160
380818288
380818288
380818288
380818288
380818288
380818288
380818288
380818288
650096691
650096691
650096691
650096691
650096691
650096691
650096691
650096691
681595954
681595954
681595954
681595954
364947555
364947555
364947555
364947555
413246711
413246711
705745532
705745532
48299156
48299156
681595954
681595954
184230822
184230822
368461644
368461644
184230822
184230822
184230822
184230822
363766279
363766279
454003544
454003544
274468087
274468087
274468087
274468087
33122259
33122259
11040753
11040753
156801590
156801590
156801590
156801590
20046825
20046825
6682275
6682275
26729100
26729100
26729100
26729100
198436454
198436454
198436454
198436454
396872908
396872908
396872908
396872908
631040746
631040746
631040746
631040746
631040746
631040746
631040746
631040746
438215033
438215033
316400746
316400746
988435930
988435930
662226761
662226761
606073955
606073955
606073955
606073955
802159154
802159154
802159154
802159154
662226761
662226761
662226761
662226761
988435930
988435930
494217965
494217965
204842207
204842207
733776971
733776971
204842207
204842207
601543280
601543280
45245591
45245591
90491182
90491182
217747107
217747107
653241321
653241321
398729471
398729471
398729471
398729471
398729471
398729471
398729471
398729471
887950124
887950124
667361666
667361666
557067437
557067437
557067437
557067437
424128810
424128810
141376270
141376270
212064405
212064405
70688135
70688135
219820147
219820147
406021500
406021500
463314224
463314224
391698319
391698319
491960586
491960586
491960586
491960586
391698319
391698319
391698319
391698319
703707950
703707950
703707950
703707950
409171547
409171547
818343094
818343094
818343094
818343094
409171547
409171547
409171547
409171547
818343094
818343094
174174384
174174384
174174384
174174384
174174384
174174384
174174384
174174384
907075966
907075966
907075966
907075966
90592399
90592399
362945584
362945584
884679861
884679861
884679861
884679861
158788693
158788693
476366079
476366079
453537983
453537983
907075966
907075966
725891168
725891168
181184798
181184798
35272352
35272352
677253686
677253686
605529149
605529149
605529149
605529149
474624081
474624081
158208027
158208027
632832108
632832108
632832108
632832108
316416054
316416054
949248162
949248162
158208027
158208027
474624081
474624081
605529149
605529149
818343094
818343094
127688367
127688367
127688367
127688367
551910012
551910012
551910012
551910012
347454810
347454810
347454810
347454810
173727405
173727405
173727405
173727405
310030873
310030873
310030873
310030873
740164298
740164298
482084243
482084243
482084243
482084243
482084243
482084243
413932509
413932509
243553174
243553174
243553174
243553174
121776587
121776587
433563525
433563525
433563525
433563525
584786636
584786636
584786636
584786636
675755650
675755650
675755650
675755650
737312138
737312138
737312138
737312138
495170323
495170323
495170323
495170323
797014741
797014741
797014741
797014741
331117194
331117194
331117194
331117194
831556655
831556655
498181259
498181259
318278620
318278620
318278620
318278620
198406471
198406471
198406471
198406471
830822379
830822379
914533366
914533366
698142298
698142298
565462217
565462217
633647126
633647126
633647126
633647126
876711944
876711944
633647126
633647126
445919156
445919156
445919156
445919156
445919156
445919156
445919156
445919156
956930306
956930306
956930306
956930306
187350474
187350474
187350474
187350474
958175
958175
665815627
665815627
665815627
665815627
665815627
665815627
731221751
731221751
197176547
197176547
928398298
928398298
928398298
928398298
864733052
864733052
864733052
864733052
165343924
165343924
165343924
165343924
725881693
725881693
725881693
725881693
302346022
302346022
302346022
302346022
602919724
602919724
602919724
602919724
207595095
207595095
69198365
69198365
356995786
356995786
356995786
356995786
356995786
356995786
356995786
356995786
699442971
699442971
233147657
233147657
233147657
233147657
699442971
699442971
795197930
795197930
930562212
930562212
140179513
140179513
140179513
140179513
679282305
679282305
679282305
679282305
586747692
586747692
293373846
293373846
109628934
109628934
36542978
36542978
648731726
648731726
648731726
648731726
360320257
360320257
452854870
452854870
813175127
813175127
628105901
628105901
711838314
711838314
711838314
711838314
626751859
626751859
541665404
541665404
474558876
474558876
474558876
474558876
846051370
846051370
846051370
846051370
387639813
387639813
387639813
387639813
624789266
624789266
624789266
624789266
958029390
958029390
958029390
958029390
479014695
479014695
438799732
438799732
301099297
301099297
301099297
301099297
523512043
523512043
760878198
760878198
783945094
783945094
783945094
783945094
67795375
67795375
355346576
355346576
890901371
890901371
890901371
890901371
890901371
890901371
890901371
890901371
257600467
257600467
627922410
627922410
627922410
627922410
627922410
627922410
400731061
400731061
400731061
400731061
101974415
101974415
699487707
699487707
396874090
396874090
396874090
396874090
793748180
793748180
793748180
793748180
927138491
927138491
927138491
927138491
974542399
974542399
974542399
974542399
962691422
962691422
927138491
927138491
275054692
275054692
275054692
275054692
353235398
353235398
783241368
783241368
138232413
138232413
138232413
138232413
138232413
138232413
138232413
138232413
353235398
353235398
783241368
783241368
522160912
522160912
522160912
522160912
568238383
568238383
522160912
522160912
161258542
161258542
161258542
161258542
161258542
161258542
483775626
483775626
377145082
377145082
377145082
377145082
133190893
133190893
565717623
565717623
916926290
916926290
754290164
754290164
916926290
916926290
754290164
754290164
117425169
117425169
352275507
352275507
352275507
352275507
352275507
352275507
905902127
905902127
905902127
905902127
905902127
905902127
905902127
905902127
930066531
930066531
310022177
310022177
37310889
37310889
12436963
12436963
349330735
349330735
449191696
449191696
798522431
798522431
798522431
798522431
966372059
966372059
966372059
966372059
491154103
491154103
475217956
475217956
459281809
459281809
728763081
728763081
982308206
982308206
982308206
982308206
319826500
319826500
439356951
439356951
718800652
718800652
718800652
718800652
878713902
878713902
878713902
878713902
439356951
439356951
439356951
439356951
467766376
467766376
467766376
467766376
722553431
722553431
171171587
171171587
956436619
956436619
914628885
914628885
956436619
956436619
914628885
914628885
648966406
648966406
299688459
299688459
199792306
199792306
199792306
199792306
271660162
271660162
271660162
271660162
567037217
567037217
567037217
567037217
652199959
652199959
550148104
550148104
893676122
893676122
893676122
893676122
488341581
488341581
488341581
488341581
466780390
466780390
466780390
466780390
701866630
701866630
701866630
701866630
7793656
7793656
7793656
7793656
452995142
452995142
452995142
452995142
816494616
816494616
452995142
452995142
966931280
966931280
966931280
966931280
966931280
966931280
966931280
966931280
541705904
541705904
846064870
846064870
362599230
362599230
362599230
362599230
625385091
625385091
625385091
625385091
252525829
252525829
625385091
625385091
400137058
400137058
400137058
400137058
400137058
400137058
400137058
400137058
385912799
385912799
385912799
385912799
23642791
23642791
340629048
340629048
39873511
39873511
39873511
39873511
39873511
39873511
39873511
39873511
270968746
270968746
270968746
270968746
406453119
406453119
406453119
406453119
351174368
351174368
351174368
351174368
406453119
406453119
702348736
702348736
992476457
992476457
992476457
992476457
986708561
986708561
992476457
992476457
992476457
992476457
992476457
992476457
992476457
992476457
986708561
986708561
19158975
19158975
19158975
19158975
254350832
254350832
763052496
763052496
679962926
679962926
679962926
679962926
339981463
339981463
339981463
339981463
182454167
182454167
547362501
547362501
547362501
547362501
772803427
772803427
864958154
864958154
953815620
953815620
317938540
317938540
317938540
317938540
292889004
292889004
292889004
292889004
341703838
341703838
683407676
683407676
390518672
390518672
173311663
173311663
781037344
781037344
781037344
781037344
918321147
918321147
758474735
758474735
303389894
303389894
303389894
303389894
918364159
918364159
758603771
758603771
838483965
838483965
518963189
518963189
988992114
988992114
988992114
988992114
485243818
485243818
485243818
485243818
485243818
485243818
494496057
494496057
485243818
485243818
242621909
242621909
984770135
984770135
984770135
984770135
984770135
984770135
984770135
984770135
431074299
431074299
143691433
143691433
431074299
431074299
143691433
143691433
954971900
954971900
911699447
911699447
954971900
954971900
911699447
911699447
341556961
341556961
341556961
341556961
333629002
333629002
333629002
333629002
245558690
245558690
122779345
122779345
779378101
779378101
779378101
779378101
509060538
509060538
509060538
509060538
254530269
254530269
763590807
763590807
943712212
943712212
943712212
943712212
417323965
417323965
707784159
707784159
471856106
471856106
417323965
417323965
417323965
417323965
417323965
417323965
388830207
388830207
129610069
129610069
259220138
259220138
259220138
259220138
42061567
42061567
42061567
42061567
866921600
866921600
866921600
866921600
693550074
693550074
693550074
693550074
346775037
346775037
693550074
693550074
530682745
530682745
530682745
530682745
84161516
84161516
84161516
84161516
88617601
88617601
88617601
88617601
179840840
179840840
539522520
539522520
851473797
851473797
283824599
283824599
851473797
851473797
851473797
851473797
217416361
217416361
217416361
217416361
810440476
810440476
810440476
810440476
202610119
202610119
600427236
600427236
202610119
202610119
202610119
202610119
442795759
442795759
442795759
442795759
720520056
720520056
720520056
720520056
320231136
320231136
960693408
960693408
640462272
640462272
640462272
640462272
681513574
681513574
681513574
681513574
340756787
340756787
681513574
681513574
12013004
12013004
12013004
12013004
36039012
36039012
18019506
18019506
61375772
61375772
122751544
122751544
777322698
777322698
335479388
335479388
335479388
335479388
777322698
777322698
335479388
335479388
777322698
777322698
505872784
505872784
505872784
505872784
502272460
502272460
502272460
502272460
14401296
14401296
28802592
28802592
14401296
14401296
28802592
28802592
3600324
3600324
3600324
3600324
12601134
12601134
25202268
25202268
28802592
28802592
28802592
28802592
28802592
28802592
14401296
14401296
931316170
931316170
797459804
797459804
663603438
663603438
221201146
221201146
738292305
738292305
738292305
738292305
49219487
49219487
49219487
49219487
450695808
450695808
450695808
450695808
906187027
906187027
906187027
906187027
247399512
247399512
247399512
247399512
247399512
247399512
82466504
82466504
922726555
922726555
847208757
847208757
960485454
960485454
960485454
960485454
118721686
118721686
59360843
59360843
744644026
744644026
744644026
744644026
904460304
904460304
904460304
904460304
452230152
452230152
358446103
358446103
810676255
810676255
810676255
810676255
810676255
810676255
810676255
810676255
81309439
81309439
243928317
243928317
162618878
162618878
162618878
162618878
81309439
81309439
81309439
81309439
243928317
243928317
81309439
81309439
506964804
506964804
15685255
15685255
380223603
380223603
380223603
380223603
883818505
883818505
654966809
654966809
142038371
142038371
426115113
426115113
481931260
481931260
447549427
447549427
860717021
860717021
860717021
860717021
404498936
404498936
404498936
404498936
559363584
559363584
559363584
559363584
559941975
559941975
559941975
559941975
779093164
779093164
779093164
779093164
456939272
456939272
817809326
817809326
235331723
235331723
235331723
235331723
983494711
983494711
983494711
983494711
961370248
961370248
961370248
961370248
939245785
939245785
939245785
939245785
968745069
968745069
909746501
909746501
990869532
990869532
976119890
976119890
961370248
961370248
480685124
480685124
458560661
458560661
917121322
917121322
728402507
728402507
188718815
188718815
769849799
769849799
922112835
922112835
769849799
769849799
769849799
769849799
395191215
395191215
395191215
395191215
922112835
922112835
769849799
769849799
536063997
536063997
536063997
536063997
536063997
536063997
536063997
536063997
113657238
113657238
113657238
113657238
113657238
113657238
113657238
113657238
107070324
107070324
107070324
107070324
53535162
53535162
160605486
160605486
428281296
428281296
214140648
214140648
321210972
321210972
107070324
107070324
798236227
798236227
798236227
798236227
798236227
798236227
598228101
598228101
470797709
470797709
470797709
470797709
95572794
95572794
31857598
31857598
680769782
680769782
892419496
892419496
809504959
809504959
620765565
620765565
574944925
574944925
574944925
574944925
363295211
363295211
363295211
363295211
67787314
67787314
355343889
355343889
707262445
707262445
707262445
707262445
67787314
67787314
355343889
355343889
541579166
541579166
541579166
541579166
602723970
602723970
207203587
207203587
301361985
301361985
904085955
904085955
689834266
689834266
689834266
689834266
867578909
867578909
867578909
867578909
207203587
207203587
207203587
207203587
482179176
482179176
482179176
482179176
803631960
803631960
803631960
803631960
207203587
207203587
207203587
207203587
978122682
978122682
958001011
958001011
489061341
489061341
468939670
468939670
696728008
696728008
696728008
696728008
348364004
348364004
348364004
348364004
401815980
401815980
401815980
401815980
602723970
602723970
207203587
207203587
207203587
207203587
602723970
602723970
602723970
602723970
207203587
207203587
489758274
489758274
163252758
163252758
489758274
489758274
244879137
244879137
370676285
370676285
741352570
741352570
317722530
317722530
317722530
317722530
279077596
279077596
425773983
425773983
425773983
425773983
279077596
279077596
955009133
955009133
868538693
868538693
955009133
955009133
955009133
955009133
494935744
494935744
497726699
497726699
494935744
494935744
494935744
494935744
494935744
494935744
247467872
247467872
494935744
494935744
494935744
494935744
925679523
925679523
780549863
780549863
948007163
948007163
981498623
981498623
886606153
886606153
886606153
886606153
964752893
964752893
897769973
897769973
774250609
774250609
550256865
550256865
506427132
506427132
506427132
506427132
183418955
183418955
550256865
550256865
366837910
366837910
366837910
366837910
94642768
94642768
94642768
94642768
421397167
421397167
709820760
709820760
757142144
757142144
757142144
757142144
189285536
189285536
189285536
189285536
606735668
606735668
606735668
606735668
737238563
737238563
737238563
737238563
52952555
52952555
105905110
105905110
672556576
672556576
672556576
672556576
459971308
459971308
459971308
459971308
203885075
203885075
407770150
407770150
468671501
468671501
468671501
468671501
407770150
407770150
407770150
407770150
507951101
507951101
507951101
507951101
852471118
852471118
616905157
616905157
160424122
160424122
80212061
80212061
386222825
386222825
160424122
160424122
154860067
154860067
154860067
154860067
886272344
886272344
960920350
960920350
160424122
160424122
80212061
80212061
160424122
160424122
160424122
160424122
821194012
821194012
821194012
821194012
821194012
821194012
821194012
821194012
274920251
274920251
824760753
824760753
140231162
140231162
420693486
420693486
525982136
525982136
525982136
525982136
131495534
131495534
394486602
394486602
176578490
176578490
88289245
88289245
70631396
70631396
70631396
70631396
668906064
668906064
668906064
668906064
334453032
334453032
5114743
5114743
668906064
668906064
668906064
668906064
668906064
668906064
668906064
668906064
465780172
465780172
465780172
465780172
421324166
421324166
421324166
421324166
687052311
687052311
687052311
687052311
931560344
931560344
931560344
931560344
787528840
787528840
787528840
787528840
168756180
168756180
168756180
168756180
553858083
553858083
184619361
184619361
369238722
369238722
369238722
369238722
842427648
842427648
842427648
842427648
842427648
842427648
842427648
842427648
213422017
213422017
640266051
640266051
426844034
426844034
426844034
426844034
669304784
669304784
669304784
669304784
334652392
334652392
334652392
334652392
506151529
506151529
506151529
506151529
539292630
539292630
539292630
539292630
302362041
302362041
302362041
302362041
952665238
952665238
952665238
952665238
169797637
169797637
389347330
389347330
948492297
948492297
973368325
973368325
708046482
708046482
708046482
708046482
708046482
708046482
708046482
708046482
545499351
545499351
545499351
545499351
191476110
191476110
63825370
63825370
41679915
41679915
125039745
125039745
83359830
83359830
250079490
250079490
150830491
150830491
150830491
150830491
904982946
904982946
904982946
904982946
141343330
141343330
141343330
141343330
87660591
87660591
262981773
262981773
421314029
421314029
805934245
805934245
718273654
718273654
718273654
718273654
69270362
69270362
69270362
69270362
517469083
517469083
757856718
757856718
359136827
359136827
359136827
359136827
805934245
805934245
805934245
805934245
881643438
881643438
881643438
881643438
177280231
177280231
354560462
354560462
932949260
932949260
802359074
802359074
401179537
401179537
401179537
401179537
905006203
905006203
634416852
634416852
167942222
167942222
167942222
167942222
802359074
802359074
802359074
802359074
737063981
737063981
737063981
737063981
246398737
246398737
246398737
246398737
390812131
390812131
390812131
390812131
739196211
739196211
739196211
739196211
495327355
495327355
495327355
495327355
303259984
303259984
151629992
151629992
303259984
303259984
151629992
151629992
170583741
170583741
341167482
341167482
113722494
113722494
113722494
113722494
44134738
44134738
132404214
132404214
132404214
132404214
44134738
44134738
391594435
391594435
391594435
391594435
783188870
783188870
353077904
353077904
554290599
554290599
554290599
554290599
166156861
166156861
166156861
166156861
138246853
138246853
138246853
138246853
740245103
740245103
224246603
224246603
752641306
752641306
752641306
752641306
535339195
535339195
535339195
535339195
78005886
78005886
78005886
78005886
234017658
234017658
78005886
78005886
109789860
109789860
219579720
219579720
219579720
219579720
219579720
219579720
270146687
270146687
810440061
810440061
540293374
540293374
540293374
540293374
262384806
262384806
262384806
262384806
655962015
655962015
655962015
655962015
752641306
752641306
752641306
752641306
752641306
752641306
376320653
376320653
151010781
151010781
151010781
151010781
511863457
511863457
511863457
511863457
862701549
862701549
727158745
727158745
727158745
727158745
727158745
727158745
719460366
719460366
161892392
161892392
440676379
440676379
440676379
440676379
939420641
939420641
939420641
939420641
910008785
910008785
910008785
910008785
137883973
137883973
137883973
137883973
895302857
895302857
895302857
895302857
327238694
327238694
327238694
327238694
430808835
430808835
294182152
294182152
979809882
979809882
942940940
942940940
961375411
961375411
961375411
961375411
255728937
255728937
85242979
85242979
255728937
255728937
85242979
85242979
794552461
794552461
794552461
794552461
590860569
590860569
590860569
590860569
794552461
794552461
387168677
387168677
590860569
590860569
590860569
590860569
583755296
583755296
291877648
291877648
860081334
860081334
583755296
583755296
860081334
860081334
430040667
430040667
430040667
430040667
860081334
860081334
909145168
909145168
909145168
909145168
291168498
291168498
873505494
873505494
308988335
308988335
308988335
308988335
820045983
820045983
641847613
641847613
11478317
11478317
669322341
669322341
809571857
809571857
809571857
809571857
951076229
951076229
903908105
903908105
951076229
951076229
903908105
903908105
821991316
821991316
821991316
821991316
939441055
939441055
645895136
645895136
234742621
234742621
410995658
410995658
293545919
293545919
293545919
293545919
901033467
901033467
901033467
901033467
901033467
901033467
901033467
901033467
608877160
608877160
219509967
219509967
949713717
949713717
949713717
949713717
49278706
49278706
147836118
147836118
828162706
828162706
487999412
487999412
317917765
317917765
438720706
438720706
438720706
438720706
317917765
317917765
757225873
757225873
757225873
757225873
937989733
937989733
937989733
937989733
621652978
621652978
621652978
621652978
482680955
482680955
826389887
826389887
689752262
689752262
72768080
72768080
72768080
72768080
72768080
72768080
381260171
381260171
381260171
381260171
689752262
689752262
381260171
381260171
542954326
542954326
630618625
630618625
427576048
427576048
427576048
427576048
270878046
270878046
812634138
812634138
541756092
541756092
541756092
541756092
212589790
212589790
212589790
212589790
63776937
63776937
191330811
191330811
244362301
244362301
414202218
414202218
658564519
658564519
318884685
318884685
340143664
340143664
170071832
170071832
340143664
340143664
170071832
170071832
170071832
170071832
340143664
340143664
127553874
127553874
42517958
42517958
170071832
170071832
170071832
170071832
425179580
425179580
425179580
425179580
63776937
63776937
63776937
63776937
42517958
42517958
42517958
42517958
207523190
207523190
207523190
207523190
207523190
207523190
207523190
207523190
758526164
758526164
758526164
758526164
654764569
654764569
654764569
654764569
487340805
487340805
487340805
487340805
719229836
719229836
719229836
719229836
566411905
566411905
521552086
521552086
44859819
44859819
44859819
44859819
538469304
538469304
538469304
538469304
807703956
807703956
269234652
269234652
950499110
950499110
950499110
950499110
475249555
475249555
475249555
475249555
46467860
46467860
46467860
46467860
704219452
704219452
704219452
704219452
46467860
46467860
46467860
46467860
92935720
92935720
92935720
92935720
843985125
843985125
535466669
535466669
535466669
535466669
535466669
535466669
290755940
290755940
762414882
762414882
581511880
581511880
526585411
526585411
989363095
989363095
989363095
989363095
753533624
753533624
916674110
916674110
109852938
109852938
54926469
54926469
290755940
290755940
762414882
762414882
815058829
815058829
815058829
815058829
815058829
815058829
815058829
815058829
815058829
815058829
906651591
906651591
906651591
906651591
815058829
815058829
480276876
480276876
480276876
480276876
497672538
497672538
494773261
494773261
310320517
310320517
310320517
310320517
310320517
310320517
930961551
930961551
981056598
981056598
981056598
981056598
236670272
236670272
744386326
744386326
487090748
487090748
463027891
463027891
974181496
974181496
974181496
974181496
632291530
632291530
898630237
898630237
898630237
898630237
948437295
948437295
802816177
802816177
802816177
802816177
827719706
827719706
827719706
827719706
658245140
658245140
658245140
658245140
329122570
329122570
329122570
329122570
354736677
354736677
65965678
65965678
811788618
811788618
438877148
438877148
825663256
825663256
825663256
825663256
825663256
825663256
825663256
825663256
137468563
137468563
137468563
137468563
274937126
274937126
549874252
549874252
239750746
239750746
412665033
412665033
532540406
532540406
66836459
66836459
119875373
119875373
119875373
119875373
119875373
119875373
705454693
705454693
801991087
801991087
801991087
801991087
605737821
605737821
605737821
605737821
632257278
632257278
632257278
632257278
898527481
898527481
632257278
632257278
385395940
385395940
157943467
157943467
928735347
928735347
928735347
928735347
770791880
770791880
770791880
770791880
385395940
385395940
385395940
385395940
944471438
944471438
944471438
944471438
975198818
975198818
975198818
975198818
944471438
944471438
944471438
944471438
965980604
965980604
901453106
901453106
130873768
130873768
130873768
130873768
32718442
32718442
32718442
32718442
261747536
261747536
130873768
130873768
65436884
65436884
65436884
65436884
900047543
900047543
900047543
900047543
965484427
965484427
654576260
654576260
605457113
605457113
605457113
605457113
261830504
261830504
785491512
785491512
477802843
477802843
955605686
955605686
409545294
409545294
409545294
409545294
581891145
581891145
581891145
581891145
984031464
984031464
984031464
984031464
12099891
12099891
4033297
4033297
505172122
505172122
12099891
12099891
878109243
878109243
878109243
878109243
52432861
52432861
525338607
525338607
554653189
554653189
554653189
554653189
554653189
554653189
554653189
554653189
813469446
813469446
813469446
813469446
879942427
879942427
879942427
879942427
526367925
526367925
175455975
175455975
350911950
350911950
350911950
350911950
110979908
110979908
110979908
110979908
221959816
221959816
110979908
110979908
913552795
913552795
744169679
744169679
298499484
298499484
895498452
895498452
298499484
298499484
895498452
895498452
458997638
458997638
458997638
458997638
759889938
759889938
759889938
759889938
268238877
268238877
268238877
268238877
553695337
553695337
553695337
553695337
553695337
553695337
553695337
553695337
541876563
541876563
541876563
541876563
770060458
770060458
313692668
313692668
385030229
385030229
691637291
691637291
385030229
385030229
385030229
385030229
25234395
25234395
8411465
8411465
25234395
25234395
25234395
25234395
753237528
753237528
753237528
753237528
131611939
131611939
564928146
564928146
876186439
876186439
632070611
632070611
632070611
632070611
876186439
876186439
943199927
943199927
888155501
888155501
943199927
943199927
943199927
943199927
45510696
45510696
15170232
15170232
212796405
212796405
212796405
212796405
409292765
409292765
409292765
409292765
818585530
818585530
818585530
818585530
902754388
902754388
902754388
902754388
442686317
442686317
442686317
442686317
807264423
807264423
902754388
902754388
269088141
269088141
807264423
807264423
205884813
205884813
68628271
68628271
630137292
630137292
892167523
892167523
222159642
222159642
666478926
666478926
222159642
222159642
222159642
222159642
181079832
181079832
181079832
181079832
362159664
362159664
362159664
362159664
362159664
362159664
120719888
120719888
362159664
362159664
362159664
362159664
241439776
241439776
241439776
241439776
362159664
362159664
181079832
181079832
194343431
194343431
194343431
194343431
362159664
362159664
120719888
120719888
46613338
46613338
46613338
46613338
699200070
699200070
349600035
349600035
55678529
55678529
55678529
55678529
111357058
111357058
334071174
334071174
827346617
827346617
485551145
485551145
827346617
827346617
827346617
827346617
771668088
771668088
318515558
318515558
49241614
49241614
24620807
24620807
538278249
538278249
538278249
538278249
308295197
308295197
308295197
308295197
445847848
445847848
481364067
481364067
222923924
222923924
445847848
445847848
963301723
963301723
963301723
963301723
963301723
963301723
893416463
893416463
963301723
963301723
963301723
963301723
893416463
893416463
963301723
963301723
411601746
411601746
411601746
411601746
823203492
823203492
823203492
823203492
801697957
801697957
801697957
801697957
605151561
605151561
605151561
605151561
128142807
128142807
128142807
128142807
923897752
923897752
640714035
640714035
695972734
695972734
695972734
695972734
673115360
673115360
22857374
22857374
546996885
546996885
546996885
546996885
834245136
834245136
834245136
834245136
533346925
533346925
533346925
533346925
38942054
38942054
678476920
678476920
787876297
787876297
367140185
367140185
752145679
752145679
259948331
259948331
926783117
926783117
926783117
926783117
156772129
156772129
156772129
156772129
396266375
396266375
190554772
190554772
95277386
95277386
190554772
190554772
903318567
903318567
903318567
903318567
234400
234400
332826251
332826251
116870337
116870337
350611011
350611011
223022938
223022938
223022938
223022938
523959434
523959434
523959434
523959434
261979717
261979717
523959434
523959434
11511899
11511899
11511899
11511899
11511899
11511899
11511899
11511899
974928821
974928821
974928821
974928821
974928821
974928821
974928821
974928821
333897558
333897558
333897558
333897558
333897558
333897558
333897558
333897558
260210907
260210907
780632721
780632721
198036155
198036155
198036155
198036155
624931608
624931608
876550471
876550471
876550471
876550471
876550471
876550471
937397412
937397412
876550471
876550471
407851765
407851765
468698706
468698706
603402421
603402421
811962910
811962910
208560489
208560489
208560489
208560489
977998160
977998160
991495622
991495622
364204340
364204340
364204340
364204340
775221263
775221263
775221263
775221263
984067664
984067664
984067664
984067664
135196888
135196888
135196888
135196888
405590664
405590664
202795332
202795332
931337426
931337426
465668713
465668713
931337426
931337426
931337426
931337426
434635559
434635559
434635559
434635559
358219978
358219978
76415581
76415581
752232589
752232589
260209061
260209061
794824480
794824480
794824480
794824480
113578376
113578376
113578376
113578376
113578376
113578376
113578376
113578376
99719967
99719967
299159901
299159901
755619569
755619569
755619569
755619569
785947667
785947667
785947667
785947667
298115218
298115218
149057609
149057609
947165943
947165943
896087533
896087533
896087533
896087533
631443962
631443962
631443962
631443962
896087533
896087533
896087533
896087533
631443962
631443962
362640366
362640366
120880122
120880122
120880122
120880122
362640366
362640366
362640366
362640366
120880122
120880122
241760244
241760244
241760244
241760244
969754793
969754793
912775673
912775673
950761753
950761753
950761753
950761753
975452705
975452705
975452705
975452705
907077761
907077761
907077761
907077761
214743281
214743281
214743281
214743281
858973124
858973124
858973124
858973124
89670915
89670915
89670915
89670915
89670915
89670915
89670915
89670915
61776456
61776456
61776456
61776456
46332342
46332342
92664684
92664684
61776456
61776456
61776456
61776456
417830678
417830678
255247681
255247681
351346727
351346727
351346727
351346727
809754648
809754648
809754648
809754648
767075187
767075187
767075187
767075187
255691729
255691729
767075187
767075187
10173661
10173661
30520983
30520983
504209007
504209007
514382668
514382668
997856691
997856691
997856691
997856691
76564376
76564376
691017694
691017694
686938175
686938175
894475627
894475627
412162905
412162905
137387635
137387635
515931631
515931631
549550540
549550540
549550540
549550540
549550540
549550540
933923322
933923322
805281260
805281260
524481751
524481751
524481751
524481751
133112645
133112645
133112645
133112645
565678499
565678499
565678499
565678499
542554216
542554216
542554216
542554216
86864079
86864079
86864079
86864079
542554216
542554216
542554216
542554216
86864079
86864079
542554216
542554216
521261162
521261162
521261162
521261162
260630581
260630581
260630581
260630581
839249956
839249956
839249956
839249956
427443146
427443146
807977284
807977284
648982887
648982887
648982887
648982887
648982887
648982887
216327629
216327629
258024525
258024525
774073575
774073575
41696896
41696896
41696896
41696896
40431465
40431465
80862930
80862930
80862930
80862930
40431465
40431465
519337909
519337909
519337909
519337909
640632304
640632304
320316152
320316152
633705826
633705826
902873125
902873125
815410210
815410210
815410210
815410210
179444866
179444866
179444866
179444866
450871683
450871683
354370696
354370696
917234861
917234861
917234861
917234861
930736443
930736443
795720623
795720623
667455594
667455594
336666835
336666835
665986075
665986075
665986075
665986075
566193729
566193729
566193729
566193729
566193729
566193729
566193729
566193729
957739607
957739607
876730115
876730115
930736443
930736443
795720623
795720623
800759583
800759583
800759583
800759583
515352931
515352931
32461509
32461509
10820503
10820503
504532428
504532428
10820503
10820503
10820503
10820503
230701729
230701729
230701729
230701729
230701729
230701729
409648694
409648694
379347229
379347229
459197194
459197194
688795791
688795791
688795791
688795791
595000947
595000947
595000947
595000947
642287814
642287814
214095938
214095938
809096885
809096885
809096885
809096885
935195197
935195197
809096885
809096885
524268104
524268104
574559959
574559959
912076844
912076844
969521850
969521850
107736861
107736861
107736861
107736861
660727468
660727468
330363734
330363734
599598324
599598324
599598324
599598324
599598324
599598324
599598324
599598324
401904590
401904590
799464432
799464432
600684511
600684511
600684511
600684511
237748289
237748289
237748289
237748289
88799156
88799156
88799156
88799156
542467498
542467498
629158141
629158141
86690643
86690643
86690643
86690643
516894027
516894027
172298009
172298009
516894027
516894027
757569190
757569190
5420496
5420496
1806832
1806832
1806832
1806832
5420496
5420496
266807851
266807851
266807851
266807851
266807851
266807851
266807851
266807851
350841067
350841067
350841067
350841067
674936999
674936999
890475235
890475235
461222187
461222187
461222187
461222187
77940750
77940750
77940750
77940750
669633206
669633206
669633206
669633206
334816603
334816603
334816603
334816603
835296223
835296223
835296223
835296223
346451833
346451833
692903666
692903666
426402256
426402256
426402256
426402256
213201128
213201128
213201128
213201128
290633337
290633337
290633337
290633337
290633337
290633337
290633337
290633337
644438845
644438845
935072182
935072182
130583387
130583387
130583387
130583387
105085154
105085154
315255462
315255462
105085154
105085154
105085154
105085154
598967287
598967287
598967287
598967287
399302910
399302910
399302910
399302910
993345772
993345772
663863375
663863375
663863375
663863375
993345772
993345772
525317975
525317975
525317975
525317975
525317975
525317975
525317975
525317975
504963194
504963194
504963194
504963194
504963194
504963194
504963194
504963194
186912560
186912560
186912560
186912560
93456280
93456280
186912560
186912560
518428882
518428882
38613411
38613411
777643323
777643323
259214441
259214441
866670420
866670420
603522554
603522554
735096487
735096487
735096487
735096487
340374688
340374688
340374688
340374688
850936720
850936720
850936720
850936720
446865339
446865339
446865339
446865339
722554846
722554846
722554846
722554846
31591130
31591130
31591130
31591130
47386695
47386695
15795565
15795565
560116905
560116905
682106362
682106362
268524605
268524605
268524605
268524605
833994047
833994047
833994047
833994047
916119200
916119200
916119200
916119200
151095236
151095236
453285708
453285708
453285708
453285708
453285708
453285708
489821243
489821243
489821243
489821243
744032798
744032798
235609688
235609688
600280627
600280627
600280627
600280627
735158561
735158561
735158561
735158561
612843947
612843947
612843947
612843947
800580816
800580816
800580816
800580816
830360820
830360820
830360820
830360820
830360820
830360820
494593754
494593754
218730362
218730362
656191086
656191086
874921448
874921448
437460724
437460724
874921448
874921448
874921448
874921448
109365181
109365181
109365181
109365181
686545324
686545324
561596559
561596559
811494089
811494089
935994265
935994265
190338976
190338976
190338976
190338976
190338976
190338976
396194443
396194443
930763888
930763888
863283423
863283423
698072916
698072916
232690972
232690972
878829277
878829277
625691210
625691210
253138067
253138067
253138067
253138067
852820242
852820242
852820242
852820242
135561899
135561899
710683535
710683535
89538243
89538243
89538243
89538243
89538243
89538243
29846081
29846081
347504304
347504304
347504304
347504304
573714310
573714310
573714310
573714310
744652080
744652080
248217360
248217360
446791248
446791248
148930416
148930416
211100111
211100111
211100111
211100111
852266745
852266745
852266745
852266745
436041422
436041422
810843376
810843376
810843376
810843376
810843376
810843376
217156445
217156445
217156445
217156445
217156445
217156445
217156445
217156445
713543063
713543063
713543063
713543063
618642633
618642633
239040913
239040913
618642633
618642633
618642633
618642633
618642633
618642633
239040913
239040913
699692402
699692402
699692402
699692402
51294250
51294250
349846201
349846201
550162180
550162180
550162180
550162180
990291924
990291924
330097308
330097308
382245788
382245788
191122894
191122894
191122894
191122894
382245788
382245788
382245788
382245788
191122894
191122894
95561447
95561447
95561447
95561447
494332421
494332421
494332421
494332421
960882142
960882142
960882142
960882142
504277469
504277469
504277469
504277469
576451564
576451564
288225782
288225782
257294027
257294027
751260911
751260911
257294027
257294027
257294027
257294027
967564862
967564862
483782431
483782431
272064319
272064319
272064319
272064319
69559929
69559929
69559929
69559929
941846884
941846884
941846884
941846884
350565
350565
350565
350565
233710
233710
233710
233710
490995876
490995876
163665292
163665292
70142268
70142268
70142268
70142268
251343127
251343127
251343127
251343127
7128155
7128155
502686254
502686254
143624644
143624644
143624644
143624644
7128155
7128155
502686254
502686254
89618129
89618129
268854387
268854387
253419748
253419748
760259244
760259244
126709874
126709874
126709874
126709874
961152608
961152608
961152608
961152608
884666075
884666075
657509519
657509519
259985546
259985546
519971092
519971092
836745777
836745777
836745777
836745777
366998026
366998026
102749725
102749725
69880139
69880139
209640417
209640417
209640417
209640417
69880139
69880139
799854540
799854540
799854540
799854540
403074914
403074914
403074914
403074914
437699150
437699150
218849575
218849575
811395952
811395952
811395952
811395952
64002348
64002348
32001174
32001174
705862017
705862017
235287339
235287339
629218560
629218560
629218560
629218560
629218560
629218560
629218560
629218560
561259604
561259604
561259604
561259604
841889406
841889406
841889406
841889406
942795900
942795900
942795900
942795900
562504137
562504137
562504137
562504137
205346369
205346369
616039107
616039107
951782887
951782887
951782887
951782887
734498661
734498661
734498661
734498661
244832887
244832887
734498661
734498661
960418743
960418743
960418743
960418743
960418743
960418743
979331548
979331548
799445577
799445577
266481859
266481859
898844965
898844965
799445577
799445577
532963718
532963718
532963718
532963718
736012967
736012967
867128660
867128660
670956354
670956354
343668355
343668355
335478177
335478177
335478177
335478177
619563711
619563711
860446780
860446780
550739977
550739977
550739977
550739977
64459931
64459931
686982879
686982879
611838598
611838598
837271441
837271441
343668355
343668355
670956354
670956354
670956354
670956354
343668355
343668355
447304236
447304236
447304236
447304236
670956354
670956354
343668355
343668355
469125370
469125370
469125370
469125370
850966204
850966204
850966204
850966204
719705923
719705923
572650092
572650092
583962079
583962079
527402144
527402144
811115818
811115818
603120057
603120057
20867226
20867226
6955742
6955742
498160588
498160588
498801647
498801647
964691749
964691749
964691749
964691749
797569788
797569788
265856596
265856596
265856596
265856596
265856596
265856596
567439718
567439718
854642808
854642808
283719859
283719859
283719859
283719859
420341776
420341776
420341776
420341776
630512664
630512664
630512664
630512664
414282167
414282167
414282167
414282167
149844258
149844258
149844258
149844258
276470007
276470007
829410021
829410021
276470007
276470007
829410021
829410021
774259493
774259493
923582733
923582733
923582733
923582733
923582733
923582733
53394994
53394994
53394994
53394994
457336437
457336437
373764958
373764958
656724986
656724986
971930605
971930605
685019841
685019841
228339947
228339947
754301948
754301948
916930218
916930218
575410851
575410851
575410851
575410851
107650779
107650779
552947566
552947566
901774065
901774065
901774065
901774065
623257585
623257585
623257585
623257585
810750969
810750969
810750969
810750969
991703198
991703198
495851599
495851599
747047976
747047976
747047976
747047976
712097230
712097230
712097230
712097230
995627891
995627891
995627891
995627891
189891929
189891929
189891929
189891929
973851999
973851999
973851999
973851999
569675787
569675787
569675787
569675787
759567716
759567716
759567716
759567716
347263989
347263989
43547614
43547614
43547614
43547614
43547614
43547614
43547614
43547614
21773807
21773807
510009080
510009080
510009080
510009080
751544606
751544606
751544606
751544606
880617162
880617162
880617162
880617162
637511350
637511350
637511350
637511350
729770799
729770799
729770799
729770799
309879493
309879493
929638479
929638479
482547238
482547238
241273619
241273619
789810624
789810624
789810624
789810624
581376895
581376895
581376895
581376895
619758986
619758986
619758986
619758986
241273619
241273619
482547238
482547238
963941416
963941416
963941416
963941416
137788278
137788278
413364834
413364834
477481745
477481745
477481745
477481745
477481745
477481745
477481745
477481745
339358561
339358561
19831330
19831330
698548452
698548452
349274226
349274226
671875194
671875194
671875194
671875194
335937597
335937597
335937597
335937597
752271429
752271429
752271429
752271429
875257891
875257891
875257891
875257891
899594226
899594226
800944099
800944099
899594226
899594226
899594226
899594226
599729484
599729484
299864742
299864742
599729484
599729484
599729484
599729484
466311289
466311289
466311289
466311289
400689514
400689514
400689514
400689514
932622578
932622578
801379028
801379028
400689514
400689514
801379028
801379028
462668357
462668357
462668357
462668357
925336714
925336714
925336714
925336714
164051289
164051289
164051289
164051289
492153867
492153867
164051289
164051289
447119466
447119466
149039822
149039822
223559733
223559733
447119466
447119466
164588713
164588713
329177426
329177426
329177426
329177426
775222044
775222044
391170752
391170752
195585376
195585376
391170752
391170752
391170752
391170752
134632957
134632957
134632957
134632957
134632957
134632957
134632957
134632957
1914309
1914309
1914309
1914309
638103
638103
638103
638103
590886827
590886827
183529301
183529301
273060591
273060591
273060591
273060591
151342565
151342565
151342565
151342565
726136024
726136024
574793459
574793459
90805539
90805539
90805539
90805539
151342565
151342565
151342565
151342565
484103528
484103528
242051764
242051764
635291949
635291949
635291949
635291949
363010208
363010208
726020416
726020416
726020416
726020416
574754923
574754923
229319640
229319640
229319640
229319640
76439880
76439880
229319640
229319640
45863928
45863928
45863928
45863928
68795892
68795892
137591784
137591784
357022463
357022463
357022463
357022463
36411518
36411518
18205759
18205759
907599607
907599607
635281320
635281320
127056264
127056264
127056264
127056264
695019396
695019396
695019396
695019396
954926502
954926502
954926502
954926502
280300231
280300231
280300231
280300231
986781990
986781990
986781990
986781990
339545826
339545826
679091652
679091652
339545826
339545826
339545826
339545826
355473570
355473570
118491190
118491190
118491190
118491190
118491190
118491190
715371112
715371112
149624630
149624630
432497871
432497871
432497871
432497871
381073360
381073360
144975727
144975727
907122447
907122447
302374149
302374149
781909246
781909246
781909246
781909246
781909246
781909246
349239032
349239032
45594167
45594167
521919260
521919260
417535408
417535408
417535408
417535408
423782385
423782385
423782385
423782385
580618789
580618789
743612014
743612014
136551401
136551401
711013369
711013369
560333786
560333786
852274164
852274164
297825018
297825018
893475054
893475054
191336111
191336111
574008333
574008333
495590131
495590131
495590131
495590131
495590131
495590131
495590131
495590131
148318706
148318706
714935804
714935804
309966275
309966275
309966275
309966275
768818327
768818327
309966275
309966275
614706241
614706241
614706241
614706241
661948356
661948356
987600715
987600715
325652359
325652359
325652359
325652359
122784862
122784862
122784862
122784862
373676405
373676405
373676405
373676405
255508263
255508263
766524789
766524789
903631744
903631744
714406526
714406526
345580007
345580007
780689571
780689571
619793917
619793917
619793917
619793917
954028895
954028895
976136624
976136624
983505867
983505867
954028895
954028895
480699069
480699069
480699069
480699069
473329826
473329826
421745125
421745125
599724987
599724987
199908329
199908329
199908329
199908329
599724987
599724987
276490344
276490344
138245172
138245172
909191620
909191620
909191620
909191620
85073952
85073952
85073952
85073952
170147904
170147904
170147904
170147904
276490344
276490344
276490344
276490344
467317629
467317629
467317629
467317629
344397052
344397052
344397052
344397052
860992630
860992630
860992630
860992630
240990859
240990859
240990859
240990859
722972577
722972577
240990859
240990859
342775757
342775757
342775757
342775757
670510055
670510055
670510055
670510055
342775757
342775757
342775757
342775757
670510055
670510055
670510055
670510055
695617548
695617548
347808774
347808774
645321115
645321115
645321115
645321115
171347155
171347155
171347155
171347155
171347155
171347155
171347155
171347155
463745032
463745032
231872516
231872516
292397877
292397877
877193631
877193631
234429748
234429748
410891367
410891367
350366006
350366006
350366006
350366006
966142815
966142815
966142815
966142815
966142815
966142815
966142815
966142815
283067166
283067166
283067166
283067166
283067166
283067166
283067166
283067166
714767055
714767055
238255685
238255685
476511370
476511370
476511370
476511370
618250019
618250019
808247186
808247186
618250019
618250019
618250019
618250019
558432590
558432590
279216295
279216295
335059554
335059554
111686518
111686518
15353823
15353823
15353823
15353823
230307345
230307345
76769115
76769115
239635043
239635043
718905129
718905129
87913181
87913181
87913181
87913181
782713810
782713810
782713810
782713810
87913181
87913181
175826362
175826362
360337227
360337227
360337227
360337227
679290790
679290790
41383664
41383664
322005431
322005431
772831379
772831379
188607112
188607112
188607112
188607112
882869112
882869112
882869112
882869112
882869112
882869112
882869112
882869112
326059315
326059315
441434556
441434556
210684074
210684074
105342037
105342037
939931832
939931832
978806846
978806846
469965916
469965916
469965916
469965916
195774699
195774699
587324097
587324097
548582381
548582381
773413367
773413367
939931832
939931832
978806846
978806846
293695373
293695373
763394693
763394693
528545033
528545033
528545033
528545033
841677913
841677913
528545033
528545033
694289406
694289406
231429802
231429802
231429802
231429802
694289406
694289406
432550779
432550779
432550779
432550779
432550779
432550779
432550779
432550779
68517613
68517613
68517613
68517613
68517613
68517613
137035226
137035226
254462961
254462961
254462961
254462961
424104935
424104935
424104935
424104935
26828054
26828054
53656108
53656108
519243217
519243217
505829190
505829190
918439119
918439119
918439119
918439119
878536502
878536502
758828651
758828651
738986051
738986051
911824919
911824919
873036064
873036064
873036064
873036064
613777762
613777762
613777762
613777762
536200052
536200052
268100026
268100026
635753687
635753687
635753687
635753687
552106128
552106128
552106128
552106128
991558996
991558996
991558996
991558996
978188282
978188282
489094141
489094141
685394960
685394960
685394960
685394960
311744122
311744122
436662825
436662825
310638851
310638851
769042519
769042519
329589651
329589651
329589651
329589651
592534886
592534886
863007864
863007864
322061908
322061908
322061908
322061908
403498925
403498925
799995877
799995877
143606618
143606618
143606618
143606618
784940391
784940391
784940391
784940391
513625027
513625027
513625027
513625027
727771375
727771375
727771375
727771375
681762531
681762531
681762531
681762531
973322058
973322058
324440686
324440686
973322058
973322058
324440686
324440686
623959077
623959077
623959077
623959077
440895013
440895013
440895013
440895013
116399675
116399675
116399675
116399675
349199025
349199025
116399675
116399675
131686894
131686894
131686894
131686894
790121364
790121364
790121364
790121364
256420865
256420865
769262595
769262595
335144145
335144145
335144145
335144145
899169031
899169031
632471128
632471128
78723280
78723280
78723280
78723280
867495002
867495002
867495002
867495002
43285450
43285450
43285450
43285450
531586264
531586264
509943539
509943539
509943539
509943539
531586264
531586264
199548370
199548370
199548370
199548370
99774185
99774185
199548370
199548370
299322555
299322555
299322555
299322555
698419295
698419295
98769179
98769179
74705013
74705013
74705013
74705013
74705013
74705013
74705013
74705013
713836276
713836276
356918138
356918138
143142733
143142733
143142733
143142733
370967679
370967679
114658684
114658684
684606016
684606016
57329342
57329342
684606016
684606016
684606016
684606016
684606016
684606016
342303008
342303008
907758482
907758482
907758482
907758482
272907499
272907499
272907499
272907499
806735330
806735330
806735330
806735330
827084949
827084949
655925545
655925545
642765284
642765284
930051499
930051499
275470836
275470836
275470836
275470836
919585830
919585830
840927307
840927307
919585830
919585830
840927307
840927307
734588896
734588896
207277982
207277982
207277982
207277982
734588896
734588896
379109827
379109827
758219654
758219654
758219654
758219654
758219654
758219654
921625490
921625490
768387764
768387764
768387764
768387764
768387764
768387764
315271988
315271988
770586898
770586898
542929443
542929443
542929443
542929443
146912952
146912952
48970984
48970984
146912952
146912952
48970984
48970984
994498609
994498609
987007121
987007121
996371481
996371481
992625737
992625737
981685594
981685594
981685594
981685594
490842797
490842797
474284038
474284038
827622436
827622436
827622436
827622436
438000346
438000346
438000346
438000346
29322600
29322600
9774200
9774200
29322600
29322600
9774200
9774200
781301000
781301000
781301000
781301000
620055958
620055958
620055958
620055958
270700178
270700178
270700178
270700178
812100534
812100534
270700178
270700178
190326701
190326701
190326701
190326701
380653402
380653402
380653402
380653402
220728185
220728185
220728185
220728185
264873822
264873822
264873822
264873822
369822427
369822427
456022260
456022260
765863456
765863456
765863456
765863456
994223383
994223383
664155912
664155912
996635965
996635965
996635965
996635965
885541216
885541216
885541216
885541216
885541216
885541216
885541216
885541216
277365897
277365897
277365897
277365897
184910598
184910598
184910598
184910598
576224492
576224492
576224492
576224492
747279100
747279100
581841151
581841151
627283708
627283708
627283708
627283708
509242568
509242568
509242568
509242568
52840902
52840902
52840902
52840902
574098353
574098353
856862353
856862353
259465576
259465576
259465576
259465576
558549103
558549103
518931152
518931152
299083527
299083527
299083527
299083527
518931152
518931152
518931152
518931152
738716964
738716964
219662186
219662186
958379150
958379150
958379150
958379150
993362095
993362095
993362095
993362095
153200496
153200496
459601488
459601488
62071584
62071584
124143168
124143168
730766419
730766419
730766419
730766419
124143168
124143168
62071584
62071584
648603879
648603879
648603879
648603879
948390810
948390810
848683724
848683724
948390810
948390810
948390810
948390810
293329625
293329625
586659250
586659250
822015671
822015671
469558307
469558307
372892390
372892390
372892390
372892390
372892390
372892390
186446195
186446195
559338585
559338585
186446195
186446195
186446195
186446195
559338585
559338585
27314564
27314564
27314564
27314564
81943692
81943692
40971846
40971846
216863910
216863910
216863910
216863910
945385870
945385870
945385870
945385870
526259676
526259676
526259676
526259676
689084673
689084673
689084673
689084673
971992176
971992176
971992176
971992176
971992176
971992176
919487822
919487822
836481743
836481743
512956523
512956523
728640003
728640003
728640003
728640003
728640003
728640003
189431303
189431303
189431303
189431303
593837828
593837828
54629128
54629128
163887384
163887384
350957827
350957827
350957827
350957827
756780868
756780868
756780868
756780868
756780868
756780868
756780868
756780868
472823646
472823646
472823646
472823646
472823646
472823646
472823646
472823646
91907381
91907381
91907381
91907381
636983248
636983248
318491624
318491624
551444286
551444286
551444286
551444286
551444286
551444286
183814762
183814762
446250164
446250164
446250164
446250164
223125082
223125082
669375246
669375246
79256878
79256878
79256878
79256878
118885317
118885317
118885317
118885317
602959429
602959429
810633934
810633934
602959429
602959429
602959429
602959429
391556126
391556126
176424025
176424025
567980151
567980151
567980151
567980151
385104780
385104780
385104780
385104780
157069987
157069987
157069987
157069987
761498156
761498156
761498156
761498156
445836560
445836560
222918280
222918280
571123617
571123617
190374539
190374539
571123617
571123617
190374539
190374539
111459140
111459140
111459140
111459140
111459140
111459140
334377420
334377420
492208218
492208218
492208218
492208218
492208218
492208218
492208218
492208218
948810357
948810357
948810357
948810357
533672246
533672246
266836123
266836123
324960559
324960559
324960559
324960559
789250412
789250412
789250412
789250412
243473447
243473447
486946894
486946894
864332347
864332347
620858900
620858900
367328311
367328311
367328311
367328311
103740580
103740580
51870290
51870290
778943529
778943529
778943529
778943529
833768735
833768735
943419147
943419147
114500818
114500818
114500818
114500818
572504090
572504090
719267917
719267917
913581341
913581341
913581341
913581341
286252045
286252045
858756135
858756135
485415875
485415875
458003272
458003272
320940257
320940257
320940257
320940257
716672802
716672802
716672802
716672802
342983431
342983431
342983431
342983431
252422680
252422680
757268040
757268040
757268040
757268040
252422680
252422680
970831750
970831750
970831750
970831750
806356132
806356132
403178066
403178066
970831750
970831750
916006544
916006544
861181338
861181338
861181338
861181338
642353726
642353726
286463099
286463099
286463099
286463099
286463099
286463099
303969073
303969073
303969073
303969073
303969073
303969073
303969073
303969073
913099955
913099955
913099955
913099955
182619991
182619991
547859973
547859973
365239982
365239982
365239982
365239982
730479964
730479964
730479964
730479964
73014637
73014637
73014637
73014637
73014637
73014637
73014637
73014637
383468462
383468462
152161033
152161033
919097957
919097957
919097957
919097957
575202693
575202693
575202693
575202693
191734231
191734231
191734231
191734231
715100208
715100208
357550104
357550104
268162578
268162578
89387526
89387526
693100983
693100983
231033661
231033661
462067322
462067322
462067322
462067322
60186909
60186909
180560727
180560727
411335123
411335123
411335123
411335123
517332853
517332853
517332853
517332853
276877103
276877103
757788603
757788603
150841232
150841232
452523696
452523696
962691663
962691663
320897221
320897221
893825143
893825143
630689832
630689832
630689832
630689832
893825143
893825143
108593782
108593782
368946045
368946045
54296891
54296891
54296891
54296891
861933387
861933387
861933387
861933387
109955716
109955716
109955716
109955716
793777904
793777904
589311455
589311455
59206924
59206924
352483759
352483759
922506293
922506293
922506293
922506293
960375323
960375323
922506293
922506293
266604052
266604052
266604052
266604052
333255065
333255065
666510130
666510130
33120556
33120556
33120556
33120556
33120556
33120556
33120556
33120556
24840417
24840417
24840417
24840417
24840417
24840417
24840417
24840417
144788773
144788773
144788773
144788773
762022084
762022084
762022084
762022084
591109455
591109455
591109455
591109455
486171005
486171005
827553237
827553237
762022084
762022084
762022084
762022084
525799815
525799815
525799815
525799815
221513
221513
221513
221513
499454446
499454446
499454446
499454446
175051885
175051885
525155655
525155655
700207540
700207540
700207540
700207540
730953772
730953772
463663191
463663191
56106460
56106460
56106460
56106460
525155655
525155655
175051885
175051885
525155655
525155655
525155655
525155655
645447581
645447581
645447581
645447581
645447581
645447581
645447581
645447581
731943185
731943185
731943185
731943185
865093769
865093769
598792601
598792601
59781436
59781436
179344308
179344308
610902899
610902899
610902899
610902899
721123012
721123012
721123012
721123012
821251210
821251210
821251210
821251210
594943124
594943124
594943124
594943124
901570156
901570156
633271503
633271503
634190101
634190101
904325950
904325950
540271698
540271698
540271698
540271698
811859967
811859967
625475581
625475581
811859967
811859967
625475581
625475581
301346401
301346401
904039203
904039203
301346401
301346401
904039203
904039203
612113317
612113317
612113317
612113317
268392945
268392945
268392945
268392945
391904023
391904023
463382792
463382792
55986289
55986289
55986289
55986289
223945156
223945156
223945156
223945156
855286815
855286815
926765584
926765584
136574772
136574772
136574772
136574772
159337234
159337234
318674468
318674468
582645669
582645669
194215223
194215223
984660234
984660234
971076115
971076115
129292506
129292506
129292506
129292506
64646253
64646253
129292506
129292506
15090274
15090274
7545137
7545137
15090274
15090274
7545137
7545137
645278552
645278552
645278552
645278552
292312751
292312751
292312751
292312751
385920968
385920968
794136558
794136558
385920968
385920968
385920968
385920968
552313977
552313977
552313977
552313977
871464780
871464780
435732390
435732390
57520493
57520493
684669733
684669733
57520493
57520493
684669733
684669733
738623447
738623447
911704051
911704051
871464780
871464780
435732390
435732390
484404622
484404622
484404622
484404622
726606933
726606933
726606933
726606933
393733551
393733551
131244517
131244517
393733551
393733551
131244517
131244517
262489034
262489034
262489034
262489034
524978068
524978068
262489034
262489034
870871757
870871757
870871757
870871757
790103976
790103976
790103976
790103976
397638828
397638828
397638828
397638828
99409707
99409707
99409707
99409707
971830589
971830589
971830589
971830589
932209943
932209943
932209943
932209943
985037471
985037471
985037471
985037471
985037471
985037471
985037471
985037471
985037471
985037471
991640912
991640912
985037471
985037471
985037471
985037471
971830589
971830589
971830589
971830589
985037471
985037471
958623707
958623707
195632717
195632717
195632717
195632717
391265434
391265434
391265434
391265434
175551949
175551949
391265434
391265434
566817383
566817383
566817383
566817383
182963900
182963900
182963900
182963900
726484202
726484202
726484202
726484202
547101234
547101234
643059349
643059349
95958115
95958115
95958115
95958115
330268135
330268135
330268135
330268135
442837496
442837496
442837496
442837496
24195890
24195890
24195890
24195890
60489725
60489725
529367039
529367039
746358281
746358281
746358281
746358281
242586137
242586137
242586137
242586137
748218268
748218268
748218268
748218268
744498294
744498294
248166098
248166098
974760535
974760535
657668296
657668296
974760535
974760535
657668296
657668296
974760535
974760535
974760535
974760535
974760535
974760535
974760535
974760535
33042730
33042730
33042730
33042730
82606825
82606825
82606825
82606825
974760535
974760535
986502444
986502444
493251222
493251222
493251222
493251222
289388903
289388903
289388903
289388903
53103753
53103753
53103753
53103753
546258395
546258395
546258395
546258395
218503358
218503358
218503358
218503358
567625718
567625718
567625718
567625718
137007083
137007083
137007083
137007083
292988220
292988220
292988220
292988220
860613938
860613938
952367548
952367548
665127391
665127391
665127391
665127391
380230871
380230871
380230871
380230871
142448260
142448260
142448260
142448260
460643045
460643045
819043917
819043917
406528213
406528213
468257522
468257522
874785735
874785735
874785735
874785735
966466236
966466236
322155412
322155412
316674637
316674637
438306330
438306330
83933454
83933454
83933454
83933454
195844726
195844726
398029693
398029693
733657684
733657684
733657684
733657684
366828842
366828842
102242173
102242173
978147019
978147019
978147019
978147019
958049685
958049685
978147019
978147019
977321332
977321332
977321332
977321332
616675853
616675853
616675853
616675853
127073410
127073410
127073410
127073410
63536705
63536705
63536705
63536705
704038934
704038934
115628096
115628096
704038934
704038934
704038934
704038934
53842836
53842836
53842836
53842836
53842836
53842836
53842836
53842836
848574054
848574054
424287027
424287027
711265690
711265690
711265690
711265690
766331148
766331148
766331148
766331148
702727042
702727042
111692420
111692420
111692420
111692420
702727042
702727042
383165574
383165574
151252369
151252369
230703849
230703849
230703849
230703849
78373609
78373609
78373609
78373609
307605132
307605132
307605132
307605132
769012830
769012830
769012830
769012830
27981148
27981148
83943444
83943444
41971722
41971722
83943444
83943444
509615107
509615107
509615107
509615107
530600968
530600968
530600968
530600968
242289232
242289232
242289232
242289232
91372203
91372203
91372203
91372203
552451049
552451049
552451049
552451049
272860316
272860316
818580948
818580948
360084680
360084680
720169360
720169360
144033872
144033872
432101616
432101616
641344682
641344682
925789693
925789693
320672341
320672341
962017023
962017023
23608235
23608235
510926294
510926294
23608235
23608235
510926294
510926294
940280625
940280625
313426875
313426875
539908158
539908158
81571963
81571963
656037941
656037941
656037941
656037941
313831529
313831529
313831529
313831529
79905090
79905090
79905090
79905090
79905090
79905090
79905090
79905090
233926439
233926439
233926439
233926439
85693921
85693921
85693921
85693921
553546799
553546799
850011835
850011835
85693921
85693921
85693921
85693921
47133655
47133655
47133655
47133655
668638479
668638479
668638479
668638479
9426731
9426731
28280193
28280193
47133655
47133655
47133655
47133655
370254954
370254954
112520509
112520509
820336990
820336990
410168495
410168495
562602545
562602545
562602545
562602545
112520509
112520509
112520509
112520509
482825011
482825011
482825011
482825011
897333440
897333440
897333440
897333440
147497941
147497941
147497941
147497941
763828196
763828196
294995882
294995882
410933243
410933243
234555376
234555376
528342741
528342741
528342741
528342741
53308040
53308040
106616080
106616080
42646432
42646432
42646432
42646432
445705195
445705195
445705195
445705195
891410390
891410390
891410390
891410390
921382959
921382959
307127653
307127653
614255306
614255306
614255306
614255306
290349200
290349200
290349200
290349200
85085495
85085495
693858067
693858067
785962105
785962105
785962105
785962105
488594362
488594362
488594362
488594362
87847694
87847694
694778800
694778800
694778800
694778800
87847694
87847694
87847694
87847694
175695388
175695388
391313247
391313247
391313247
391313247
412627926
412627926
239639425
239639425
306290349
306290349
652267351
652267351
454622524
454622524
484288959
484288959
204193566
204193566
204193566
204193566
30560782
30560782
30560782
30560782
928508814
928508814
789037736
789037736
30560782
30560782
91682346
91682346
30560782
30560782
30560782
30560782
258277770
258277770
258277770
258277770
215231475
215231475
215231475
215231475
692830504
692830504
563691619
563691619
778923094
778923094
778923094
778923094
90267793
90267793
270803379
270803379
270803379
270803379
270803379
270803379
579600534
579600534
193200178
193200178
786619339
786619339
786619339
786619339
482597248
482597248
965194496
965194496
976211115
976211115
976211115
976211115
976211115
976211115
976211115
976211115
954177877
954177877
954177877
954177877
774628972
774628972
774628972
774628972
431181039
431181039
431181039
431181039
966144907
966144907
934045461
934045461
311348487
311348487
311348487
311348487
43866553
43866553
43866553
43866553
564922006
564922006
521055453
521055453
74360018
74360018
223080054
223080054
966680234
966680234
483340117
483340117
163767709
163767709
327535418
327535418
327535418
327535418
163767709
163767709
700151493
700151493
700151493
700151493
551105063
551105063
849197923
849197923
344561404
344561404
344561404
344561404
172280702
172280702
172280702
172280702
86140351
86140351
258421053
258421053
619882621
619882621
619882621
619882621
780076651
780076651
780076651
780076651
721412302
721412302
167748200
167748200
333593743
333593743
665919048
665919048
443946032
443946032
333593743
333593743
664503535
664503535
995266252
995266252
398702121
398702121
197862010
197862010
176085690
176085690
528257070
528257070
528257070
528257070
176085690
176085690
753153187
753153187
753153187
753153187
262970855
262970855
630607604
630607604
315303802
315303802
630607604
630607604
753153187
753153187
753153187
753153187
537440149
537440149
537440149
537440149
767842251
767842251
767842251
767842251
767842251
767842251
767842251
767842251
868286610
868286610
608371124
608371124
891013489
891013489
783782625
783782625
783782625
783782625
783782625
783782625
753880378
753880378
753880378
753880378
250303533
250303533
250303533
250303533
380204519
380204519
380204519
380204519
305551130
305551130
305551130
305551130
573084235
573084235
573084235
573084235
18612233
18612233
671700313
671700313
663715265
663715265
663715265
663715265
663715265
663715265
663715265
663715265
986692113
986692113
986692113
986692113
989580173
989580173
995356293
995356293
56687371
56687371
56687371
56687371
351643908
351643908
351643908
351643908
173902007
173902007
173902007
173902007
173902007
173902007
173902007
173902007
934029049
934029049
934029049
934029049
805598441
805598441
901921397
901921397
934029049
934029049
934029049
934029049
869813745
869813745
869813745
869813745
172392075
172392075
517176225
517176225
270146868
270146868
810440604
810440604
382653830
382653830
382653830
382653830
786112549
786112549
573980745
573980745
738679245
738679245
738679245
738679245
179532950
179532950
179532950
179532950
725340552
725340552
179532950
179532950
179532950
179532950
179532950
179532950
104408481
104408481
104408481
104408481
655734898
655734898
327867449
327867449
797156097
797156097
797156097
797156097
531437398
531437398
531437398
531437398
787994367
787994367
367494395
367494395
157244409
157244409
157244409
157244409
664623539
664623539
831433946
831433946
887037415
887037415
664623539
664623539
302667702
302667702
302667702
302667702
151333851
151333851
151333851
151333851
930214003
930214003
930214003
930214003
896198828
896198828
964229178
964229178
80480072
80480072
80480072
80480072
426641535
426641535
853283070
853283070
772802998
772802998
772802998
772802998
96478933
96478933
96478933
96478933
668081751
668081751
337919149
337919149
890775668
890775668
890775668
890775668
319317452
319317452
319317452
319317452
263512361
263512361
263512361
263512361
908639186
908639186
908639186
908639186
908639186
908639186
908639186
908639186
489267254
489267254
469557409
469557409
789165630
789165630
789165630
789165630
449647374
449647374
149882458
149882458
950227601
950227601
974235977
974235977
879963392
879963392
879963392
879963392
879963392
879963392
879963392
879963392
969029302
969029302
910599200
910599200
764523945
764523945
881384149
881384149
442052180
442052180
327912187
327912187
327912187
327912187
327912187
327912187
911177678
911177678
737044328
737044328
911177678
911177678
737044328
737044328
34346129
34346129
34346129
34346129
622230247
622230247
868446388
868446388
154205153
154205153
154205153
154205153
616820612
616820612
235396871
235396871
235396871
235396871
235396871
235396871
709199696
709199696
131110382
131110382
614332104
614332104
614332104
614332104
307347316
307347316
435197223
435197223
819109472
819109472
819109472
819109472
51284974
51284974
51284974
51284974
944360054
944360054
944360054
944360054
94989934
94989934
189979868
189979868
631903706
631903706
897466765
897466765
265563059
265563059
265563059
265563059
249306912
249306912
249306912
249306912
166204608
166204608
166204608
166204608
332409216
332409216
332409216
332409216
83102304
83102304
249306912
249306912
705394782
705394782
235131594
235131594
546723547
546723547
514989300
514989300
323092987
323092987
323092987
323092987
323092987
323092987
323092987
323092987
627853459
627853459
542032604
542032604
85820855
85820855
85820855
85820855
652697107
652697107
307149861
307149861
307149861
307149861
102383287
102383287
452401086
452401086
452401086
452401086
452401086
452401086
452401086
452401086
358958905
358958905
78632362
78632362
796550172
796550172
796550172
796550172
430750686
430750686
143583562
143583562
143583562
143583562
143583562
143583562
60966581
60966581
182899743
182899743
182899743
182899743
182899743
182899743
61751803
61751803
61751803
61751803
432262621
432262621
476835658
476835658
470207428
470207428
235103714
235103714
470207428
470207428
489483927
489483927
309381272
309381272
309381272
309381272
99079661
99079661
99079661
99079661
159520490
159520490
478561470
478561470
159520490
159520490
478561470
478561470
593715759
593715759
795980056
795980056
84816537
84816537
84816537
84816537
763348833
763348833
880796593
880796593
763348833
763348833
763348833
763348833
523444846
523444846
523444846
523444846
888675236
888675236
961721314
961721314
340829651
340829651
340829651
340829651
462521068
462521068
462521068
462521068
738804042
738804042
738804042
738804042
589325441
589325441
180406529
180406529
848765752
848765752
848765752
848765752
109961710
109961710
329885130
329885130
519991824
519991824
561731119
561731119
941848076
941848076
941848076
941848076
470924038
470924038
414527761
414527761
252667421
252667421
252667421
252667421
189539808
189539808
63179936
63179936
189539808
189539808
189539808
189539808
127175229
127175229
127175229
127175229
976640803
976640803
658295052
658295052
475280485
475280485
475280485
475280485
811471543
811471543
811471543
811471543
699407857
699407857
699407857
699407857
400571361
400571361
400571361
400571361
407243923
407243923
407243923
407243923
702744138
702744138
111743708
111743708
758615992
758615992
758615992
758615992
758615992
758615992
758615992
758615992
971497920
971497920
971497920
971497920
918005054
918005054
971497920
971497920
270339774
270339774
135169887
135169887
323832640
323832640
323832640
323832640
665273546
665273546
665273546
665273546
998077336
998077336
998077336
998077336
665273546
665273546
665273546
665273546
665273546
665273546
665273546
665273546
364775939
364775939
681510146
681510146
944505858
944505858
944505858
944505858
287016578
287016578
287016578
287016578
12010433
12010433
669499713
669499713
302603714
302603714
302603714
302603714
726074962
726074962
453905571
453905571
453905571
453905571
453905571
453905571
151301857
151301857
453905571
453905571
324723756
324723756
324723756
324723756
417501972
417501972
417501972
417501972
989634304
989634304
989634304
989634304
494817152
494817152
494817152
494817152
390936069
390936069
390936069
390936069
434210512
434210512
477484955
477484955
434210512
434210512
477484955
477484955
390936069
390936069
390936069
390936069
825146581
825146581
478951037
478951037
845974955
845974955
947487887
947487887
214754520
214754520
107377260
107377260
214754520
214754520
214754520
214754520
894572896
894572896
447286448
447286448
447286448
447286448
894572896
894572896
894572896
894572896
894572896
894572896
223643224
223643224
223643224
223643224
594917310
594917310
198305770
198305770
793223080
793223080
793223080
793223080
396611540
396611540
396611540
396611540
198305770
198305770
594917310
594917310
119259963
119259963
357779889
357779889
477039852
477039852
477039852
477039852
119259963
119259963
119259963
119259963
477039852
477039852
477039852
477039852
926540626
926540626
783133172
783133172
783133172
783133172
783133172
783133172
389234240
389234240
389234240
389234240
291925680
291925680
291925680
291925680
157627365
157627365
157627365
157627365
52542455
52542455
157627365
157627365
888394182
888394182
444197091
444197091
133738768
133738768
377327707
377327707
982709136
982709136
982709136
982709136
982709136
982709136
491354568
491354568
546469928
546469928
546469928
546469928
546469928
546469928
641165431
641165431
634554631
634554631
270864909
270864909
634554631
634554631
270864909
270864909
812594727
812594727
812594727
812594727
812594727
812594727
812594727
812594727
33017288
33017288
676501998
676501998
933895882
933895882
933895882
933895882
644608780
644608780
644608780
644608780
322304390
322304390
322304390
322304390
683234167
683234167
683234167
683234167
525729074
525729074
262864537
262864537
329507768
329507768
988523304
988523304
164753884
164753884
494261652
494261652
391939387
391939387
391939387
391939387
463394580
463394580
391939387
391939387
640056166
640056166
921924145
921924145
921924145
921924145
921924145
921924145
853503392
853503392
426751696
426751696
213375848
213375848
213375848
213375848
670586376
670586376
15270422
15270422
342928399
342928399
342928399
342928399
167646594
167646594
167646594
167646594
175281805
175281805
175281805
175281805
685856798
685856798
685856798
685856798
342928399
342928399
30540844
30540844
899615451
899615451
702357647
702357647
714312980
714312980
714312980
714312980
574268395
574268395
724560832
724560832
344561037
344561037
35438758
35438758
665212891
665212891
665212891
665212891
831728622
831728622
498697160
498697160
124674290
124674290
249348580
249348580
249348580
249348580
415864311
415864311
847833503
847833503
923038928
923038928
461519464
461519464
386314039
386314039
989329464
989329464
989329464
989329464
989329464
989329464
329776488
329776488
21861588
21861588
21861588
21861588
131169528
131169528
131169528
131169528
232753561
232753561
232753561
232753561
631030574
631030574
315515287
315515287
76356235
76356235
229068705
229068705
76356235
76356235
76356235
76356235
498977005
498977005
498977005
498977005
998147572
998147572
998147572
998147572
316336501
316336501
316336501
316336501
316336501
316336501
316336501
316336501
498686662
498686662
498977005
498977005
498977005
498977005
498686662
498686662
491714148
491714148
491714148
491714148
327809432
327809432
327809432
327809432
312993375
312993375
938980125
938980125
655618864
655618864
655618864
655618864
336700682
336700682
11857693
11857693
603689689
603689689
603689689
603689689
222427201
222427201
610335777
610335777
602200659
602200659
602200659
602200659
466327624
466327624
932655248
932655248
932655248
932655248
976381318
976381318
466327624
466327624
932655248
932655248
233163812
233163812
699491436
699491436
883015140
883015140
883015140
883015140
652556714
652556714
652556714
652556714
770082310
770082310
770082310
770082310
615247948
615247948
615247948
615247948
62283455
62283455
686257387
686257387
748540842
748540842
374270421
374270421
265131952
265131952
421125435
421125435
132565976
132565976
265131952
265131952
332663719
332663719
332663719
332663719
998181054
998181054
332727018
332727018
481150360
481150360
481150360
481150360
481150360
481150360
493131571
493131571
724341231
724341231
724341231
724341231
724341231
724341231
724341231
724341231
965788308
965788308
933332263
933332263
965788308
965788308
933332263
933332263
622382313
622382313
622382313
622382313
414921542
414921542
414921542
414921542
927465480
927465480
927465480
927465480
463732740
463732740
392953867
392953867
195371237
195371237
596807795
596807795
730619981
730619981
195371237
195371237
103308057
103308057
103308057
103308057
632846689
632846689
900295714
900295714
105267814
105267814
105267814
105267814
966131161
966131161
901904777
901904777
29796553
29796553
29796553
29796553
232656124
232656124
697968372
697968372
332615144
332615144
332615144
332615144
776367950
776367950
776367950
776367950
936545532
936545532
936545532
936545532
702409149
702409149
234136383
234136383
332615144
332615144
166307572
166307572
249461358
249461358
83153786
83153786
554491547
554491547
554491547
554491547
332615144
332615144
166307572
166307572
761109166
761109166
380554583
380554583
761109166
761109166
380554583
380554583
869920443
869920443
613272623
613272623
328277876
328277876
328277876
328277876
656555752
656555752
656555752
656555752
314867151
314867151
314867151
314867151
592393797
592393797
778937038
778937038
356704445
356704445
713408890
713408890
714767206
714767206
714767206
714767206
34110672
34110672
11370224
11370224
566046496
566046496
521430283
521430283
566046496
566046496
566046496
566046496
312313491
312313491
312313491
312313491
610662709
610662709
610662709
610662709
357383603
357383603
714767206
714767206
714767206
714767206
357383603
357383603
814840264
814840264
814840264
814840264
631436175
631436175
631436175
631436175
916695297
916695297
305565099
305565099
916695297
916695297
305565099
305565099
855101504
855101504
855101504
855101504
568815806
568815806
568815806
568815806
842478619
842478619
613574324
613574324
73138561
73138561
73138561
73138561
263900634
263900634
131950317
131950317
263900634
263900634
263900634
263900634
828997969
828997969
659751585
659751585
263900634
263900634
263900634
263900634
949314812
949314812
949314812
949314812
851455730
851455730
851455730
851455730
714464689
714464689
714464689
714464689
3343686
3343686
10031058
10031058
593179530
593179530
593179530
593179530
79639649
79639649
159279298
159279298
971871150
971871150
971871150
971871150
61884167
61884167
61884167
61884167
247536668
247536668
495073336
495073336
247536668
247536668
495073336
495073336
783756443
783756443
783756443
783756443
697961279
697961279
97395131
97395131
660832176
660832176
330416088
330416088
165208044
165208044
495624132
495624132
578228154
578228154
289114077
289114077
82604022
82604022
82604022
82604022
301188602
301188602
602377204
602377204
602377204
602377204
301188602
301188602
808887259
808887259
903565806
903565806
684981226
684981226
561075193
561075193
80507438
80507438
40253719
40253719
814696970
814696970
447602204
447602204
257613162
257613162
257613162
257613162
257613162
257613162
257613162
257613162
22559106
22559106
11279553
11279553
751503153
751503153
751503153
751503153
11279553
11279553
11279553
11279553
258020753
258020753
751503153
751503153
169060300
169060300
169060300
169060300
50718090
50718090
152154270
152154270
80507438
80507438
692332048
692332048
692332048
692332048
692332048
692332048
25766636
25766636
25766636
25766636
103066544
103066544
103066544
103066544
270496480
270496480
811489440
811489440
264054821
264054821
753514509
753514509
903081185
903081185
903081185
903081185
361232474
361232474
361232474
361232474
893371086
893371086
788497819
788497819
722464948
722464948
170906138
170906138
781854870
781854870
781854870
781854870
781854870
781854870
781854870
781854870
477602092
477602092
477602092
477602092
781260551
781260551
781260551
781260551
589872331
589872331
589872331
589872331
996499299
996499299
993009191
993009191
482107900
482107900
493450751
493450751
986901502
986901502
975558651
975558651
579402007
579402007
788823180
788823180
795803396
795803396
795803396
795803396
792313288
792313288
792313288
792313288
174520093
174520093
586382223
586382223
113699053
113699053
370647802
370647802
741295604
741295604
741295604
741295604
916051604
916051604
970846770
970846770
619833597
619833597
619833597
619833597
750653386
750653386
750653386
750653386
878389112
878389112
878389112
878389112
878389112
878389112
878389112
878389112
658791834
658791834
219597278
219597278
717586844
717586844
717586844
717586844
717586844
717586844
156271826
156271826
473806977
473806977
473806977
473806977
846353156
846353156
846353156
846353156
927710738
927710738
927710738
927710738
857177123
857177123
857177123
857177123
402989366
402989366
402989366
402989366
627995254
627995254
627995254
627995254
650036919
650036919
824140636
824140636
216678973
216678973
650036919
650036919
866715892
866715892
866715892
866715892
866715892
866715892
603658970
603658970
98971363
98971363
197942726
197942726
736771335
736771335
245590445
245590445
918102920
918102920
918102920
918102920
300987383
300987383
902962149
902962149
252106945
252106945
252106945
252106945
252106945
252106945
252106945
252106945
690748242
690748242
345374121
345374121
345374121
345374121
690748242
690748242
939952368
939952368
823368398
823368398
928293971
928293971
928293971
928293971
823368398
823368398
411684199
411684199
823368398
823368398
823368398
823368398
507929241
507929241
525543370
525543370
525543370
525543370
525543370
525543370
507929241
507929241
507929241
507929241
507929241
507929241
525543370
525543370
120264215
120264215
120264215
120264215
838881426
838881426
279627142
279627142
737618207
737618207
737618207
737618207
694180516
694180516
390116679
390116679
166356607
166356607
499069821
499069821
831783035
831783035
831783035
831783035
531985125
531985125
531985125
531985125
830840636
830840636
830840636
830840636
303962210
303962210
303962210
303962210
752994078
752994078
752994078
752994078
11931524
11931524
35794572
35794572
59657620
59657620
59657620
59657620
307547536
307547536
615095072
615095072
277679087
277679087
833037261
833037261
548824846
548824846
548824846
548824846
322667885
322667885
968003655
968003655
42171962
42171962
42171962
42171962
721725518
721725518
721725518
721725518
915640807
915640807
833037261
833037261
555358174
555358174
555358174
555358174
364976496
364976496
96685135
96685135
96685135
96685135
96685135
96685135
299448587
299448587
299448587
299448587
299448587
299448587
299448587
299448587
479960663
479960663
825483123
825483123
652721893
652721893
652721893
652721893
307199433
307199433
307199433
307199433
307199433
307199433
307199433
307199433
805260216
805260216
805260216
805260216
66647336
66647336
66647336
66647336
317490210
317490210
158745105
158745105
158745105
158745105
317490210
317490210
9155218
9155218
9155218
9155218
9155218
9155218
9155218
9155218
257571904
257571904
418605419
418605419
676177323
676177323
354110293
354110293
707752732
707752732
126769490
126769490
353876366
353876366
353876366
353876366
303707673
303707673
303707673
303707673
954683686
954683686
477341843
477341843
375856856
375856856
790781854
790781854
959176211
959176211
978710282
978710282
777759140
777759140
777759140
777759140
388879570
388879570
168394357
168394357
753361272
753361272
753361272
753361272
885158827
885158827
885158827
885158827
577046187
577046187
732894208
732894208
860221677
860221677
286740559
286740559
124685750
124685750
62342875
62342875
24937150
24937150
74811450
74811450
479089288
479089288
439023511
439023511
479089288
479089288
479089288
479089288
525883378
525883378
579405781
579405781
525883378
525883378
579405781
579405781
684115424
684115424
684115424
684115424
684115424
684115424
684115424
684115424
691066481
691066481
691066481
691066481
691066481
691066481
691066481
691066481
307094141
307094141
307094141
307094141
307094141
307094141
307094141
307094141
183594483
183594483
183594483
183594483
103322545
103322545
103322545
103322545
108204077
108204077
108204077
108204077
757428539
757428539
877836446
877836446
474145326
474145326
158048442
158048442
316096884
316096884
948290652
948290652
463243881
463243881
463243881
463243881
82658036
82658036
693048914
693048914
473582969
473582969
422504554
422504554
422504554
422504554
473582969
473582969
58017032
58017032
29008516
29008516
735913661
735913661
735913661
735913661
64708638
64708638
21569546
21569546
21569546
21569546
21569546
21569546
168171521
168171521
504514563
504514563
189741067
189741067
189741067
189741067
596271803
596271803
194299253
194299253
966294615
966294615
322098205
322098205
631155196
631155196
631155196
631155196
88022013
88022013
88022013
88022013
748448856
748448856
748448856
748448856
997931808
997931808
997931808
997931808
256497485
256497485
256497485
256497485
750995397
750995397
750995397
750995397
374243502
374243502
187121751
187121751
889024578
889024578
296341526
296341526
249495668
249495668
249495668
249495668
547092048
547092048
182364016
182364016
317882174
317882174
317882174
317882174
476823261
476823261
476823261
476823261
635764348
635764348
635764348
635764348
546568686
546568686
273284343
273284343
869549360
869549360
869549360
869549360
838233769
838233769
612159374
612159374
743170915
743170915
743170915
743170915
603714493
603714493
603714493
603714493
913856807
913856807
913856807
913856807
941985989
941985989
941985989
941985989
417078729
417078729
252991834
252991834
252991834
252991834
252991834
252991834
252779800
252779800
252779800
252779800
252779800
252779800
758339400
758339400
223262617
223262617
669787851
669787851
446525234
446525234
341331349
341331349
879931720
879931720
879931720
879931720
879931720
879931720
626058691
626058691
801219232
801219232
801219232
801219232
801219232
801219232
801219232
801219232
686560508
686560508
374876663
374876663
624223739
624223739
873570815
873570815
374876663
374876663
686560508
686560508
873570815
873570815
624223739
624223739
816006908
816006908
816006908
816006908
225766009
225766009
408003454
408003454
336524691
336524691
336524691
336524691
333692261
333692261
333692261
333692261
236161462
236161462
236161462
236161462
236161462
236161462
236161462
236161462
944645848
944645848
837448838
837448838
569456313
569456313
783850333
783850333
678509217
678509217
678509217
678509217
918310569
918310569
758443001
758443001
678509217
678509217
678509217
678509217
452339478
452339478
452339478
452339478
577624578
577624578
192541526
192541526
577624578
577624578
192541526
192541526
260333432
260333432
520666864
520666864
520666864
520666864
260333432
260333432
962707630
962707630
962707630
962707630
222908546
222908546
222908546
222908546
503595191
503595191
512541220
512541220
111454273
111454273
334362819
334362819
313762213
313762213
627524426
627524426
627524426
627524426
627524426
627524426
884328925
884328925
884328925
884328925
513608998
513608998
513608998
513608998
157004803
157004803
157004803
157004803
92741830
92741830
363662061
363662061
577624578
577624578
288812289
288812289
288812289
288812289
577624578
577624578
128740818
128740818
64370409
64370409
128740818
128740818
128740818
128740818
919698602
919698602
972062436
972062436
621859707
621859707
621859707
621859707
1437797
1437797
665975501
665975501
444462933
444462933
335144446
335144446
624261022
624261022
624261022
624261022
852965636
852965636
852965636
852965636
397593826
397593826
397593826
397593826
393334038
393334038
786668076
786668076
583611375
583611375
583611375
583611375
395463932
395463932
395463932
395463932
639963576
639963576
213321192
213321192
152372280
152372280
152372280
152372280
926138941
926138941
926138941
926138941
497250274
497250274
497250274
497250274
53370530
53370530
53370530
53370530
736656942
736656942
736656942
736656942
645891134
645891134
322945567
322945567
983540527
983540527
660594960
660594960
501754796
501754796
501754796
501754796
634007497
634007497
903778138
903778138
85380879
85380879
85380879
85380879
501754796
501754796
501754796
501754796
113841172
113841172
113841172
113841172
113841172
113841172
113841172
113841172
830080915
830080915
609441756
609441756
524580541
524580541
575497270
575497270
710318354
710318354
710318354
710318354
902269020
902269020
710318354
710318354
290363216
290363216
290363216
290363216
583163649
583163649
583163649
583163649
42357630
42357630
42357630
42357630
63536445
63536445
21178815
21178815
311332632
311332632
155666316
155666316
757507771
757507771
757507771
757507771
418214879
418214879
418214879
418214879
836429758
836429758
836429758
836429758
305257546
305257546
610515092
610515092
869001266
869001266
610515092
610515092
244767534
244767534
81589178
81589178
163178356
163178356
163178356
163178356
420235545
420235545
420235545
420235545
659597986
659597986
980549605
980549605
23099841
23099841
23099841
23099841
46199682
46199682
23099841
23099841
280157030
280157030
758881912
758881912
280157030
280157030
140078515
140078515
884188111
884188111
656075627
656075627
427963143
427963143
713103748
713103748
127731538
127731538
127731538
127731538
319328845
319328845
439191066
439191066
828191659
828191659
658138965
658138965
828191659
828191659
658138965
658138965
185791328
185791328
185791328
185791328
302294943
302294943
100764981
100764981
669237290
669237290
669237290
669237290
857241326
857241326
857241326
857241326
362510453
362510453
680377403
680377403
440574295
440574295
440574295
440574295
544524779
544524779
544524779
544524779
544524779
544524779
544524779
544524779
363833722
363833722
454026025
454026025
272415615
272415615
817246845
817246845
163852635
163852635
327705270
327705270
744901129
744901129
581048494
581048494
290524247
290524247
290524247
290524247
871572741
871572741
290524247
290524247
238360752
238360752
238360752
238360752
119180376
119180376
357541128
357541128
417131316
417131316
417131316
417131316
59590188
59590188
59590188
59590188
344295546
344295546
344295546
344295546
516443319
516443319
516443319
516443319
499255133
499255133
265913
265913
427856996
427856996
427856996
427856996
108419902
108419902
216839804
216839804
737776170
737776170
737776170
737776170
245925390
245925390
245925390
245925390
122962695
122962695
245925390
245925390
590322597
590322597
794283475
794283475
590322597
590322597
590322597
590322597
794283475
794283475
794283475
794283475
590322597
590322597
590322597
590322597
827494457
827494457
827494457
827494457
827494457
827494457
827494457
827494457
443307191
443307191
886614382
886614382
912869405
912869405
742119509
742119509
16518971
16518971
16518971
16518971
360279736
360279736
360279736
360279736
851142427
851142427
851142427
851142427
834623456
834623456
834623456
834623456
410182729
410182729
410182729
410182729
350889764
350889764
350889764
350889764
350889764
350889764
350889764
350889764
175444882
175444882
175444882
175444882
515424528
515424528
515424528
515424528
33497663
33497663
33497663
33497663
488243034
488243034
488243034
488243034
281978786
281978786
281978786
281978786
30261097
30261097
30261097
30261097
373096247
373096247
373096247
373096247
272256911
272256911
272256911
272256911
635250632
635250632
635250632
635250632
864690378
864690378
731136403
731136403
670545479
670545479
15147731
15147731
532267066
532267066
532267066
532267066
731136403
731136403
731136403
731136403
730329644
730329644
908939450
908939450
730329644
730329644
908939450
908939450
340890911
340890911
340890911
340890911
6107095
6107095
334783816
334783816
600808723
600808723
804181816
804181816
600808723
600808723
600808723
600808723
348332875
348332875
348332875
348332875
348332875
348332875
448859076
448859076
289877876
289877876
289877876
289877876
946800063
946800063
946800063
946800063
631200042
631200042
631200042
631200042
631200042
631200042
631200042
631200042
992695503
992695503
995469928
995469928
494960539
494960539
497734964
497734964
248867482
248867482
746602446
746602446
497734964
497734964
494960539
494960539
541490278
541490278
626226481
626226481
696201786
696201786
696201786
696201786
99497101
99497101
99497101
99497101
618846032
618846032
858293743
858293743
800695596
800695596
800695596
800695596
400347798
400347798
400347798
400347798
401533346
401533346
401533346
401533346
202629677
202629677
202629677
202629677
445069817
445069817
721657085
721657085
577325668
577325668
577325668
577325668
225285699
225285699
75095233
75095233
450571398
450571398
150190466
150190466
995469928
995469928
995469928
995469928
995469928
995469928
992695503
992695503
619394280
619394280
309697140
309697140
124433741
124433741
373301223
373301223
497734964
497734964
497734964
497734964
246093057
246093057
622168705
622168705
995469928
995469928
995469928
995469928
992695503
992695503
992695503
992695503
824679184
824679184
607641179
607641179
217038005
217038005
217038005
217038005
900818688
900818688
705967358
705967358
822878156
822878156
939788954
939788954
810466665
810466665
810466665
810466665
787444711
787444711
787444711
787444711
318000491
318000491
636000982
636000982
636000982
636000982
544748445
544748445
844780733
844780733
537853493
537853493
200233529
200233529
200233529
200233529
507160769
507160769
507160769
507160769
523237954
523237954
261618977
261618977
898214200
898214200
698153894
698153894
538928520
538928520
618541207
618541207
538928520
538928520
538928520
538928520
398063435
398063435
398063435
398063435
841571557
841571557
919907955
919907955
919907955
919907955
841571557
841571557
609214646
609214646
829399585
829399585
829399585
829399585
609214646
609214646
174930754
174930754
174930754
174930754
262396131
262396131
262396131
262396131
16638784
16638784
16638784
16638784
209632141
209632141
402625498
402625498
716123949
716123949
238707983
238707983
108470720
108470720
108470720
108470720
583027450
583027450
527090601
527090601
368502308
368502308
368502308
368502308
871067096
871067096
871067096
871067096
871067096
871067096
871067096
871067096
326650161
326650161
979950483
979950483
326650161
326650161
979950483
979950483
226689122
226689122
226689122
226689122
669139018
669139018
669139018
669139018
767246310
767246310
305250224
305250224
791361058
791361058
377594468
377594468
702006633
702006633
702006633
702006633
959656686
959656686
921069019
921069019
663418966
663418966
328593579
328593579
109531193
109531193
109531193
109531193
687338951
687338951
687338951
687338951
265943125
265943125
421395826
421395826
215496616
215496616
215496616
215496616
323244924
323244924
107748308
107748308
533492029
533492029
533492029
533492029
533492029
533492029
533492029
533492029
104325987
104325987
104325987
104325987
545354123
545354123
637818016
637818016
593758086
593758086
593758086
593758086
163329190
163329190
163329190
163329190
705619501
705619501
705619501
705619501
335584245
335584245
111861415
111861415
675422681
675422681
890637129
890637129
675422681
675422681
890637129
890637129
55721966
55721966
55721966
55721966
55721966
55721966
55721966
55721966
385697525
385697525
385697525
385697525
794062077
794062077
385697525
385697525
685861392
685861392
228620464
228620464
457240928
457240928
457240928
457240928
385697525
385697525
691970939
691970939
691970939
691970939
385697525
385697525
337074172
337074172
337074172
337074172
84268543
84268543
252805629
252805629
928225934
928225934
464112967
464112967
928225934
928225934
928225934
928225934
718170677
718170677
718170677
718170677
438097001
438097001
438097001
438097001
782254350
782254350
260751450
260751450
521502900
521502900
521502900
521502900
484629434
484629434
484629434
484629434
827039380
827039380
484629434
484629434
85632620
85632620
171265240
171265240
171265240
171265240
85632620
85632620
342530480
342530480
342530480
342530480
85632620
85632620
85632620
85632620
647986895
647986895
945716332
945716332
647986895
647986895
647986895
647986895
21408155
21408155
21408155
21408155
509826254
509826254
21408155
21408155
96721319
96721319
697736675
697736675
193442638
193442638
397228997
397228997
749454479
749454479
749454479
749454479
625059542
625059542
873849416
873849416
682130598
682130598
682130598
682130598
593393709
593393709
593393709
593393709
884102241
884102241
884102241
884102241
132833046
132833046
132833046
132833046
533783591
533783591
843424099
843424099
378963337
378963337
378963337
378963337
191503493
191503493
574510479
574510479
191503493
191503493
574510479
574510479
49093757
49093757
147281271
147281271
843947705
843947705
843947705
843947705
182897766
182897766
182897766
182897766
274346649
274346649
91448883
91448883
667371947
667371947
5627135
5627135
667371947
667371947
5627135
5627135
125483936
125483936
125483936
125483936
62741968
62741968
188225904
188225904
85531669
85531669
171063338
171063338
501935744
501935744
832808150
832808150
832808150
832808150
832808150
832808150
838435285
838435285
918339819
918339819
799942667
799942667
799942667
799942667
205037609
205037609
205037609
205037609
260131119
260131119
520262238
520262238
346841492
346841492
346841492
346841492
905313745
905313745
634519366
634519366
905313745
905313745
905313745
905313745
361059172
361059172
361059172
361059172
90264793
90264793
90264793
90264793
575070316
575070316
575070316
575070316
429676997
429676997
429676997
429676997
856102514
856102514
856102514
856102514
3251480
3251480
3251480
3251480
990300369
990300369
990300369
990300369
660200246
660200246
660200246
660200246
356777120
356777120
784421942
784421942
784421942
784421942
356777120
356777120
766778955
766778955
766778955
766778955
882511654
882511654
882511654
882511654
162761564
162761564
719750090
719750090
372551993
372551993
685398173
685398173
182236370
182236370
91118185
91118185
182236370
182236370
182236370
182236370
182236370
182236370
182236370
182236370
182236370
182236370
182236370
182236370
84620938
84620938
253862814
253862814
633832126
633832126
903252025
903252025
253862814
253862814
126931407
126931407
126931407
126931407
126931407
126931407
403268486
403268486
403268486
403268486
645324870
645324870
937730257
937730257
799919064
799919064
799919064
799919064
403268486
403268486
201634243
201634243
616531969
616531969
616531969
616531969
902816257
902816257
711960065
711960065
616531969
616531969
616531969
616531969
902816257
902816257
902816257
902816257
26090335
26090335
26090335
26090335
182632345
182632345
590438349
590438349
759224568
759224568
253074856
253074856
267129927
267129927
267129927
267129927
197778471
197778471
598011412
598011412
197778471
197778471
598011412
598011412
197778471
197778471
593335413
593335413
593335413
593335413
795789883
795789883
631205576
631205576
631205576
631205576
315602788
315602788
631205576
631205576
696373919
696373919
696373919
696373919
696373919
696373919
696373919
696373919
929591840
929591840
929591840
929591840
396143407
396143407
464795920
464795920
697193880
697193880
396143407
396143407
396143407
396143407
396143407
396143407
577217697
577217697
192405899
192405899
384811798
384811798
769623596
769623596
769623596
769623596
384811798
384811798
384811798
384811798
769623596
769623596
656899762
656899762
315555171
315555171
105185057
105185057
315555171
315555171
841480456
841480456
841480456
841480456
420740228
420740228
263976331
263976331
315555171
315555171
315555171
315555171
762084819
762084819
289765751
289765751
631110342
631110342
315555171
315555171
420740228
420740228
420740228
420740228
85258012
85258012
85258012
85258012
289388859
289388859
96462953
96462953
555420691
555420691
555420691
555420691
893211778
893211778
893211778
893211778
61902502
61902502
61902502
61902502
92853753
92853753
30951251
30951251
638272639
638272639
638272639
638272639
185533950
185533950
185533950
185533950
412493905
412493905
824987810
824987810
824987810
824987810
824987810
824987810
824987810
824987810
824987810
824987810
329995124
329995124
329995124
329995124
618685761
618685761
808465057
808465057
354743321
354743321
65985610
65985610
325640093
325640093
325640093
325640093
226263298
226263298
408169217
408169217
852871943
852871943
852871943
852871943
852871943
852871943
852871943
852871943
954632630
954632630
954632630
954632630
954632630
954632630
954632630
954632630
794722979
794722979
794722979
794722979
925558148
925558148
925558148
925558148
31016875
31016875
31016875
31016875
62033750
62033750
62033750
62033750
572534682
572534682
572534682
572534682
673191015
673191015
673191015
673191015
969896598
969896598
969896598
969896598
884853333
884853333
884853333
884853333
869240265
869240265
869240265
869240265
289746755
289746755
289746755
289746755
642970668
642970668
214323556
214323556
428647112
428647112
428647112
428647112
699098997
699098997
699098997
699098997
773885336
773885336
773885336
773885336
624312658
624312658
312156329
312156329
923458014
923458014
773885336
773885336
50309190
50309190
150927570
150927570
130803894
130803894
392411682
392411682
319295292
319295292
319295292
319295292
694377947
694377947
694377947
694377947
448247156
448247156
448247156
448247156
69299423
69299423
688596043
688596043
554395384
554395384
517546579
517546579
554395384
554395384
517546579
517546579
985238752
985238752
959227550
959227550
946221949
946221949
946221949
946221949
130635860
130635860
709041522
709041522
303874938
303874938
303874938
303874938
507577310
507577310
507577310
507577310
101515462
101515462
304546386
304546386
465931322
465931322
820806676
820806676
465931322
465931322
820806676
820806676
519288561
519288561
519288561
519288561
519288561
519288561
559621330
559621330
697985597
697985597
697985597
697985597
697985597
697985597
397726841
397726841
618971896
618971896
618971896
618971896
539072083
539072083
539072083
539072083
20226608
20226608
10113304
10113304
539072083
539072083
618971896
618971896
386857435
386857435
162327952
162327952
2528326
2528326
2528326
2528326
159799626
159799626
319599252
319599252
159799626
159799626
319599252
319599252
932037380
932037380
932037380
932037380
279611214
279611214
838833642
838833642
120200503
120200503
120200503
120200503
559222428
559222428
559222428
559222428
579405103
579405103
160565853
160565853
788824728
788824728
788824728
788824728
382198921
382198921
764397842
764397842
394412364
394412364
394412364
394412364
916185364
916185364
638143239
638143239
539352973
539352973
539352973
539352973
963184403
963184403
963184403
963184403
974871053
974871053
974871053
974871053
445739247
445739247
891478494
891478494
682879486
682879486
52149752
52149752
471814123
471814123
471814123
471814123
735029238
735029238
735029238
735029238
485485493
485485493
485485493
485485493
870054638
870054638
613675208
613675208
920512812
920512812
920512812
920512812
920512812
920512812
920512812
920512812
151374522
151374522
151374522
151374522
689771325
689771325
229923775
229923775
307281531
307281531
307281531
307281531
330201459
330201459
330201459
330201459
191794375
191794375
191794375
191794375
191794375
191794375
191794375
191794375
478083349
478083349
478083349
478083349
482758644
482758644
482758644
482758644
958971875
958971875
958971875
958971875
978608114
978608114
978608114
978608114
948521740
948521740
648922031
648922031
948521740
948521740
474260870
474260870
52615397
52615397
683034701
683034701
52615397
52615397
525429875
525429875
893496289
893496289
893496289
893496289
893496289
893496289
945870321
945870321
579563179
579563179
740445184
740445184
676203228
676203228
676203228
676203228
515210377
515210377
515210377
515210377
756727365
756727365
515210377
515210377
205855975
205855975
205855975
205855975
602050164
602050164
205855975
205855975
27671717
27671717
27671717
27671717
574378447
574378447
574378447
574378447
635121076
635121076
907118875
907118875
635121076
635121076
907118875
907118875
901064966
901064966
901064966
901064966
965851224
965851224
965851224
965851224
5551965
5551965
16655895
16655895
11103930
11103930
11103930
11103930
507450124
507450124
501898159
501898159
507450124
507450124
253725062
253725062
288359036
288359036
288359036
288359036
76709568
76709568
25569856
25569856
629630439
629630439
629630439
629630439
209876813
209876813
209876813
209876813
405682987
405682987
218804608
218804608
312711697
312711697
312711697
312711697
811365974
811365974
811365974
811365974
218804608
218804608
109402304
109402304
386243641
386243641
386243641
386243641
921744264
921744264
921744264
921744264
614808109
614808109
614808109
614808109
614808109
614808109
614808109
614808109
298057552
298057552
298057552
298057552
864201270
864201270
864201270
864201270
850043731
850043731
850043731
850043731
924144042
924144042
924144042
924144042
19358972
19358972
58076916
58076916
19358972
19358972
19358972
19358972
230436066
230436066
230436066
230436066
115218033
115218033
230436066
230436066
27520238
27520238
674669648
674669648
609954707
609954707
609954707
609954707
831619768
831619768
609954707
609954707
609954707
609954707
609954707
609954707
518321933
518321933
518321933
518321933
518321933
518321933
518321933
518321933
341435424
341435424
341435424
341435424
341435424
341435424
341435424
341435424
369235885
369235885
455826746
455826746
369235885
369235885
455826746
455826746
901118407
901118407
901118407
901118407
820950179
820950179
820950179
820950179
814494265
814494265
814494265
814494265
814494265
814494265
604246206
604246206
840992236
840992236
840992236
840992236
683740119
683740119
369235885
369235885
767893166
767893166
767893166
767893166
522174058
522174058
522174058
522174058
506806137
506806137
168935379
168935379
199671221
199671221
199671221
199671221
99842595
99842595
199685190
199685190
399300535
399300535
199657252
199657252
199657252
199657252
99828626
99828626
399300535
399300535
199657252
199657252
690454029
690454029
74873381
74873381
74873381
74873381
690454029
690454029
920259672
920259672
306753224
306753224
767401610
767401610
767401610
767401610
666456524
666456524
666456524
666456524
407439035
407439035
407439035
407439035
440568847
440568847
440568847
440568847
881137694
881137694
881137694
881137694
749486862
749486862
500729371
500729371
500729371
500729371
749486862
749486862
302084572
302084572
302084572
302084572
151042286
151042286
151042286
151042286
888182708
888182708
888182708
888182708
888182708
888182708
888182708
888182708
388702746
388702746
388702746
388702746
596297863
596297863
790649236
790649236
75521143
75521143
226563429
226563429
321768455
321768455
321768455
321768455
735527547
735527547
210093935
210093935
735527547
735527547
210093935
210093935
195782515
195782515
195782515
195782515
968894581
968894581
968894581
968894581
462792747
462792747
462792747
462792747
244816170
244816170
244816170
244816170
189959805
189959805
63319935
63319935
12663987
12663987
12663987
12663987
316815683
316815683
950447049
950447049
902649745
902649745
633631366
633631366
219360451
219360451
658081353
658081353
658081353
658081353
219360451
219360451
760130253
760130253
253376751
253376751
828162853
828162853
828162853
828162853
706366508
706366508
706366508
706366508
873153848
873153848
873153848
873153848
944149083
944149083
944149083
944149083
629432722
629432722
629432722
629432722
840751815
840751815
280250605
280250605
122758067
122758067
122758067
122758067
137544760
137544760
137544760
137544760
412634280
412634280
137544760
137544760
33978427
33978427
33978427
33978427
33978427
33978427
33978427
33978427
956613010
956613010
651619121
651619121
651619121
651619121
956613010
956613010
338714810
338714810
338714810
338714810
558557991
558557991
558557991
558557991
136771706
136771706
711086804
711086804
254357553
254357553
254357553
254357553
716399960
716399960
152711174
152711174
329000303
329000303
663622328
663622328
152711174
152711174
152711174
152711174
381777935
381777935
792755547
792755547
293877241
293877241
293877241
293877241
293877241
293877241
587754482
587754482
646060797
646060797
646060797
646060797
587754482
587754482
293877241
293877241
360411294
360411294
360411294
360411294
914780823
914780823
304926941
304926941
887275647
887275647
887275647
887275647
609853882
609853882
221463411
221463411
767352221
767352221
305567957
305567957
842028046
842028046
613424133
613424133
57452441
57452441
172357323
172357323
857004372
857004372
857004372
857004372
719462670
719462670
719462670
719462670
719462670
719462670
359731335
359731335
239820890
239820890
719462670
719462670
359731335
359731335
719462670
719462670
437628575
437628575
437628575
437628575
307687056
307687056
307687056
307687056
820498816
820498816
820498816
820498816
287262205
287262205
287262205
287262205
537656791
537656791
537656791
537656791
122945204
122945204
706477970
706477970
491780816
491780816
491780816
491780816
245890408
245890408
737671224
737671224
997227993
997227993
997227993
997227993
996719813
996719813
997482083
997482083
136943759
136943759
711144155
711144155
424043957
424043957
424043957
424043957
642753279
642753279
642753279
642753279
642753279
642753279
287262205
287262205
51281176
51281176
51281176
51281176
51281176
51281176
51281176
51281176
624120043
624120043
624120043
624120043
527967838
527967838
508737397
508737397
989498422
989498422
662580925
662580925
989498422
989498422
494749211
494749211
789828413
789828413
928772373
928772373
31702871
31702871
31702871
31702871
95108613
95108613
31702871
31702871
95108613
95108613
546676483
546676483
128335574
128335574
256671148
256671148
64167787
64167787
192503361
192503361
256671148
256671148
256671148
256671148
64167787
64167787
192503361
192503361
496851700
496851700
496851700
496851700
496851700
496851700
248425850
248425850
993703400
993703400
993703400
993703400
993703400
993703400
993703400
993703400
933867414
933867414
805113536
805113536
685441564
685441564
685441564
685441564
984621494
984621494
993703400
993703400
496851700
496851700
496851700
496851700
512309840
512309840
538685167
538685167
26375327
26375327
26375327
26375327
512309840
512309840
512309840
512309840
94176749
94176749
282530247
282530247
102513367
102513367
550378860
550378860
102513367
102513367
102513367
102513367
377702797
377702797
377702797
377702797
240108082
240108082
412784145
412784145
499066645
499066645
499066645
499066645
499066645
499066645
499103666
499103666
153567511
153567511
153567511
153567511
729473443
729473443
729473443
729473443
307135022
307135022
307135022
307135022
767874576
767874576
307135022
307135022
614121960
614121960
614121960
614121960
460591470
460591470
153530490
153530490
850462778
850462778
850462778
850462778
549313691
549313691
549313691
549313691
401532116
401532116
206351995
206351995
607884111
607884111
803064232
803064232
487594377
487594377
487594377
487594377
952133155
952133155
952133155
952133155
763646724
763646724
763646724
763646724
763646724
763646724
763646724
763646724
13358221
13358221
13358221
13358221
13358221
13358221
13358221
13358221
505801287
505801287
519159508
519159508
532517729
532517729
532517729
532517729
908389231
908389231
908389231
908389231
565920690
565920690
699517717
699517717
580501325
580501325
789372839
789372839
580501325
580501325
580501325
580501325
568130141
568130141
783187247
783187247
783187247
783187247
783187247
783187247
854872949
854872949
854872949
854872949
926558651
926558651
854872949
854872949
768286261
768286261
768286261
768286261
261322886
261322886
783968658
783968658
894641250
894641250
687435044
687435044
791038147
791038147
791038147
791038147
376625735
376625735
376625735
376625735
75325147
75325147
75325147
75325147
453284900
453284900
453284900
453284900
404903691
404903691
809807382
809807382
329578544
329578544
775355750
775355750
178928250
178928250
536784750
536784750
397395997
397395997
465213450
465213450
329578544
329578544
329578544
329578544
495366029
495366029
495366029
495366029
960682878
960682878
960682878
960682878
979971203
979971203
992153303
992153303
973880153
973880153
973880153
973880153
210459981
210459981
631379943
631379943
701533270
701533270
701533270
701533270
201263620
201263620
100631810
100631810
40252724
40252724
120758172
120758172
491881662
491881662
491881662
491881662
491881662
491881662
491881662
491881662
737822493
737822493
737822493
737822493
946159981
946159981
841991237
841991237
725677695
725677695
725677695
725677695
861961024
861961024
861961024
861961024
725677695
725677695
725677695
725677695
430980512
430980512
430980512
430980512
524906798
524906798
576476041
576476041
576476041
576476041
576476041
576476041
86021620
86021620
86021620
86021620
404432801
404432801
404432801
404432801
689446450
689446450
689446450
689446450
68944645
68944645
68944645
68944645
376173909
376173909
376173909
376173909
626956515
626956515
626956515
626956515
51189485
51189485
51189485
51189485
524716919
524716919
575906404
575906404
204082
204082
612246
612246
855900408
855900408
855900408
855900408
602878531
602878531
207512709
207512709
944572035
944572035
944572035
944572035
883723154
883723154
883723154
883723154
268852501
268852501
268852501
268852501
745837383
745837383
241023443
241023443
745837383
745837383
745837383
745837383
677043877
677043877
677043877
677043877
118614467
118614467
118614467
118614467
994449844
994449844
994449844
994449844
470663359
470663359
941326718
941326718
983066317
983066317
983066317
983066317
960299263
960299263
979271808
979271808
532958978
532958978
532958978
532958978
799438467
799438467
266479489
266479489
449420705
449420705
815303137
815303137
449420705
449420705
723832529
723832529
181450900
181450900
393231751
393231751
786463502
786463502
786463502
786463502
786463502
786463502
786463502
786463502
786463502
786463502
786463502
786463502
371188774
371188774
371188774
371188774
473535496
473535496
422362135
422362135
710303244
710303244
134421026
134421026
556783161
556783161
185594387
185594387
231892374
231892374
231892374
231892374
579730935
579730935
579730935
579730935
967305102
967305102
967305102
967305102
463784748
463784748
463784748
463784748
339294489
339294489
339294489
339294489
934313278
934313278
934313278
934313278
285707776
285707776
427984043
427984043
855968086
855968086
855968086
855968086
607305205
607305205
607305205
607305205
559852697
559852697
559852697
559852697
144244038
144244038
144244038
144244038
485844164
485844164
827444290
827444290
740351732
740351732
740351732
740351732
112283245
112283245
370175866
370175866
555263799
555263799
555263799
555263799
667547044
667547044
333773522
333773522
156182111
156182111
156182111
156182111
156182111
156182111
156182111
156182111
877949747
877949747
877949747
877949747
877949747
877949747
938097050
938097050
184607911
184607911
553823733
553823733
268942758
268942758
268942758
268942758
403414137
403414137
134471379
134471379
553823733
553823733
184607911
184607911
419007255
419007255
258777412
258777412
455872550
455872550
817453752
817453752
276232279
276232279
276232279
276232279
318619158
318619158
955857474
955857474
775903761
775903761
775903761
775903761
754127364
754127364
265893386
265893386
265893386
265893386
754127364
754127364
775903761
775903761
775903761
775903761
258634587
258634587
258634587
258634587
628439470
628439470
628439470
628439470
258634587
258634587
628439470
628439470
656232044
656232044
970451779
970451779
953176003
953176003
863039303
863039303
817970953
817970953
817970953
817970953
269333341
269333341
269333341
269333341
269333341
269333341
422525898
422525898
385474125
385474125
385474125
385474125
538666682
538666682
79089011
79089011
4985465
4985465
9970930
9970930
253300187
253300187
253300187
253300187
617478540
617478540
617478540
617478540
246991416
246991416
246991416
246991416
205826180
205826180
617478540
617478540
308739270
308739270
617478540
617478540
309168350
309168350
154584175
154584175
576414264
576414264
576414264
576414264
555856886
555856886
669326305
669326305
555856886
555856886
555856886
555856886
340454856
340454856
23120215
23120215
567424760
567424760
567424760
567424760
914808425
914808425
914808425
914808425
914808425
914808425
914808425
914808425
535708610
535708610
535708610
535708610
113675724
113675724
113675724
113675724
314819441
314819441
770436049
770436049
542627745
542627745
542627745
542627745
86614419
86614419
86614419
86614419
542429386
542429386
86614419
86614419
173228838
173228838
519686514
519686514
86614419
86614419
259843257
259843257
349091166
349091166
349091166
349091166
174545583
174545583
174545583
174545583
232727444
232727444
232727444
232727444
349091166
349091166
174545583
174545583
592611495
592611495
197537165
197537165
186978637
186978637
395074330
395074330
795427924
795427924
795427924
795427924
194897533
194897533
389795066
389795066
580898128
580898128
580898128
580898128
580898128
580898128
526380827
526380827
192049509
192049509
192049509
192049509
595146931
595146931
595146931
595146931
885595531
885595531
885595531
885595531
627946628
627946628
885595531
885595531
870000486
870000486
290000162
290000162
580000324
580000324
580000324
580000324
290712545
290712545
290712545
290712545
540477660
540477660
180159220
180159220
221106650
221106650
221106650
221106650
554398839
554398839
664952164
664952164
174435165
174435165
586339759
586339759
396146028
396146028
190193731
190193731
365477439
365477439
365477439
365477439
921997152
921997152
921997152
921997152
4396967
4396967
666961891
666961891
671358858
671358858
671358858
671358858
948794130
948794130
316264710
316264710
583079197
583079197
527107850
527107850
774798154
774798154
774798154
774798154
958582139
958582139
958582139
958582139
669032250
669032250
669032250
669032250
401419350
401419350
401419350
401419350
613790010
613790010
613790010
613790010
613790010
613790010
229335667
229335667
134057668
134057668
268115336
268115336
306895005
306895005
306895005
306895005
349753173
349753173
349753173
349753173
673998763
673998763
673998763
673998763
155205819
155205819
155205819
155205819
576725086
576725086
576725086
576725086
159962474
159962474
159962474
159962474
239943711
239943711
239943711
239943711
619094032
619094032
239943711
239943711
619094032
619094032
239943711
239943711
718063870
718063870
718063870
718063870
245186889
245186889
245186889
245186889
790123886
790123886
928870864
928870864
464435432
464435432
395061943
395061943
494372775
494372775
164790925
164790925
494372775
494372775
164790925
164790925
926262699
926262699
926262699
926262699
114086025
114086025
38028675
38028675
685879072
685879072
685879072
685879072
342939536
342939536
30574255
30574255
600144188
600144188
202044023
202044023
553058038
553058038
660929761
660929761
600144188
600144188
202044023
202044023
900216282
900216282
300072094
300072094
287070100
287070100
287070100
287070100
13001994
13001994
13001994
13001994
373513791
373513791
122297020
122297020
412162525
412162525
470135626
470135626
647230338
647230338
647230338
647230338
647230338
647230338
647230338
647230338
379864609
379864609
689054481
689054481
766351949
766351949
920946885
920946885
843649417
843649417
534459545
534459545
920946885
920946885
766351949
766351949
469080949
469080949
469080949
469080949
288833584
288833584
429025979
429025979
688339985
688339985
688339985
688339985
688339985
688339985
688339985
688339985
959595619
959595619
882298151
882298151
959595619
959595619
959595619
959595619
384763679
384763679
769527358
769527358
39011671
39011671
39011671
39011671
280691790
280691790
280691790
280691790
611869896
611869896
837365335
837365335
722262598
722262598
722262598
722262598
170299088
170299088
510897264
510897264
312612559
312612559
312612559
312612559
937837677
937837677
817024325
817024325
802827154
802827154
401413577
401413577
802827154
802827154
401413577
401413577
954445615
954445615
976344984
976344984
244086246
244086246
244086246
244086246
607532519
607532519
868007075
868007075
520659378
520659378
520659378
520659378
138156797
138156797
711548501
711548501
520417933
520417933
563009446
563009446
372114737
372114737
744229474
744229474
580824609
580824609
744229474
744229474
537686032
537686032
537686032
537686032
537686032
537686032
537686032
537686032
194864142
194864142
194864142
194864142
682024497
682024497
365804641
365804641
486290609
486290609
486290609
486290609
614279045
614279045
614279045
614279045
203449255
203449255
203449255
203449255
400564536
400564536
400564536
400564536
767494255
767494255
588579536
588579536
588579536
588579536
588579536
588579536
327531125
327531125
327531125
327531125
311880147
311880147
311880147
311880147
840042161
840042161
523637777
523637777
840042161
840042161
523637777
523637777
58552212
58552212
175656636
175656636
97587020
97587020
97587020
97587020
983764778
983764778
983764778
983764778
448443664
448443664
896887328
896887328
909385861
909385861
909385861
909385861
408777903
408777903
408777903
408777903
670779014
670779014
670779014
670779014
335389507
335389507
335389507
335389507
303458794
303458794
303458794
303458794
878445669
878445669
758646985
758646985
163563789
163563789
54521263
54521263
756365007
756365007
756365007
756365007
486827087
486827087
827771931
827771931
486827087
486827087
827771931
827771931
540814241
540814241
769529297
769529297
124839674
124839674
707109460
707109460
798334131
798334131
798334131
798334131
798334131
798334131
898289242
898289242
751297637
751297637
751297637
751297637
471834958
471834958
490026437
490026437
951618499
951618499
951618499
951618499
765115083
765115083
298856543
298856543
404163859
404163859
467469404
467469404
934938808
934938808
808327718
808327718
350602053
350602053
350602053
350602053
727985009
727985009
457725665
457725665
849045486
849045486
550647752
550647752
56903435
56903435
56903435
56903435
199511721
199511721
199511721
199511721
997558605
997558605
996187109
996187109
478914833
478914833
478914833
478914833
790512545
790512545
790512545
790512545
375048929
375048929
375048929
375048929
126902434
126902434
375048929
375048929
734653392
734653392
734653392
734653392
734653392
734653392
734653392
734653392
559722287
559722287
852070331
852070331
729647182
729647182
729647182
729647182
933278121
933278121
933278121
933278121
835828773
835828773
835828773
835828773
386071359
386071359
386071359
386071359
79984862
79984862
39992431
39992431
459307130
459307130
918614260
918614260
638952871
638952871
918614260
918614260
559322778
559322778
559322778
559322778
279661389
279661389
559322778
559322778
264714614
264714614
264714614
264714614
452240664
452240664
358477639
358477639
614635696
614635696
614635696
614635696
845662735
845662735
614635696
614635696
443092782
443092782
443092782
443092782
221546391
221546391
443092782
443092782
854437067
854437067
854437067
854437067
782533424
782533424
926340710
926340710
871970442
871970442
290656814
290656814
435985221
435985221
871970442
871970442
147697594
147697594
147697594
147697594
147697594
147697594
147697594
147697594
461573160
461573160
230786580
230786580
307715440
307715440
307715440
307715440
153857720
153857720
153857720
153857720
615430880
615430880
615430880
615430880
261810076
261810076
261810076
261810076
420018143
420018143
420018143
420018143
527970499
527970499
585667144
585667144
527970499
527970499
527970499
527970499
257107471
257107471
257107471
257107471
257107471
257107471
257107471
257107471
257107471
257107471
257107471
257107471
675558079
675558079
675558079
675558079
379506563
379506563
688875458
688875458
688875458
688875458
379506563
379506563
688875458
688875458
688875458
688875458
688875458
688875458
688875458
688875458
309298067
309298067
927894201
927894201
309298067
309298067
309298067
309298067
647248598
647248598
943501441
943501441
413251428
413251428
241509931
241509931
690926584
690926584
690926584
690926584
767217630
767217630
767217630
767217630
536190907
536190907
767217630
767217630
383608815
383608815
383608815
383608815
889765582
889765582
889765582
889765582
168202010
168202010
168202010
168202010
673418628
673418628
673418628
673418628
396737847
396737847
132245949
132245949
34601128
34601128
103803384
103803384
449814664
449814664
224907332
224907332
110377719
110377719
110377719
110377719
664342692
664342692
664342692
664342692
657869425
657869425
657869425
657869425
394721655
394721655
394721655
394721655
616417395
616417395
616417395
616417395
616417395
616417395
205472465
205472465
963365717
963365717
893608445
893608445
847103597
847103597
847103597
847103597
812224961
812224961
936237889
936237889
812224961
812224961
905234657
905234657
426596951
426596951
426596951
426596951
662644768
662644768
662644768
662644768
708143451
708143451
418042549
418042549
472095634
472095634
418042549
418042549
198231208
198231208
594693624
594693624
518236466
518236466
556465045
556465045
152914316
152914316
152914316
152914316
434690995
434690995
434690995
434690995
783085234
783085234
783085234
783085234
783085234
783085234
567926115
567926115
567926115
567926115
783085234
783085234
88191749
88191749
694893485
694893485
189308705
189308705
567926115
567926115
813822251
813822251
813822251
813822251
340755669
340755669
113585223
113585223
189308705
189308705
567926115
567926115
416080849
416080849
832161698
832161698
908680737
908680737
729553505
729553505
79120793
79120793
79120793
79120793
538682573
538682573
538682573
538682573
182572937
182572937
182572937
182572937
547718811
547718811
547718811
547718811
218299951
218299951
218299951
218299951
218299951
218299951
608272152
608272152
168803179
168803179
506409537
506409537
197952621
197952621
598098487
598098487
675212716
675212716
29149442
29149442
352181079
352181079
352181079
352181079
199012777
199012777
199012777
199012777
399085710
399085710
399085710
399085710
690847593
690847593
230282531
230282531
997184197
997184197
997184197
997184197
811244319
811244319
624244285
624244285
969475117
969475117
911936645
911936645
207124746
207124746
207124746
207124746
207124746
207124746
207124746
207124746
451628869
451628869
451628869
451628869
483291074
483291074
483291074
483291074
257798101
257798101
418680818
418680818
451628869
451628869
451628869
451628869
501726380
501726380
506934787
506934787
785450936
785450936
785450936
785450936
861590482
861590482
861590482
861590482
724936611
724936611
451628869
451628869
10416814
10416814
10416814
10416814
147070685
147070685
147070685
147070685
785450936
785450936
785450936
785450936
785450936
785450936
927313214
927313214
579738926
579738926
289869463
289869463
966085362
966085362
966085362
966085362
739637960
739637960
739637960
739637960
653435829
653435829
653435829
653435829
748403699
748403699
748403699
748403699
748403699
748403699
748403699
748403699
706763590
706763590
706763590
706763590
61901032
61901032
61901032
61901032
653183318
653183318
653183318
653183318
634713942
634713942
317356971
317356971
321974315
321974315
321974315
321974315
331209003
331209003
331209003
331209003
332363339
332363339
997090017
997090017
663572342
663572342
663572342
663572342
331786171
331786171
663572342
663572342
665015262
665015262
665015262
665015262
563173548
563173548
187724516
187724516
241360092
241360092
241360092
241360092
432391547
432391547
432391547
432391547
357658975
357658975
74732572
74732572
629086096
629086096
629086096
629086096
259927839
259927839
259927839
259927839
784905374
784905374
358227416
358227416
571566395
571566395
571566395
571566395
817919482
817919482
637594611
637594611
425063074
425063074
425063074
425063074
408959741
408959741
408959741
408959741
621491278
621491278
866229481
866229481
390320426
390320426
795603044
795603044
390320426
390320426
795603044
795603044
324910779
324910779
324910779
324910779
750571642
750571642
750571642
750571642
843615945
843615945
843615945
843615945
688987537
688987537
688987537
688987537
972075503
972075503
972075503
972075503
972075503
972075503
945906653
945906653
693777838
693777838
84844808
84844808
346888919
346888919
42422404
42422404
617187267
617187267
617187267
617187267
646172648
646172648
646172648
646172648
626150215
626150215
626150215
626150215
62871878
62871878
62871878
62871878
500406459
500406459
502975024
502975024
500406459
500406459
502975024
502975024
676270404
676270404
676270404
676270404
354296455
354296455
354296455
354296455
441671511
441671511
441671511
441671511
32322506
32322506
32322506
32322506
360919100
360919100
785802602
785802602
360919100
360919100
180459550
180459550
360919100
360919100
360919100
360919100
544017186
544017186
181339062
181339062
739766143
739766143
739766143
739766143
305263519
305263519
610527038
610527038
610527038
610527038
869005248
869005248
481287933
481287933
481287933
481287933
820743108
820743108
643241863
643241863
205185777
205185777
615557331
615557331
403450421
403450421
212106910
212106910
13842266
13842266
13842266
13842266
859460054
859460054
859460054
859460054
143929349
143929349
713472685
713472685
143929349
143929349
713472685
713472685
290945728
290945728
429730027
429730027
434604932
434604932
434604932
434604932
204692755
204692755
204692755
204692755
66524941
66524941
354923098
354923098
838510447
838510447
612251600
612251600
330772063
330772063
661544126
661544126
197277605
197277605
731255437
731255437
332254104
332254104
996762312
996762312
130530376
130530376
130530376
130530376
967099032
967099032
967099032
967099032
483549516
483549516
967099032
967099032
686791143
686791143
686791143
686791143
531064538
531064538
531064538
531064538
78312516
78312516
78312516
78312516
78312516
78312516
78312516
78312516
58734387
58734387
58734387
58734387
45682301
45682301
137046903
137046903
303145288
303145288
303145288
303145288
517482087
517482087
517482087
517482087
95886337
95886337
95886337
95886337
95886337
95886337
287659011
287659011
90799436
90799436
90799436
90799436
90799436
90799436
45399718
45399718
272398308
272398308
272398308
272398308
226998590
226998590
680995770
680995770
628109310
628109310
628109310
628109310
628109310
628109310
628109310
628109310
717842413
717842413
437440473
437440473
858043383
858043383
577641443
577641443
515948534
515948534
549601249
549601249
515948534
515948534
549601249
549601249
815983092
815983092
815983092
815983092
956184062
956184062
872063480
872063480
42616619
42616619
679701775
679701775
42616619
42616619
679701775
679701775
787766895
787766895
262588965
262588965
787766895
787766895
787766895
787766895
988749465
988749465
988749465
988749465
993496909
993496909
984002021
984002021
630416659
630416659
630416659
630416659
893005624
893005624
893005624
893005624
378962112
378962112
378962112
378962112
378962112
378962112
378962112
378962112
822357010
822357010
822357010
822357010
822357010
822357010
822357010
822357010
441755368
441755368
441755368
441755368
883510736
883510736
883510736
883510736
350758971
350758971
350758971
350758971
27016280
27016280
27016280
27016280
394323755
394323755
394323755
394323755
486687211
486687211
486687211
486687211
415635552
415635552
138545184
138545184
230908640
230908640
230908640
230908640
530715784
530715784
530715784
530715784
572840594
572840594
286420297
286420297
509653379
509653379
509653379
509653379
775011271
775011271
775011271
775011271
991773962
991773962
996087556
996087556
980989977
980989977
980989977
980989977
533534411
533534411
843341039
843341039
765889382
765889382
533534411
533534411
744908870
744908870
744908870
744908870
249021889
249021889
249021889
249021889
571181841
571181841
571181841
571181841
677947469
677947469
357650585
357650585
984967620
984967620
984967620
984967620
492483810
492483810
479207077
479207077
511425495
511425495
170475165
170475165
219688439
219688439
219688439
219688439
517808780
517808780
517808780
517808780
752700385
752700385
752700385
752700385
875472369
875472369
875472369
875472369
814086377
814086377
629928401
629928401
886046725
886046725
628097026
628097026
886046725
886046725
628097026
628097026
600047619
600047619
600047619
600047619
600047619
600047619
600047619
600047619
174190596
174190596
87095298
87095298
704491521
704491521
116985857
116985857
901744131
901744131
300581377
300581377
408162310
408162310
204081155
204081155
330020892
330020892
660041784
660041784
660041784
660041784
660041784
660041784
660041784
660041784
330020892
330020892
531306098
531306098
595673941
595673941
660041784
660041784
660041784
660041784
247515669
247515669
82505223
82505223
165010446
165010446
165010446
165010446
82505223
82505223
82505223
82505223
405281091
405281091
405281091
405281091
135093697
135093697
405281091
405281091
660041784
660041784
330020892
330020892
330020892
330020892
660041784
660041784
451636729
451636729
451636729
451636729
713331668
713331668
903273458
903273458
801600163
801600163
801600163
801600163
599948172
599948172
599948172
599948172
669460788
669460788
223153596
223153596
892614384
892614384
892614384
892614384
223153596
223153596
223153596
223153596
892614384
892614384
786984415
786984415
314793766
314793766
314793766
314793766
337279035
337279035
337279035
337279035
112426345
112426345
112426345
112426345
472190649
472190649
157396883
157396883
834132152
834132152
834132152
834132152
870601530
870601530
615315884
615315884
936019946
936019946
936019946
936019946
202892783
202892783
733127163
733127163
623902364
623902364
623902364
623902364
155975591
155975591
467926773
467926773
469611573
469611573
410590366
410590366
410590366
410590366
410590366
410590366
338635802
338635802
338635802
338635802
35326106
35326106
35326106
35326106
198096307
198096307
398780220
398780220
596876527
596876527
195508701
195508701
195508701
195508701
596876527
596876527
130339134
130339134
130339134
130339134
275481474
275481474
137740737
137740737
91827158
91827158
275481474
275481474
416175997
416175997
416175997
416175997
707210175
707210175
416175997
416175997
920391991
920391991
639545448
639545448
67664727
67664727
202994181
202994181
822164359
822164359
910204356
910204356
455102178
455102178
367062181
367062181
280846543
280846543
280846543
280846543
561693086
561693086
561693086
561693086
980574567
980574567
326858189
326858189
233470135
233470135
233470135
233470135
501678781
501678781
501678781
501678781
501678781
501678781
506791990
506791990
942836003
942836003
942836003
942836003
942836003
942836003
942836003
942836003
946069494
946069494
946069494
946069494
946069494
946069494
841719776
841719776
215260322
215260322
430520644
430520644
107630161
107630161
322890483
322890483
895056476
895056476
963848394
963848394
860660517
860660517
860660517
860660517
28307492
28307492
28307492
28307492
7076873
7076873
21230619
21230619
502660613
502660613
502660613
502660613
254868743
254868743
254868743
254868743
596183985
596183985
596183985
596183985
970618085
970618085
970618085
970618085
506919430
506919430
506919430
506919430
101383886
101383886
101383886
101383886
621501682
621501682
621501682
621501682
244759011
244759011
244759011
244759011
930282865
930282865
930282865
930282865
965248438
965248438
654497597
654497597
812077424
812077424
812077424
812077424
202229124
202229124
101114562
101114562
134819416
134819416
134819416
134819416
202229124
202229124
202229124
202229124
750021781
750021781
750021781
750021781
258930702
258930702
258930702
258930702
824978691
824978691
911611522
911611522
455805761
455805761
455805761
455805761
14295203
14295203
14295203
14295203
520564981
520564981
759404667
759404667
506269778
506269778
506269778
506269778
14295203
14295203
42885609
42885609
657795467
657795467
657795467
657795467
634693162
634693162
317346581
317346581
238697966
238697966
238697966
238697966
477395932
477395932
477395932
477395932
903154743
903154743
903154743
903154743
54844271
54844271
683777659
683777659
814075291
814075291
814075291
814075291
906159822
906159822
906159822
906159822
357480940
357480940
357480940
357480940
689328298
689328298
689328298
689328298
209778610
209778610
419557220
419557220
612452931
612452931
612452931
612452931
57242703
57242703
19080901
19080901
57242703
57242703
19080901
19080901
642228934
642228934
642228934
642228934
188635110
188635110
188635110
188635110
396351121
396351121
190809010
190809010
76323604
76323604
76323604
76323604
434512923
434512923
434512923
434512923
152647208
152647208
305294416
305294416
415432022
415432022
830864044
830864044
678216836
678216836
38161802
38161802
415432022
415432022
830864044
830864044
602980182
602980182
602980182
602980182
679847261
679847261
679847261
679847261
216984724
216984724
216984724
216984724
461775587
461775587
461775587
461775587
372364126
372364126
744728252
744728252
20456185
20456185
509350269
509350269
509350269
509350269
509350269
509350269
188937586
188937586
188937586
188937586
377875172
377875172
791454626
791454626
613932531
613932531
204644177
204644177
265554238
265554238
265554238
265554238
916260882
916260882
305420294
305420294
152710147
152710147
458130441
458130441
252379434
252379434
252379434
252379434
899547256
899547256
899547256
899547256
388193916
388193916
388193916
388193916
582290874
582290874
582290874
582290874
543797684
543797684
543797684
543797684
653768164
653768164
550670839
550670839
869581709
869581709
955356805
955356805
912469257
912469257
740919065
740919065
929773178
929773178
975420628
975420628
675291204
675291204
225097068
225097068
155055802
155055802
310111604
310111604
77527901
77527901
77527901
77527901
600258848
600258848
802532191
802532191
6561181
6561181
6561181
6561181
450194136
450194136
352338055
352338055
861302003
861302003
952596903
952596903
462773872
462773872
462773872
462773872
462773872
462773872
462773872
462773872
231386936
231386936
231386936
231386936
742625214
742625214
231386936
231386936
797845556
797845556
397047962
397047962
994494721
994494721
994494721
994494721
767848500
767848500
767848500
767848500
153569700
153569700
153569700
153569700
983500326
983500326
954012272
954012272
780902650
780902650
780902650
780902650
983500326
983500326
954012272
954012272
477006136
477006136
954012272
954012272
73543208
73543208
73543208
73543208
438325181
438325181
438325181
438325181
301456382
301456382
301456382
301456382
301456382
301456382
301456382
301456382
41142768
41142768
41142768
41142768
943610124
943610124
314536708
314536708
727063127
727063127
727063127
727063127
431326870
431326870
431326870
431326870
307921497
307921497
615842994
615842994
46688327
46688327
46688327
46688327
522466340
522466340
522466340
522466340
783699510
783699510
783699510
783699510
49761420
49761420
49761420
49761420
49761420
49761420
99522840
99522840
579984484
579984484
579984484
579984484
517782709
517782709
505342354
505342354
471842495
471842495
471842495
471842495
943684990
943684990
943684990
943684990
99522840
99522840
99522840
99522840
66348560
66348560
66348560
66348560
548575832
548575832
548575832
548575832
928092111
928092111
787787627
787787627
129923328
129923328
129923328
129923328
97442496
97442496
97442496
97442496
178644576
178644576
178644576
178644576
267966864
267966864
89322288
89322288
267966864
267966864
133983432
133983432
89322288
89322288
89322288
89322288
712008433
712008433
570084262
570084262
283848342
283848342
141924171
141924171
740759525
740759525
225789869
225789869
569102973
569102973
709064566
709064566
353788611
353788611
117929537
117929537
353788611
353788611
117929537
117929537
646280013
646280013
646280013
646280013
39444501
39444501
118333503
118333503
554881069
554881069
666398854
666398854
225743426
225743426
225743426
225743426
36410230
36410230
36410230
36410230
366730999
366730999
366730999
366730999
507921577
507921577
17598801
17598801
618365479
618365479
538869944
538869944
618365479
618365479
618365479
618365479
887800451
887800451
777356549
777356549
329754906
329754906
164877453
164877453
332320516
332320516
332320516
332320516
283013578
283013578
283013578
283013578
283013578
283013578
283013578
283013578
179020577
179020577
179020577
179020577
235452986
235452986
235452986
235452986
770272561
770272561
770272561
770272561
133562054
133562054
400686162
400686162
169487702
169487702
721992136
721992136
243401597
243401597
730204791
730204791
948968423
948968423
948968423
948968423
965393733
965393733
965393733
965393733
218763632
218763632
218763632
218763632
218763632
218763632
218763632
218763632
771222972
771222972
544201591
544201591
514148648
514148648
514148648
514148648
720801062
720801062
720801062
720801062
720801062
720801062
720801062
720801062
238150608
238150608
714451824
714451824
238150608
238150608
238150608
238150608
62641352
62641352
62641352
62641352
31320676
31320676
93962028
93962028
749018038
749018038
250565408
250565408
250565408
250565408
749018038
749018038
250565408
250565408
250565408
250565408
749018038
749018038
250565408
250565408
78301690
78301690
234905070
234905070
15660338
15660338
15660338
15660338
501130816
501130816
499791723
499791723
499791723
499791723
499791723
499791723
936942094
936942094
936942094
936942094
31320676
31320676
93962028
93962028
349503320
349503320
174751660
174751660
139801328
139801328
139801328
139801328
69900664
69900664
209701992
209701992
174751660
174751660
349503320
349503320
489304648
489304648
244652324
244652324
69900664
69900664
69900664
69900664
419403984
419403984
139801328
139801328
69900664
69900664
209701992
209701992
139565915
139565915
139565915
139565915
418697745
418697745
418697745
418697745
837395490
837395490
837395490
837395490
279131830
279131830
279131830
279131830
391259893
391259893
175535326
175535326
87767663
87767663
87767663
87767663
917157774
917157774
917157774
917157774
143546100
143546100
71773050
71773050
528197781
528197781
176065927
176065927
292368345
292368345
292368345
292368345
282694545
282694545
282694545
282694545
188463030
188463030
188463030
188463030
55012119
55012119
55012119
55012119
55012119
55012119
526628236
526628236
356648707
356648707
71701768
71701768
488305766
488305766
828264824
828264824
756219700
756219700
756219700
756219700
756219700
756219700
756219700
756219700
832759339
832759339
501789311
501789311
667274325
667274325
667274325
667274325
857649803
857649803
857649803
857649803
857649803
857649803
857649803
857649803
692946745
692946745
692946745
692946745
857649803
857649803
927947078
927947078
899707448
899707448
899707448
899707448
224926862
224926862
224926862
224926862
971869311
971869311
919119227
919119227
251301904
251301904
251301904
251301904
187868721
187868721
187868721
187868721
187868721
187868721
187868721
187868721
187868721
187868721
187868721
187868721
187868721
187868721
593056537
593056537
772511861
772511861
546779369
546779369
941811230
941811230
828944984
828944984
421370106
421370106
140456702
140456702
351141755
351141755
702283510
702283510
546779369
546779369
772511861
772511861
772511861
772511861
772511861
772511861
313600236
313600236
313600236
313600236
93044683
93044683
93044683
93044683
148743727
148743727
148743727
148743727
573494040
573494040
722237767
722237767
487469934
487469934
464165449
464165449
440860964
440860964
440860964
440860964
307204324
307204324
614408648
614408648
614408648
614408648
614408648
614408648
614408648
614408648
614408648
614408648
972655306
972655306
972655306
972655306
385082171
385082171
385082171
385082171
691663262
691663262
78501080
78501080
365456901
365456901
98126350
98126350
42054150
42054150
42054150
42054150
811230891
811230891
270410297
270410297
811230891
811230891
270410297
270410297
88451783
88451783
88451783
88451783
452368811
452368811
816285839
816285839
157257625
157257625
471772875
471772875
629030500
629030500
314515250
314515250
341437165
341437165
341437165
341437165
446560506
446560506
341437165
341437165
629030500
629030500
629030500
629030500
314515250
314515250
629030500
629030500
568116615
568116615
568116615
568116615
921169361
921169361
959706857
959706857
804978912
804978912
418448030
418448030
804978912
804978912
418448030
418448030
225182589
225182589
225182589
225182589
150121726
150121726
150121726
150121726
343387167
343387167
670815760
670815760
343387167
343387167
343387167
343387167
611713471
611713471
611713471
611713471
31917148
31917148
31917148
31917148
169793830
169793830
169793830
169793830
242977907
242977907
242977907
242977907
705508045
705508045
120035429
120035429
705508045
705508045
705508045
705508045
711249329
711249329
137259281
137259281
711249329
711249329
711249329
711249329
848508610
848508610
848508610
848508610
232924289
232924289
698772867
698772867
542007055
542007055
542007055
542007055
542007055
542007055
542007055
542007055
156944203
156944203
156944203
156944203
770125704
770125704
770125704
770125704
340519663
340519663
340519663
340519663
786774335
786774335
786774335
786774335
725163842
725163842
725163842
725163842
55781834
55781834
167345502
167345502
606310320
606310320
606310320
606310320
454732740
454732740
151577580
151577580
403848262
403848262
403848262
403848262
403848262
403848262
403848262
403848262
690582368
690582368
690582368
690582368
75258398
75258398
75258398
75258398
6889068
6889068
6889068
6889068
24111738
24111738
48223476
48223476
229061550
229061550
687184650
687184650
274873860
274873860
274873860
274873860
447382091
447382091
447382091
447382091
68780384
68780384
688423030
688423030
433354123
433354123
433354123
433354123
345663385
345663385
671953869
671953869
276326998
276326998
828980994
828980994
37727252
37727252
678071986
678071986
169370945
169370945
169370945
169370945
101622567
101622567
33874189
33874189
2088445
2088445
500166399
500166399
333444266
333444266
2088445
2088445
243180986
243180986
243180986
243180986
944504074
944504074
837023516
837023516
508112835
508112835
526094152
526094152
17981317
17981317
17981317
17981317
502160721
502160721
502160721
502160721
756279626
756279626
756279626
756279626
24308356
24308356
12154178
12154178
18231267
18231267
6077089
6077089
121719753
121719753
40573251
40573251
162293004
162293004
162293004
162293004
211999146
211999146
211999146
211999146
284448529
284448529
284448529
284448529
352660914
352660914
176330457
176330457
352660914
352660914
117553638
117553638
704841043
704841043
118034423
118034423
646064224
646064224
646064224
646064224
244546571
244546571
621395462
621395462
548700093
548700093
548700093
548700093
969096336
969096336
969096336
969096336
726822252
726822252
242274084
242274084
596633948
596633948
195023543
195023543
676956029
676956029
676956029
676956029
837600191
837600191
516311867
516311867
355667705
355667705
355667705
355667705
229480568
229480568
458961136
458961136
458961136
458961136
458961136
458961136
229480568
229480568
458961136
458961136
229480568
229480568
458961136
458961136
94273522
94273522
282820566
282820566
188547044
188547044
188547044
188547044
749784247
749784247
749784247
749784247
501324141
501324141
4403929
4403929
989275392
989275392
971337470
971337470
953399548
953399548
650547967
650547967
278615500
278615500
278615500
278615500
186255088
186255088
186255088
186255088
954734949
954734949
867716141
867716141
867716141
867716141
867716141
867716141
786038937
786038937
262012979
262012979
194267494
194267494
194267494
194267494
287584461
287584461
287584461
287584461
287584461
287584461
287584461
287584461
287584461
287584461
287584461
287584461
287584461
287584461
642914407
642914407
408657721
408657721
703451037
703451037
888170704
888170704
888170704
888170704
592429699
592429699
592429699
592429699
373230090
373230090
746460180
746460180
873075994
873075994
436537997
436537997
873075994
873075994
873075994
873075994
767721168
767721168
767721168
767721168
191930292
191930292
191930292
191930292
633458551
633458551
633458551
633458551
76446643
76446643
76446643
76446643
97064829
97064829
97064829
97064829
418710707
418710707
418710707
418710707
47044088
47044088
681177598
681177598
681177598
681177598
47044088
47044088
76446643
76446643
358230332
358230332
10920949
10920949
10920949
10920949
218503575
218503575
218503575
218503575
47136761
47136761
47136761
47136761
976877937
976877937
976877937
976877937
976877937
976877937
955511521
955511521
141410283
141410283
47136761
47136761
921151061
921151061
766964477
766964477
64316991
64316991
64316991
64316991
94273522
94273522
94273522
94273522
586429839
586429839
586429839
586429839
380522582
380522582
792337096
792337096
396168548
396168548
396168548
396168548
396168548
396168548
396168548
396168548
185489136
185489136
185489136
185489136
185489136
185489136
185489136
185489136
597500153
597500153
797872253
797872253
597500153
597500153
797872253
797872253
460702655
460702655
819063787
819063787
639883221
639883221
639883221
639883221
185556186
185556186
371112372
371112372
258911187
258911187
776733561
776733561
80888643
80888643
80888643
80888643
107851524
107851524
107851524
107851524
296746130
296746130
890238390
890238390
782386866
782386866
782386866
782386866
442287027
442287027
147429009
147429009
294858018
294858018
589716036
589716036
84245148
84245148
84245148
84245148
589716036
589716036
589716036
589716036
379103166
379103166
379103166
379103166
126367722
126367722
379103166
379103166
446620586
446620586
446620586
446620586
669930879
669930879
834087616
834087616
440151823
440151823
322211116
322211116
719198088
719198088
161105558
161105558
220927050
220927050
220927050
220927050
220927050
220927050
73642350
73642350
357596840
357596840
784695182
784695182
392347591
392347591
178798420
178798420
784695182
784695182
357596840
357596840
392347591
392347591
392347591
392347591
298784558
298784558
597569116
597569116
298784558
298784558
597569116
597569116
143454579
143454579
143454579
143454579
143454579
143454579
143454579
143454579
554684483
554684483
554684483
554684483
332904548
332904548
665809096
665809096
13949238
13949238
13949238
13949238
540735245
540735245
845741317
845741317
951365866
951365866
951365866
951365866
214402223
214402223
428804446
428804446
214402223
214402223
214402223
214402223
475682933
475682933
475682933
475682933
647460746
647460746
647460746
647460746
944137885
944137885
944137885
944137885
296677139
296677139
296677139
296677139
188464203
188464203
593354278
593354278
700822054
700822054
700822054
700822054
350411027
350411027
350411027
350411027
50942834
50942834
101885668
101885668
460429142
460429142
818972616
818972616
979803193
979803193
979803193
979803193
984413483
984413483
993634063
993634063
531841987
531841987
531841987
531841987
597281608
597281608
531841987
531841987
30617255
30617255
30617255
30617255
30617255
30617255
30617255
30617255
42864157
42864157
347036170
347036170
42864157
42864157
347036170
347036170
839367362
839367362
839367362
839367362
305789097
305789097
611578194
611578194
348499566
348499566
348499566
348499566
87692876
87692876
694727194
694727194
350421165
350421165
53019142
53019142
70084233
70084233
70084233
70084233
630758097
630758097
210252699
210252699
700842330
700842330
700842330
700842330
472539464
472539464
472539464
472539464
23164959
23164959
7721653
7721653
30886612
30886612
30886612
30886612
68608731
68608731
68608731
68608731
1149527
1149527
1149527
1149527
3448581
3448581
1149527
1149527
686508529
686508529
63036881
63036881
437809586
437809586
811432764
811432764
137569347
137569347
45856449
45856449
45856449
45856449
137569347
137569347
682042674
682042674
682042674
682042674
124098290
124098290
248196580
248196580
281568063
281568063
281568063
281568063
378052690
378052690
458765681
458765681
821046735
821046735
821046735
821046735
273682245
273682245
273682245
273682245
618204883
618204883
856370296
856370296
96291356
96291356
48145678
48145678
728672627
728672627
728672627
728672627
728672627
728672627
728672627
728672627
832609431
832609431
277536477
277536477
408827428
408827428
408827428
408827428
111901555
111901555
111901555
111901555
111901555
111901555
111901555
111901555
111901555
111901555
370048636
370048636
817654856
817654856
408827428
408827428
740097272
740097272
223803110
223803110
223803110
223803110
740097272
740097272
758114133
758114133
758114133
758114133
638049023
638049023
638049023
638049023
710088089
710088089
710088089
710088089
854166221
854166221
854166221
854166221
768045517
768045517
883144935
883144935
470347322
470347322
470347322
470347322
674883994
674883994
674883994
674883994
7040819
7040819
7040819
7040819
922091425
922091425
922091425
922091425
723945890
723945890
906811532
906811532
106712714
106712714
106712714
106712714
320138142
320138142
106712714
106712714
405120906
405120906
810241812
810241812
600402403
600402403
802962856
802962856
405120906
405120906
810241812
810241812
810241812
810241812
810241812
810241812
691555012
691555012
691555012
691555012
691555012
691555012
345777506
345777506
384865671
384865671
384865671
384865671
78176330
78176330
691555012
691555012
939888830
939888830
939888830
939888830
469944415
469944415
469944415
469944415
611745320
611745320
225246287
225246287
225246287
225246287
225246287
225246287
98720634
98720634
98720634
98720634
197441268
197441268
197441268
197441268
131627512
131627512
131627512
131627512
131627512
131627512
131627512
131627512
221206661
221206661
663619983
663619983
830932168
830932168
663619983
663619983
207733042
207733042
623199126
623199126
207733042
207733042
623199126
623199126
813890647
813890647
445183235
445183235
813890647
813890647
445183235
445183235
356146588
356146588
356146588
356146588
178073294
178073294
178073294
178073294
394569646
394569646
394569646
394569646
591854469
591854469
591854469
591854469
172163175
172163175
516489525
516489525
172163175
172163175
172163175
172163175
657886416
657886416
657886416
657886416
657886416
657886416
657886416
657886416
317528479
317528479
438590944
438590944
657886416
657886416
219295472
219295472
30371087
30371087
30371087
30371087
91113261
91113261
91113261
91113261
330229626
330229626
330229626
330229626
569345991
569345991
569345991
569345991
360683705
360683705
679464029
679464029
918549272
918549272
759159110
759159110
838854191
838854191
838854191
838854191
360683705
360683705
360683705
360683705
439313137
439313137
479185830
479185830
918498967
918498967
918498967
918498967
199720222
199720222
199720222
199720222
239592915
239592915
718778745
718778745
705595421
705595421
120297557
120297557
825892978
825892978
825892978
825892978
21108415
21108415
509676384
509676384
509676384
509676384
21108415
21108415
222654419
222654419
445308838
445308838
222654419
222654419
222654419
222654419
642633159
642633159
287021965
287021965
287021965
287021965
428422106
428422106
669731524
669731524
669731524
669731524
95675932
95675932
95675932
95675932
715444071
715444071
715444071
715444071
715444071
715444071
238481357
238481357
801271353
801271353
801271353
801271353
446719953
446719953
446719953
446719953
761876753
761876753
761876753
761876753
446719953
446719953
446719953
446719953
306751620
306751620
153375810
153375810
43821660
43821660
43821660
43821660
306751620
306751620
306751620
306751620
306751620
306751620
153375810
153375810
455162020
455162020
484468791
484468791
182064808
182064808
182064808
182064808
516887653
516887653
516887653
516887653
968937582
968937582
968937582
968937582
54852527
54852527
683780411
683780411
421238752
421238752
421238752
421238752
735702694
735702694
735702694
735702694
841012382
841012382
841012382
841012382
786564325
786564325
363204269
363204269
471938595
471938595
417571432
417571432
520517134
520517134
520517134
520517134
303048482
303048482
303048482
303048482
156191918
156191918
156191918
156191918
156191918
156191918
156191918
156191918
511706116
511706116
536873995
536873995
25167879
25167879
75503637
75503637
19136801
19136801
57410403
57410403
153094408
153094408
76547204
76547204
153094408
153094408
76547204
76547204
19136801
19136801
19136801
19136801
847115970
847115970
847115970
847115970
375436010
375436010
375436010
375436010
714282398
714282398
714282398
714282398
73179244
73179244
357141199
357141199
793994044
793994044
793994044
793994044
198498511
198498511
595495533
595495533
413415188
413415188
413415188
413415188
881278520
881278520
647346854
647346854
680499950
680499950
680499950
680499950
680499950
680499950
362755547
362755547
299783556
299783556
299783556
299783556
99927852
99927852
299783556
299783556
460483236
460483236
460483236
460483236
460483236
460483236
460483236
460483236
95880940
95880940
287642820
287642820
191761880
191761880
191761880
191761880
753870638
753870638
265123208
265123208
597102354
597102354
793062709
793062709
156768284
156768284
156768284
156768284
470304852
470304852
156768284
156768284
78384142
78384142
78384142
78384142
117576213
117576213
117576213
117576213
470304852
470304852
156768284
156768284
627073136
627073136
627073136
627073136
65923437
65923437
197770311
197770311
219744790
219744790
219744790
219744790
795777643
795777643
598007332
598007332
663930769
663930769
663930769
663930769
527387496
527387496
175795832
175795832
87897916
87897916
263693748
263693748
131846874
131846874
131846874
131846874
131846874
131846874
43948958
43948958
479537546
479537546
479537546
479537546
479537546
479537546
479537546
479537546
52531211
52531211
52531211
52531211
577918993
577918993
525387782
525387782
43884632
43884632
680124446
680124446
540891931
540891931
624431440
624431440
76410754
76410754
76410754
76410754
720222908
720222908
905570538
905570538
871831156
871831156
871831156
871831156
791688147
791688147
378575735
378575735
458718744
458718744
458718744
458718744
458718744
458718744
458718744
458718744
576196962
576196962
192065654
192065654
384131308
384131308
768262616
768262616
384131308
384131308
384131308
384131308
192065654
192065654
576196962
576196962
988185155
988185155
978125957
978125957
978125957
978125957
988185155
988185155
116570379
116570379
116570379
116570379
116570379
116570379
116570379
116570379
251879155
251879155
251879155
251879155
251879155
251879155
251879155
251879155
755637465
755637465
251879155
251879155
251879155
251879155
755637465
755637465
953152415
953152415
953152415
953152415
930606446
930606446
975698384
975698384
562275058
562275058
562275058
562275058
281137529
281137529
281137529
281137529
257151864
257151864
771455592
771455592
771455592
771455592
257151864
257151864
487518411
487518411
975036822
975036822
789312470
789312470
789312470
789312470
810393498
810393498
434691788
434691788
217345894
217345894
217345894
217345894
956636616
956636616
956636616
956636616
197551417
197551417
395102834
395102834
764748195
764748195
254916065
254916065
509832130
509832130
509832130
509832130
359551446
359551446
359551446
359551446
179775723
179775723
179775723
179775723
559108073
559108073
559108073
559108073
559108073
559108073
559108073
559108073
10187723
10187723
10187723
10187723
229755863
229755863
229755863
229755863
726139389
726139389
726139389
726139389
590086907
590086907
590086907
590086907
794165630
794165630
386008184
386008184
386008184
386008184
794165630
794165630
452084155
452084155
452084155
452084155
375368131
375368131
375368131
375368131
349796123
349796123
51144016
51144016
25572008
25572008
51144016
51144016
493129568
493129568
493129568
493129568
493129568
493129568
493129568
493129568
369847176
369847176
369847176
369847176
246564784
246564784
246564784
246564784
392808895
392808895
180182332
180182332
115293870
115293870
115293870
115293870
720729328
720729328
572991227
572991227
230587740
230587740
461175480
461175480
630779061
630779061
630779061
630779061
660536639
660536639
660536639
660536639
307950136
307950136
307950136
307950136
307950136
307950136
307950136
307950136
142873628
142873628
428620884
428620884
315818816
315818816
770769174
770769174
654817264
654817264
551020539
551020539
880717522
880717522
880717522
880717522
150896294
150896294
715795000
715795000
150896294
150896294
75448147
75448147
433345647
433345647
433345647
433345647
188398276
188398276
395547543
395547543
154281729
154281729
154281729
154281729
66120741
66120741
66120741
66120741
50504264
50504264
682330990
682330990
610696045
610696045
610696045
610696045
424276530
424276530
424276530
424276530
636414795
636414795
212138265
212138265
745696996
745696996
745696996
745696996
745696996
745696996
745696996
745696996
101651887
101651887
101651887
101651887
101651887
101651887
203303774
203303774
618543179
618543179
857385184
857385184
143305203
143305203
143305203
143305203
168100185
168100185
168100185
168100185
919372639
919372639
919372639
919372639
842690108
842690108
842690108
842690108
64822316
64822316
194466948
194466948
570520262
570520262
855669656
855669656
427945565
427945565
427945565
427945565
285260131
285260131
641752242
641752242
427834828
427834828
285260131
285260131
648416398
648416398
648416398
648416398
545937374
545937374
545937374
545937374
479074340
479074340
438978667
438978667
238500302
238500302
238500302
238500302
512996867
512996867
836495191
836495191
674746029
674746029
351247705
351247705
878843379
878843379
878843379
878843379
819142892
819142892
819142892
819142892
401239483
401239483
401239483
401239483
759442405
759442405
759442405
759442405
699741918
699741918
699741918
699741918
699741918
699741918
401239483
401239483
700314270
700314270
402384187
402384187
402384187
402384187
700314270
700314270
402384187
402384187
804768374
804768374
804768374
804768374
402384187
402384187
953879878
953879878
953879878
953879878
476939939
476939939
476939939
476939939
737592146
737592146
476939939
476939939
737592146
737592146
476939939
476939939
834959651
834959651
834959651
834959651
458301001
458301001
458301001
458301001
671674949
671674949
671674949
671674949
458301001
458301001
376658650
376658650
322378905
322378905
967136715
967136715
537298175
537298175
613650172
613650172
259259427
259259427
259259427
259259427
801591508
801591508
604938663
604938663
683771889
683771889
54826961
54826961
54826961
54826961
526535657
526535657
919494004
919494004
919494004
919494004
459747002
459747002
459747002
459747002
934781204
934781204
807854906
807854906
400620516
400620516
400620516
400620516
140154046
140154046
140154046
140154046
70077023
70077023
140154046
140154046
794956331
794956331
794956331
794956331
862719005
862719005
862719005
862719005
794956331
794956331
930481679
930481679
794956331
794956331
896600342
896600342
668503258
668503258
9021068
9021068
9021068
9021068
9021068
9021068
779017535
779017535
925168747
925168747
925168747
925168747
779017535
779017535
331313181
331313181
331313181
331313181
855023044
855023044
855023044
855023044
47022968
47022968
94045936
94045936
728193526
728193526
728193526
728193526
699823442
699823442
699823442
699823442
677755952
677755952
677755952
677755952
371979211
371979211
685111782
685111782
685111782
685111782
371979211
371979211
160050770
160050770
160050770
160050770
314089304
314089304
314089304
314089304
743575993
743575993
743575993
743575993
746494434
746494434
746494434
746494434
67439059
67439059
67439059
67439059
532841706
532841706
67439059
67439059
134878118
134878118
134878118
134878118
532841706
532841706
532841706
532841706
925087281
925087281
925087281
925087281
412142493
412142493
412142493
412142493
403209180
403209180
201604590
201604590
201604590
201604590
201604590
201604590
877794634
877794634
877794634
877794634
318447598
318447598
438897317
438897317
434050557
434050557
144683519
144683519
289367038
289367038
289367038
289367038
543968099
543968099
846818935
846818935
739835317
739835317
579359890
579359890
655880844
655880844
313517335
313517335
313517335
313517335
313517335
313517335
403209180
403209180
403209180
403209180
885835615
885835615
885835615
885835615
403209180
403209180
403209180
403209180
628026656
628026656
628026656
628026656
603319898
603319898
811715341
811715341
416790886
416790886
416790886
416790886
129410552
129410552
129410552
129410552
323526380
323526380
323526380
323526380
455661977
455661977
817383561
817383561
636522769
636522769
911323954
911323954
323526380
323526380
323526380
323526380
161763190
161763190
323526380
323526380
812475837
812475837
812475837
812475837
719591579
719591579
719591579
719591579
539562974
539562974
539562974
539562974
161763190
161763190
323526380
323526380
302510202
302510202
605020404
605020404
151255101
151255101
151255101
151255101
799463167
799463167
799463167
799463167
799463167
799463167
799463167
799463167
289024725
289024725
578049450
578049450
231219780
231219780
231219780
231219780
192683150
192683150
192683150
192683150
675554487
675554487
675554487
675554487
659921652
659921652
659921652
659921652
659921652
659921652
659921652
659921652
78309269
78309269
156618538
156618538
156618538
156618538
78309269
78309269
929116289
929116289
975201665
975201665
171997645
171997645
171997645
171997645
848636845
848636845
848636845
848636845
189847230
189847230
569541690
569541690
719149198
719149198
160958888
160958888
90865650
90865650
90865650
90865650
886606291
886606291
663330167
663330167
181731300
181731300
545193900
545193900
737278757
737278757
911255821
911255821
57709186
57709186
57709186
57709186
432818895
432818895
432818895
432818895
432818895
432818895
865637790
865637790
75053083
75053083
75053083
75053083
865637790
865637790
432818895
432818895
865637790
865637790
865637790
865637790
865637790
865637790
288545930
288545930
192837071
192837071
578511213
578511213
510393217
510393217
754318785
754318785
473577928
473577928
490607427
490607427
876281569
876281569
632356001
632356001
282525008
282525008
282525008
282525008
423787512
423787512
847575024
847575024
59197241
59197241
59197241
59197241
414380687
414380687
803623131
803623131
665448399
665448399
332652445
332652445
665448399
665448399
332652445
332652445
97822071
97822071
97822071
97822071
645855283
645855283
548033212
548033212
153553976
153553976
716680894
716680894
443632266
443632266
443632266
443632266
76776988
76776988
153553976
153553976
716680894
716680894
153553976
153553976
757139044
757139044
378569522
378569522
757139044
757139044
757139044
757139044
583679969
583679969
583679969
583679969
33823117
33823117
33823117
33823117
905923080
905923080
905923080
905923080
226480770
226480770
679442310
679442310
679442310
679442310
360640267
360640267
452961540
452961540
452961540
452961540
450859569
450859569
901719138
901719138
940329224
940329224
978939310
978939310
724551961
724551961
724551961
724551961
743857004
743857004
235082306
235082306
85929174
85929174
257787522
257787522
42964587
42964587
128893761
128893761
764070463
764070463
764070463
764070463
927992186
927992186
787487852
787487852
497867455
497867455
497867455
497867455
490339126
490339126
490339126
490339126
490339126
490339126
245169563
245169563
310853479
310853479
932560437
932560437
336386307
336386307
336386307
336386307
672772614
672772614
672772614
672772614
672772614
672772614
672772614
672772614
347300875
347300875
672772614
672772614
51740712
51740712
103481424
103481424
38805534
38805534
12935178
12935178
103481424
103481424
34493808
34493808
103481424
103481424
51740712
51740712
111838741
111838741
111838741
111838741
111838741
111838741
111838741
111838741
799425914
799425914
799425914
799425914
733153101
733153101
733153101
733153101
431134545
431134545
295159282
295159282
431134545
431134545
295159282
295159282
574846060
574846060
524363471
524363471
100965178
100965178
100965178
100965178
13751589
13751589
505997971
505997971
129937390
129937390
129937390
129937390
505997971
505997971
13751589
13751589
505997971
505997971
505997971
505997971
230281807
230281807
614263080
614263080
230281807
230281807
230281807
230281807
379306903
379306903
139676356
139676356
134001761
134001761
134001761
134001761
25892417
25892417
77677251
77677251
25892417
25892417
25892417
25892417
474932138
474932138
823806948
823806948
126057328
126057328
63028664
63028664
154802018
154802018
717096908
717096908
717096908
717096908
154802018
154802018
959368837
959368837
959368837
959368837
862180047
862180047
726115741
726115741
348069010
348069010
348069010
348069010
696138020
696138020
394031687
394031687
394031687
394031687
394031687
394031687
394031687
394031687
696138020
696138020
677512985
677512985
36050249
36050249
463501259
463501259
392259424
392259424
251779301
251779301
251779301
251779301
549182275
549182275
549182275
549182275
372651903
372651903
372651903
372651903
685448128
685448128
59855678
59855678
602533915
602533915
602533915
602533915
770842923
770842923
770842923
770842923
199266700
199266700
99633350
99633350
168904262
168904262
506712786
506712786
439023691
439023691
439023691
439023691
79706680
79706680
79706680
79706680
611091587
611091587
611091587
611091587
223938821
223938821
611091587
611091587
826176457
826176457
826176457
826176457
309972769
309972769
309972769
309972769
989988884
989988884
973477946
973477946
989988884
989988884
973477946
973477946
538293942
538293942
179431314
179431314
435184004
435184004
435184004
435184004
286942612
286942612
860827836
860827836
436468707
436468707
717356530
717356530
830922617
830922617
496279145
496279145
663600881
663600881
663600881
663600881
658617424
658617424
977607919
977607919
786213622
786213622
594819325
594819325
977607919
977607919
987926136
987926136
987926136
987926136
987926136
987926136
991894681
991894681
991894681
991894681
995069517
995069517
991894681
991894681
991894681
991894681
991894681
991894681
979195337
979195337
979195337
979195337
225974259
225974259
225974259
225974259
150649506
150649506
150649506
150649506
187929131
187929131
728139279
728139279
274820523
274820523
274820523
274820523
306054653
306054653
918163959
918163959
983977430
983977430
993488712
993488712
787181944
787181944
595142099
595142099
787181944
787181944
595142099
595142099
129932431
129932431
129932431
129932431
909527017
909527017
635923790
635923790
909527017
909527017
635923790
635923790
223539671
223539671
670619013
670619013
661647597
661647597
661647597
661647597
661647597
661647597
661647597
661647597
304698388
304698388
434314247
434314247
304698388
304698388
304698388
304698388
861450969
861450969
861450969
861450969
929847661
929847661
929847661
929847661
402693693
402693693
402693693
402693693
671156155
671156155
671156155
671156155
923277354
923277354
923277354
923277354
923277354
923277354
923277354
923277354
615518236
615518236
615518236
615518236
169662071
169662071
169662071
169662071
147522502
147522502
442567506
442567506
295045004
295045004
885135012
885135012
147522502
147522502
147522502
147522502
590090008
590090008
590090008
590090008
517597452
517597452
517597452
517597452
382015519
382015519
690129936
690129936
951401690
951401690
951401690
951401690
950842135
950842135
856037699
856037699
712373230
712373230
712373230
712373230
356186615
356186615
356186615
356186615
481082388
481082388
445002811
445002811
408923234
408923234
204461617
204461617
426502107
426502107
426502107
426502107
854847876
854847876
284949292
284949292
854847876
854847876
854847876
854847876
284949292
284949292
284949292
284949292
333774753
333774753
333774753
333774753
333774753
333774753
333774753
333774753
358490328
358490328
358490328
358490328
667549506
667549506
222516502
222516502
440740258
440740258
440740258
440740258
661110387
661110387
661110387
661110387
440740258
440740258
440740258
440740258
663741896
663741896
663741896
663741896
629355350
629355350
629355350
629355350
48411950
48411950
145235850
145235850
661707484
661707484
553317279
553317279
661707484
661707484
553317279
553317279
53292700
53292700
159878100
159878100
138561020
138561020
415683060
415683060
481915169
481915169
481915169
481915169
481915169
481915169
481915169
481915169
346402550
346402550
346402550
346402550
346402550
346402550
692805100
692805100
968329320
968329320
968329320
968329320
322776440
322776440
968329320
968329320
968329320
968329320
908499254
908499254
615637847
615637847
848669188
848669188
424334594
424334594
424334594
424334594
848669188
848669188
848669188
848669188
46176822
46176822
138530466
138530466
138530466
138530466
138530466
138530466
820297436
820297436
820297436
820297436
587083484
587083484
587083484
587083484
665902931
665902931
665902931
665902931
832073642
832073642
499732220
499732220
222781035
222781035
222781035
222781035
887463879
887463879
887463879
887463879
845426257
845426257
845426257
845426257
107958013
107958013
368734122
368734122
476692135
476692135
431832052
431832052
431832052
431832052
431832052
431832052
79712294
79712294
79712294
79712294
39856147
39856147
39856147
39856147
455713965
455713965
368897542
368897542
911427930
911427930
737795084
737795084
740768920
740768920
740768920
740768920
370384460
370384460
370384460
370384460
795131333
795131333
795131333
795131333
693574823
693574823
693574823
693574823
134413975
134413975
134413975
134413975
511966751
511966751
511966751
511966751
120077343
120077343
559160848
559160848
120077343
120077343
559160848
559160848
729174667
729174667
729174667
729174667
153368327
153368327
153368327
153368327
46035226
46035226
46035226
46035226
348093193
348093193
348093193
348093193
146721215
146721215
146721215
146721215
204329519
204329519
601286936
601286936
831780279
831780279
831780279
831780279
915012316
915012316
831780279
831780279
787970756
787970756
367423562
367423562
367423562
367423562
787970756
787970756
647788358
647788358
647788358
647788358
647788358
647788358
945120721
945120721
749587899
749587899
749587899
749587899
751814691
751814691
250604897
250604897
2505141
2505141
2505141
2505141
500374747
500374747
500374747
500374747
855308652
855308652
855308652
855308652
427654326
427654326
427654326
427654326
377876599
377876599
377876599
377876599
524522897
524522897
524522897
524522897
676927220
676927220
891138642
891138642
676927220
676927220
676927220
676927220
743163569
743163569
233002001
233002001
338463610
338463610
676927220
676927220
445720049
445720049
814069585
814069585
445720049
445720049
445720049
445720049
247456583
247456583
247456583
247456583
622850468
622850468
622850468
622850468
114196102
114196102
370813485
370813485
158920065
158920065
158920065
158920065
508841593
508841593
508841593
508841593
567158092
567158092
567158092
567158092
725868395
725868395
725868395
725868395
453492437
453492437
453492437
453492437
927866442
927866442
927866442
927866442
787110620
787110620
787110620
787110620
836583583
836583583
836583583
836583583
836583583
836583583
513262043
513262043
364738936
364738936
729477872
729477872
364738936
364738936
364738936
364738936
789412141
789412141
789412141
789412141
789412141
789412141
893828247
893828247
251872298
251872298
749453668
749453668
749453668
749453668
749453668
749453668
254953911
254953911
509907822
509907822
500662983
500662983
500662983
500662983
125936149
125936149
125936149
125936149
254953911
254953911
254953911
254953911
784032931
784032931
784032931
784032931
891138642
891138642
676927220
676927220
213827163
213827163
213827163
213827163
35445731
35445731
516845042
516845042
711745307
711745307
711745307
711745307
425246261
425246261
425246261
425246261
712870884
712870884
142123946
142123946
283122315
283122315
283122315
283122315
425025526
425025526
212512763
212512763
948846586
948846586
948846586
948846586
515202042
515202042
171734014
171734014
294070261
294070261
294070261
294070261
650985109
650985109
650985109
650985109
563918351
563918351
853469019
853469019
962393335
962393335
962393335
962393335
635620387
635620387
635620387
635620387
806442858
806442858
614641363
614641363
537628572
537628572
614641363
614641363
105709967
105709967
105709967
105709967
105709967
105709967
317129901
317129901
640908359
640908359
640908359
640908359
231120181
231120181
409788178
409788178
26226092
26226092
26226092
26226092
614682267
614682267
614682267
614682267
314394811
314394811
437546388
437546388
617777638
617777638
538673997
538673997
549685981
549685981
549685981
549685981
875092776
875092776
875092776
875092776
310639515
310639515
310639515
310639515
310639515
310639515
931918545
931918545
177566007
177566007
177566007
177566007
974584142
974584142
974584142
974584142
389864340
389864340
129954780
129954780
340907578
340907578
340907578
340907578
154433161
154433161
308866322
308866322
787291555
787291555
787291555
787291555
308866322
308866322
308866322
308866322
768451676
768451676
768451676
768451676
623387167
623387167
623387167
623387167
623387167
623387167
623387167
623387167
692082399
692082399
692082399
692082399
230694133
230694133
230694133
230694133
692082399
692082399
692082399
692082399
230694133
230694133
692082399
692082399
742295984
742295984
742295984
742295984
468417515
468417515
821635407
821635407
583617138
583617138
194539046
194539046
389078092
389078092
389078092
389078092
536398796
536398796
536398796
536398796
619390007
619390007
619390007
619390007
429962834
429962834
429962834
429962834
915253142
915253142
915253142
915253142
788775102
788775102
262925034
262925034
262925034
262925034
788775102
788775102
250859424
250859424
250859424
250859424
125429712
125429712
376289136
376289136
542858395
542858395
513700916
513700916
378657837
378657837
378657837
378657837
393511880
393511880
393511880
393511880
196755940
196755940
590267820
590267820
916694681
916694681
916694681
916694681
957469517
957469517
957469517
957469517
424093007
424093007
424093007
424093007
232709225
232709225
232709225
232709225
847055337
847055337
695866321
695866321
695866321
695866321
847055337
847055337
922649845
922649845
922649845
922649845
922649845
922649845
960447099
960447099
261434701
261434701
261434701
261434701
887280487
887280487
887280487
887280487
522869402
522869402
522869402
522869402
261434701
261434701
784304103
784304103
378150175
378150175
136206172
136206172
514356347
514356347
514356347
514356347
975923698
975923698
931282388
931282388
443320539
443320539
886641078
886641078
599765269
599765269
599765269
599765269
921823165
921823165
640022506
640022506
16921552
16921552
50764656
50764656
154693159
154693159
154693159
154693159
571072738
571072738
285536369
285536369
571072738
571072738
571072738
571072738
392895742
392895742
392895742
392895742
463713365
463713365
463713365
463713365
638915602
638915602
638915602
638915602
186391234
186391234
186391234
186391234
400409781
400409781
133469927
133469927
533879708
533879708
533879708
533879708
726246920
726246920
726246920
726246920
92506675
92506675
92506675
92506675
272687757
272687757
272687757
272687757
184323026
184323026
184323026
184323026
375615920
375615920
790701542
790701542
790701542
790701542
375615920
375615920
612807704
612807704
612807704
612807704
612807704
612807704
612807704
612807704
187807960
187807960
187807960
187807960
187807960
187807960
563423880
563423880
977574216
977574216
325858072
325858072
610375870
610375870
610375870
610375870
58142800
58142800
174428400
174428400
116285600
116285600
116285600
116285600
645162726
645162726
215054242
215054242
645162726
645162726
322581363
322581363
3503762
3503762
10511286
10511286
10511286
10511286
3503762
3503762
589360753
589360753
793802553
793802553
529201702
529201702
529201702
529201702
643267859
643267859
643267859
643267859
584105110
584105110
169965867
169965867
137103814
137103814
137103814
137103814
652657017
652657017
652657017
652657017
725400471
725400471
241800157
241800157
725400471
725400471
241800157
241800157
620022255
620022255
620022255
620022255
52689108
52689108
52689108
52689108
300419766
300419766
901259298
901259298
841783009
841783009
841783009
841783009
763552337
763552337
763552337
763552337
450629649
450629649
150209883
150209883
828160469
828160469
828160469
828160469
601381957
601381957
805901518
805901518
729109876
729109876
190840922
190840922
237817055
237817055
713451165
713451165
731470223
731470223
731470223
731470223
197921963
197921963
197921963
197921963
949464729
949464729
949464729
949464729
949464729
949464729
973854541
973854541
648688827
648688827
947822128
947822128
648688827
648688827
947822128
947822128
299133301
299133301
299133301
299133301
648688827
648688827
947822128
947822128
885644359
885644359
885644359
885644359
530211061
530211061
530211061
530211061
289052259
289052259
867156777
867156777
578104518
578104518
578104518
578104518
694649867
694649867
846447110
846447110
694649867
694649867
846447110
846447110
135713156
135713156
67856578
67856578
423223555
423223555
423223555
423223555
744577740
744577740
744577740
744577740
372288870
372288870
372288870
372288870
744577740
744577740
237244514
237244514
372288870
372288870
372288870
372288870
872535382
872535382
621117440
621117440
336965827
336965827
336965827
336965827
173048729
173048729
173048729
173048729
723179145
723179145
723179145
723179145
830647467
830647467
830647467
830647467
495453695
495453695
830647467
830647467
116577340
116577340
349732020
349732020
116577340
116577340
349732020
349732020
764480921
764480921
764480921
764480921
948152189
948152189
948152189
948152189
797875697
797875697
797875697
797875697
731086145
731086145
731086145
731086145
702009571
702009571
702009571
702009571
480452699
480452699
480452699
480452699
651671190
651671190
651671190
651671190
260668476
260668476
260668476
260668476
347985073
347985073
448743142
448743142
897486284
897486284
897486284
897486284
803019333
803019333
803019333
803019333
267673111
267673111
267673111
267673111
441816237
441816237
147272079
147272079
331956152
331956152
331956152
331956152
198638276
198638276
397276552
397276552
465173635
465173635
397276552
397276552
860985184
860985184
586466846
586466846
449207677
449207677
898415354
898415354
263535779
263535779
263535779
263535779
55898763
55898763
55898763
55898763
244765759
244765759
244765759
244765759
489531518
489531518
489531518
489531518
828673408
828673408
828673408
828673408
659102463
659102463
659102463
659102463
543406587
543406587
181135529
181135529
724542116
724542116
362271058
362271058
128811394
128811394
128811394
128811394
128811394
128811394
128811394
128811394
981234566
981234566
981234566
981234566
981234566
981234566
981234566
981234566
954810424
954810424
954810424
954810424
607338992
607338992
867942566
867942566
33041465
33041465
676510057
676510057
354775761
354775761
354775761
354775761
26433172
26433172
26433172
26433172
367992347
367992347
735984694
735984694
243232600
243232600
413825651
413825651
24213183
24213183
72639549
72639549
72639549
72639549
535441951
535441951
744162916
744162916
744162916
744162916
735984694
735984694
578076349
578076349
323418676
323418676
440554343
440554343
859811292
859811292
582945170
582945170
444512109
444512109
444512109
444512109
951626439
951626439
951626439
951626439
487467698
487467698
487467698
487467698
464158741
464158741
464158741
464158741
951626439
951626439
951626439
951626439
88482688
88482688
88482688
88482688
88482688
88482688
362242347
362242347
450725035
450725035
450725035
450725035
176965376
176965376
176965376
176965376
843420749
843420749
843420749
843420749
804714848
804714848
611185343
611185343
239884613
239884613
719653839
719653839
719653839
719653839
719653839
719653839
458738809
458738809
458738809
458738809
188863655
188863655
566590965
566590965
832125062
832125062
499886480
499886480
832125062
832125062
832125062
832125062
431593365
431593365
714918859
714918859
428290803
428290803
286628056
286628056
571054404
571054404
143864455
143864455
571054404
571054404
143864455
143864455
538408226
538408226
844965644
844965644
99364632
99364632
99364632
99364632
342999591
342999591
342999591
342999591
670621972
670621972
670621972
670621972
651987297
651987297
651987297
651987297
651987297
651987297
651987297
651987297
781833693
781833693
781833693
781833693
911680089
911680089
911680089
911680089
654195729
654195729
654195729
654195729
62029421
62029421
62029421
62029421
160477078
160477078
160477078
160477078
320954156
320954156
160477078
160477078
170097082
170097082
510291246
510291246
948991372
948991372
850485410
850485410
680388328
680388328
680388328
680388328
241688202
241688202
241688202
241688202
959752447
959752447
959752447
959752447
614173694
614173694
614173694
614173694
633419647
633419647
633419647
633419647
652665600
652665600
652665600
652665600
543283959
543283959
543283959
543283959
951858809
951858809
951858809
951858809
923655976
923655976
923655976
923655976
283022533
283022533
283022533
283022533
737488070
737488070
911325592
911325592
737488070
737488070
911325592
911325592
596575433
596575433
596575433
596575433
569578495
569578495
569578495
569578495
368744035
368744035
368744035
368744035
368744035
368744035
368744035
368744035
455662796
455662796
368744035
368744035
737488070
737488070
911325592
911325592
46508625
46508625
139525875
139525875
139525875
139525875
139525875
139525875
139525875
139525875
139525875
139525875
93017250
93017250
93017250
93017250
949761529
949761529
901278705
901278705
961882235
961882235
961882235
961882235
483971294
483971294
453669529
453669529
980063294
980063294
980063294
980063294
901278705
901278705
949761529
949761529
925520117
925520117
974002941
974002941
901278705
901278705
949761529
949761529
961882235
961882235
986123647
986123647
595873588
595873588
595873588
595873588
595873588
595873588
193502823
193502823
986123647
986123647
961882235
961882235
992184000
992184000
980063294
980063294
831601216
831601216
609948523
609948523
532289357
532289357
532289357
532289357
359174726
359174726
359174726
359174726
718349452
718349452
718349452
718349452
843974266
843974266
535434092
535434092
226893918
226893918
75631306
75631306
683689229
683689229
683689229
683689229
762328010
762328010
762328010
762328010
915392611
915392611
915392611
915392611
218491685
218491685
738326797
738326797
206714926
206714926
206714926
206714926
413429852
413429852
413429852
413429852
637878988
637878988
637878988
637878988
956818482
956818482
915392611
915392611
421659769
421659769
421659769
421659769
133367477
133367477
709952061
709952061
874809162
874809162
874809162
874809162
125587756
125587756
125587756
125587756
704319699
704319699
704319699
704319699
278678686
278678686
425641013
425641013
230558983
230558983
614401668
614401668
230558983
230558983
230558983
230558983
546134816
546134816
640160095
640160095
188050558
188050558
188050558
188050558
137363848
137363848
68681924
68681924
137363848
137363848
137363848
137363848
486689229
486689229
486689229
486689229
262063431
262063431
786190293
786190293
134174650
134174650
67087325
67087325
134174650
134174650
134174650
134174650
505361782
505361782
505361782
505361782
265160102
265160102
265160102
265160102
504139187
504139187
504139187
504139187
600953416
600953416
600953416
600953416
860213929
860213929
860213929
860213929
762190452
762190452
290082650
290082650
743100758
743100758
743100758
743100758
232813568
232813568
232813568
232813568
975914326
975914326
975914326
975914326
975914326
975914326
975914326
975914326
694836714
694836714
694836714
694836714
694836714
694836714
347418357
347418357
7657230
7657230
7657230
7657230
231247608
231247608
693742824
693742824
344405725
344405725
688811450
688811450
895100052
895100052
895100052
895100052
956485440
956485440
956485440
956485440
604667545
604667545
815758282
815758282
959042222
959042222
919840091
919840091
959042222
959042222
919840091
919840091
567967095
567967095
567967095
567967095
883504370
883504370
883504370
883504370
352255184
352255184
58521199
58521199
763031567
763031567
763031567
763031567
782914630
782914630
782914630
782914630
536823518
536823518
536823518
536823518
532298377
532298377
532298377
532298377
532298377
532298377
532298377
532298377
286622203
286622203
428288852
428288852
787388832
787388832
576533311
576533311
369130529
369130529
109147234
109147234
473123847
473123847
473123847
473123847
203488034
203488034
610464102
610464102
657634502
657634502
657634502
657634502
348581589
348581589
348581589
348581589
3653878
3653878
10961634
10961634
469014059
469014059
469014059
469014059
408797824
408797824
228149119
228149119
540191928
540191928
270095964
270095964
202571973
202571973
67523991
67523991
180063976
180063976
540191928
540191928
815023383
815023383
815023383
815023383
103219041
103219041
103219041
103219041
727777258
727777258
727777258
727777258
112847167
112847167
112847167
112847167
338541501
338541501
338541501
338541501
99314067
99314067
99314067
99314067
318825751
318825751
318825751
318825751
757849119
757849119
252616373
252616373
757849119
757849119
757849119
757849119
701581147
701581147
701581147
701581147
701581147
701581147
701581147
701581147
281249026
281249026
426497793
426497793
849912750
849912750
849912750
849912750
261724398
261724398
261724398
261724398
425470181
425470181
425470181
425470181
695415475
695415475
392586597
392586597
846829914
846829914
544001036
544001036
278746210
278746210
278746210
278746210
952979117
952979117
952979117
952979117
952979117
952979117
975611735
975611735
482147713
482147713
493464022
493464022
350221461
350221461
116740487
116740487
557492420
557492420
674232907
674232907
384170388
384170388
768340776
768340776
96042597
96042597
96042597
96042597
788012092
788012092
788012092
788012092
577779831
577779831
788012092
788012092
714502578
714502578
147019028
147019028
430760803
430760803
430760803
430760803
858825076
858825076
619023143
619023143
543178901
543178901
543178901
543178901
517154487
517154487
517154487
517154487
517154487
517154487
517154487
517154487
387994436
387994436
387994436
387994436
988824932
988824932
969986090
969986090
152546401
152546401
383596918
383596918
152546401
152546401
383596918
383596918
484993045
484993045
969986090
969986090
708994786
708994786
708994786
708994786
397413857
397413857
397413857
397413857
988824932
988824932
988824932
988824932
182245986
182245986
546737958
546737958
372709112
372709112
789732606
789732606
283445718
283445718
283445718
283445718
850337154
850337154
283445718
283445718
656781858
656781858
972101221
972101221
630638726
630638726
315319363
315319363
630638726
630638726
315319363
315319363
972101221
972101221
656781858
656781858
679816403
679816403
839030378
839030378
679816403
679816403
839030378
839030378
531852764
531852764
531852764
531852764
65461175
65461175
687316627
687316627
966401558
966401558
934558763
934558763
934558763
934558763
934558763
934558763
89045317
89045317
362429890
362429890
89045317
89045317
362429890
362429890
837889732
837889732
837889732
837889732
418944866
418944866
418944866
418944866
628417299
628417299
628417299
628417299
837889732
837889732
837889732
837889732
296555777
296555777
647400065
647400065
822822209
822822209
822822209
822822209
258960026
258960026
776880078
776880078
296555777
296555777
764348161
764348161
890406042
890406042
890406042
890406042
27699554
27699554
674729420
674729420
847875174
847875174
847875174
847875174
273568408
273568408
423937587
423937587
761464440
761464440
287904614
287904614
524684527
524684527
524684527
524684527
299636074
299636074
299636074
299636074
841447141
841447141
841447141
841447141
134925854
134925854
134925854
134925854
980323228
980323228
944480978
944480978
76940906
76940906
153881812
153881812
556827856
556827856
556827856
556827856
345706683
345706683
691413366
691413366
737229285
737229285
215199149
215199149
522969859
522969859
522969859
522969859
554766769
554766769
517670374
517670374
225223357
225223357
450446714
450446714
815645140
815645140
815645140
815645140
436047265
436047265
436047265
436047265
717145809
717145809
717145809
717145809
402494552
402494552
402494552
402494552
201247276
201247276
402494552
402494552
816219343
816219343
604821232
604821232
907231848
907231848
907231848
907231848
727741221
727741221
727741221
727741221
186734957
186734957
727741221
727741221
107912298
107912298
215824596
215824596
107912298
107912298
215824596
215824596
871273546
871273546
617331932
617331932
744302739
744302739
744302739
744302739
462998949
462998949
925997898
925997898
969345771
969345771
969345771
969345771
834682034
834682034
507557396
507557396
180432758
180432758
725640488
725640488
671119715
671119715
671119715
671119715
180432758
180432758
90216379
90216379
965904568
965904568
901224998
901224998
965904568
965904568
901224998
901224998
261606338
261606338
261606338
261606338
48180999
48180999
523212676
523212676
996670359
996670359
996670359
996670359
995096365
995096365
995096365
995096365
623804346
623804346
873168685
873168685
873168685
873168685
873168685
873168685
557021397
557021397
557021397
557021397
672819838
672819838
336409919
336409919
185673799
185673799
557021397
557021397
777632875
777632875
557021397
557021397
968157117
968157117
322719039
322719039
645438078
645438078
645438078
645438078
292631803
292631803
645438078
645438078
983200735
983200735
983200735
983200735
780148723
780148723
889196538
889196538
780148723
780148723
780148723
780148723
788555732
788555732
788555732
788555732
117454824
117454824
352364472
352364472
491711219
491711219
476889304
476889304
727776037
727776037
186839405
186839405
476889304
476889304
476889304
476889304
238444652
238444652
476889304
476889304
81457267
81457267
81457267
81457267
162914534
162914534
162914534
162914534
102667583
102667583
205335166
205335166
658426130
658426130
658426130
658426130
92062425
92062425
92062425
92062425
92062425
92062425
92062425
92062425
647820972
647820972
647820972
647820972
297397591
297397591
297397591
297397591
516052470
516052470
33860587
33860587
33860587
33860587
344034980
344034980
997158531
997158531
994986887
994986887
141830749
141830749
141830749
141830749
809851819
809851819
809851819
809851819
527263018
527263018
263631509
263631509
541480987
541480987
626198608
626198608
720394875
720394875
720394875
720394875
797605031
797605031
931364579
931364579
128807291
128807291
128807291
128807291
251171787
251171787
251171787
251171787
446220050
446220050
446220050
446220050
279260850
279260850
279260850
279260850
279260850
279260850
279260850
279260850
695972572
695972572
695972572
695972572
621337218
621337218
865767301
865767301
575076767
575076767
726985948
726985948
151909181
151909181
303818362
303818362
965823694
965823694
965823694
965823694
589848031
589848031
589848031
589848031
355585260
355585260
711170520
711170520
237056840
237056840
237056840
237056840
355585260
355585260
355585260
355585260
355585260
355585260
711170520
711170520
981743968
981743968
981743968
981743968
321747861
321747861
965243583
965243583
414560115
414560115
829120230
829120230
829120230
829120230
829120230
829120230
678356938
678356938
678356938
678356938
102559591
102559591
102559591
102559591
141141699
141141699
569693026
569693026
926391946
926391946
641545433
641545433
14179114
14179114
14179114
14179114
7089557
7089557
21268671
21268671
703307206
703307206
703307206
703307206
113432912
113432912
703307206
703307206
508198431
508198431
526350940
526350940
36305018
36305018
36305018
36305018
696503779
696503779
93022631
93022631
828091514
828091514
828091514
828091514
633566741
633566741
633566741
633566741
441989775
441989775
441989775
441989775
537778258
537778258
537778258
537778258
537778258
537778258
537778258
537778258
603573870
603573870
201191290
201191290
693103893
693103893
693103893
693103893
611285967
611285967
611285967
611285967
804765160
804765160
804765160
804765160
631560185
631560185
631560185
631560185
448218101
448218101
896436202
896436202
163067866
163067866
163067866
163067866
593720754
593720754
593720754
593720754
202763969
202763969
202763969
202763969
335344033
335344033
335344033
335344033
501069113
501069113
501069113
501069113
401634065
401634065
401634065
401634065
958581223
958581223
958581223
958581223
286474466
286474466
572948932
572948932
167485076
167485076
334970152
334970152
83742538
83742538
251227614
251227614
604647288
604647288
604647288
604647288
762086114
762086114
919524940
919524940
121472716
121472716
121472716
121472716
807214404
807214404
616184455
616184455
753799860
753799860
264910874
264910874
264910874
264910874
264910874
264910874
725802596
725802596
180919082
180919082
906721678
906721678
815199003
815199003
144189457
144189457
144189457
144189457
288378914
288378914
288378914
288378914
887501032
887501032
887501032
887501032
887501032
887501032
887501032
887501032
229587724
229587724
409277359
409277359
409277359
409277359
409277359
409277359
938347808
938347808
938347808
938347808
938347808
938347808
938347808
938347808
768764968
768764968
309806198
309806198
669329920
669329920
11501054
11501054
340415487
340415487
340415487
340415487
803195904
803195904
803195904
803195904
289484269
289484269
289484269
289484269
289484269
289484269
289484269
289484269
818554718
818554718
818554718
818554718
818554718
818554718
938347808
938347808
763715324
763715324
381857662
381857662
763715324
763715324
920068010
920068010
692360182
692360182
692360182
692360182
20147960
20147960
672212222
672212222
735510176
735510176
735510176
735510176
400097199
400097199
133365733
133365733
504599040
504599040
504599040
504599040
358306814
358306814
358306814
358306814
605003740
605003740
534416031
534416031
141175418
141175418
141175418
141175418
201687610
201687610
201687610
201687610
245878513
245878513
737635539
737635539
97721197
97721197
195442394
195442394
195442394
195442394
730643700
730643700
445035252
445035252
336861403
336861403
862239125
862239125
862239125
862239125
979560762
979560762
942193580
942193580
471096790
471096790
942193580
942193580
766584830
766584830
383292415
383292415
921024512
921024512
766584830
766584830
119557977
119557977
558901165
558901165
558901165
558901165
558901165
558901165
666306417
666306417
666306417
666306417
671167507
671167507
556470620
556470620
147651902
147651902
147651902
147651902
908370839
908370839
908370839
908370839
728623811
728623811
728623811
728623811
788539487
788539487
788539487
788539487
63053262
63053262
63053262
63053262
52544385
52544385
52544385
52544385
938926432
938926432
938926432
938926432
938926432
938926432
469463216
469463216
216852681
216852681
216852681
216852681
216852681
216852681
216852681
216852681
764811837
764811837
764811837
764811837
764811837
764811837
764811837
764811837
404316340
404316340
202158170
202158170
242589804
242589804
80863268
80863268
323453072
323453072
646906144
646906144
161726536
161726536
161726536
161726536
323446602
323446602
323446602
323446602
970339806
970339806
970339806
970339806
340446524
340446524
340446524
340446524
834619725
834619725
834619725
834619725
622259117
622259117
810251735
810251735
648201388
648201388
648201388
648201388
935580147
935580147
872915941
872915941
872915941
872915941
935580147
935580147
630495478
630495478
542913277
542913277
718077679
718077679
718077679
718077679
762809792
762809792
919766166
919766166
684331605
684331605
684331605
684331605
193372430
193372430
193372430
193372430
193372430
193372430
193372430
193372430
233552536
233552536
410598963
410598963
821197926
821197926
821197926
821197926
392361349
392361349
784722698
784722698
392361349
392361349
784722698
784722698
870131360
870131360
955540022
955540022
784722698
784722698
784722698
784722698
703564519
703564519
703564519
703564519
540010645
540010645
621787582
621787582
981323244
981323244
327107748
327107748
327107748
327107748
981323244
981323244
915005004
915005004
457502502
457502502
457502502
457502502
915005004
915005004
457502502
457502502
915005004
915005004
558534009
558534009
558534009
558534009
890863570
890863570
890863570
890863570
629702641
629702641
629702641
629702641
860041211
860041211
583634927
583634927
890863570
890863570
890863570
890863570
849557813
849557813
849557813
849557813
651309093
651309093
651309093
651309093
517927013
517927013
517927013
517927013
638006348
638006348
878165018
878165018
663403452
663403452
663403452
663403452
442268968
442268968
442268968
442268968
442268968
442268968
442268968
442268968
663403452
663403452
663403452
663403452
366077365
366077365
454773906
454773906
366077365
366077365
682160859
682160859
959541683
959541683
920839013
920839013
946640793
946640793
946640793
946640793
104017809
104017809
34672603
34672603
344305652
344305652
344305652
344305652
173363015
173363015
585803684
585803684
173363015
173363015
173363015
173363015
375049304
375049304
790512670
790512670
790512670
790512670
375049304
375049304
340296615
340296615
113432205
113432205
226864410
226864410
226864410
226864410
548934742
548934742
548934742
548934742
99625131
99625131
199250262
199250262
932678513
932678513
932678513
932678513
230756811
230756811
230756811
230756811
531896660
531896660
531896660
531896660
331497297
331497297
664870825
664870825
99261566
99261566
698583424
698583424
99261566
99261566
698583424
698583424
574761479
574761479
726040084
726040084
574761479
574761479
574761479
574761479
574761479
574761479
726040084
726040084
514250037
514250037
514250037
514250037
465748239
465748239
465748239
465748239
665248421
665248421
831746387
831746387
124501753
124501753
374248702
374248702
457497685
457497685
457497685
457497685
517666200
517666200
554754247
554754247
74176094
74176094
74176094
74176094
309222823
309222823
435822392
435822392
705140187
705140187
118931855
118931855
621363362
621363362
310681681
310681681
826353685
826353685
482572349
482572349
647843086
647843086
647843086
647843086
647843086
647843086
647843086
647843086
970417889
970417889
942591425
942591425
226083087
226083087
678249261
678249261
428379930
428379930
428379930
428379930
428379930
428379930
428379930
428379930
546111216
546111216
546111216
546111216
310054931
310054931
310054931
310054931
782167501
782167501
782167501
782167501
133936945
133936945
566090649
566090649
724277057
724277057
176342465
176342465
310404453
310404453
310404453
310404453
13564805
13564805
40694415
40694415
105805479
105805479
35268493
35268493
166104457
166104457
166104457
166104457
498313371
498313371
166104457
166104457
631843981
631843981
631843981
631843981
631843981
631843981
631843981
631843981
891620138
891620138
891620138
891620138
290730732
290730732
290730732
290730732
35725760
35725760
35725760
35725760
17862880
17862880
17862880
17862880
183255790
183255790
183255790
183255790
174148523
174148523
174148523
174148523
586196438
586196438
760344961
760344961
586196438
586196438
586196438
586196438
457378167
457378167
457378167
457378167
41382822
41382822
124148466
124148466
180732390
180732390
180732390
180732390
266882377
266882377
421708910
421708910
2977553
2977553
2977553
2977553
2977553
2977553
8932659
8932659
543508585
543508585
543508585
543508585
809827036
809827036
602690463
602690463
840192383
840192383
840192383
840192383
840192383
840192383
524088443
524088443
207984503
207984503
207984503
207984503
524088443
524088443
840192383
840192383
897928412
897928412
897928412
897928412
318061977
318061977
318061977
318061977
639913903
639913903
546052752
546052752
733775054
733775054
366887527
366887527
194840141
194840141
730442949
730442949
462641545
462641545
462641545
462641545
85259860
85259860
255779580
255779580
85259860
85259860
255779580
255779580
505410837
505410837
168470279
168470279
927839565
927839565
927839565
927839565
857434777
857434777
857434777
857434777
857434777
857434777
857434777
857434777
656622307
656622307
551622220
551622220
896834942
896834942
896834942
896834942
251975546
251975546
755926638
755926638
759145915
759145915
759145915
759145915
85025426
85025426
85025426
85025426
389431735
389431735
389431735
389431735
513799570
513799570
513799570
513799570
348933213
348933213
48555286
48555286
137234496
137234496
411703488
411703488
205851744
205851744
68617248
68617248
969479751
969479751
323159917
323159917
646319834
646319834
646319834
646319834
739817646
739817646
739817646
739817646
704355171
704355171
116576807
116576807
809111153
809111153
809111153
809111153
950961053
950961053
950961053
950961053
908772444
908772444
908772444
908772444
163860107
163860107
163860107
163860107
234785057
234785057
234785057
234785057
851299762
851299762
851299762
851299762
195613066
195613066
195613066
195613066
638069225
638069225
915963322
915963322
588862468
588862468
588862468
588862468
147215617
147215617
147215617
147215617
717922332
717922332
717922332
717922332
31455658
31455658
31455658
31455658
752615222
752615222
752615222
752615222
425109714
425109714
425109714
425109714
68591049
68591049
68591049
68591049
791001549
791001549
791001549
791001549
996774696
996774696
332258232
332258232
996774696
996774696
996774696
996774696
996774696
996774696
996774696
996774696
498387348
498387348
498387348
498387348
951336832
951336832
857521790
857521790
155378632
155378632
155378632
155378632
735582351
735582351
245194117
245194117
621719235
621719235
621719235
621719235
245194117
245194117
245194117
245194117
490388234
490388234
490388234
490388234
980443590
980443590
980443590
980443590
944842064
944842064
980443590
980443590
517063102
517063102
505102485
505102485
841837475
841837475
529023719
529023719
70032961
70032961
356092438
356092438
356092438
356092438
70032961
70032961
260739279
260739279
260739279
260739279
890231095
890231095
782217837
782217837
2344648
2344648
2344648
2344648
333529667
333529667
2344648
2344648
653800210
653800210
653800210
653800210
93400030
93400030
93400030
93400030
520945867
520945867
506396740
506396740
520945867
520945867
506396740
506396740
238311409
238311409
412185254
412185254
618277881
618277881
206092627
206092627
593546751
593546751
188849149
188849149
169584786
169584786
169584786
169584786
769881363
769881363
769881363
769881363
769881363
769881363
769881363
769881363
52547682
52547682
52547682
52547682
512259097
512259097
538532938
538532938
860197373
860197373
860197373
860197373
956830259
956830259
874002071
874002071
42227330
42227330
42227330
42227330
42227330
42227330
42227330
42227330
268575547
268575547
268575547
268575547
126681990
126681990
126681990
126681990
321814151
321814151
321814151
321814151
990043878
990043878
330014626
330014626
538323886
538323886
538323886
538323886
789935093
789935093
789935093
789935093
404535478
404535478
404535478
404535478
935186554
935186554
935186554
935186554
146583763
146583763
293167526
293167526
293167526
293167526
293167526
293167526
614439969
614439969
614439969
614439969
614439969
614439969
806342161
806342161
619254865
619254865
619254865
619254865
50770633
50770633
349671662
349671662
586540092
586540092
586540092
586540092
761375923
761375923
761375923
761375923
732272322
732272322
732272322
732272322
389823004
389823004
389823004
389823004
320353836
320353836
106784612
106784612
327790405
327790405
327790405
327790405
884023172
884023172
655580810
655580810
655580810
655580810
327790405
327790405
806342161
806342161
806342161
806342161
518488873
518488873
518488873
518488873
586540092
586540092
195513364
195513364
316956889
316956889
950870667
950870667
400721865
400721865
203921242
203921242
101960621
101960621
101960621
101960621
27270310
27270310
27270310
27270310
163015777
163015777
387086710
387086710
97572079
97572079
97572079
97572079
584364213
584364213
584364213
584364213
67014038
67014038
67014038
67014038
273954108
273954108
821862324
821862324
959606529
959606529
959606529
959606529
978925441
978925441
978925441
978925441
947532209
947532209
981340305
981340305
962021393
962021393
962021393
962021393
37326625
37326625
37326625
37326625
74653250
74653250
223959750
223959750
149306500
149306500
298613000
298613000
37326625
37326625
37326625
37326625
392124040
392124040
463456131
463456131
183739442
183739442
551218326
551218326
598283655
598283655
796606612
796606612
198322957
198322957
594968871
594968871
652546143
652546143
959394076
959394076
959394076
959394076
479697038
479697038
976842073
976842073
955439793
955439793
976842073
976842073
976842073
976842073
440846761
440846761
479697038
479697038
267997656
267997656
267997656
267997656
803992968
803992968
401996484
401996484
652546143
652546143
652546143
652546143
144889165
144889165
144889165
144889165
358227962
358227962
716455924
716455924
579556660
579556660
289778330
289778330
289778330
289778330
289778330
289778330
717223405
717223405
571822586
571822586
285911293
285911293
285911293
285911293
42788900
42788900
128366700
128366700
111251140
111251140
333753420
333753420
749824410
749824410
749824410
749824410
126492262
126492262
374912205
374912205
328618752
328618752
328618752
328618752
657237504
657237504
657237504
657237504
950858717
950858717
950858717
950858717
927165899
927165899
974551535
974551535
879780263
879780263
879780263
879780263
721828143
721828143
721828143
721828143
628451546
628451546
628451546
628451546
751715815
751715815
751715815
751715815
928262692
928262692
928262692
928262692
946763791
946763791
946763791
946763791
566172151
566172151
566172151
566172151
44699983
44699983
44699983
44699983
357599864
357599864
357599864
357599864
268199898
268199898
536399796
536399796
505673739
505673739
505673739
505673739
730998157
730998157
576414170
576414170
443267923
443267923
443267923
443267923
886535846
886535846
961008184
961008184
370620088
370620088
185310044
185310044
370620088
370620088
185310044
185310044
370620088
370620088
113615911
113615911
586656189
586656189
586656189
586656189
151599108
151599108
151599108
151599108
871878395
871878395
619146479
619146479
833895198
833895198
277965066
277965066
555930132
555930132
113615911
113615911
625246792
625246792
625246792
625246792
468935094
468935094
937870188
937870188
625246792
625246792
625246792
625246792
468935094
468935094
937870188
937870188
758685462
758685462
252895154
252895154
26672526
26672526
26672526
26672526
534758193
534758193
606030226
606030226
606030226
606030226
534758193
534758193
579872456
579872456
579872456
579872456
150478929
150478929
451436787
451436787
635166729
635166729
635166729
635166729
907255834
907255834
907255834
907255834
440415157
440415157
440415157
440415157
579872456
579872456
161500559
161500559
307783351
307783351
307783351
307783351
870685136
870685136
870685136
870685136
205974660
205974660
205974660
205974660
288364524
288364524
865093572
865093572
164779728
164779728
494339184
494339184
988678368
988678368
329559456
329559456
182812691
182812691
182812691
182812691
182812691
182812691
548438073
548438073
365625382
365625382
365625382
365625382
365625382
365625382
182812691
182812691
140966453
140966453
712485053
712485053
567692206
567692206
521978853
521978853
567692206
567692206
567692206
567692206
567692206
567692206
283846103
283846103
137140059
137140059
45713353
45713353
38060565
38060565
38060565
38060565
853451506
853451506
853451506
853451506
327646259
327646259
327646259
327646259
671534210
671534210
671534210
671534210
667005729
667005729
4528481
4528481
758872347
758872347
878558350
878558350
56025667
56025667
351423340
351423340
257485930
257485930
128742965
128742965
749815385
749815385
749815385
749815385
982966224
982966224
327655408
327655408
655310816
655310816
655310816
655310816
578648372
578648372
578648372
578648372
718513699
718513699
718513699
718513699
818417504
818417504
818417504
818417504
315378545
315378545
946135635
946135635
331242251
331242251
331242251
331242251
921282572
921282572
767359010
767359010
997114953
997114953
995985553
995985553
997397303
997397303
997962003
997962003
68922761
68922761
206768283
206768283
681653925
681653925
681653925
681653925
45210292
45210292
45210292
45210292
11302573
11302573
11302573
11302573
575577512
575577512
857355406
857355406
314764373
314764373
944293119
944293119
714616963
714616963
714616963
714616963
430989573
430989573
430989573
430989573
422558164
422558164
473600839
473600839
371515489
371515489
371515489
371515489
633837246
633837246
633837246
633837246
211279082
211279082
211279082
211279082
796304329
796304329
796304329
796304329
796304329
796304329
594364305
594364305
39624287
39624287
39624287
39624287
796304329
796304329
594364305
594364305
519232610
519232610
519232610
519232610
778848915
778848915
259616305
259616305
589669578
589669578
589669578
589669578
181094803
181094803
181094803
181094803
255574038
255574038
511148076
511148076
511148076
511148076
511148076
511148076
712454214
712454214
237484738
237484738
712454214
712454214
712454214
712454214
652852557
652852557
652852557
652852557
307460761
307460761
652852557
652852557
212439228
212439228
70813076
70813076
683922303
683922303
683922303
683922303
503524487
503524487
503524487
503524487
521133729
521133729
565156834
565156834
570749733
570749733
143255113
143255113
760999644
760999644
760999644
760999644
225357937
225357937
225357937
225357937
418579541
418579541
418579541
418579541
426664075
426664075
426664075
426664075
474969476
474969476
426664075
426664075
803712146
803712146
803712146
803712146
282578417
282578417
847735251
847735251
414647732
414647732
414647732
414647732
759689041
759689041
759689041
759689041
660106546
660106546
321968739
321968739
708411947
708411947
708411947
708411947
949938952
949938952
949938952
949938952
949938952
949938952
949938952
949938952
778848915
778848915
778848915
778848915
559453477
559453477
120662601
120662601
330053273
330053273
330053273
330053273
474969476
474969476
474969476
474969476
891498916
891498916
891498916
891498916
891498916
891498916
891498916
891498916
432842571
432842571
715543462
715543462
144280857
144280857
144280857
144280857
498529556
498529556
249264778
249264778
498529556
498529556
498529556
498529556
249264778
249264778
249264778
249264778
498529556
498529556
498529556
498529556
53883753
53883753
17961251
17961251
947261147
947261147
947261147
947261147
104866959
104866959
104866959
104866959
656422615
656422615
551555656
551555656
2947061
2947061
2947061
2947061
285633681
285633681
285633681
285633681
285633681
285633681
285633681
285633681
291527803
291527803
644886078
644886078
920334393
920334393
920334393
920334393
881379413
881379413
881379413
881379413
219129426
219129426
219129426
219129426
219129426
219129426
657388278
657388278
280112403
280112403
639178378
639178378
678945541
678945541
559063298
559063298
758770244
758770244
918419650
918419650
958767567
958767567
319589189
319589189
684079855
684079855
841162104
841162104
273631942
273631942
273631942
273631942
715205724
715205724
238401908
238401908
953607632
953607632
953607632
953607632
525656054
525656054
578723809
578723809
578723809
578723809
578723809
578723809
53067755
53067755
53067755
53067755
578723809
578723809
578723809
578723809
931957715
931957715
931957715
931957715
114197777
114197777
114197777
114197777
556221065
556221065
114197777
114197777
114197777
114197777
703562161
703562161
372058741
372058741
117931870
117931870
853739981
853739981
564731237
564731237
372058741
372058741
372058741
372058741
372058741
372058741
117931870
117931870
455012296
455012296
455012296
455012296
484418883
484418883
484418883
484418883
117422528
117422528
352267584
352267584
176133792
176133792
176133792
176133792
982100904
982100904
327366968
327366968
175195448
175195448
175195448
175195448
449545083
449545083
149848361
149848361
299696722
299696722
899090166
899090166
200022927
200022927
200022927
200022927
5610846
5610846
2805423
2805423
2805423
2805423
5610846
5610846
500524888
500524888
500524888
500524888
830819311
830819311
495969227
495969227
663394269
663394269
663394269
663394269
830819311
830819311
830819311
830819311
495969227
495969227
747106790
747106790
764959052
764959052
298388450
298388450
149194225
149194225
298388450
298388450
340433988
340433988
340433988
340433988
23057611
23057611
23057611
23057611
661880049
661880049
661880049
661880049
65103149
65103149
65103149
65103149
65103149
65103149
65103149
65103149
130206298
130206298
130206298
130206298
109440460
109440460
328321380
328321380
847897002
847897002
847897002
847897002
376257355
376257355
130527712
130527712
991585943
991585943
991585943
991585943
940291017
940291017
882337681
882337681
969267685
969267685
911314349
911314349
725139722
725139722
725139722
725139722
710651388
710651388
236883796
236883796
882337681
882337681
940291017
940291017
954779351
954779351
954779351
954779351
882337681
882337681
626860678
626860678
626860678
626860678
882337681
882337681
613573118
613573118
842475001
842475001
909474068
909474068
731933498
731933498
702343403
702343403
702343403
702343403
879883973
879883973
879883973
879883973
65016
65016
195048
195048
325080
325080
162540
162540
683046935
683046935
52652099
52652099
893655331
893655331
945949842
945949842
315383178
315383178
315383178
315383178
211193540
211193540
735894082
735894082
778132790
778132790
778132790
778132790
778132790
778132790
778132790
778132790
214308822
214308822
214308822
214308822
115397058
115397058
346191174
346191174
247279410
247279410
82426470
82426470
98911764
98911764
98911764
98911764
292492437
292492437
97497479
97497479
97497479
97497479
97497479
97497479
795492874
795492874
795492874
795492874
192409451
192409451
192409451
192409451
366184283
366184283
366184283
366184283
787557663
787557663
366184283
366184283
492596297
492596297
829695001
829695001
492596297
492596297
829695001
829695001
46916067
46916067
46916067
46916067
313548126
313548126
940644378
940644378
674012319
674012319
674012319
674012319
836128336
836128336
836128336
836128336
511463202
511463202
170487734
170487734
264383289
264383289
264383289
264383289
426219335
426219335
426219335
426219335
852438670
852438670
426219335
426219335
776109873
776109873
331840913
331840913
331840913
331840913
776109873
776109873
83970854
83970854
83970854
83970854
250031383
250031383
250031383
250031383
920123429
920123429
920123429
920123429
920123429
920123429
972204045
972204045
479217242
479217242
479217242
479217242
439407373
439407373
439407373
439407373
132358463
132358463
132358463
132358463
282650704
282650704
282650704
282650704
986581863
986581863
986581863
986581863
657721242
657721242
657721242
657721242
301872523
301872523
301872523
301872523
603745046
603745046
209245739
209245739
957720135
957720135
319240045
319240045
307661697
307661697
307661697
307661697
209245739
209245739
209245739
209245739
735244815
735244815
735244815
735244815
980326420
980326420
659523591
659523591
641605658
641605658
641605658
641605658
295057087
295057087
885171261
885171261
941707807
941707807
885171261
885171261
323325360
323325360
323325360
323325360
323325360
323325360
323325360
323325360
394487948
394487948
185219491
185219491
810623231
810623231
935703979
935703979
497921361
497921361
497921361
497921361
914056644
914056644
914056644
914056644
34330936
34330936
68661872
68661872
773161954
773161954
322997156
322997156
238630117
238630117
715890351
715890351
238630117
238630117
715890351
715890351
535111977
535111977
535111977
535111977
178370659
178370659
178370659
178370659
471122798
471122798
415124041
415124041
471122798
471122798
471122798
471122798
553305105
553305105
661670962
661670962
895566065
895566065
690209489
690209489
835760647
835760647
835760647
835760647
940214458
940214458
940214458
940214458
664539917
664539917
664539917
664539917
163983263
163983263
581113808
581113808
664539917
664539917
664539917
664539917
330835481
330835481
661670962
661670962
610743159
610743159
833985124
833985124
39321824
39321824
39321824
39321824
203581053
203581053
203581053
203581053
58982736
58982736
19660912
19660912
491132323
491132323
491132323
491132323
744688338
744688338
237576308
237576308
992325943
992325943
992325943
992325943
992325943
992325943
980489123
980489123
403645633
403645633
403645633
403645633
807291266
807291266
807291266
807291266
152810572
152810572
152810572
152810572
76736995
76736995
76736995
76736995
570876523
570876523
143508693
143508693
143508693
143508693
47836231
47836231
382689848
382689848
765379696
765379696
382689848
382689848
382689848
382689848
107429915
107429915
107429915
107429915
214859830
214859830
214859830
214859830
214859830
214859830
107429915
107429915
214859830
214859830
214859830
214859830
645479304
645479304
938193559
938193559
232663461
232663461
615453907
615453907
292714255
292714255
292714255
292714255
746269318
746269318
746269318
746269318
390487156
390487156
195243578
195243578
390487156
390487156
462910503
462910503
223613999
223613999
223613999
223613999
223613999
223613999
447227998
447227998
893937543
893937543
893937543
893937543
944334427
944334427
647526260
647526260
349947272
349947272
174973636
174973636
539276650
539276650
539276650
539276650
911840202
911840202
911840202
911840202
911840202
911840202
911840202
911840202
262276864
262276864
420173739
420173739
840347478
840347478
840347478
840347478
840785251
840785251
919514802
919514802
535962971
535962971
535962971
535962971
121928912
121928912
121928912
121928912
121928912
121928912
121928912
121928912
407617387
407617387
407617387
407617387
937241160
937241160
937241160
937241160
927913758
927913758
309304586
309304586
548278577
548278577
773261465
773261465
843517044
843517044
421758522
421758522
281172348
281172348
281172348
281172348
407617387
407617387
407617387
407617387
843517044
843517044
281172348
281172348
690860247
690860247
690860247
690860247
15218407
15218407
45655221
45655221
968734066
968734066
909713492
909713492
454856746
454856746
454856746
454856746
526237351
526237351
580467700
580467700
526237351
526237351
526237351
526237351
19505971
19505971
58517913
58517913
253577623
253577623
417273992
417273992
845354440
845354440
845354440
845354440
422677220
422677220
269787307
269787307
222566699
222566699
739685135
739685135
317007915
317007915
317007915
317007915
800042201
800042201
800042201
800042201
205435745
205435745
205435745
205435745
824817470
824817470
477963704
477963704
676165856
676165856
676165856
676165856
404443526
404443526
404443526
404443526
43017245
43017245
43017245
43017245
361426281
361426281
361426281
361426281
533495261
533495261
533495261
533495261
600233058
600233058
600233058
600233058
606665289
606665289
606665289
606665289
172068980
172068980
722852562
722852562
447460771
447460771
447460771
447460771
841136865
841136865
526921889
526921889
526921889
526921889
526921889
526921889
789319381
789319381
371469437
371469437
278708423
278708423
758399043
758399043
697701548
697701548
697701548
697701548
479308151
479308151
825265619
825265619
872126935
872126935
746009517
746009517
404534113
404534113
404534113
404534113
684291075
684291075
684291075
684291075
721086612
721086612
721086612
721086612
924653279
924653279
973713995
973713995
924653279
924653279
973713995
973713995
924653279
924653279
973713995
973713995
924653279
924653279
973713995
973713995
407133334
407133334
407133334
407133334
600905510
600905510
804472177
804472177
939712107
939712107
939712107
939712107
626474738
626474738
626474738
626474738
688203155
688203155
688203155
688203155
223141358
223141358
739876688
739876688
618679000
618679000
618679000
618679000
618679000
618679000
618679000
618679000
773348750
773348750
548453147
548453147
80889386
80889386
80889386
80889386
738645285
738645285
738645285
738645285
179295230
179295230
179295230
179295230
179295230
179295230
89647615
89647615
815918976
815918976
815918976
815918976
154547382
154547382
463642146
463642146
927284292
927284292
309094764
309094764
222540630
222540630
445081260
445081260
148360420
148360420
445081260
445081260
557240671
557240671
557240671
557240671
634731997
634731997
634731997
634731997
544325450
544325450
634731997
634731997
518495008
518495008
518495008
518495008
581262155
581262155
859250287
859250287
581262155
581262155
859250287
859250287
581262155
581262155
789753254
789753254
859250287
859250287
859250287
859250287
111925894
111925894
111925894
111925894
266804407
266804407
421682920
421682920
111391265
111391265
111391265
111391265
666209074
666209074
554817809
554817809
821087587
821087587
821087587
821087587
555352438
555352438
555352438
555352438
776531081
776531081
776531081
776531081
665674445
665674445
831959399
831959399
927751094
927751094
463875547
463875547
98345572
98345572
98345572
98345572
348841858
348841858
174420929
174420929
289454618
289454618
289454618
289454618
750875089
750875089
750875089
750875089
627190457
627190457
627190457
627190457
797027
797027
2391081
2391081
500317717
500317717
500317717
500317717
577657450
577657450
734727997
734727997
261784245
261784245
261784245
261784245
328652022
328652022
109550674
109550674
54775337
54775337
54775337
54775337
669821245
669821245
556021866
556021866
669821245
669821245
556021866
556021866
203965087
203965087
203965087
203965087
300552360
300552360
901657080
901657080
830377766
830377766
942288824
942288824
886333295
886333295
662511179
662511179
774422237
774422237
774422237
774422237
550600121
550600121
774422237
774422237
774422237
774422237
550600121
550600121
550600121
550600121
550600121
550600121
359233354
359233354
718466708
718466708
942288824
942288824
830377766
830377766
716229014
716229014
434213675
434213675
434213675
434213675
810234127
810234127
963749012
963749012
963749012
963749012
722811759
722811759
722811759
722811759
10837462
10837462
10837462
10837462
21674924
21674924
21674924
21674924
774422237
774422237
550600121
550600121
886333295
886333295
886333295
886333295
879881751
879881751
879881751
879881751
879881751
879881751
879881751
879881751
406431343
406431343
406431343
406431343
702337848
702337848
702337848
702337848
408421402
408421402
204210701
204210701
402719114
402719114
402719114
402719114
624364262
624364262
624364262
624364262
500968342
500968342
500968342
500968342
567883796
567883796
567883796
567883796
567883796
567883796
854790834
854790834
604592275
604592275
604592275
604592275
801418314
801418314
801418314
801418314
275046478
275046478
275046478
275046478
424430277
424430277
424430277
424430277
705407035
705407035
705407035
705407035
532302116
532302116
532302116
532302116
153347971
153347971
153347971
153347971
729144133
729144133
460043913
460043913
383864108
383864108
383864108
383864108
191932054
191932054
383864108
383864108
335233655
335233655
7456612
7456612
201140193
201140193
603420579
603420579
89855151
89855151
29951717
29951717
389372321
389372321
389372321
389372321
265154221
265154221
265154221
265154221
428917597
428917597
857835194
857835194
62372531
62372531
62372531
62372531
265154221
265154221
795462663
795462663
519432856
519432856
505892403
505892403
40621359
40621359
13540453
13540453
857782112
857782112
576857630
576857630
667138441
667138441
667138441
667138441
51571314
51571314
51571314
51571314
51571314
51571314
51571314
51571314
440327994
440327994
880655988
880655988
587103992
587103992
587103992
587103992
88483439
88483439
694990715
694990715
833988858
833988858
833988858
833988858
464132618
464132618
232066309
232066309
784599659
784599659
784599659
784599659
793902526
793902526
385218872
385218872
778259338
778259338
338289308
338289308
428464707
428464707
713354530
713354530
142821569
142821569
428464707
428464707
347897971
347897971
448714108
448714108
347897971
347897971
347897971
347897971
897428216
897428216
695795942
695795942
594979805
594979805
594979805
594979805
375752797
375752797
457999050
457999050
293506544
293506544
293506544
293506544
809562696
809562696
432199382
432199382
432199382
432199382
809562696
809562696
11289317
11289317
11289317
11289317
504766835
504766835
516056152
516056152
11289317
11289317
11289317
11289317
504766835
504766835
516056152
516056152
903463799
903463799
903463799
903463799
761292968
761292968
380646484
380646484
52485321
52485321
52485321
52485321
104970642
104970642
314911926
314911926
546256640
546256640
640525567
640525567
987542638
987542638
987542638
987542638
535554925
535554925
535554925
535554925
304210211
304210211
651227282
651227282
316369695
316369695
632739390
632739390
210913130
210913130
632739390
632739390
928508635
928508635
928508635
928508635
893640776
893640776
893640776
893640776
308012154
308012154
308012154
308012154
308012154
308012154
308012154
308012154
182532823
182532823
182532823
182532823
182532823
182532823
393592392
393592392
456038479
456038479
912076958
912076958
912076958
912076958
912076958
912076958
425477965
425477965
278189542
278189542
219748019
219748019
219748019
219748019
302449680
302449680
604899360
604899360
201633120
201633120
604899360
604899360
863401545
863401545
863401545
863401545
863401545
863401545
863401545
863401545
93748120
93748120
187496240
187496240
46874060
46874060
140622180
140622180
11718515
11718515
35155545
35155545
575292524
575292524
152340695
152340695
587011039
587011039
528418464
528418464
587011039
587011039
528418464
528418464
23437030
23437030
70311090
70311090
58592575
58592575
117185150
117185150
228186517
228186517
684559551
684559551
456373034
456373034
456373034
456373034
602587333
602587333
809517646
809517646
988089720
988089720
988089720
988089720
806317222
806317222
422462960
422462960
614390091
614390091
614390091
614390091
51478264
51478264
51478264
51478264
25739132
25739132
77217396
77217396
205184899
205184899
615554697
615554697
820739596
820739596
410369798
410369798
902571939
902571939
902571939
902571939
902571939
902571939
300857313
300857313
214411613
214411613
214411613
214411613
527944709
527944709
527944709
527944709
508956112
508956112
508956112
508956112
329753170
329753170
442665841
442665841
92015764
92015764
276047292
276047292
276047292
276047292
92015764
92015764
105547494
105547494
316642482
316642482
211094988
211094988
211094988
211094988
284166330
284166330
284166330
284166330
265221908
265221908
265221908
265221908
94722110
94722110
47361055
47361055
94722110
94722110
94722110
94722110
584286575
584286575
584286575
584286575
584286575
584286575
584286575
584286575
80583137
80583137
692357281
692357281
772940418
772940418
386470209
386470209
465449009
465449009
820645905
820645905
643047457
643047457
643047457
643047457
458298046
458298046
376649785
376649785
687447069
687447069
376649785
376649785
812545556
812545556
812545556
812545556
406272778
406272778
220573981
220573981
736522278
736522278
245507426
245507426
229292777
229292777
229292777
229292777
803844609
803844609
267948203
267948203
341496662
341496662
341496662
341496662
779328456
779328456
389664228
389664228
389664228
389664228
779328456
779328456
378280551
378280551
126093517
126093517
875652097
875652097
875652097
875652097
572697756
572697756
572697756
572697756
190899252
190899252
572697756
572697756
932850799
932850799
965547576
965547576
643698384
643698384
643698384
643698384
972035578
972035578
972035578
972035578
144533413
144533413
144533413
144533413
207314937
207314937
207314937
207314937
810094582
810094582
810094582
810094582
311730306
311730306
103910102
103910102
935696185
935696185
935696185
935696185
572007027
572007027
572007027
572007027
509534298
509534298
509534298
509534298
145769701
145769701
145769701
145769701
145769701
145769701
145769701
145769701
460818304
460818304
460818304
460818304
338245912
338245912
445496755
445496755
936958157
936958157
936958157
936958157
906315059
906315059
906315059
906315059
698190708
698190708
349095354
349095354
586396015
586396015
760943692
760943692
760943692
760943692
380471846
380471846
174547677
174547677
174547677
174547677
468230648
468230648
406447591
406447591
362227907
362227907
362227907
362227907
896788081
896788081
795331809
795331809
922152149
922152149
922152149
922152149
918986852
918986852
918986852
918986852
380235925
380235925
459493426
459493426
749496591
749496591
749496591
749496591
312561355
312561355
312561355
312561355
748793637
748793637
748793637
748793637
499195758
499195758
499195758
499195758
237045186
237045186
237045186
237045186
118522593
118522593
355567779
355567779
486655280
486655280
461721487
461721487
461721487
461721487
729982920
729982920
912478650
912478650
912478650
912478650
279225757
279225757
425823370
425823370
377875898
377875898
791454868
791454868
791454868
791454868
377875898
377875898
882328336
882328336
626857563
626857563
882328336
882328336
626857563
626857563
249333910
249333910
249333910
249333910
249333910
249333910
249333910
249333910
374000865
374000865
123758242
123758242
246607771
246607771
246607771
246607771
639612121
639612121
639612121
639612121
609982638
609982638
203327546
203327546
984856018
984856018
958079348
958079348
958079348
958079348
958079348
958079348
304991319
304991319
609982638
609982638
354073850
354073850
63977197
63977197
125675203
125675203
125675203
125675203
125675203
125675203
125675203
125675203
678793720
678793720
678793720
678793720
678793720
678793720
678793720
678793720
64510788
64510788
64510788
64510788
64510788
64510788
64510788
64510788
533702193
533702193
765973273
765973273
355801462
355801462
355801462
355801462
807150067
807150067
807150067
807150067
451348605
451348605
451348605
451348605
726907851
726907851
184234847
184234847
465602886
465602886
155200962
155200962
533702193
533702193
765973273
765973273
765973273
765973273
533702193
533702193
677240327
677240327
677240327
677240327
35232275
35232275
516738314
516738314
952985180
952985180
952985180
952985180
907726007
907726007
907726007
907726007
95256623
95256623
95256623
95256623
546750488
546750488
95256623
95256623
938045171
938045171
938045171
938045171
637049261
637049261
637049261
637049261
212680277
212680277
212680277
212680277
605462315
605462315
212680277
212680277
912903430
912903430
912903430
912903430
827562507
827562507
275854169
275854169
660526932
660526932
322809511
322809511
660526932
660526932
660526932
660526932
886665740
886665740
443332870
443332870
886665740
886665740
886665740
886665740
29628537
29628537
29628537
29628537
29628537
29628537
29628537
29628537
237028296
237028296
237028296
237028296
355542444
355542444
118514148
118514148
221782568
221782568
665347704
665347704
221782568
221782568
221782568
221782568
166336926
166336926
166336926
166336926
388119494
388119494
388119494
388119494
870248142
870248142
290082714
290082714
253512368
253512368
253512368
253512368
974547459
974547459
974547459
974547459
974547459
974547459
974547459
974547459
589739319
589739319
589739319
589739319
662233033
662233033
553492462
553492462
188907029
188907029
377814058
377814058
196579773
196579773
196579773
196579773
544042670
544042670
846843792
846843792
326425602
326425602
108808534
108808534
517245605
517245605
517245605
517245605
770973604
770973604
770973604
770973604
264818170
264818170
421020841
421020841
421020841
421020841
421020841
421020841
633771454
633771454
633771454
633771454
368953284
368953284
368953284
368953284
165240876
165240876
330481752
330481752
165240876
165240876
165240876
165240876
220321168
220321168
220321168
220321168
330481752
330481752
330481752
330481752
509531057
509531057
509531057
509531057
83271044
83271044
41635522
41635522
529944634
529944634
591589549
591589549
123289830
123289830
123289830
123289830
540606082
540606082
512950145
512950145
27655937
27655937
27655937
27655937
568262019
568262019
783253186
783253186
568262019
568262019
568262019
568262019
66559227
66559227
66559227
66559227
522893329
522893329
522893329
522893329
541910251
541910251
513384868
513384868
570435634
570435634
522893329
522893329
691641502
691641502
691641502
691641502
691641502
691641502
691641502
691641502
552602768
552602768
552602768
552602768
276301384
276301384
828904152
828904152
638404463
638404463
638404463
638404463
278564573
278564573
557129146
557129146
365920610
365920610
365920610
365920610
731841220
731841220
731841220
731841220
624942105
624942105
624942105
624942105
624942105
624942105
624942105
624942105
208314035
208314035
624942105
624942105
624942105
624942105
811593229
811593229
723648093
723648093
723648093
723648093
723648093
723648093
723648093
723648093
67884719
67884719
67884719
67884719
435388903
435388903
307922356
307922356
506808804
506808804
506808804
506808804
562473277
562473277
689175478
689175478
4439858
4439858
13319574
13319574
4439858
4439858
4439858
4439858
231142963
231142963
231142963
231142963
231142963
231142963
231142963
231142963
270713376
270713376
270713376
270713376
406070064
406070064
406070064
406070064
30079264
30079264
30079264
30079264
60158528
60158528
60158528
60158528
75198160
75198160
37599080
37599080
37599080
37599080
37599080
37599080
852498232
852498232
852498232
852498232
616914195
616914195
852498232
852498232
706752111
706752111
852498232
852498232
706752111
706752111
235584037
235584037
976998459
976998459
934506671
934506671
913260777
913260777
913260777
913260777
483187756
483187756
966375512
966375512
966375512
966375512
987621406
987621406
409220340
409220340
204610170
204610170
163688136
163688136
163688136
163688136
900284748
900284748
900284748
900284748
450142374
450142374
900284748
900284748
726936176
726936176
455627999
455627999
363468088
363468088
92159911
92159911
673489709
673489709
673489709
673489709
721450551
721450551
721450551
721450551
69287686
69287686
138575372
138575372
138575372
138575372
69287686
69287686
948917368
948917368
948917368
948917368
474458684
474458684
425131699
425131699
227191396
227191396
454382792
454382792
454382792
454382792
454382792
454382792
850867557
850867557
850867557
850867557
887711756
887711756
887711756
887711756
495385104
495385104
247692552
247692552
805986818
805986818
421471748
421471748
5679584
5679584
667389430
667389430
2839792
2839792
2839792
2839792
324800674
324800674
441015009
441015009
719629681
719629681
162400337
162400337
789283349
789283349
789283349
789283349
23093001
23093001
23093001
23093001
467916894
467916894
233958447
233958447
233958447
233958447
233958447
233958447
311944596
311944596
311944596
311944596
467916894
467916894
233958447
233958447
467916894
467916894
155972298
155972298
480399007
480399007
492881120
492881120
807398746
807398746
807398746
807398746
212853766
212853766
403699373
403699373
894042461
894042461
894042461
894042461
894042461
894042461
963510389
963510389
269526540
269526540
269526540
269526540
269526540
269526540
808579620
808579620
271161094
271161094
813483282
813483282
813483282
813483282
406741641
406741641
875961255
875961255
291987085
291987085
875961255
875961255
291987085
291987085
244603998
244603998
733811994
733811994
489207996
489207996
489207996
489207996
489207996
489207996
489207996
489207996
733811994
733811994
244603998
244603998
362054077
362054077
453432810
453432810
51722011
51722011
51722011
51722011
628427204
628427204
628427204
628427204
453432810
453432810
453432810
453432810
357319585
357319585
357319585
357319585
184286005
184286005
368572010
368572010
209463205
209463205
628389615
628389615
628389615
628389615
813316984
813316984
693818511
693818511
693818511
693818511
541605590
541605590
84966827
84966827
488000919
488000919
488000919
488000919
488000919
488000919
488000919
488000919
853804438
853804438
853804438
853804438
282462304
282462304
426902219
426902219
426902219
426902219
282462304
282462304
426902219
426902219
426902219
426902219
123577258
123577258
123577258
123577258
373940537
373940537
373940537
373940537
356286643
356286643
356286643
356286643
176538940
176538940
353077880
353077880
885325375
885325375
772406397
772406397
941784864
941784864
941784864
941784864
353169324
353169324
706338648
706338648
235446216
235446216
706338648
706338648
434324620
434324620
304729507
304729507
868649240
868649240
609459014
609459014
269421719
269421719
269421719
269421719
269421719
269421719
269421719
269421719
587240634
587240634
587240634
587240634
587240634
587240634
587240634
587240634
550777824
550777824
550777824
550777824
550777824
550777824
654089119
654089119
305408315
305408315
305408315
305408315
610816630
610816630
610816630
610816630
53895585
53895585
53895585
53895585
903339064
903339064
808433775
808433775
574781238
574781238
191593746
191593746
498423293
498423293
498423293
498423293
306829547
306829547
306829547
306829547
537301149
537301149
537301149
537301149
690584670
690584670
690584670
690584670
75265304
75265304
690584670
690584670
948957110
948957110
474478555
474478555
981815272
981815272
948957110
948957110
121626777
121626777
121626777
121626777
121626777
121626777
121626777
121626777
486507108
486507108
486507108
486507108
243253554
243253554
243253554
243253554
230386915
230386915
230386915
230386915
138232149
138232149
46077383
46077383
583844742
583844742
291922371
291922371
368619064
368619064
368619064
368619064
923818637
923818637
973435781
973435781
923818637
923818637
923818637
923818637
954829352
954829352
954829352
954829352
992042210
992042210
992042210
992042210
864403582
864403582
730562811
730562811
238688816
238688816
745059174
745059174
491873995
491873995
477377632
477377632
745059174
745059174
745059174
745059174
552144712
552144712
552144712
552144712
516796355
516796355
552144712
552144712
349662126
349662126
116554042
116554042
699324252
699324252
233108084
233108084
366858624
366858624
366858624
366858624
122286208
122286208
366858624
366858624
305715520
305715520
305715520
305715520
305715520
305715520
305715520
305715520
840739366
840739366
840739366
840739366
914384247
914384247
304794749
304794749
535944617
535944617
609589498
609589498
304794749
304794749
609589498
609589498
882669419
882669419
651519551
651519551
420369683
420369683
420369683
420369683
239078575
239078575
239078575
239078575
890598126
890598126
296866042
296866042
472197477
472197477
735220915
735220915
735220915
735220915
735220915
735220915
433366317
433366317
715805335
715805335
433366317
433366317
433366317
433366317
758492539
758492539
585578964
585578964
931406114
931406114
465703057
465703057
439184223
439184223
439184223
439184223
439184223
439184223
146394741
146394741
832141637
832141637
832141637
832141637
333833489
333833489
333833489
333833489
400781385
400781385
204099802
204099802
408199604
408199604
801562770
801562770
613724808
613724808
204574936
204574936
409149872
409149872
409149872
409149872
218416829
218416829
738301845
738301845
613724808
613724808
204574936
204574936
588070889
588070889
861519865
861519865
861519865
861519865
588070889
588070889
735227299
735227299
735227299
735227299
103579552
103579552
103579552
103579552
674893056
674893056
674893056
674893056
674893056
674893056
351541759
351541759
489283482
489283482
489283482
489283482
351541759
351541759
449928704
449928704
608778914
608778914
608778914
608778914
43862695
43862695
43862695
43862695
564916219
564916219
564916219
564916219
652641609
652641609
959680474
959680474
87725390
87725390
87725390
87725390
219313475
219313475
219313475
219313475
219313475
219313475
608778914
608778914
608778914
608778914
608778914
608778914
879834184
879834184
643013846
643013846
304771006
304771006
304771006
304771006
33975334
33975334
101926002
101926002
67950668
67950668
67950668
67950668
84686585
84686585
84686585
84686585
778411682
778411682
778411682
778411682
803704370
803704370
803704370
803704370
816476589
816476589
634708825
634708825
159478141
159478141
159478141
159478141
59051317
59051317
118102634
118102634
894282367
894282367
894282367
894282367
437058916
437058916
437058916
437058916
296086160
296086160
296086160
296086160
296086160
296086160
148043080
148043080
666193860
666193860
666193860
666193860
666193860
666193860
666193860
666193860
85692831
85692831
257078493
257078493
342771324
342771324
342771324
342771324
997768933
997768933
997768933
997768933
665100052
665100052
997055803
997055803
597974086
597974086
795677905
795677905
795677905
795677905
896961129
896961129
371094493
371094493
371094493
371094493
371094493
371094493
684669423
684669423
5759102
5759102
2879551
2879551
5759102
5759102
5759102
5759102
938553660
938553660
938553660
938553660
315730771
315730771
437991708
437991708
5759102
5759102
5759102
5759102
500561952
500561952
500561952
500561952
750842928
750842928
750842928
750842928
753722479
753722479
753722479
753722479
856011957
856011957
285337319
285337319
285337319
285337319
285337319
285337319
285337319
285337319
856011957
856011957
570674638
570674638
570674638
570674638
261302094
261302094
261302094
261302094
261302094
261302094
261302094
261302094
137991241
137991241
378745198
378745198
757490396
757490396
757490396
757490396
962476797
962476797
890941685
890941685
605883642
605883642
819406573
819406573
270157913
270157913
270157913
270157913
705090424
705090424
705090424
705090424
994084748
994084748
994084748
994084748
881622449
881622449
959370385
959370385
764505621
764505621
764505621
764505621
939809670
939809670
822940304
822940304
589041971
589041971
589041971
589041971
84148853
84148853
84148853
84148853
647648217
647648217
647648217
647648217
647648217
647648217
647648217
647648217
543898603
543898603
633451456
633451456
633451456
633451456
543898603
543898603
289657567
289657567
289657567
289657567
514679308
514679308
31114263
31114263
550419695
550419695
550419695
550419695
876927061
876927061
937585707
937585707
856957351
856957351
856957351
856957351
856957351
856957351
856957351
856957351
638202560
638202560
638202560
638202560
878230422
878230422
638202560
638202560
913528637
913528637
744097205
744097205
913528637
913528637
744097205
744097205
8513873
8513873
25541619
25541619
17027746
17027746
17027746
17027746
8513873
8513873
8513873
8513873
8513873
8513873
8513873
8513873
525115470
525115470
51986587
51986587
210046188
210046188
630138564
630138564
420092376
420092376
420092376
420092376
840184752
840184752
840184752
840184752
432986548
432986548
300715291
300715291
300715291
300715291
649479822
649479822
361497481
361497481
453247278
453247278
453247278
453247278
361497481
361497481
56127916
56127916
168383748
168383748
642589808
642589808
642589808
642589808
798382190
798382190
798382190
798382190
399191095
399191095
199328932
199328932
174272258
174272258
174272258
174272258
174272258
174272258
174272258
174272258
261408387
261408387
261408387
261408387
125965274
125965274
125965274
125965274
837475516
837475516
611906623
611906623
837475516
837475516
837475516
837475516
806697535
806697535
806697535
806697535
218553660
218553660
218553660
218553660
452955205
452955205
483733186
483733186
864873102
864873102
864873102
864873102
426593550
426593550
426593550
426593550
255956130
255956130
85318710
85318710
96613968
96613968
96613968
96613968
32204656
32204656
32204656
32204656
733064827
733064827
733064827
733064827
444513297
444513297
444513297
444513297
780951708
780951708
346366418
346366418
346366418
346366418
173183209
173183209
563659063
563659063
563659063
563659063
346366418
346366418
780951708
780951708
260317236
260317236
260317236
260317236
911110326
911110326
823976299
823976299
5678138
5678138
17034414
17034414
17034414
17034414
17034414
17034414
262250989
262250989
262250989
262250989
524501978
524501978
262250989
262250989
524501978
524501978
262250989
262250989
808747403
808747403
808747403
808747403
900158410
900158410
900158410
900158410
525199561
525199561
525199561
525199561
703986524
703986524
409728695
409728695
409728695
409728695
802072467
802072467
872503862
872503862
621022880
621022880
746763371
746763371
746763371
746763371
746763371
746763371
746763371
746763371
872503862
872503862
872503862
872503862
813019434
813019434
813019434
813019434
514689354
514689354
514689354
514689354
257344677
257344677
257344677
257344677
514689354
514689354
514689354
514689354
812653349
812653349
812653349
812653349
187276137
187276137
187276137
187276137
707137298
707137298
124923188
124923188
745951572
745951572
745951572
745951572
287353315
287353315
287353315
287353315
317322313
317322313
317322313
317322313
971306310
971306310
323768770
323768770
620599497
620599497
620599497
620599497
508619891
508619891
527615320
527615320
747809761
747809761
747809761
747809761
165791723
165791723
720760143
720760143
443275933
443275933
331583446
331583446
932951196
932951196
932951196
932951196
867658039
867658039
737071725
737071725
401182441
401182441
466475598
466475598
867658039
867658039
737071725
737071725
719033900
719033900
719033900
719033900
719033900
719033900
719033900
719033900
586776317
586776317
861088341
861088341
861088341
861088341
861088341
861088341
338350189
338350189
338350189
338350189
783881703
783881703
783881703
783881703
222765757
222765757
222765757
222765757
346753296
346753296
346753296
346753296
394773020
394773020
797087242
797087242
394773020
394773020
797087242
797087242
173975937
173975937
173975937
173975937
521927811
521927811
521927811
521927811
460952198
460952198
460952198
460952198
247602337
247602337
247602337
247602337
281854813
281854813
426699722
426699722
853399444
853399444
563709626
563709626
978705649
978705649
978705649
978705649
172294685
172294685
722927797
722927797
278610523
278610523
425618292
425618292
802632215
802632215
802632215
802632215
698157415
698157415
698157415
698157415
894124493
894124493
894124493
894124493
783868312
783868312
594037555
594037555
391934156
391934156
391934156
391934156
5737498
5737498
5737498
5737498
17212494
17212494
8606247
8606247
956992834
956992834
956992834
956992834
569242691
569242691
569242691
569242691
84870023
84870023
84870023
84870023
169740046
169740046
169740046
169740046
210991565
210991565
735826757
735826757
210991565
210991565
604617959
604617959
659008799
659008799
659008799
659008799
489391022
489391022
489391022
489391022
620084181
620084181
862008190
862008190
300310936
300310936
300310936
300310936
939857426
939857426
978782044
978782044
469928713
469928713
489391022
489391022
677085357
677085357
677085357
677085357
516505859
516505859
34767365
34767365
631220171
631220171
631220171
631220171
28370919
28370919
28370919
28370919
291967653
291967653
291967653
291967653
291967653
291967653
291967653
291967653
390367657
390367657
172858618
172858618
563226275
563226275
780735314
780735314
157191535
157191535
385145296
385145296
157191535
157191535
385145296
385145296
271970815
271970815
815912445
815912445
361609722
361609722
180804861
180804861
271970815
271970815
815912445
815912445
361609722
361609722
120536574
120536574
592217535
592217535
778408252
778408252
372381434
372381434
372381434
372381434
693838350
693838350
693838350
693838350
693838350
693838350
693838350
693838350
346933350
346933350
346933350
346933350
809511150
809511150
432044744
432044744
432044744
432044744
216022372
216022372
108011186
108011186
324033558
324033558
651883748
651883748
957406891
957406891
611046286
611046286
223848219
223848219
149232146
149232146
149232146
149232146
333957802
333957802
444067385
444067385
717231655
717231655
717231655
717231655
436218957
436218957
436218957
436218957
931666156
931666156
643303503
643303503
931666156
931666156
643303503
643303503
436218957
436218957
436218957
436218957
591425216
591425216
591425216
591425216
376990715
376990715
791159807
791159807
221784456
221784456
73928152
73928152
356595934
356595934
713191868
713191868
808209363
808209363
808209363
808209363
356595934
356595934
356595934
356595934
629911396
629911396
891489835
891489835
309892495
309892495
309892495
309892495
655410013
655410013
655410013
655410013
79299580
79299580
39649790
39649790
39649790
39649790
39649790
39649790
122462708
122462708
122462708
122462708
987397784
987397784
994628830
994628830
966528000
966528000
966528000
966528000
966528000
966528000
966528000
966528000
684624000
684624000
57383294
57383294
821548800
821548800
821548800
821548800
684624000
684624000
57383294
57383294
821548800
821548800
821548800
821548800
178251323
178251323
178251323
178251323
932031441
932031441
932031441
932031441
696046568
696046568
696046568
696046568
932031441
932031441
310677147
310677147
57167828
57167828
114335656
114335656
28583914
28583914
28583914
28583914
520352323
520352323
506198892
506198892
506198892
506198892
520352323
520352323
705867150
705867150
705867150
705867150
705867150
705867150
121112744
121112744
270262746
270262746
270262746
270262746
405394119
405394119
135131373
135131373
761617868
761617868
288364898
288364898
51738413
51738413
103476826
103476826
380808934
380808934
380808934
380808934
720912245
720912245
720912245
720912245
604763865
604763865
201587955
201587955
403175910
403175910
403175910
403175910
620706719
620706719
620706719
620706719
145901451
145901451
145901451
145901451
518661637
518661637
758452995
758452995
439174337
439174337
319278658
319278658
558335024
558335024
676760719
676760719
118425695
118425695
118425695
118425695
366476265
366476265
366476265
366476265
366476265
366476265
122158755
122158755
935321414
935321414
935321414
935321414
467660707
467660707
467660707
467660707
724438893
724438893
176827973
176827973
450633433
450633433
450633433
450633433
627461406
627461406
627461406
627461406
627461406
627461406
313730703
313730703
542828039
542828039
542828039
542828039
542828039
542828039
542828039
542828039
963170245
963170245
963170245
963170245
577902147
577902147
577902147
577902147
643257268
643257268
643257268
643257268
964885902
964885902
964885902
964885902
127455866
127455866
127455866
127455866
835437390
835437390
835437390
835437390
36789022
36789022
36789022
36789022
853158073
853158073
562985513
562985513
68029291
68029291
68029291
68029291
204087873
204087873
204087873
204087873
505806476
505806476
519175075
519175075
519175075
519175075
519175075
519175075
887572790
887572790
887572790
887572790
887572790
887572790
887572790
887572790
578066647
578066647
578066647
578066647
578066647
578066647
578066647
578066647
342108914
342108914
342108914
342108914
28082389
28082389
28082389
28082389
597641614
597641614
197038875
197038875
197038875
197038875
197038875
197038875
581127731
581127731
859205479
859205479
789686042
789686042
581127731
581127731
961883033
961883033
961883033
961883033
961883033
961883033
961883033
961883033
970973363
970973363
970973363
970973363
957337868
957337868
916431383
916431383
105365602
105365602
105365602
105365602
343624817
343624817
780037841
780037841
205700246
205700246
205700246
205700246
514250615
514250615
756247484
756247484
878776728
878776728
639841478
639841478
400906228
400906228
466383527
466383527
514120352
514120352
836869686
836869686
352745685
352745685
352745685
352745685
831914575
831914575
831914575
831914575
610052976
610052976
831914575
831914575
776648439
776648439
776648439
776648439
222127284
222127284
444254568
444254568
769534799
769534799
312115691
312115691
624231382
624231382
540825245
540825245
380047508
380047508
792178738
792178738
792178738
792178738
792178738
792178738
495657076
495657076
247828538
247828538
397911701
397911701
397911701
397911701
771924672
771924672
319285310
319285310
52577206
52577206
26288603
26288603
889389333
889389333
889389333
889389333
954702345
954702345
954702345
954702345
854977402
854977402
854977402
854977402
712866527
712866527
712866527
712866527
299502765
299502765
299502765
299502765
99834255
99834255
99834255
99834255
846172077
846172077
846172077
846172077
770135939
770135939
770135939
770135939
945795624
945795624
893346895
893346895
945795624
945795624
945795624
945795624
945795624
945795624
945795624
945795624
893346895
893346895
893346895
893346895
945795624
945795624
893346895
893346895
709346718
709346718
236448906
236448906
127620985
127620985
127620985
127620985
893346895
893346895
893346895
893346895
66630314
66630314
66630314
66630314
133260628
133260628
266521256
266521256
266521256
266521256
266521256
266521256
266521256
266521256
266521256
266521256
798799332
798799332
266266444
266266444
266266444
266266444
266266444
266266444
133260628
133260628
266521256
266521256
33315157
33315157
99945471
99945471
815023914
815023914
815023914
815023914
815023914
815023914
815023914
815023914
41071079
41071079
41071079
41071079
601799874
601799874
601799874
601799874
618724530
618724530
618724530
618724530
206241510
206241510
618724530
618724530
720257674
720257674
720257674
720257674
720257674
720257674
720257674
720257674
202736153
202736153
202736153
202736153
600490253
600490253
202736153
202736153
432694249
432694249
432694249
432694249
909673783
909673783
909673783
909673783
926389601
926389601
962316977
962316977
594156295
594156295
594156295
594156295
9093345
9093345
27280035
27280035
118213485
118213485
118213485
118213485
426383923
426383923
474876092
474876092
883872267
883872267
655128095
655128095
243647956
243647956
243647956
243647956
243647956
243647956
243647956
243647956
858941320
858941320
719638287
719638287
447273627
447273627
447273627
447273627
717672428
717672428
904720378
904720378
717672428
717672428
904720378
904720378
102901514
102901514
699796740
699796740
504250641
504250641
168083547
168083547
466531160
466531160
466531160
466531160
270985061
270985061
270985061
270985061
471048109
471048109
471048109
471048109
414899974
414899974
414899974
414899974
640672633
640672633
640672633
640672633
113476389
113476389
37825463
37825463
457386997
457386997
457386997
457386997
457386997
457386997
457386997
457386997
914773994
914773994
914773994
914773994
863030014
863030014
592601336
592601336
431515007
431515007
431515007
431515007
25871990
25871990
25871990
25871990
727815675
727815675
457386997
457386997
727815675
727815675
457386997
457386997
169065951
169065951
169065951
169065951
169065951
169065951
583655152
583655152
583655152
583655152
583655152
583655152
583655152
583655152
291827576
291827576
234303824
234303824
234303824
234303824
468607648
468607648
468607648
468607648
488950667
488950667
488950667
488950667
488950667
488950667
488950667
488950667
24554285
24554285
49108570
49108570
21046530
21046530
21046530
21046530
56124080
56124080
56124080
56124080
56124080
56124080
112248160
112248160
42093060
42093060
14031020
14031020
56124080
56124080
112248160
112248160
7015510
7015510
21046530
21046530
45600815
45600815
91201630
91201630
7640738
7640738
22922214
22922214
15281476
15281476
15281476
15281476
7640738
7640738
15281476
15281476
7640738
7640738
15281476
15281476
279168948
279168948
139584474
139584474
279168948
279168948
279168948
279168948
169193855
169193855
507581565
507581565
676775420
676775420
676775420
676775420
104787264
104787264
34929088
34929088
34929088
34929088
104787264
104787264
69858176
69858176
209574528
209574528
898356822
898356822
898356822
898356822
22922214
22922214
7640738
7640738
22922214
22922214
7640738
7640738
13098408
13098408
13098408
13098408
13098408
13098408
13098408
13098408
1450688
1450688
4352064
4352064
2901376
2901376
2901376
2901376
390292075
390292075
694268214
694268214
347134107
347134107
43157968
43157968
21578984
21578984
672689230
672689230
347134107
347134107
347134107
347134107
694268214
694268214
390292075
390292075
43157968
43157968
347134107
347134107
603878951
603878951
603878951
603878951
735334085
735334085
735334085
735334085
180778526
180778526
180778526
180778526
816475212
816475212
816475212
816475212
587143028
587143028
763184731
763184731
763184731
763184731
763184731
763184731
601771001
601771001
807068650
807068650
719300812
719300812
719300812
719300812
550874430
550874430
550874430
550874430
103504507
103504507
550874430
550874430
103504507
103504507
103504507
103504507
826311645
826311645
275437215
275437215
277027529
277027529
757838745
757838745
517433137
517433137
554055058
554055058
770981185
770981185
884612769
884612769
177918735
177918735
59306245
59306245
871545746
871545746
956011484
956011484
943944950
943944950
943944950
943944950
925845149
925845149
853445945
853445945
853445945
853445945
949978217
949978217
283183485
283183485
849550455
849550455
406577023
406577023
406577023
406577023
504670201
504670201
751457277
751457277
504670201
504670201
504670201
504670201
408224277
408224277
408224277
408224277
843881178
843881178
281293726
281293726
281293726
281293726
281293726
281293726
126930551
126930551
126930551
126930551
140646863
140646863
281293726
281293726
281293726
281293726
281293726
281293726
427084206
427084206
283008265
283008265
283008265
283008265
427084206
427084206
488408948
488408948
488408948
488408948
466982491
466982491
466982491
466982491
488408948
488408948
488408948
488408948
896277272
896277272
896277272
896277272
466982491
466982491
732613422
732613422
466982491
466982491
466982491
466982491
488408948
488408948
488408948
488408948
732613422
732613422
466982491
466982491
705302619
705302619
705302619
705302619
235100873
235100873
235100873
235100873
958200680
958200680
984896462
984896462
984896462
984896462
984896462
984896462
12999631
12999631
38998893
38998893
168995203
168995203
168995203
168995203
122994923
122994923
368984769
368984769
600689646
600689646
600689646
600689646
577535460
577535460
577535460
577535460
156826567
156826567
156826567
156826567
445594297
445594297
445594297
445594297
169269269
169269269
721919325
721919325
902277957
902277957
902277957
902277957
902277957
902277957
806311561
806311561
200054980
200054980
200054980
200054980
799543071
799543071
799543071
799543071
788024158
788024158
595422837
595422837
980625479
980625479
980625479
980625479
629454292
629454292
542566215
542566215
86888077
86888077
86888077
86888077
238549292
238549292
715647876
715647876
910149983
910149983
910149983
910149983
788024158
788024158
367583768
367583768
752786410
752786410
752786410
752786410
158104444
158104444
158104444
158104444
395261110
395261110
197630555
197630555
197630555
197630555
395261110
395261110
298968727
298968727
896906181
896906181
230560181
230560181
230560181
230560181
291872943
291872943
291872943
291872943
748946114
748946114
748946114
748946114
374473057
374473057
125174818
125174818
853750231
853750231
853750231
853750231
617331528
617331528
853750231
853750231
925997292
925997292
925997292
925997292
164171642
164171642
82085821
82085821
499737099
499737099
499737099
499737099
808402863
808402863
269467621
269467621
962735745
962735745
980490049
980490049
980490049
980490049
962735745
962735745
216192593
216192593
216192593
216192593
823411066
823411066
607218473
607218473
837510357
837510357
837510357
837510357
837510357
837510357
837510357
837510357
598176779
598176779
798210566
798210566
39621841
39621841
39621841
39621841
798210566
798210566
798210566
798210566
558554938
558554938
558554938
558554938
384306133
384306133
384306133
384306133
384306133
384306133
154674046
154674046
768612266
768612266
768612266
768612266
384306133
384306133
768612266
768612266
396892095
396892095
396892095
396892095
781755959
781755959
781755959
781755959
360807402
360807402
721614804
721614804
180403701
180403701
541211103
541211103
727640649
727640649
727640649
727640649
485093766
485093766
485093766
485093766
874479785
874479785
874479785
874479785
349791914
349791914
349791914
349791914
689668066
689668066
689668066
689668066
381091779
381091779
381091779
381091779
25303333
25303333
341182562
341182562
341182562
341182562
25303333
25303333
686123950
686123950
686123950
686123950
686123950
686123950
686123950
686123950
160874537
160874537
719121081
719121081
182187438
182187438
364374876
364374876
91093719
91093719
273281157
273281157
91093719
91093719
273281157
273281157
879995618
879995618
879995618
879995618
525249413
525249413
52254473
52254473
443833810
443833810
333257077
333257077
519078510
519078510
519078510
519078510
443833810
443833810
333257077
333257077
259539255
259539255
778617765
778617765
635062707
635062707
635062707
635062707
453471884
453471884
816653530
816653530
408326765
408326765
408326765
408326765
635062707
635062707
271881061
271881061
860623991
860623991
952370899
952370899
316725524
316725524
771071410
771071410
452151559
452151559
452151559
452151559
904303118
904303118
904303118
904303118
61220366
61220366
183661098
183661098
714638539
714638539
147426911
147426911
270706366
270706366
270706366
270706366
964396305
964396305
896700209
896700209
418189038
418189038
139396346
139396346
696981730
696981730
696981730
696981730
150666236
150666236
150666236
150666236
18806433
18806433
6268811
6268811
561256960
561256960
685526527
685526527
685526527
685526527
561256960
561256960
525298608
525298608
525298608
525298608
175099536
175099536
525298608
525298608
871623317
871623317
871623317
871623317
97173166
97173166
48586583
48586583
368618939
368618939
788369215
788369215
158743801
158743801
158743801
158743801
335176163
335176163
7284136
7284136
666710258
666710258
666710258
666710258
670352326
670352326
670352326
670352326
335176163
335176163
335176163
335176163
308111223
308111223
102703741
102703741
102703741
102703741
308111223
308111223
806044682
806044682
421645340
421645340
37245998
37245998
677911568
677911568
636932224
636932224
636932224
636932224
636932224
636932224
636932224
636932224
794738819
794738819
930409175
930409175
704291915
704291915
704291915
704291915
232723501
232723501
232723501
232723501
812770324
812770324
812770324
812770324
209098765
209098765
209098765
209098765
209098765
209098765
627296295
627296295
59780971
59780971
59780971
59780971
588793633
588793633
588793633
588793633
239123884
239123884
717371652
717371652
239123884
239123884
239123884
239123884
453697695
453697695
453697695
453697695
120767204
120767204
120767204
120767204
514081297
514081297
514081297
514081297
907395390
907395390
907395390
907395390
635122061
635122061
635122061
635122061
362985512
362985512
362985512
362985512
725902634
725902634
725902634
725902634
725902634
725902634
453560915
453560915
899574440
899574440
899574440
899574440
23658074
23658074
673382260
673382260
113096090
113096090
113096090
113096090
339288270
339288270
339288270
339288270
102040253
102040253
102040253
102040253
801549906
801549906
801549906
801549906
679539134
679539134
892009280
892009280
679539134
679539134
679539134
679539134
521621258
521621258
521621258
521621258
362746893
362746893
362746893
362746893
924453346
924453346
924453346
924453346
730235513
730235513
194217833
194217833
348048619
348048619
348048619
348048619
348048619
348048619
348048619
348048619
168608516
168608516
721699074
721699074
613762311
613762311
204587437
204587437
201509216
201509216
201509216
201509216
100754608
100754608
302263824
302263824
25188652
25188652
25188652
25188652
62971630
62971630
62971630
62971630
984437030
984437030
993641912
993641912
989039471
989039471
970629707
970629707
227571265
227571265
682713795
682713795
455142530
455142530
455142530
455142530
42620083
42620083
42620083
42620083
520432218
520432218
563052301
563052301
41105154
41105154
41105154
41105154
13701718
13701718
41105154
41105154
358808394
358808394
717616788
717616788
358808394
358808394
358808394
358808394
768228472
768228472
768228472
768228472
179404197
179404197
179404197
179404197
457042161
457042161
457042161
457042161
866166297
866166297
866166297
866166297
866166297
866166297
866166297
866166297
457042161
457042161
457042161
457042161
576246408
576246408
192082136
192082136
576246408
576246408
576246408
576246408
652746260
652746260
652746260
652746260
576246408
576246408
192082136
192082136
236382121
236382121
236382121
236382121
219244928
219244928
657734784
657734784
847548197
847548197
922896275
922896275
109231177
109231177
369158510
369158510
59778592
59778592
59778592
59778592
59778592
59778592
352674315
352674315
245111605
245111605
245111605
245111605
245111605
245111605
245111605
245111605
869203949
869203949
869203949
869203949
965984252
965984252
901464050
901464050
353951722
353951722
353951722
353951722
160391116
160391116
386211823
386211823
897828937
897828937
948036645
948036645
960588572
960588572
985692426
985692426
130403266
130403266
130403266
130403266
130403266
130403266
376215873
376215873
84694016
84694016
84694016
84694016
272165887
272165887
272165887
272165887
272165887
272165887
272165887
272165887
272165887
272165887
423470080
423470080
356859903
356859903
356859903
356859903
237906602
237906602
237906602
237906602
612850344
612850344
306425172
306425172
612850344
612850344
612850344
612850344
124626896
124626896
124626896
124626896
93470172
93470172
31156724
31156724
549751853
549751853
549751853
549751853
503016767
503016767
510805948
510805948
266880323
266880323
266880323
266880323
800640969
800640969
405434201
405434201
233496106
233496106
233496106
233496106
410580153
410580153
410580153
410580153
678928805
678928805
678928805
678928805
838586579
838586579
838586579
838586579
683523694
683523694
54082376
54082376
299951066
299951066
899853198
899853198
216730611
216730611
72243537
72243537
968705167
968705167
939165981
939165981
939165981
939165981
968705167
968705167
491737380
491737380
476967787
476967787
911543351
911543351
911543351
911543351
954893852
954893852
911543351
911543351
911543351
911543351
911543351
911543351
969344019
969344019
911543351
911543351
466908840
466908840
466908840
466908840
233454420
233454420
233454420
233454420
668503675
668503675
668503675
668503675
668503675
668503675
668503675
668503675
494042971
494042971
483884560
483884560
483884560
483884560
494042971
494042971
378533266
378533266
378533266
378533266
378533266
378533266
378533266
378533266
591060101
591060101
591060101
591060101
591060101
591060101
591060101
591060101
377873589
377873589
377873589
377873589
755747178
755747178
755747178
755747178
478477603
478477603
492240652
492240652
492240652
492240652
478477603
478477603
148416121
148416121
148416121
148416121
148416121
148416121
148416121
148416121
232357277
232357277
464714554
464714554
487652969
487652969
487652969
487652969
30453793
30453793
342899382
342899382
464714554
464714554
464714554
464714554
734336550
734336550
206520944
206520944
187391991
187391991
187391991
187391991
562175973
562175973
187391991
187391991
562175973
562175973
562175973
562175973
864561445
864561445
864561445
864561445
864561445
864561445
864561445
864561445
958601773
958601773
879316613
879316613
899137903
899137903
800031453
800031453
511810953
511810953
511810953
511810953
706384313
706384313
122664233
122664233
84596505
84596505
253789515
253789515
541420429
541420429
541420429
541420429
361177864
361177864
722355728
722355728
361177864
361177864
361177864
361177864
837726424
837726424
837726424
837726424
283421513
283421513
283421513
283421513
721890176
721890176
721890176
721890176
360945088
360945088
360945088
360945088
814008235
814008235
629772117
629772117
814008235
814008235
629772117
629772117
861008158
861008158
586535768
586535768
135354408
135354408
45118136
45118136
633535691
633535691
633535691
633535691
88354485
88354485
265063455
265063455
90810343
90810343
90810343
90810343
544527348
544527348
635337691
635337691
19495221
19495221
19495221
19495221
45488849
45488849
521866601
521866601
55264352
55264352
110528704
110528704
27632176
27632176
82896528
82896528
55264352
55264352
110528704
110528704
41448264
41448264
41448264
41448264
851000159
851000159
949162955
949162955
752837363
752837363
752837363
752837363
752837363
752837363
752837363
752837363
630133868
630133868
875540858
875540858
573568709
573568709
573568709
573568709
934799596
934799596
467399798
467399798
679737620
679737620
679737620
679737620
42724154
42724154
21362077
21362077
395331984
395331984
395331984
395331984
592997976
592997976
592997976
592997976
951517647
951517647
904790941
904790941
561565247
561565247
561565247
561565247
603508090
603508090
533917481
533917481
533917481
533917481
603508090
603508090
421268730
421268730
421268730
421268730
421268730
421268730
265561837
265561837
581749927
581749927
581749927
581749927
962353078
962353078
962353078
962353078
747005428
747005428
747005428
747005428
581749927
581749927
581749927
581749927
395868247
395868247
395868247
395868247
674690767
674690767
674690767
674690767
747005428
747005428
747005428
747005428
57461956
57461956
172385868
172385868
15638420
15638420
7819210
7819210
504986584
504986584
501076979
501076979
749660666
749660666
749660666
749660666
264222107
264222107
264222107
264222107
55552816
55552816
55552816
55552816
351265723
351265723
55552816
55552816
361093304
361093304
785860670
785860670
27776408
27776408
83329224
83329224
572888415
572888415
572888415
572888415
556411018
556411018
556411018
556411018
312484590
312484590
312484590
312484590
624969180
624969180
208323060
208323060
629029803
629029803
888845056
888845056
629029803
629029803
629029803
629029803
841413486
841413486
841413486
841413486
741841770
741841770
370920885
370920885
447215747
447215747
447215747
447215747
867276060
867276060
867276060
867276060
659260757
659260757
659260757
659260757
772255289
772255289
772255289
772255289
249288663
249288663
623766508
623766508
249288663
249288663
623766508
623766508
353024348
353024348
353024348
353024348
882560870
882560870
882560870
882560870
435697577
435697577
435697577
435697577
154424189
154424189
716970965
716970965
222443441
222443441
222443441
222443441
832787338
832787338
610343897
610343897
484102130
484102130
968204260
968204260
688781468
688781468
69855698
69855698
136653011
136653011
409959033
409959033
409959033
409959033
704101693
704101693
490386528
490386528
490386528
490386528
437972637
437972637
718108495
718108495
963301759
963301759
928359165
928359165
980773056
980773056
945830462
945830462
980773056
980773056
980773056
980773056
963301759
963301759
928359165
928359165
980773056
980773056
945830462
945830462
963301759
963301759
963301759
963301759
770211997
770211997
770211997
770211997
823061966
823061966
823061966
823061966
229455611
229455611
229455611
229455611
458911222
458911222
458911222
458911222
995291824
995291824
995291824
995291824
664512059
664512059
664512059
664512059
497645912
497645912
995291824
995291824
569159975
569159975
569159975
569159975
913162058
913162058
913162058
913162058
913162058
913162058
456581029
456581029
527144470
527144470
508462941
508462941
508462941
508462941
527144470
527144470
759648168
759648168
379824084
379824084
189912042
189912042
569736126
569736126
379824084
379824084
759648168
759648168
189912042
189912042
189912042
189912042
12952775
12952775
12952775
12952775
12952775
12952775
12952775
12952775
410483250
410483250
410483250
410483250
820966500
820966500
820966500
820966500
452854542
452854542
452854542
452854542
360319273
360319273
452854542
452854542
835919831
835919831
511270787
511270787
603806056
603806056
603806056
603806056
300609662
300609662
300609662
300609662
901828986
901828986
901828986
901828986
537204645
537204645
537204645
537204645
537204645
537204645
537204645
537204645
650439529
650439529
650439529
650439529
852195999
852195999
852195999
852195999
683459390
683459390
683459390
683459390
957124320
957124320
957124320
957124320
823930542
823930542
823930542
823930542
823930542
823930542
823930542
823930542
811118650
811118650
436867244
436867244
337259352
337259352
112419784
112419784
99764858
99764858
99764858
99764858
99764858
99764858
99764858
99764858
733985678
733985678
733985678
733985678
522578738
522578738
839689148
839689148
78628699
78628699
78628699
78628699
617065225
617065225
538436526
538436526
56451639
56451639
18817213
18817213
583866211
583866211
583866211
583866211
97983105
97983105
97983105
97983105
580774764
580774764
744079939
744079939
301073181
301073181
301073181
301073181
237682987
237682987
237682987
237682987
290935831
290935831
290935831
290935831
644590092
644590092
935525923
935525923
13600568
13600568
670029758
670029758
888839488
888839488
888839488
888839488
734016596
734016596
734016596
734016596
557864758
557864758
557864758
557864758
726664285
726664285
455084217
455084217
455084217
455084217
455084217
455084217
307129951
307129951
652687152
652687152
979030728
979030728
326343576
326343576
519518650
519518650
519518650
519518650
641897491
641897491
641897491
641897491
979030728
979030728
326343576
326343576
163171788
163171788
489515364
489515364
307129951
307129951
307129951
307129951
326343576
326343576
326343576
326343576
458153556
458153556
916307112
916307112
458153556
458153556
916307112
916307112
392703048
392703048
392703048
392703048
610871408
610871408
610871408
610871408
607331041
607331041
802787697
802787697
63365290
63365290
353869881
353869881
354793455
354793455
354793455
354793455
294660674
294660674
294660674
294660674
509393944
509393944
509393944
509393944
250588265
250588265
250588265
250588265
21878956
21878956
65636868
65636868
81837017
81837017
245511051
245511051
789677517
789677517
789677517
789677517
946102644
946102644
841819226
841819226
853910668
853910668
853910668
853910668
853910668
853910668
617385007
617385007
50982416
50982416
50982416
50982416
50982416
50982416
50982416
50982416
21403967
21403967
21403967
21403967
407859328
407859328
407859328
407859328
403772087
403772087
403772087
403772087
403772087
403772087
403772087
403772087
267657684
267657684
267657684
267657684
267657684
267657684
267657684
267657684
581441784
581441784
581441784
581441784
581441784
581441784
581441784
581441784
363401115
363401115
363401115
363401115
72680223
72680223
218040669
218040669
436081338
436081338
436081338
436081338
218040669
218040669
218040669
218040669
168350194
168350194
168350194
168350194
673400776
673400776
336700388
336700388
949736180
949736180
949736180
949736180
977455136
977455136
977455136
977455136
820435743
820435743
464818523
464818523
820435743
820435743
820435743
820435743
436081338
436081338
309999661
309999661
872162676
872162676
872162676
872162676
508761561
508761561
753502957
753502957
508761561
508761561
753502957
753502957
236624505
236624505
709873515
709873515
81385506
81385506
81385506
81385506
363682675
363682675
363682675
363682675
410084511
410084511
704164432
704164432
99956898
99956898
99956898
99956898
99956898
99956898
99956898
99956898
659185676
659185676
659185676
659185676
195862535
195862535
195862535
195862535
421876541
421876541
421876541
421876541
854152400
854152400
565968494
565968494
319759488
319759488
959278464
959278464
639518976
639518976
639518976
639518976
574819233
574819233
726213346
726213346
605576452
605576452
302788226
302788226
574819233
574819233
726213346
726213346
363106673
363106673
726213346
726213346
288562639
288562639
428935664
428935664
49396538
49396538
49396538
49396538
334096408
334096408
334096408
334096408
250572306
250572306
250572306
250572306
217416397
217416397
217416397
217416397
14806272
14806272
14806272
14806272
861983562
861983562
861983562
861983562
44418816
44418816
44418816
44418816
509252273
509252273
509252273
509252273
855507186
855507186
570032852
570032852
627310882
627310882
627310882
627310882
509252273
509252273
509252273
509252273
476652801
476652801
476652801
476652801
162081544
162081544
162081544
162081544
736186187
736186187
736186187
736186187
736186187
736186187
867215270
867215270
867844024
867844024
607043366
607043366
433922012
433922012
303521683
303521683
509522776
509522776
20801199
20801199
20801199
20801199
509522776
509522776
617052775
617052775
538432376
538432376
617052775
617052775
617052775
617052775
900555640
900555640
450277820
450277820
725533278
725533278
725533278
725533278
565753703
565753703
565753703
565753703
133263053
133263053
565753703
565753703
586499271
586499271
195499757
195499757
586499271
586499271
792371812
792371812
396765615
396765615
192052492
192052492
132255205
132255205
132255205
132255205
521123167
521123167
521123167
521123167
521123167
521123167
521123167
521123167
294056567
294056567
763515091
763515091
294056567
294056567
294056567
294056567
590693726
590693726
590693726
590693726
263105313
263105313
87701771
87701771
46340574
46340574
46340574
46340574
23170287
23170287
23170287
23170287
574545735
574545735
191515245
191515245
493209479
493209479
829899395
829899395
693786000
693786000
693786000
693786000
390468543
390468543
130156181
130156181
398391369
398391369
398391369
398391369
796782738
796782738
796782738
796782738
526312295
526312295
580692532
580692532
108760474
108760474
108760474
108760474
770624908
770624908
315386018
315386018
812867592
812867592
812867592
812867592
835798830
835798830
673353307
673353307
111439844
111439844
111439844
111439844
445759376
445759376
445759376
445759376
668639064
668639064
668639064
668639064
711940174
711940174
711940174
711940174
711940174
711940174
711940174
711940174
139331816
139331816
139331816
139331816
417995448
417995448
139331816
139331816
690871225
690871225
563038526
563038526
331790367
331790367
331790367
331790367
172760851
172760851
585502602
585502602
359253037
359253037
359253037
359253037
442157584
442157584
328228399
328228399
328228399
328228399
442157584
442157584
118007690
118007690
118007690
118007690
236015380
236015380
118007690
118007690
513357011
513357011
541826680
541826680
56939338
56939338
56939338
56939338
270913340
270913340
270913340
270913340
784270351
784270351
784270351
784270351
520367369
520367369
520367369
520367369
639836615
639836615
878775107
878775107
819040484
819040484
938509730
938509730
819040484
819040484
409520242
409520242
902205099
902205099
710126591
710126591
902205099
902205099
710126591
710126591
422008829
422008829
806165845
806165845
710126591
710126591
902205099
902205099
106773184
106773184
320319552
320319552
795431915
795431915
389807039
389807039
806165845
806165845
902205099
902205099
806165845
806165845
806165845
806165845
976627674
976627674
976627674
976627674
466697158
466697158
488313837
488313837
700045737
700045737
700045737
700045737
545489152
545489152
514577835
514577835
423463800
423463800
423463800
423463800
202437262
202437262
607311786
607311786
933394316
933394316
933394316
933394316
933394316
933394316
933394316
933394316
254943028
254943028
254943028
254943028
829412361
829412361
829412361
829412361
344444144
344444144
344444144
344444144
172222072
172222072
172222072
172222072
769374358
769374358
311634368
311634368
384687179
384687179
155817184
155817184
189533866
189533866
189533866
189533866
379067732
379067732
138958843
138958843
787292266
787292266
393646133
393646133
194804635
194804635
194804635
194804635
194804635
194804635
194804635
194804635
787292266
787292266
595178873
595178873
940279107
940279107
940279107
940279107
940279107
940279107
969261730
969261730
128765663
128765663
128765663
128765663
708418123
708418123
128765663
128765663
508549851
508549851
527405200
527405200
546260549
546260549
546260549
546260549
19036873
19036873
57110619
57110619
704271618
704271618
234757206
234757206
256806609
256806609
256806609
256806609
256806609
256806609
256806609
256806609
128974913
128974913
386924739
386924739
678429516
678429516
678429516
678429516
674826763
674826763
557690372
557690372
117136391
117136391
351409173
351409173
975958151
975958151
975958151
975958151
139422593
139422593
139422593
139422593
128279492
128279492
128279492
128279492
964815050
964815050
964815050
964815050
234272782
234272782
234272782
234272782
557690372
557690372
557690372
557690372
569262147
569262147
569262147
569262147
569262147
569262147
569262147
569262147
396040788
396040788
198020394
198020394
627002600
627002600
627002600
627002600
927513484
927513484
927513484
927513484
463756742
463756742
463756742
463756742
231878371
231878371
695635113
695635113
463756742
463756742
463756742
463756742
426305929
426305929
426305929
426305929
474850094
474850094
474850094
474850094
455138187
455138187
455138187
455138187
474850094
474850094
426305929
426305929
600770682
600770682
804067693
804067693
503682352
503682352
9120351
9120351
406594022
406594022
813188044
813188044
813188044
813188044
813188044
813188044
737387230
737387230
737387230
737387230
368693615
368693615
368693615
368693615
589909784
589909784
862132830
862132830
726021307
726021307
726021307
726021307
79586173
79586173
79586173
79586173
698087609
698087609
698087609
698087609
336861617
336861617
12340498
12340498
476542463
476542463
431383036
431383036
526787120
526787120
526787120
526787120
632144544
632144544
632144544
632144544
158919861
158919861
158919861
158919861
735734518
735734518
735734518
735734518
654821505
654821505
654821505
654821505
453337965
453337965
151112655
151112655
667803326
667803326
337362299
337362299
666073008
666073008
666073008
666073008
657762512
657762512
657762512
657762512
203786724
203786724
67928908
67928908
67928908
67928908
203786724
203786724
67928908
67928908
203786724
203786724
786307186
786307186
786307186
786307186
695698973
695698973
695698973
695698973
620062628
620062628
861943531
861943531
367941478
367941478
105580081
105580081
676351625
676351625
676351625
676351625
219188572
219188572
405810975
405810975
33787059
33787059
33787059
33787059
219921106
219921106
406055153
406055153
4227153
4227153
1409051
1409051
501235753
501235753
499826702
499826702
499826702
499826702
501235753
501235753
1409051
1409051
4227153
4227153
188870457
188870457
377740914
377740914
336209102
336209102
10382953
10382953
682801157
682801157
893096621
893096621
682801157
682801157
893096621
893096621
151467588
151467588
75733794
75733794
75733794
75733794
151467588
151467588
164244563
164244563
164244563
164244563
151467588
151467588
75733794
75733794
933105449
933105449
933105449
933105449
965674901
965674901
965674901
965674901
147758524
147758524
382000959
382000959
382000959
382000959
382000959
382000959
735677358
735677358
735677358
735677358
210543368
210543368
735677358
735677358
785216974
785216974
785216974
785216974
179581108
179581108
392608487
392608487
194312981
194312981
194312981
194312981
462290105
462290105
462290105
462290105
703587781
703587781
703587781
703587781
261602923
261602923
261602923
261602923
515831206
515831206
515831206
515831206
538109912
538109912
616085383
616085383
89114824
89114824
89114824
89114824
178229648
178229648
178229648
178229648
856832932
856832932
856832932
856832932
428416466
428416466
856832932
856832932
856832932
856832932
856832932
856832932
856832932
856832932
856832932
856832932
399924526
399924526
399924526
399924526
932112586
932112586
932112586
932112586
733717285
733717285
469190217
469190217
469190217
469190217
733717285
733717285
268621031
268621031
268621031
268621031
537242062
537242062
537242062
537242062
268621031
268621031
268621031
268621031
268621031
268621031
268621031
268621031
56730483
56730483
56730483
56730483
602728644
602728644
602728644
602728644
659459127
659459127
659459127
659459127
828851740
828851740
490066514
490066514
334696561
334696561
666470457
666470457
666470457
666470457
334696561
334696561
666470457
666470457
2922665
2922665
334696561
334696561
334696561
334696561
778052921
778052921
924847209
924847209
557861489
557861489
851450065
851450065
888148637
888148637
961545781
961545781
943196495
943196495
888148637
888148637
163680847
163680847
163680847
163680847
163680847
163680847
387308400
387308400
98829958
98829958
98829958
98829958
365691437
365691437
98829958
98829958
117339672
117339672
39113224
39113224
407120386
407120386
407120386
407120386
14667459
14667459
14667459
14667459
58669836
58669836
117339672
117339672
217350510
217350510
217350510
217350510
631884472
631884472
265524591
265524591
263351324
263351324
753280010
753280010
753280010
753280010
263351324
263351324
384200224
384200224
384200224
384200224
768400448
768400448
538556543
538556543
722431667
722431667
906306791
906306791
538556543
538556543
845015083
845015083
945336011
945336011
945336011
945336011
945336011
945336011
971790182
971790182
980608239
980608239
980608239
980608239
980608239
980608239
945336011
945336011
980608239
980608239
945336011
945336011
226294209
226294209
678882627
678882627
980608239
980608239
989426296
989426296
980608239
980608239
989426296
989426296
369684560
369684560
369684560
369684560
480493887
480493887
480493887
480493887
591477834
591477834
591477834
591477834
184711315
184711315
184711315
184711315
930870233
930870233
930870233
930870233
863496113
863496113
863496113
863496113
905604938
905604938
812965523
812965523
360163054
360163054
452802469
452802469
485895091
485895091
459440920
459440920
485895091
485895091
459440920
459440920
914360067
914360067
914360067
914360067
214232488
214232488
642697464
642697464
971790182
971790182
945336011
945336011
485895091
485895091
459440920
459440920
485895091
485895091
485895091
485895091
229720460
229720460
114860230
114860230
502282114
502282114
6319875
6319875
6319875
6319875
6319875
6319875
31346580
31346580
31346580
31346580
125386320
125386320
125386320
125386320
926067971
926067971
853891589
853891589
120263878
120263878
372836077
372836077
153413800
153413800
153413800
153413800
38353450
38353450
115060350
115060350
490626415
490626415
490626415
490626415
490626415
490626415
490626415
490626415
186084667
186084667
592164510
592164510
236865804
236865804
710597412
710597412
408752063
408752063
817504126
817504126
207752575
207752575
207752575
207752575
33765435
33765435
67530870
67530870
45020580
45020580
45020580
45020580
713567239
713567239
144213011
144213011
530828302
530828302
530828302
530828302
997015996
997015996
997015996
997015996
496051284
496051284
165350428
165350428
727567325
727567325
727567325
727567325
727567325
727567325
727567325
727567325
346168165
346168165
346168165
346168165
386428307
386428307
386428307
386428307
45658034
45658034
22829017
22829017
22829017
22829017
22829017
22829017
771392428
771392428
317688578
317688578
317688578
317688578
158844289
158844289
681035190
681035190
681035190
681035190
694678157
694678157
897055621
897055621
62911499
62911499
188734497
188734497
62911499
62911499
188734497
188734497
350726487
350726487
116908829
116908829
584544145
584544145
584544145
584544145
752054209
752054209
752054209
752054209
91052566
91052566
363098973
363098973
142417360
142417360
284834720
284834720
264678359
264678359
264678359
264678359
549513079
549513079
549513079
549513079
20156361
20156361
20156361
20156361
834043343
834043343
834043343
834043343
341440313
341440313
341440313
341440313
375971419
375971419
375971419
375971419
211770409
211770409
635311227
635311227
619784334
619784334
619784334
619784334
571519471
571519471
571519471
571519471
420402830
420402830
840805660
840805660
840805660
840805660
420402830
420402830
673401367
673401367
557215240
557215240
256087649
256087649
627166001
627166001
604646030
604646030
302323015
302323015
604646030
604646030
867044912
867044912
866015335
866015335
866015335
866015335
694141821
694141821
694141821
694141821
628027312
628027312
628027312
628027312
257810271
257810271
628027312
628027312
77756274
77756274
77756274
77756274
77756274
77756274
77756274
77756274
634637401
634637401
634637401
634637401
699806466
699806466
699806466
699806466
347538223
347538223
347538223
347538223
695076446
695076446
391908539
391908539
487028118
487028118
487028118
487028118
219325942
219325942
219325942
219325942
935432858
935432858
935432858
935432858
446779264
446779264
342093439
342093439
593060735
593060735
863183147
863183147
825958254
825958254
825958254
825958254
715155346
715155346
357577673
357577673
571133233
571133233
715155346
715155346
933842525
933842525
933842525
933842525
832637364
832637364
832637364
832637364
995529447
995529447
331843149
331843149
663686298
663686298
992814541
992814541
493013638
493013638
497085997
497085997
497085997
497085997
493013638
493013638
983443865
983443865
990844109
990844109
983443865
983443865
983443865
983443865
987143987
987143987
964943255
964943255
964943255
964943255
987143987
987143987
804600960
804600960
804600960
804600960
804600960
804600960
804600960
804600960
223670781
223670781
671012343
671012343
223670781
223670781
223670781
223670781
580076389
580076389
526106914
526106914
508117089
508117089
508117089
508117089
634045864
634045864
634045864
634045864
634045864
634045864
634045864
634045864
553126648
553126648
553126648
553126648
661135591
661135591
661135591
661135591
202935953
202935953
600590153
600590153
202935953
202935953
202935953
202935953
963485094
963485094
963485094
963485094
720170281
720170281
720170281
720170281
893966576
893966576
963485094
963485094
928725835
928725835
928725835
928725835
522091233
522091233
522091233
522091233
174030411
174030411
522091233
522091233
696121644
696121644
393998935
393998935
45938113
45938113
348060822
348060822
797164724
797164724
797164724
797164724
331555819
331555819
994667457
994667457
318254766
318254766
954764298
954764298
318254766
318254766
954764298
954764298
642849962
642849962
321424981
321424981
234442045
234442045
234442045
234442045
148975897
148975897
148975897
148975897
871561919
871561919
956016875
956016875
213945680
213945680
213945680
213945680
213945680
213945680
213945680
213945680
642849962
642849962
879779556
879779556
642849962
642849962
642849962
642849962
266415423
266415423
266415423
266415423
88805141
88805141
88805141
88805141
503539131
503539131
8833909
8833909
401064523
401064523
204949216
204949216
480198548
480198548
240099274
240099274
825562418
825562418
825562418
825562418
240099274
240099274
412781209
412781209
67417339
67417339
355220564
355220564
624749666
624749666
624749666
624749666
502509958
502509958
6775563
6775563
765657119
765657119
765657119
765657119
826776973
826776973
483842213
483842213
77283395
77283395
77283395
77283395
46370037
46370037
139110111
139110111
384270381
384270381
154566790
154566790
768540762
768540762
768540762
768540762
756472479
756472479
756472479
756472479
756472479
756472479
756472479
756472479
877358416
877358416
635586542
635586542
393814668
393814668
393814668
393814668
749246156
749246156
749246156
749246156
625872840
625872840
253501327
253501327
749246156
749246156
749246156
749246156
4503130
4503130
2251565
2251565
364872687
364872687
121624229
121624229
681558520
681558520
364872687
364872687
998232262
998232262
998220171
998220171
266196882
266196882
266196882
266196882
128177467
128177467
128177467
128177467
910571217
910571217
910571217
910571217
822898081
822898081
822898081
822898081
256354934
256354934
769064802
769064802
784074909
784074909
784074909
784074909
784074909
784074909
261358303
261358303
891159631
891159631
629801328
629801328
154273581
154273581
154273581
154273581
928565645
928565645
789208229
789208229
92421149
92421149
696303285
696303285
402672288
402672288
402672288
402672288
209772511
209772511
604008432
604008432
309317087
309317087
309317087
309317087
653780720
653780720
963097807
963097807
391039677
391039677
782079354
782079354
521386236
521386236
521386236
521386236
936161836
936161836
936161836
936161836
989375422
989375422
989375422
989375422
281551592
281551592
281551592
281551592
281551592
281551592
281551592
281551592
569896590
569896590
711445417
711445417
852994244
852994244
852994244
852994244
186264248
186264248
186264248
186264248
279396372
279396372
139698186
139698186
193873188
193873188
64624396
64624396
32312198
32312198
32312198
32312198
539512424
539512424
539512424
539512424
113092693
113092693
113092693
113092693
870614330
870614330
955701012
955701012
870614330
870614330
870614330
870614330
814923096
814923096
448280582
448280582
578609974
578609974
578609974
578609974
435132689
435132689
435132689
435132689
575910605
575910605
575910605
575910605
435132689
435132689
435132689
435132689
435132689
435132689
435132689
435132689
371120945
371120945
371120945
371120945
789203217
789203217
789203217
789203217
789203217
789203217
789203217
789203217
580162081
580162081
580162081
580162081
974598545
974598545
974598545
974598545
978539513
978539513
978539513
978539513
990855038
990855038
976076408
976076408
996766490
996766490
996766490
996766490
826094360
826094360
940861022
940861022
529437251
529437251
529437251
529437251
711327698
711327698
711327698
711327698
711327698
711327698
355663849
355663849
365237392
365237392
97467823
97467823
365237392
365237392
365237392
365237392
325741193
325741193
661992773
661992773
914181458
914181458
914181458
914181458
91608607
91608607
91608607
91608607
183217214
183217214
183217214
183217214
772766707
772766707
772766707
772766707
204347430
204347430
613042290
613042290
683843334
683843334
683843334
683843334
73888463
73888463
73888463
73888463
512132398
512132398
512132398
512132398
52040886
52040886
52040886
52040886
689411156
689411156
689411156
689411156
761155918
761155918
380577959
380577959
427995646
427995646
855991292
855991292
950826666
950826666
950826666
950826666
761155918
761155918
761155918
761155918
761155918
761155918
761155918
761155918
761155918
761155918
380577959
380577959
855991292
855991292
950826666
950826666
318294015
318294015
658269184
658269184
106098005
106098005
318294015
318294015
318294015
318294015
318294015
318294015
212196010
212196010
212196010
212196010
811717786
811717786
811717786
811717786
811717786
811717786
625191219
625191219
405858893
405858893
405858893
405858893
515525056
515525056
515525056
515525056
315381434
315381434
630762868
630762868
840752288
840752288
840752288
840752288
278394590
278394590
835183770
835183770
556789180
556789180
556789180
556789180
729882719
729882719
193159451
193159451
729882719
729882719
729882719
729882719
208397073
208397073
208397073
208397073
410545430
410545430
410545430
410545430
933226713
933226713
933226713
933226713
933226713
933226713
965735533
965735533
368936065
368936065
683590209
683590209
368936065
368936065
455726806
455726806
900717893
900717893
949481123
949481123
462549754
462549754
462549754
462549754
965735533
965735533
900717893
900717893
54281921
54281921
683590209
683590209
2684068
2684068
8052204
8052204
688758158
688758158
688758158
688758158
10736272
10736272
10736272
10736272
341695011
341695011
26840680
26840680
230937042
230937042
115468521
115468521
98973018
98973018
98973018
98973018
274925050
274925050
824775150
824775150
274925050
274925050
274925050
274925050
29626615
29626615
29626615
29626615
401876886
401876886
207386305
207386305
401876886
401876886
401876886
401876886
82954522
82954522
82954522
82954522
723022347
723022347
723022347
723022347
723022347
723022347
723022347
723022347
860633350
860633350
860633350
860633350
723022347
723022347
723022347
723022347
648472875
648472875
648472875
648472875
597402794
597402794
298701397
298701397
236793568
236793568
236793568
236793568
473587136
473587136
473587136
473587136
957608328
957608328
957608328
957608328
835700253
835700253
835700253
835700253
423217986
423217986
141072662
141072662
900717893
900717893
965735533
965735533
381641569
381641569
689942961
689942961
459961974
459961974
381641569
381641569
841603543
841603543
841603543
841603543
841603543
841603543
841603543
841603543
356944261
356944261
356944261
356944261
903459076
903459076
903459076
903459076
376338988
376338988
376338988
376338988
223250405
223250405
223250405
223250405
261015838
261015838
419753397
419753397
643129715
643129715
643129715
643129715
484392156
484392156
484392156
484392156
363294117
363294117
121098039
121098039
815794993
815794993
450896273
450896273
815794993
815794993
815794993
815794993
255406878
255406878
255406878
255406878
127703439
127703439
127703439
127703439
284811119
284811119
284811119
284811119
212905621
212905621
605574987
605574987
290345665
290345665
871036995
871036995
743829637
743829637
580691330
580691330
976106169
976106169
976106169
976106169
981640715
981640715
981640715
981640715
467320337
467320337
467320337
467320337
22094584
22094584
22094584
22094584
497651284
497651284
494709499
494709499
480000574
480000574
480000574
480000574
962942933
962942933
962942933
962942933
927641513
927641513
974710073
974710073
149846919
149846919
149846919
149846919
919858125
919858125
919858125
919858125
616180535
616180535
616180535
616180535
425148626
425148626
425148626
425148626
146323223
146323223
146323223
146323223
146323223
146323223
146323223
146323223
438969669
438969669
438969669
438969669
146323223
146323223
146323223
146323223
718607011
718607011
718607011
718607011
718607011
718607011
159332327
159332327
877939338
877939338
877939338
877939338
585292892
585292892
585292892
585292892
988412506
988412506
988412506
988412506
988412506
988412506
988412506
988412506
273466602
273466602
273466602
273466602
820399806
820399806
820399806
820399806
818162248
818162248
605468867
605468867
972518338
972518338
972518338
972518338
980957941
980957941
946385117
946385117
590588450
590588450
773520997
773520997
371828548
371828548
117241291
117241291
743657096
743657096
743657096
743657096
874177978
874177978
874177978
874177978
376008027
376008027
376008027
376008027
937930328
937930328
978139678
978139678
276596383
276596383
276596383
276596383
701543295
701543295
701543295
701543295
540705895
540705895
769475124
769475124
936921519
936921519
936921519
936921519
967582936
967582936
936921519
936921519
868664652
868664652
289554884
289554884
769480433
769480433
921989713
921989713
48903346
48903346
48903346
48903346
733550190
733550190
244516730
244516730
317871749
317871749
771453485
771453485
73355019
73355019
24451673
24451673
633311030
633311030
633311030
633311030
585033222
585033222
292516611
292516611
801547253
801547253
801547253
801547253
408153053
408153053
408153053
408153053
78688116
78688116
39344058
39344058
204894745
204894745
204894745
204894745
488477606
488477606
488477606
488477606
696642133
696642133
93437693
93437693
474007971
474007971
423779560
423779560
685897751
685897751
373551149
373551149
423779560
423779560
423779560
423779560
948015942
948015942
948015942
948015942
952407970
952407970
952407970
952407970
860735204
860735204
860735204
860735204
906571587
906571587
906571587
906571587
144645211
144645211
144645211
144645211
222647804
222647804
222647804
222647804
222647804
222647804
222647804
222647804
298410284
298410284
149205142
149205142
764966330
764966330
298410284
298410284
954228846
954228846
954228846
954228846
954228846
954228846
954228846
954228846
926408311
926408311
962326332
962326332
926408311
926408311
641550888
641550888
291896018
291896018
762794908
762794908
897337448
897337448
897337448
897337448
930973083
930973083
796430543
796430543
729159273
729159273
729159273
729159273
756443432
756443432
756443432
756443432
514642511
514642511
514642511
514642511
701875114
701875114
109136636
109136636
837043739
837043739
514642511
514642511
46901964
46901964
46901964
46901964
46901964
46901964
15633988
15633988
739978147
739978147
739978147
739978147
89378294
89378294
89378294
89378294
831852769
831852769
831852769
831852769
831852769
831852769
610032374
610032374
757877587
757877587
757877587
757877587
387475922
387475922
387475922
387475922
877850398
877850398
877850398
877850398
637062488
637062488
877850398
877850398
456813380
456813380
456813380
456813380
456813380
456813380
456813380
456813380
877605142
877605142
756965931
756965931
877605142
877605142
877605142
877605142
359146257
359146257
359146257
359146257
79194418
79194418
79194418
79194418
638807815
638807815
279371277
279371277
229544773
229544773
229544773
229544773
279371277
279371277
279371277
279371277
255523126
255523126
766569378
766569378
530038096
530038096
509427483
509427483
530038096
530038096
265019048
265019048
265019048
265019048
265019048
265019048
132509524
132509524
397528572
397528572
204830193
204830193
204830193
204830193
204830193
204830193
614490579
614490579
94183343
94183343
696890683
696890683
188366686
188366686
395537013
395537013
284151069
284151069
284151069
284151069
751501484
751501484
751501484
751501484
788594781
788594781
369295637
369295637
788594781
788594781
369295637
369295637
737433578
737433578
737433578
737433578
737433578
737433578
737433578
737433578
781680761
781680761
781680761
781680761
926056489
926056489
781680761
781680761
67572143
67572143
67572143
67572143
719042690
719042690
160639364
160639364
507413170
507413170
507413170
507413170
253706585
253706585
253706585
253706585
735918372
735918372
245306124
245306124
490612248
490612248
490612248
490612248
346832545
346832545
448358966
448358966
346832545
346832545
346832545
346832545
591515491
591515491
591515491
591515491
184786629
184786629
184786629
184786629
100284416
100284416
100284416
100284416
150426624
150426624
50142208
50142208
789216380
789216380
789216380
789216380
580188407
580188407
580188407
580188407
441041741
441041741
812510149
812510149
858892371
858892371
858892371
858892371
270598885
270598885
811796655
811796655
74721778
74721778
74721778
74721778
523052446
523052446
507098933
507098933
523052446
523052446
523052446
523052446
484142420
484142420
454182907
454182907
726213630
726213630
454182907
454182907
726213630
726213630
454182907
454182907
726213630
726213630
454182907
454182907
494926862
494926862
830471856
830471856
830471856
830471856
830471856
830471856
164027073
164027073
54675691
54675691
710783983
710783983
569676112
569676112
983231662
983231662
660492005
660492005
322739657
322739657
322739657
322739657
58542855
58542855
58542855
58542855
586936459
586936459
792590406
792590406
439047330
439047330
219523665
219523665
439047330
439047330
219523665
219523665
439047330
439047330
439047330
439047330
918359064
918359064
918359064
918359064
346581494
346581494
346581494
346581494
173290747
173290747
519872241
519872241
329861348
329861348
989584044
989584044
196184747
196184747
196184747
196184747
96119891
96119891
547182122
547182122
238096827
238096827
238096827
238096827
600423473
600423473
803026066
803026066
810410372
810410372
405205186
405205186
283076486
283076486
849229458
849229458
424614729
424614729
141538243
141538243
141538243
141538243
141538243
141538243
134061591
134061591
566152972
566152972
625758930
625758930
879032437
879032437
134061591
134061591
44687197
44687197
773591685
773591685
773591685
773591685
885918019
885918019
885918019
885918019
847160713
847160713
615135022
615135022
615135022
615135022
615135022
615135022
656506086
656506086
656506086
656506086
314767819
314767819
629535638
629535638
101111356
101111356
101111356
101111356
101111356
101111356
366451903
366451903
279338160
279338160
279338160
279338160
635791768
635791768
909130951
909130951
774019902
774019902
774019902
774019902
774019902
774019902
325571000
325571000
549536714
549536714
650365789
650365789
549536714
549536714
549536714
549536714
907916268
907916268
727260098
727260098
727260098
727260098
363630049
363630049
456275843
456275843
817588183
817588183
636932013
636932013
636932013
636932013
481430587
481430587
481430587
481430587
776752739
776752739
776752739
776752739
629091663
629091663
629091663
629091663
776752739
776752739
776752739
776752739
256530579
256530579
769591737
769591737
395154349
395154349
395154349
395154349
783913741
783913741
891079047
891079047
783913741
783913741
594052698
594052698
673954545
673954545
224651515
224651515
224651515
224651515
224651515
224651515
836099449
836099449
836099449
836099449
224651515
224651515
224651515
224651515
438448621
438448621
438448621
438448621
858295420
858295420
858295420
858295420
205234538
205234538
615703614
615703614
410469076
410469076
410469076
410469076
495497993
495497993
495497993
495497993
497568955
497568955
497568955
497568955
488249626
488249626
488249626
488249626
244124813
244124813
488249626
488249626
153085386
153085386
153085386
153085386
745835692
745835692
745835692
745835692
369811403
369811403
739622806
739622806
244124813
244124813
746871173
746871173
150507447
150507447
150507447
150507447
50169149
50169149
50169149
50169149
50169149
50169149
150507447
150507447
301014894
301014894
100338298
100338298
911807330
911807330
911807330
911807330
377291134
377291134
133629049
133629049
70788039
70788039
70788039
70788039
212364117
212364117
605304235
605304235
660393736
660393736
660393736
660393736
660393736
660393736
660393736
660393736
622946002
622946002
622946002
622946002
870593653
870593653
622946002
622946002
157444685
157444685
577844519
577844519
165098434
165098434
165098434
165098434
322543119
322543119
322543119
322543119
990590604
990590604
330196868
330196868
377613595
377613595
458619316
458619316
755227190
755227190
917238632
917238632
142429292
142429292
142429292
142429292
142429292
142429292
142429292
142429292
562773063
562773063
690074836
690074836
475678805
475678805
475678805
475678805
690074836
690074836
690074836
690074836
669007464
669007464
669007464
669007464
665013911
665013911
887167539
887167539
307040803
307040803
435095052
435095052
50932305
50932305
50932305
50932305
50932305
50932305
50932305
50932305
894654805
894654805
687475709
687475709
480296613
480296613
739270483
739270483
857003678
857003678
428501839
428501839
857003678
857003678
428501839
428501839
811520145
811520145
811520145
811520145
324608058
324608058
324608058
324608058
553604461
553604461
662569030
662569030
600303562
600303562
600303562
600303562
480488316
480488316
480488316
480488316
160162772
160162772
160162772
160162772
47915740
47915740
348720031
348720031
396635771
396635771
396635771
396635771
252985290
252985290
252985290
252985290
126492645
126492645
379477935
379477935
851264446
851264446
851264446
851264446
322543119
322543119
660393736
660393736
215028746
215028746
215028746
215028746
322543119
322543119
107514373
107514373
848115805
848115805
848115805
848115805
105065430
105065430
315196290
315196290
929274355
929274355
929274355
929274355
929274355
929274355
963759354
963759354
653202719
653202719
653202719
653202719
308161085
308161085
308161085
308161085
21799441
21799441
21799441
21799441
340014598
340014598
21799441
21799441
348791056
348791056
449011803
449011803
174395528
174395528
723628078
723628078
715151272
715151272
715151272
715151272
148965110
148965110
148965110
148965110
953495448
953495448
863997638
863997638
136364937
136364937
409094811
409094811
126440046
126440046
379320138
379320138
624234621
624234621
624234621
624234621
500449778
500449778
500449778
500449778
252880092
252880092
84293364
84293364
258841225
258841225
419028526
419028526
677869751
677869751
677869751
677869751
887384014
887384014
887384014
887384014
680311034
680311034
44444396
44444396
384026689
384026689
460757014
460757014
844783703
844783703
844783703
844783703
517863129
517863129
517863129
517863129
345242086
345242086
345242086
345242086
948358312
948358312
648867555
648867555
299490757
299490757
299490757
299490757
711268734
711268734
711268734
711268734
237089578
237089578
237089578
237089578
49673685
49673685
49673685
49673685
49673685
49673685
49673685
49673685
115905265
115905265
115905265
115905265
336490037
336490037
777659581
777659581
421860400
421860400
421860400
421860400
473368251
473368251
473368251
473368251
612177649
612177649
838288594
838288594
678332835
678332835
226110945
226110945
809589942
809589942
269863314
269863314
578278530
578278530
578278530
578278530
430674707
430674707
430674707
430674707
19989890
19989890
19989890
19989890
980296219
980296219
944399951
944399951
944399951
944399951
980296219
980296219
284886427
284886427
284886427
284886427
569772854
569772854
569772854
569772854
692595346
692595346
692595346
692595346
692595346
692595346
563613233
563613233
7566844
7566844
15133688
15133688
719517547
719517547
719517547
719517547
505334342
505334342
12424331
12424331
12424331
12424331
12424331
12424331
625455762
625455762
625455762
625455762
505334342
505334342
12424331
12424331
805498084
805498084
612751815
612751815
204250605
204250605
204250605
204250605
1280758
1280758
1280758
1280758
691978923
691978923
230659641
230659641
431574466
431574466
431574466
431574466
80691812
80691812
40345906
40345906
898240224
898240224
898240224
898240224
224560056
224560056
673680168
673680168
643858623
643858623
289472893
289472893
289472893
289472893
289472893
289472893
868418679
868418679
868418679
868418679
868418679
868418679
868418679
868418679
133331540
133331540
399994620
399994620
111690349
111690349
111690349
111690349
976603162
976603162
976603162
976603162
976603162
976603162
976603162
976603162
836143555
836143555
836143555
836143555
449361838
449361838
449361838
449361838
917193954
917193954
305731318
305731318
979774075
979774075
979774075
979774075
759493169
759493169
759493169
759493169
205854826
205854826
411709652
411709652
804559247
804559247
804559247
804559247
869120949
869120949
869120949
869120949
477194354
477194354
433338709
433338709
442109838
442109838
328085161
328085161
533542801
533542801
533542801
533542801
882068965
882068965
649718189
649718189
487614911
487614911
975229822
975229822
975229822
975229822
975229822
975229822
975229822
975229822
975229822
975229822
906186229
906186229
906186229
906186229
929200760
929200760
975229822
975229822
860157167
860157167
952215291
952215291
580750475
580750475
580750475
580750475
47106502
47106502
348450285
348450285
913669763
913669763
955957058
955957058
838162561
838162561
517998977
517998977
433424387
433424387
715834370
715834370
678080769
678080769
678080769
678080769
901701214
901701214
901701214
901701214
450850607
450850607
450850607
450850607
805158075
805158075
805158075
805158075
901701214
901701214
901701214
901701214
746391326
746391326
746391326
746391326
867733962
867733962
867733962
867733962
807062644
807062644
807062644
807062644
685720008
685720008
685720008
685720008
365950022
365950022
365950022
365950022
465555735
465555735
731900044
731900044
616901469
616901469
852460054
852460054
706675755
706675755
235558585
235558585
167405580
167405580
167405580
167405580
418513950
418513950
418513950
418513950
157221109
157221109
157221109
157221109
157221109
157221109
157221109
157221109
113004040
113004040
339012120
339012120
22600808
22600808
22600808
22600808
973903086
973903086
973903086
973903086
112373433
112373433
337120299
337120299
593061933
593061933
593061933
593061933
996142682
996142682
996142682
996142682
668675922
668675922
668675922
668675922
615404878
615404878
537883077
537883077
91477679
91477679
91477679
91477679
878944153
878944153
640343753
640343753
310265674
310265674
155132837
155132837
787466474
787466474
365910716
365910716
152707145
152707145
458121435
458121435
183248574
183248574
183248574
183248574
888416336
888416336
668760302
668760302
778588319
778588319
778588319
778588319
666890882
666890882
666890882
666890882
2091970
2091970
333445441
333445441
674025345
674025345
25587329
25587329
674025345
674025345
674025345
674025345
393472527
393472527
393472527
393472527
695858440
695858440
91086614
91086614
102031438
102031438
204062876
204062876
575645755
575645755
575645755
575645755
337008511
337008511
12781180
12781180
12781180
12781180
12781180
12781180
337008511
337008511
12781180
12781180
7668708
7668708
2556236
2556236
72609899
72609899
535427126
535427126
689699535
689699535
689699535
689699535
689699535
689699535
689699535
689699535
72609899
72609899
72609899
72609899
104639158
104639158
104639158
104639158
52319579
52319579
156958737
156958737
735081826
735081826
471919299
471919299
104378386
104378386
367540913
367540913
925056008
925056008
973848238
973848238
949452123
949452123
949452123
949452123
949452123
949452123
900659893
900659893
900659893
900659893
949452123
949452123
469009928
469009928
469009928
469009928
938019856
938019856
938019856
938019856
407719927
407719927
407719927
407719927
112457714
112457714
224915428
224915428
857851811
857851811
857851811
857851811
857851811
857851811
857851811
857851811
100908911
100908911
201817822
201817822
201817822
201817822
400020725
400020725
371633986
371633986
743267972
743267972
592030673
592030673
592030673
592030673
537835231
537835231
512026528
512026528
51617406
51617406
51617406
51617406
422486901
422486901
422486901
422486901
422486901
422486901
422486901
422486901
39125992
39125992
39125992
39125992
848084198
848084198
848084198
848084198
400714129
400714129
400714129
400714129
485063884
485063884
485063884
485063884
100147777
100147777
366130710
366130710
100147777
100147777
100147777
100147777
715403444
715403444
432562535
432562535
432562535
432562535
432562535
432562535
299443252
299443252
432562535
432562535
149721626
149721626
299443252
299443252
710277857
710277857
902255521
902255521
806266689
806266689
806266689
806266689
474504253
474504253
474504253
474504253
297832111
297832111
297832111
297832111
591991310
591991310
777729577
777729577
371476534
371476534
742953068
742953068
860422618
860422618
584779148
584779148
970680006
970680006
970680006
970680006
294916906
294916906
431053753
431053753
862107506
862107506
589833812
589833812
774966466
774966466
774966466
774966466
939171812
939171812
939171812
939171812
950016077
950016077
950016077
950016077
958054123
958054123
877673663
877673663
728465660
728465660
364232830
364232830
291386264
291386264
291386264
291386264
676734079
676734079
676734079
676734079
168567655
168567655
168567655
168567655
599852193
599852193
201460033
201460033
201460033
201460033
599852193
599852193
962824380
962824380
320941460
320941460
606462947
606462947
867650551
867650551
916318317
916318317
916318317
916318317
610878878
610878878
610878878
610878878
177335381
177335381
177335381
177335381
724608029
724608029
724608029
724608029
304875882
304875882
304875882
304875882
457313823
457313823
152437941
152437941
841406252
841406252
527730050
527730050
684568151
684568151
684568151
684568151
316144392
316144392
316144392
316144392
948433176
948433176
948433176
948433176
942852806
942852806
942852806
942852806
416034856
416034856
471426403
471426403
882041755
882041755
882041755
882041755
378017895
378017895
378017895
378017895
806736645
806736645
806736645
806736645
268912215
268912215
268912215
268912215
834169782
834169782
506020640
506020640
834169782
834169782
834169782
834169782
354391130
354391130
783626612
783626612
314455876
314455876
314455876
314455876
79870508
79870508
79870508
79870508
199676270
199676270
99838135
99838135
635399536
635399536
544547963
544547963
356028996
356028996
69842635
69842635
768866228
768866228
768866228
768866228
266146002
266146002
88715334
88715334
878016896
878016896
958168534
958168534
550855629
550855629
550855629
550855629
734474172
734474172
734474172
734474172
103466905
103466905
103466905
103466905
145844263
145844263
145844263
145844263
583377052
583377052
291688526
291688526
431866417
431866417
863732834
863732834
572044308
572044308
717888571
717888571
376576525
376576525
458273626
458273626
985480761
985480761
985480761
985480761
194035304
194035304
730174670
730174670
97017652
97017652
97017652
97017652
275167538
275167538
275167538
275167538
103103157
103103157
309309471
309309471
516193143
516193143
550335076
550335076
34141933
34141933
34141933
34141933
525674138
525674138
525674138
525674138
315940992
315940992
315940992
315940992
315940992
315940992
315940992
315940992
315940992
315940992
157970496
157970496
933353289
933353289
933353289
933353289
173692445
173692445
173692445
173692445
826844865
826844865
655445377
655445377
655445377
655445377
655445377
655445377
779641667
779641667
342436295
342436295
68487259
68487259
205461777
205461777
244413942
244413942
244413942
244413942
244413942
244413942
81471314
81471314
112724988
112724988
225449976
225449976
225449976
225449976
225449976
225449976
258011054
258011054
258011054
258011054
692630467
692630467
387016581
387016581
940613685
940613685
882983017
882983017
911798351
911798351
969429019
969429019
321424976
321424976
321424976
321424976
608880527
608880527
608880527
608880527
216797781
216797781
650393343
650393343
85744552
85744552
85744552
85744552
905190598
905190598
812136843
812136843
452595299
452595299
452595299
452595299
605084666
605084666
302542333
302542333
605084666
605084666
867191124
867191124
474031437
474031437
474031437
474031437
423849958
423849958
474031437
474031437
869307289
869307289
869307289
869307289
740370225
740370225
740370225
740370225
901541555
901541555
966010087
966010087
579198895
579198895
788721624
788721624
112568317
112568317
370270890
370270890
112568317
112568317
370270890
370270890
200451908
200451908
200451908
200451908
100225954
100225954
300677862
300677862
594390587
594390587
784927408
784927408
369683580
369683580
739367160
739367160
436992541
436992541
436992541
436992541
312733270
312733270
436992541
436992541
288652747
288652747
288652747
288652747
312733270
312733270
156366635
156366635
312733270
312733270
312733270
312733270
156366635
156366635
156366635
156366635
616503362
616503362
616503362
616503362
851265733
851265733
851265733
851265733
700202987
700202987
700202987
700202987
459860641
459860641
459860641
459860641
855490752
855490752
855490752
855490752
142238174
142238174
142238174
142238174
855490752
855490752
855490752
855490752
71119087
71119087
142238174
142238174
237444880
237444880
411896411
411896411
94977952
94977952
94977952
94977952
125010841
125010841
561627597
561627597
445677700
445677700
445677700
445677700
325452005
325452005
661848179
661848179
661848179
661848179
661848179
661848179
474216359
474216359
474216359
474216359
823568355
823568355
823568355
823568355
70997546
70997546
35498773
35498773
70997546
70997546
689162084
689162084
516871563
516871563
516871563
516871563
207789294
207789294
207789294
207789294
757557958
757557958
585267437
585267437
757557958
757557958
757557958
757557958
286591856
286591856
143295928
143295928
143295928
143295928
143295928
143295928
648770241
648770241
648770241
648770241
566767180
566767180
566767180
566767180
92642064
92642064
92642064
92642064
247045504
247045504
247045504
247045504
243936541
243936541
243936541
243936541
84075703
84075703
84075703
84075703
762598380
762598380
762598380
762598380
571948785
571948785
190649595
190649595
637901474
637901474
915460069
915460069
915460069
915460069
915460069
915460069
435002897
435002897
435002897
435002897
153382169
153382169
306764338
306764338
780534524
780534524
345114866
345114866
345114866
345114866
345114866
345114866
292374613
292374613
292374613
292374613
645309483
645309483
937684096
937684096
696360870
696360870
92593904
92593904
92593904
92593904
46296952
46296952
91831268
91831268
91831268
91831268
401599995
401599995
206555632
206555632
114789085
114789085
229578170
229578170
742022292
742022292
742022292
742022292
206555632
206555632
103277816
103277816
206555632
206555632
401599995
401599995
512617113
512617113
512617113
512617113
296793366
296793366
593586732
593586732
286660259
286660259
859980777
859980777
225956854
225956854
225956854
225956854
650313713
650313713
650313713
650313713
418359953
418359953
418359953
418359953
816696697
816696697
816696697
816696697
604980350
604980350
604980350
604980350
647180419
647180419
647180419
647180419
372942957
372942957
372942957
372942957
595962771
595962771
193681189
193681189
797103562
797103562
394821980
394821980
271161925
271161925
271161925
271161925
271161925
271161925
271161925
271161925
75445494
75445494
75445494
75445494
37722747
37722747
113168241
113168241
31215874
31215874
31215874
31215874
405540916
405540916
405540916
405540916
686306818
686306818
374369283
374369283
748694325
748694325
748694325
748694325
252825585
252825585
84275195
84275195
337100780
337100780
337100780
337100780
675783665
675783665
30862289
30862289
30862289
30862289
514553321
514553321
14185143
14185143
14185143
14185143
14185143
14185143
14185143
14185143
774842385
774842385
774842385
774842385
62819919
62819919
62819919
62819919
126915282
126915282
380745846
380745846
20570455
20570455
20570455
20570455
147485737
147485737
147485737
147485737
589942948
589942948
294971474
294971474
366295449
366295449
366295449
366295449
524282675
524282675
50320997
50320997
589035926
589035926
589035926
589035926
576008519
576008519
729781204
729781204
525899169
525899169
175299723
175299723
350599446
350599446
350599446
350599446
467465928
467465928
404153431
404153431
701198892
701198892
233732964
233732964
678326042
678326042
678326042
678326042
678326042
678326042
678326042
678326042
19244710
19244710
339163021
339163021
339163021
339163021
339163021
339163021
56686001
56686001
170058003
170058003
283430005
283430005
640837179
640837179
283430005
283430005
283430005
283430005
283430005
283430005
427224786
427224786
422550994
422550994
269408629
269408629
691959623
691959623
385674893
385674893
43599849
43599849
43599849
43599849
801502139
801502139
801502139
801502139
43599849
43599849
130799547
130799547
14533283
14533283
14533283
14533283
14533283
14533283
14533283
14533283
408017711
408017711
801502139
801502139
168888003
168888003
168888003
168888003
936796810
936796810
936796810
936796810
359117648
359117648
359117648
359117648
718235296
718235296
718235296
718235296
148222308
148222308
148222308
148222308
222333462
222333462
74111154
74111154
525286703
525286703
525286703
525286703
814094581
814094581
814094581
814094581
694421157
694421157
86774765
86774765
390597961
390597961
173549530
173549530
694421157
694421157
86774765
86774765
86774765
86774765
542509559
542509559
542509559
542509559
770376956
770376956
542509559
542509559
846332755
846332755
781195922
781195922
564147491
564147491
781195922
781195922
781195922
781195922
614887365
614887365
204962455
204962455
204962455
204962455
614887365
614887365
597077336
597077336
597077336
597077336
62187980
62187980
62187980
62187980
226597308
226597308
75532436
75532436
987362563
987362563
987362563
987362563
829768617
829768617
829768617
829768617
192351671
192351671
577055013
577055013
984880093
984880093
984880093
984880093
984880093
984880093
661041482
661041482
994903288
994903288
664382547
664382547
994903288
994903288
994903288
994903288
63953435
63953435
63953435
63953435
27408615
27408615
27408615
27408615
9838990
9838990
9838990
9838990
506501419
506501419
14758485
14758485
584090517
584090517
584090517
584090517
137300588
137300588
137300588
137300588
961104116
961104116
961104116
961104116
720828087
720828087
240276029
240276029
304985197
304985197
304985197
304985197
651614775
651614775
956599972
956599972
478299986
478299986
956599972
956599972
651614775
651614775
651614775
651614775
722985561
722985561
722985561
722985561
860614957
860614957
860614957
860614957
447511153
447511153
447511153
447511153
447511153
447511153
481918502
481918502
757308685
757308685
757308685
757308685
516373017
516373017
516373017
516373017
172158029
172158029
172158029
172158029
344316058
344316058
344316058
344316058
143442573
143442573
143442573
143442573
573770292
573770292
573770292
573770292
866133244
866133244
866133244
866133244
244674045
244674045
734022135
734022135
621459199
621459199
621459199
621459199
621459199
621459199
621459199
621459199
433066622
433066622
433066622
433066622
649599933
649599933
216533311
216533311
621370624
621370624
621370624
621370624
310685312
310685312
310685312
310685312
644334375
644334375
644334375
644334375
214778125
214778125
644334375
644334375
80582867
80582867
692357191
692357191
80582867
80582867
539413610
539413610
843984074
843984074
843984074
843984074
741143888
741143888
741143888
741143888
277928958
277928958
277928958
277928958
555857916
555857916
113471479
113471479
319095839
319095839
957287517
957287517
977765935
977765935
977765935
977765935
16330237
16330237
16330237
16330237
261808766
261808766
523617532
523617532
940957280
940957280
940957280
940957280
376382912
376382912
376382912
376382912
213226656
213226656
639679968
639679968
849719999
849719999
849719999
849719999
583186679
583186679
583186679
583186679
168129005
168129005
336258010
336258010
277928958
277928958
833786874
833786874
555857916
555857916
555857916
555857916
113471479
113471479
555857916
555857916
277928958
277928958
833786874
833786874
782750657
782750657
782750657
782750657
890497505
890497505
675003809
675003809
540320249
540320249
845602985
845602985
540320249
540320249
845602985
845602985
28522721
28522721
675003809
675003809
28522721
28522721
28522721
28522721
757399954
757399954
585214769
585214769
344370370
344370370
344370370
344370370
129017809
129017809
129017809
129017809
937022782
937022782
937022782
937022782
69646199
69646199
69646199
69646199
362154885
362154885
120718295
120718295
123405994
123405994
123405994
123405994
740435964
740435964
740435964
740435964
925544955
925544955
852845557
852845557
852845557
852845557
925544955
925544955
628960249
628960249
628960249
628960249
802077679
802077679
409744331
409744331
173117430
173117430
173117430
173117430
692469720
692469720
386695087
386695087
469551567
469551567
469551567
469551567
469551567
469551567
469551567
469551567
531604954
531604954
531604954
531604954
531604954
531604954
531604954
531604954
643397039
643397039
879961915
879961915
525114601
525114601
525114601
525114601
291399868
291399868
874199604
874199604
167355119
167355119
167355119
167355119
692469720
692469720
692469720
692469720
346234860
346234860
346234860
346234860
271200767
271200767
271200767
271200767
271200767
271200767
271200767
271200767
567759488
567759488
283879744
283879744
283879744
283879744
283879744
283879744
635423390
635423390
908025817
908025817
635423390
635423390
635423390
635423390
221564513
221564513
221564513
221564513
609904433
609904433
831468946
831468946
385931831
385931831
385931831
385931831
567759488
567759488
283879744
283879744
505809831
505809831
505809831
505809831
886663357
886663357
628302570
628302570
617390827
617390827
538545060
538545060
78845767
78845767
78845767
78845767
67973755
67973755
67973755
67973755
533109054
533109054
601082809
601082809
355406036
355406036
355406036
355406036
491353546
491353546
491353546
491353546
269377013
269377013
269377013
269377013
512332793
512332793
538754026
538754026
113724522
113724522
113724522
113724522
56862261
56862261
170586783
170586783
673291048
673291048
673291048
673291048
868263031
868263031
868263031
868263031
336645524
336645524
336645524
336645524
673291048
673291048
673291048
673291048
19781808
19781808
6593936
6593936
430644981
430644981
430644981
430644981
900853578
900853578
300284526
300284526
900853578
900853578
300284526
300284526
433529828
433529828
433529828
433529828
302345131
302345131
650294742
650294742
85580217
85580217
171160434
171160434
171160434
171160434
171160434
171160434
884337334
884337334
627527229
627527229
142903086
142903086
71451543
71451543
955788877
955788877
913333401
913333401
966402746
966402746
966402746
966402746
526956130
526956130
526956130
526956130
841529342
841529342
946006016
946006016
631432804
631432804
631432804
631432804
580337657
580337657
789291005
789291005
857351933
857351933
951280213
951280213
904316073
904316073
904316073
904316073
810387793
810387793
602877382
602877382
19653851
19653851
19653851
19653851
285477829
285477829
427907394
427907394
509472488
509472488
509472488
509472488
591580721
591580721
591580721
591580721
59235054
59235054
59235054
59235054
17621013
17621013
17621013
17621013
17621013
17621013
52863039
52863039
953243955
953243955
863243159
863243159
930743756
930743756
863243159
863243159
753209748
753209748
251069916
251069916
892367335
892367335
892367335
892367335
72546766
72546766
72546766
72546766
228667577
228667577
228667577
228667577
892367335
892367335
892367335
892367335
502139832
502139832
502139832
502139832
257105227
257105227
418449860
418449860
257105227
257105227
418449860
418449860
793440834
793440834
793440834
793440834
946697869
946697869
946697869
946697869
935047536
935047536
935047536
935047536
404326951
404326951
467523768
467523768
338071497
338071497
338071497
338071497
338071497
338071497
15970138
15970138
314294554
314294554
437512969
437512969
191076139
191076139
191076139
191076139
657961440
657961440
657961440
657961440
657961440
657961440
657961440
657961440
558475402
558475402
518906585
518906585
558475402
558475402
518906585
518906585
988584323
988584323
988584323
988584323
988584323
988584323
988584323
988584323
897393806
897393806
897393806
897393806
393141071
393141071
796543259
796543259
789630150
789630150
263210050
263210050
420484801
420484801
420484801
420484801
420918987
420918987
264512608
264512608
264512608
264512608
264512608
264512608
334327870
334327870
668655740
668655740
523341257
523341257
523341257
523341257
820155692
820155692
820155692
820155692
938881466
938881466
820155692
820155692
764792807
764792807
920427171
920427171
842609989
842609989
842609989
842609989
842609989
842609989
686975625
686975625
686975625
686975625
842609989
842609989
587542516
587542516
293771258
293771258
293771258
293771258
587542516
587542516
764383195
764383195
764383195
764383195
470199134
470199134
470199134
470199134
734943351
734943351
734943351
734943351
734943351
734943351
208341347
208341347
924964813
924964813
924964813
924964813
943284698
943284698
943284698
943284698
242606864
242606864
121303432
121303432
60651716
60651716
60651716
60651716
242606864
242606864
121303432
121303432
605083468
605083468
605083468
605083468
153421405
153421405
153421405
153421405
393519308
393519308
393519308
393519308
491899135
491899135
491899135
491899135
196759654
196759654
196759654
196759654
263807257
263807257
263807257
263807257
791421771
791421771
263807257
263807257
711223788
711223788
711223788
711223788
237074596
237074596
237074596
237074596
613751445
613751445
613751445
613751445
683247610
683247610
53254124
53254124
616827293
616827293
871105333
871105333
892116552
892116552
679860950
679860950
362248920
362248920
362248920
362248920
543373380
543373380
181124460
181124460
706385394
706385394
414526435
414526435
108674676
108674676
326024028
326024028
845449246
845449246
845449246
845449246
539859032
539859032
539859032
539859032
915856823
915856823
915856823
915856823
943319333
943319333
943319333
943319333
822329529
822329529
822329529
822329529
932276294
932276294
932276294
932276294
251362047
251362047
251362047
251362047
509927929
509927929
502724094
502724094
68827982
68827982
68827982
68827982
152438905
152438905
152438905
152438905
609755620
609755620
609755620
609755620
526144697
526144697
526144697
526144697
743453258
743453258
743453258
743453258
743453258
743453258
233871068
233871068
918856559
918856559
958550456
958550456
239637614
239637614
718912842
718912842
175602218
175602218
175602218
175602218
862435312
862435312
620226555
620226555
537617372
537617372
76990391
76990391
614344690
614344690
844789717
844789717
742441825
742441825
230836769
230836769
717476066
717476066
904654924
904654924
717476066
717476066
717476066
717476066
717476066
717476066
717476066
717476066
918288031
918288031
918288031
918288031
678419065
678419065
838331709
838331709
377813146
377813146
135195085
135195085
755626292
755626292
755626292
755626292
304872576
304872576
304872576
304872576
711369344
711369344
711369344
711369344
119621759
119621759
558933056
558933056
558933056
558933056
558933056
558933056
119621759
119621759
558933056
558933056
302301495
302301495
302301495
302301495
119621759
119621759
119621759
119621759
119621759
119621759
558933056
558933056
508073744
508073744
508073744
508073744
964510962
964510962
964510962
964510962
8428457
8428457
8428457
8428457
411097581
411097581
235048390
235048390
126485544
126485544
126485544
126485544
295132936
295132936
295132936
295132936
421618480
421618480
210809240
210809240
168647392
168647392
168647392
168647392
711204920
711204920
355602460
355602460
177801230
177801230
177801230
177801230
360686857
360686857
360686857
360686857
271786242
271786242
815358726
815358726
232525477
232525477
232525477
232525477
492307932
492307932
492307932
492307932
806884731
806884731
806884731
806884731
284481968
284481968
284481968
284481968
357836148
357836148
357836148
357836148
178918074
178918074
178918074
178918074
626213259
626213259
626213259
626213259
722769769
722769769
722769769
722769769
89283530
89283530
44641765
44641765
89283530
89283530
695257412
695257412
275299077
275299077
275299077
275299077
509417372
509417372
509417372
509417372
232889132
232889132
743125946
743125946
116444566
116444566
232889132
232889132
953785803
953785803
953785803
953785803
953785803
953785803
953785803
953785803
347084135
347084135
43008052
43008052
390092187
390092187
694168270
694168270
672664244
672664244
347084135
347084135
347084135
347084135
347084135
347084135
523238390
523238390
571470817
571470817
937276705
937276705
937276705
937276705
523238390
523238390
48232427
48232427
876309057
876309057
876309057
876309057
247065931
247065931
741197793
741197793
415103428
415103428
415103428
415103428
806416666
806416666
403208333
403208333
551967338
551967338
849485348
849485348
104151667
104151667
104151667
104151667
312455001
312455001
104151667
104151667
502330337
502330337
750287345
750287345
626308841
626308841
874265849
874265849
451930818
451930818
451930818
451930818
743238108
743238108
233225618
233225618
668471256
668471256
222823752
222823752
668471256
668471256
222823752
222823752
512943175
512943175
503729176
503729176
9213999
9213999
9213999
9213999
459191027
459191027
818559911
818559911
314830735
314830735
944492205
944492205
755078945
755078945
268748129
268748129
25582721
25582721
25582721
25582721
329539481
329539481
659078962
659078962
663891917
663891917
663891917
663891917
889048115
889048115
889048115
889048115
943646234
943646234
834449996
834449996
533428869
533428869
533428869
533428869
533428869
533428869
533428869
533428869
424232631
424232631
424232631
424232631
424232631
424232631
424232631
424232631
417224998
417224998
417224998
417224998
950653867
950653867
649632740
649632740
583208756
583208756
583208756
583208756
583208756
583208756
583208756
583208756
306518358
306518358
306518358
306518358
336466590
336466590
112155530
112155530
725312518
725312518
179448848
179448848
444863557
444863557
444863557
444863557
179448848
179448848
179448848
179448848
796244127
796244127
796244127
796244127
390117110
390117110
390117110
390117110
585175665
585175665
195058555
195058555
80315594
80315594
40157797
40157797
247838227
247838227
415360860
415360860
138453620
138453620
138453620
138453620
80315594
80315594
692268100
692268100
40157797
40157797
80315594
80315594
830721720
830721720
830721720
830721720
440178428
440178428
440178428
440178428
775017983
775017983
775017983
775017983
320913452
320913452
320913452
320913452
320913452
320913452
772467386
772467386
303776497
303776497
651010425
651010425
613821987
613821987
613821987
613821987
37188438
37188438
37188438
37188438
55782657
55782657
18594219
18594219
694999121
694999121
694999121
694999121
796080865
796080865
796080865
796080865
287486511
287486511
287486511
287486511
287486511
287486511
287486511
287486511
568024545
568024545
568024545
568024545
568024545
568024545
568024545
568024545
867161710
867161710
867161710
867161710
621802021
621802021
621802021
621802021
632582487
632582487
632582487
632582487
899503108
899503108
899503108
899503108
12431254
12431254
336891869
336891869
667568111
667568111
6215627
6215627
871925696
871925696
619288382
619288382
354346165
354346165
354346165
354346165
549976602
549976602
549976602
549976602
309644191
309644191
309644191
309644191
30510848
30510848
30510848
30510848
546635384
546635384
641661799
641661799
482119817
482119817
482119817
482119817
930234915
930234915
930234915
930234915
250134910
250134910
250134910
250134910
375202365
375202365
750404730
750404730
252430197
252430197
252430197
252430197
168286798
168286798
168286798
168286798
472668584
472668584
472668584
472668584
637949428
637949428
637949428
637949428
956924142
956924142
956924142
956924142
956924142
956924142
318974714
318974714
437141860
437141860
437141860
437141860
478462071
478462071
478462071
478462071
637949428
637949428
915603931
915603931
307387740
307387740
307387740
307387740
258554326
258554326
258554326
258554326
749968013
749968013
749968013
749968013
253415333
253415333
253415333
253415333
253415333
253415333
749968013
749968013
178516508
178516508
725001738
725001738
575627108
575627108
575627108
575627108
550120463
550120463
774182408
774182408
550120463
550120463
774182408
774182408
345626269
345626269
345626269
345626269
691252538
691252538
691252538
691252538
345626269
345626269
345626269
345626269
895913748
895913748
895913748
895913748
91235874
91235874
45617937
45617937
283774541
283774541
283774541
283774541
417544916
417544916
254390395
254390395
91235874
91235874
30411958
30411958
326795480
326795480
326795480
326795480
474504077
474504077
474504077
474504077
839787158
839787158
839787158
839787158
419893579
419893579
261436384
261436384
343511353
343511353
447251902
447251902
894503804
894503804
894503804
894503804
316472869
316472869
949418607
949418607
632945738
632945738
632945738
632945738
702339074
702339074
110528516
110528516
110528516
110528516
110528516
110528516
890211911
890211911
962233539
962233539
890211911
890211911
890211911
890211911
103461209
103461209
310383627
310383627
12122579
12122579
12122579
12122579
438089994
438089994
219044997
219044997
413844836
413844836
803444514
803444514
139075109
139075109
568659731
568659731
142370921
142370921
142370921
142370921
423816951
423816951
423816951
423816951
423816951
423816951
423816951
423816951
302313955
302313955
433519436
433519436
644530903
644530903
644530903
644530903
259216426
259216426
777649278
777649278
388824639
388824639
777649278
777649278
872742568
872742568
621738998
621738998
992474426
992474426
992474426
992474426
994397735
994397735
994397735
994397735
853165191
853165191
853165191
853165191
345208496
345208496
780565734
780565734
172604248
172604248
345208496
345208496
472738373
472738373
735491363
735491363
780565734
780565734
780565734
780565734
712331575
712331575
712331575
712331575
142466315
142466315
142466315
142466315
569940656
569940656
855476454
855476454
427398945
427398945
283952482
283952482
682619410
682619410
366994467
366994467
819143292
819143292
273047764
273047764
400710056
400710056
400710056
400710056
359932893
359932893
359932893
359932893
9698382
9698382
9698382
9698382
8081985
8081985
8081985
8081985
488248358
488248358
828245688
828245688
414122844
414122844
414122844
414122844
654565957
654565957
826405155
826405155
103629187
103629187
103629187
103629187
367291180
367291180
103629187
103629187
734582360
734582360
734582360
734582360
220381149
220381149
661143447
661143447
881524596
881524596
881524596
881524596
661143447
661143447
661143447
661143447
440762298
440762298
440762298
440762298
518508342
518508342
518508342
518508342
943123893
943123893
943123893
943123893
414846950
414846950
246296497
246296497
414846950
414846950
414846950
414846950
524000404
524000404
573756859
573756859
215611305
215611305
215611305
215611305
258733566
258733566
86244522
86244522
172489044
172489044
172489044
172489044
451064935
451064935
451064935
451064935
177475226
177475226
354950452
354950452
177475226
177475226
354950452
354950452
451064935
451064935
451064935
451064935
52979399
52979399
683156035
683156035
683156035
683156035
683156035
683156035
901738212
901738212
901738212
901738212
459413622
459413622
459413622
459413622
969430926
969430926
969430926
969430926
764019370
764019370
764019370
764019370
338260792
338260792
338260792
338260792
507391188
507391188
507391188
507391188
626020429
626020429
626020429
626020429
169197670
169197670
169197670
169197670
812132391
812132391
812132391
812132391
719076410
719076410
905188372
905188372
724123319
724123319
724123319
724123319
175881251
175881251
175881251
175881251
175881251
175881251
175881251
175881251
724123319
724123319
724123319
724123319
786001129
786001129
786001129
786001129
679879517
679879517
892122741
892122741
732940323
732940323
732940323
732940323
839061935
839061935
520697099
520697099
966858547
966858547
935472741
935472741
966858547
966858547
966858547
966858547
982551450
982551450
982551450
982551450
966858547
966858547
935472741
935472741
935472741
935472741
935472741
935472741
262013720
262013720
262013720
262013720
966858547
966858547
935472741
935472741
966858547
966858547
966858547
966858547
935472741
935472741
935472741
935472741
966858547
966858547
935472741
935472741
311824247
311824247
935472741
935472741
400916889
400916889
400916889
400916889
971248652
971248652
917257250
917257250
258920096
258920096
258920096
258920096
48472945
48472945
48472945
48472945
944252951
944252951
944252951
944252951
80072479
80072479
80072479
80072479
898597360
898597360
898597360
898597360
820245262
820245262
820245262
820245262
544996903
544996903
544996903
544996903
231640804
231640804
231640804
231640804
926563216
926563216
926563216
926563216
463281608
463281608
391600471
391600471
231640804
231640804
694922412
694922412
797995570
797995570
797995570
797995570
996744572
996744572
498372286
498372286
749476957
749476957
582573770
582573770
582573770
582573770
582573770
582573770
182616719
182616719
182616719
182616719
590430536
590430536
773047255
773047255
276473890
276473890
276473890
276473890
706477594
706477594
706477594
706477594
187714342
187714342
187714342
187714342
474383478
474383478
474383478
474383478
602425177
602425177
206606001
206606001
602425177
602425177
602425177
602425177
176319564
176319564
528958692
528958692
352639128
352639128
352639128
352639128
940371008
940371008
940371008
940371008
940371008
940371008
940371008
940371008
985989695
985989695
985989695
985989695
985989695
985989695
992117024
992117024
979862366
979862366
979862366
979862366
992117024
992117024
992117024
992117024
200481069
200481069
66827023
66827023
200481069
200481069
66827023
66827023
735097253
735097253
910528653
910528653
365164937
365164937
365164937
365164937
98906464
98906464
197812928
197812928
313471662
313471662
313471662
313471662
41077097
41077097
519660725
519660725
470207493
470207493
156735831
156735831
534139631
534139631
604174540
604174540
534139631
534139631
534139631
534139631
456788844
456788844
372122179
372122179
302087270
302087270
302087270
302087270
697561283
697561283
697561283
697561283
242257948
242257948
242257948
242257948
681184912
681184912
364125471
364125471
364125471
364125471
364125471
364125471
249410004
249410004
748230012
748230012
698589746
698589746
698589746
698589746
449179742
449179742
349294873
349294873
249410004
249410004
249410004
249410004
508870741
508870741
502371698
502371698
928333837
928333837
928333837
928333837
543825999
543825999
181275333
181275333
893378579
893378579
963289095
963289095
84486643
84486643
84486643
84486643
710338784
710338784
902275830
902275830
10480368
10480368
3493456
3493456
3493456
3493456
10480368
10480368
511690061
511690061
25135769
25135769
581197817
581197817
581197817
581197817
909500379
909500379
303166793
303166793
838026106
838026106
838026106
838026106
659370350
659370350
885286352
885286352
763139523
763139523
528034693
528034693
678824832
678824832
226274944
226274944
678824832
678824832
226274944
226274944
923297961
923297961
923297961
923297961
923297961
923297961
923297961
923297961
179074507
179074507
179074507
179074507
650002051
650002051
951761800
951761800
967095488
967095488
987861398
987861398
992014580
992014580
979555034
979555034
948406169
948406169
948406169
948406169
931793441
931793441
931793441
931793441
52398911
52398911
682962539
682962539
735361450
735361450
735361450
735361450
31261677
31261677
31261677
31261677
31261677
31261677
31261677
31261677
180818233
180818233
589531293
589531293
896066088
896066088
691709558
691709558
312898784
312898784
938696352
938696352
938696352
938696352
938696352
938696352
312898784
312898784
312898784
312898784
253350783
253350783
506701566
506701566
506701566
506701566
506701566
506701566
506701566
506701566
253350783
253350783
515008950
515008950
546782497
546782497
63547094
63547094
63547094
63547094
610329591
610329591
610329591
610329591
416372210
416372210
208186105
208186105
3560095
3560095
3560095
3560095
3560095
3560095
3560095
3560095
154749712
154749712
154749712
154749712
232124568
232124568
116062284
116062284
879552602
879552602
958680436
958680436
879552602
879552602
879552602
879552602
839988685
839988685
839988685
839988685
681733017
681733017
681733017
681733017
31387893
31387893
31387893
31387893
933667162
933667162
933667162
933667162
246044728
246044728
246044728
246044728
369067092
369067092
738134184
738134184
246293045
246293045
246293045
246293045
349167654
349167654
349167654
349167654
633407183
633407183
633407183
633407183
973921875
973921875
973921875
973921875
74399291
74399291
690295999
690295999
74399291
74399291
74399291
74399291
121816941
121816941
121816941
121816941
829009762
829009762
829009762
829009762
312644444
312644444
156322222
156322222
312644444
312644444
156322222
156322222
468966666
468966666
937933332
937933332
774471074
774471074
774471074
774471074
520703053
520703053
520703053
520703053
506315802
506315802
520703053
520703053
859711046
859711046
859711046
859711046
269999988
269999988
269999988
269999988
114486474
114486474
114486474
114486474
713108874
713108874
142837916
142837916
256784037
256784037
256784037
256784037
200081153
200081153
200081153
200081153
86255153
86255153
258765459
258765459
172510306
172510306
172510306
172510306
345020612
345020612
345020612
345020612
690041224
690041224
690041224
690041224
953033871
953033871
862612907
862612907
563500976
563500976
563500976
563500976
653921940
653921940
653921940
653921940
963521467
963521467
653921940
653921940
958872047
958872047
958872047
958872047
978558200
978558200
978558200
978558200
718128862
718128862
359064431
359064431
572124405
572124405
718128862
718128862
178559751
178559751
588402052
588402052
588402052
588402052
178559751
178559751
828445899
828445899
828445899
828445899
828445899
828445899
828445899
828445899
704574041
704574041
704574041
704574041
117233417
117233417
704574041
704574041
785098669
785098669
358807301
358807301
358807301
358807301
678525827
678525827
834053938
834053938
834053938
834053938
847155801
847155801
847155801
847155801
341482693
341482693
341482693
341482693
393890145
393890145
393890145
393890145
368045039
368045039
368045039
368045039
337790535
337790535
337790535
337790535
705835574
705835574
705835574
705835574
413426795
413426795
413426795
413426795
774711017
774711017
923733241
923733241
774711017
774711017
774711017
774711017
464909283
464909283
396483496
396483496
731576818
731576818
198241748
198241748
587544729
587544729
587544729
587544729
587544729
587544729
792894541
792894541
382194917
382194917
382194917
382194917
382194917
382194917
382194917
382194917
607640990
607640990
217037627
217037627
217037627
217037627
737842111
737842111
434075254
434075254
217037627
217037627
434075254
434075254
477439869
477439869
748124943
748124943
748124943
748124943
993777779
993777779
993777779
993777779
995266637
995266637
995266637
995266637
996011066
996011066
993777779
993777779
192723541
192723541
578170623
578170623
986702137
986702137
963617705
963617705
75192015
75192015
75192015
75192015
805077276
805077276
268359092
268359092
354748084
354748084
354748084
354748084
65999899
65999899
354748084
354748084
298748436
298748436
896245308
896245308
597496872
597496872
597496872
597496872
466224644
466224644
466224644
466224644
466224644
466224644
466224644
466224644
233112322
233112322
466224644
466224644
466224644
466224644
820904450
820904450
987357867
987357867
965584895
965584895
932925437
932925437
976471381
976471381
229148927
229148927
229148927
229148927
480070826
480070826
480070826
480070826
279559007
279559007
279559007
279559007
638901680
638901680
638901680
638901680
378283180
378283180
378283180
378283180
651493554
651493554
651493554
651493554
112745795
112745795
112745795
112745795
315688226
315688226
315688226
315688226
600593392
600593392
803535823
803535823
668240869
668240869
668240869
668240869
274671724
274671724
137335862
137335862
364451905
364451905
454232086
454232086
919020297
919020297
760572185
760572185
966575978
966575978
987688228
987688228
728903810
728903810
908464172
908464172
818683991
818683991
818683991
818683991
908464172
908464172
908464172
908464172
274671724
274671724
137335862
137335862
320775096
320775096
320775096
320775096
320775096
320775096
320775096
320775096
880224568
880224568
880224568
880224568
626156307
626156307
880224568
880224568
567351485
567351485
567351485
567351485
567351485
567351485
567351485
567351485
272917234
272917234
272917234
272917234
703810102
703810102
567351485
567351485
196839673
196839673
196839673
196839673
792040688
792040688
379633358
379633358
432702837
432702837
865405674
865405674
865405674
865405674
288468558
288468558
685168064
685168064
685168064
685168064
513876048
513876048
171292016
171292016
115798194
115798194
115798194
115798194
872180616
872180616
872180616
872180616
988825451
988825451
988825451
988825451
941730941
941730941
941730941
941730941
70460560
70460560
211381680
211381680
70460560
70460560
211381680
211381680
634765465
634765465
544336606
544336606
816504909
816504909
816504909
816504909
498460882
498460882
498460882
498460882
926657773
926657773
926657773
926657773
175186246
175186246
175186246
175186246
175186246
175186246
175186246
175186246
974085411
974085411
324695137
324695137
324695137
324695137
324695137
324695137
934062271
934062271
805698107
805698107
869880189
869880189
869880189
869880189
180146246
180146246
180146246
180146246
632991861
632991861
632991861
632991861
62353559
62353559
686280755
686280755
401012139
401012139
401012139
401012139
471233319
471233319
471233319
471233319
775133493
775133493
886688923
886688923
338552590
338552590
338552590
338552590
338552590
338552590
677105180
677105180
648730535
648730535
648730535
648730535
648730535
648730535
648730535
648730535
155279374
155279374
155279374
155279374
310558748
310558748
310558748
310558748
15896990
15896990
15896990
15896990
15896990
15896990
7948495
7948495
167341167
167341167
167341167
167341167
669364668
669364668
669364668
669364668
647721691
647721691
297199029
297199029
99066343
99066343
99066343
99066343
48659147
48659147
145977441
145977441
243295735
243295735
620770044
620770044
973879930
973879930
925151084
925151084
900786661
900786661
900786661
900786661
803398668
803398668
803398668
803398668
401699334
401699334
206853649
206853649
657351528
657351528
973810231
973810231
973810231
973810231
657351528
657351528
883655322
883655322
654477260
654477260
769066291
769066291
310710167
310710167
35962943
35962943
35962943
35962943
143851772
143851772
143851772
143851772
304009965
304009965
608019930
608019930
651127159
651127159
651127159
651127159
651127159
651127159
651127159
651127159
130451368
130451368
65225684
65225684
378022985
378022985
791503897
791503897
342565058
342565058
171282529
171282529
109299390
109299390
109299390
109299390
327898170
327898170
327898170
327898170
260961072
260961072
260961072
260961072
782883216
782883216
391441608
391441608
483655653
483655653
483655653
483655653
161686645
161686645
161686645
161686645
800298806
800298806
800298806
800298806
101101928
101101928
699196878
699196878
227479338
227479338
113739669
113739669
555992011
555992011
555992011
555992011
698376573
698376573
698376573
698376573
248574903
248574903
623409628
623409628
398508793
398508793
398508793
398508793
398508793
398508793
398508793
398508793
267133946
267133946
267133946
267133946
565905663
565905663
565905663
565905663
699472636
699472636
565905663
565905663
133566973
133566973
133566973
133566973
574506138
574506138
574506138
574506138
408233876
408233876
801574194
801574194
279224531
279224531
837673593
837673593
558449062
558449062
558449062
558449062
494069713
494069713
746157033
746157033
695739569
695739569
897409425
897409425
909492469
909492469
635912274
635912274
273580195
273580195
273580195
273580195
443916758
443916758
333505921
333505921
887833516
887833516
887833516
887833516
425325501
425325501
425325501
425325501
610101366
610101366
610101366
610101366
335641008
335641008
111880336
111880336
559401680
559401680
279700840
279700840
232439343
232439343
232439343
232439343
615341848
615341848
232439343
232439343
477037791
477037791
477037791
477037791
216434510
216434510
216434510
216434510
599333371
599333371
599333371
599333371
78126809
78126809
691538505
691538505
316678506
316678506
105559502
105559502
527797510
527797510
263898755
263898755
369458257
369458257
369458257
369458257
578291803
578291803
578291803
578291803
20080659
20080659
20080659
20080659
20080659
20080659
20080659
20080659
465165457
465165457
487803270
487803270
930330914
930330914
975606540
975606540
224038799
224038799
224038799
224038799
152785394
152785394
458356182
458356182
536033702
536033702
536033702
536033702
383248308
383248308
383248308
383248308
917858998
917858998
638701117
638701117
706350929
706350929
706350929
706350929
611141576
611141576
611141576
611141576
224038799
224038799
611141576
611141576
527616430
527616430
527616430
527616430
320796722
320796722
320796722
320796722
113977014
113977014
113977014
113977014
170965521
170965521
170965521
170965521
113977014
113977014
341931042
341931042
170965521
170965521
170965521
170965521
377785229
377785229
377785229
377785229
377785229
377785229
377785229
377785229
859434659
859434659
859434659
859434659
434033991
434033991
303857620
303857620
486172192
486172192
243086096
243086096
989611030
989611030
989611030
989611030
444421483
444421483
444421483
444421483
444421483
444421483
335020096
335020096
888842966
888842966
888842966
888842966
335020096
335020096
444421483
444421483
752678048
752678048
261545438
261545438
15979133
15979133
31958266
31958266
507111743
507111743
523090876
523090876
752678048
752678048
752678048
752678048
204248012
204248012
102124006
102124006
204248012
204248012
204248012
204248012
612744036
612744036
204248012
204248012
612744036
612744036
306372018
306372018
337614204
337614204
675228408
675228408
225076136
225076136
675228408
675228408
900304544
900304544
900304544
900304544
450152272
450152272
450152272
450152272
281345170
281345170
844035510
844035510
337614204
337614204
337614204
337614204
380346980
380346980
760693960
760693960
190173490
190173490
190173490
190173490
871081168
871081168
435540584
435540584
623108507
623108507
871081168
871081168
114455767
114455767
556350060
556350060
114455767
114455767
114455767
114455767
104041157
104041157
208082314
208082314
402108889
402108889
208082314
208082314
559571417
559571417
680469898
680469898
680469898
680469898
340234949
340234949
907734220
907734220
635326191
635326191
635765006
635765006
273285659
273285659
273285659
273285659
635765006
635765006
635765006
635765006
273285659
273285659
818540532
818540532
818540532
818540532
545693688
545693688
545693688
545693688
159160659
159160659
159160659
159160659
578702506
578702506
159160659
159160659
809953349
809953349
809953349
809953349
621662345
621662345
621662345
621662345
20265468
20265468
6755156
6755156
20265468
20265468
20265468
20265468
206343941
206343941
206343941
206343941
231651595
231651595
694954785
694954785
769573932
769573932
312233090
312233090
256524644
256524644
256524644
256524644
528144715
528144715
528144715
528144715
528144715
528144715
528144715
528144715
58045077
58045077
174135231
174135231
232180308
232180308
232180308
232180308
915421113
915421113
305140371
305140371
222317131
222317131
610280742
610280742
222317131
222317131
222317131
222317131
665704115
665704115
665704115
665704115
854827035
854827035
284942345
284942345
569884690
569884690
569884690
569884690
284686630
284686630
284686630
284686630
712637149
712637149
570293834
570293834
839265509
839265509
839265509
839265509
839265509
839265509
918754931
918754931
918754931
918754931
918754931
918754931
799520798
799520798
799520798
799520798
122780634
122780634
122780634
122780634
163707512
163707512
163707512
163707512
978471851
978471851
978471851
978471851
965290183
965290183
965290183
965290183
611671091
611671091
836768920
836768920
418384460
418384460
836768920
836768920
45528182
45528182
45528182
45528182
680672296
680672296
680672296
680672296
906907355
906907355
724233359
724233359
634188886
634188886
544144413
544144413
340855644
340855644
340855644
340855644
24322579
24322579
340855644
340855644
990172536
990172536
990172536
990172536
139146986
139146986
139146986
139146986
969074729
969074729
910735481
910735481
910735481
910735481
910735481
910735481
638856565
638856565
638856565
638856565
413112725
413112725
803200477
803200477
202718867
202718867
608156601
608156601
608156601
608156601
608156601
608156601
608156601
608156601
608156601
608156601
420787716
420787716
264118795
264118795
826225450
826225450
826225450
826225450
413112725
413112725
413112725
413112725
130963131
130963131
261926262
261926262
282301871
282301871
846905613
846905613
261926262
261926262
261926262
261926262
261926262
261926262
130963131
130963131
770874184
770874184
316133846
316133846
678469856
678469856
678469856
678469856
379795086
379795086
126598362
126598362
253196724
253196724
253196724
253196724
884740298
884740298
960409668
960409668
884740298
884740298
884740298
884740298
960409668
960409668
960409668
960409668
884740298
884740298
442370149
442370149
8729538
8729538
17459076
17459076
17459076
17459076
17459076
17459076
977868744
977868744
977868744
977868744
977868744
977868744
977868744
977868744
552909567
552909567
552909567
552909567
660484348
660484348
660484348
660484348
159117670
159117670
159117670
159117670
851133517
851133517
704022681
704022681
135858671
135858671
135858671
135858671
160345490
160345490
160345490
160345490
648964239
648964239
216321413
216321413
216321413
216321413
216321413
216321413
314546738
314546738
157273369
157273369
735032230
735032230
577758861
577758861
757966929
757966929
757966929
757966929
878105641
878105641
757966929
757966929
841998327
841998327
841998327
841998327
280666109
280666109
841998327
841998327
561332218
561332218
685752301
685752301
373260249
373260249
124420083
124420083
929704534
929704534
861164715
861164715
861164715
861164715
861164715
861164715
517786085
517786085
555113902
555113902
827250109
827250109
827250109
827250109
861164715
861164715
861164715
861164715
861164715
861164715
929704534
929704534
861164715
861164715
929704534
929704534
861164715
861164715
929704534
929704534
775024037
775024037
775024037
775024037
709307356
709307356
709307356
709307356
709307356
709307356
709307356
709307356
923837581
923837581
775024037
775024037
262712153
262712153
262712153
262712153
893190406
893190406
893190406
893190406
896780573
896780573
947512463
947512463
937366085
937366085
977951597
977951597
790699250
790699250
790699250
790699250
375609044
375609044
375609044
375609044
838819996
838819996
838819996
838819996
880518207
880518207
880518207
880518207
308924617
308924617
653584485
653584485
308924617
308924617
435722990
435722990
491050861
491050861
491050861
491050861
871445980
871445980
617849234
617849234
84344236
84344236
42172118
42172118
42172118
42172118
84344236
84344236
413877993
413877993
413877993
413877993
626538478
626538478
626538478
626538478
493897074
493897074
493897074
493897074
493897074
493897074
493897074
493897074
153036560
153036560
716508422
716508422
434772491
434772491
434772491
434772491
601548010
601548010
601548010
601548010
120309602
120309602
360928806
360928806
369182853
369182853
123060951
123060951
533264121
533264121
601548010
601548010
441619551
441619551
326614300
326614300
326614300
326614300
441619551
441619551
816535750
816535750
604926701
604926701
719931952
719931952
719931952
719931952
12524727
12524727
12524727
12524727
530433994
530433994
509559449
509559449
530433994
530433994
509559449
509559449
265216997
265216997
530433994
530433994
81014874
81014874
81014874
81014874
744773385
744773385
248257795
248257795
789351869
789351869
789351869
789351869
476013143
476013143
737128748
737128748
885661371
885661371
773078389
773078389
553913419
553913419
663495904
663495904
550912922
550912922
103581491
103581491
636850407
636850407
912306868
912306868
325746958
325746958
325746958
325746958
651493916
651493916
651493916
651493916
503209761
503209761
511384930
511384930
16350338
16350338
16350338
16350338
963166308
963166308
893010218
893010218
928088263
928088263
928088263
928088263
481583154
481583154
481583154
481583154
446505109
446505109
446505109
446505109
574713704
574713704
151183055
151183055
143678426
143678426
143678426
143678426
71839213
71839213
71839213
71839213
215517639
215517639
215517639
215517639
806103983
806103983
806103983
806103983
421823243
421823243
421823243
421823243
56924676
56924676
56924676
56924676
56924676
56924676
56924676
56924676
564826971
564826971
564826971
564826971
425579659
425579659
425579659
425579659
884798218
884798218
884798218
884798218
884798218
884798218
884798218
884798218
591715364
591715364
591715364
591715364
591715364
591715364
591715364
591715364
295857682
295857682
295857682
295857682
591715364
591715364
591715364
591715364
344071343
344071343
344071343
344071343
344071343
344071343
344071343
344071343
252027346
252027346
252027346
252027346
252027346
252027346
504054692
504054692
835576356
835576356
835576356
835576356
417788178
417788178
417788178
417788178
748832776
748832776
250009622
250009622
582957088
582957088
582957088
582957088
992111788
992111788
979846658
979846658
322527176
322527176
322527176
322527176
663452047
663452047
663452047
663452047
645054352
645054352
645054352
645054352
586260054
586260054
586260054
586260054
760535809
760535809
879390081
879390081
614566866
614566866
614566866
614566866
461778758
461778758
461778758
461778758
447453660
447453660
344116627
344116627
894907320
894907320
791570287
791570287
540900478
540900478
540900478
540900478
791570287
791570287
791570287
791570287
680934840
680934840
46315814
46315814
23157907
23157907
46315814
46315814
185263256
185263256
727250654
727250654
456256955
456256955
456256955
456256955
165075100
165075100
165075100
165075100
322356447
322356447
660300400
660300400
268010041
268010041
268010041
268010041
268010041
268010041
268010041
268010041
521948807
521948807
760096580
760096580
608077264
608077264
608077264
608077264
855049233
855049233
568658993
568658993
855049233
855049233
568658993
568658993
936844818
936844818
875445283
875445283
624563212
624563212
875445283
875445283
769132161
769132161
310907777
310907777
81795585
81795585
81795585
81795585
222632466
222632466
222632466
222632466
560182909
560182909
519475754
519475754
535758616
535758616
511334323
511334323
560182909
560182909
519475754
519475754
256348762
256348762
256348762
256348762
250083217
250083217
750249651
750249651
752338166
752338166
752338166
752338166
756515196
756515196
756515196
756515196
367305608
367305608
103672471
103672471
396926314
396926314
396926314
396926314
736613992
736613992
736613992
736613992
578286115
578286115
578286115
578286115
617920701
617920701
617920701
617920701
855517750
855517750
855517750
855517750
601688026
601688026
601688026
601688026
902532039
902532039
950388196
950388196
403948686
403948686
403948686
403948686
213601705
213601705
403948686
403948686
315808572
315808572
157904286
157904286
617550391
617550391
617550391
617550391
115584460
115584460
115584460
115584460
564189527
564189527
853559411
853559411
361303621
361303621
361303621
361303621
520538804
520538804
839009170
839009170
78952143
78952143
78952143
78952143
236856429
236856429
236856429
236856429
157904286
157904286
157904286
157904286
315808572
315808572
157904286
157904286
942546934
942546934
831152096
831152096
886849515
886849515
886849515
886849515
73138462
73138462
73138462
73138462
36569231
36569231
73138462
73138462
60868241
60868241
60868241
60868241
60868241
60868241
60868241
60868241
182604723
182604723
182604723
182604723
611120260
611120260
611120260
611120260
86147883
86147883
258443649
258443649
954590127
954590127
867281675
867281675
993640981
993640981
993640981
993640981
995942667
995942667
995942667
995942667
32610161
32610161
97830483
97830483
32610161
32610161
97830483
97830483
664748886
664748886
664748886
664748886
996002305
996002305
996002305
996002305
952866294
952866294
952866294
952866294
907488235
907488235
907488235
907488235
368669375
368669375
368669375
368669375
107763772
107763772
107763772
107763772
955253245
955253245
955253245
955253245
976748799
976748799
976748799
976748799
923009914
923009914
923009914
923009914
987496576
987496576
987496576
987496576
718236221
718236221
718236221
718236221
904908309
904908309
904908309
904908309
904908309
904908309
718236221
718236221
904908309
904908309
904908309
904908309
925778040
925778040
308592680
308592680
308592680
308592680
308592680
308592680
120404112
120404112
120404112
120404112
447459386
447459386
447459386
447459386
300877863
300877863
100292621
100292621
300877863
300877863
100292621
100292621
487170831
487170831
162390277
162390277
114584895
114584895
114584895
114584895
223504825
223504825
223504825
223504825
223504825
223504825
610874589
610874589
119279772
119279772
119279772
119279772
670514475
670514475
15054719
15054719
145404998
145404998
145404998
145404998
429684783
429684783
429684783
429684783
328842378
328842378
328842378
328842378
164421189
164421189
493263567
493263567
881212709
881212709
881212709
881212709
179022845
179022845
179022845
179022845
198359744
198359744
198359744
198359744
419531766
419531766
419531766
419531766
515486931
515486931
548216440
548216440
515486931
515486931
548216440
548216440
843028912
843028912
532598030
532598030
266299015
266299015
266299015
266299015
452773801
452773801
452773801
452773801
452773801
452773801
360077050
360077050
180038525
180038525
180038525
180038525
180038525
180038525
725509077
725509077
694481284
694481284
694481284
694481284
260478810
260478810
260478810
260478810
911579178
911579178
911579178
911579178
272831933
272831933
272831933
272831933
861973372
861973372
861973372
861973372
353658846
353658846
117886282
117886282
979859654
979859654
979859654
979859654
979859654
979859654
979859654
979859654
372333516
372333516
372333516
372333516
186166758
186166758
372333516
372333516
769179964
769179964
769179964
769179964
360077050
360077050
360077050
360077050
854295709
854295709
854295709
854295709
926270031
926270031
926270031
926270031
890282870
890282870
890282870
890282870
926270031
926270031
926270031
926270031
410450648
410450648
233107591
233107591
233107591
233107591
233107591
233107591
53171786
53171786
26585893
26585893
311242246
311242246
933726738
933726738
890434510
890434510
890434510
890434510
146600017
146600017
146600017
146600017
25860116
25860116
25860116
25860116
12930058
12930058
38790174
38790174
172300840
172300840
172300840
172300840
258451260
258451260
129225630
129225630
344601680
344601680
344601680
344601680
344601680
344601680
35560687
35560687
623598521
623598521
623598521
623598521
935803381
935803381
935803381
935803381
598784372
598784372
598784372
598784372
898176558
898176558
798108763
798108763
578572176
578572176
578572176
578572176
371939256
371939256
371939256
371939256
666729489
666729489
832486921
832486921
532643639
532643639
599686564
599686564
126459740
126459740
707649482
707649482
215244089
215244089
606744221
606744221
704619254
704619254
704619254
704619254
215244089
215244089
215244089
215244089
228557078
228557078
228557078
228557078
741681928
741681928
228557078
228557078
278130723
278130723
834392169
834392169
620966340
620966340
206988780
206988780
334021806
334021806
167010903
167010903
334021806
334021806
334021806
334021806
668043612
668043612
668043612
668043612
337842871
337842871
337842871
337842871
496185639
496185639
165395213
165395213
165395213
165395213
496185639
496185639
167767527
167767527
167767527
167767527
320057303
320057303
960171909
960171909
119241414
119241414
119241414
119241414
119241414
119241414
119241414
119241414
246136661
246136661
246136661
246136661
217081792
217081792
217081792
217081792
886656772
886656772
886656772
886656772
588553237
588553237
767415358
767415358
886656772
886656772
663481610
663481610
331740805
331740805
663481610
663481610
587762691
587762691
765043720
765043720
587762691
587762691
765043720
765043720
68481038
68481038
688323248
688323248
136962076
136962076
378402143
378402143
420346969
420346969
420346969
420346969
367830164
367830164
367830164
367830164
171545685
171545685
57181895
57181895
171545685
171545685
57181895
57181895
577141422
577141422
577141422
577141422
865712133
865712133
931978243
931978243
504457456
504457456
504457456
504457456
756686184
756686184
756686184
756686184
797663489
797663489
797663489
797663489
897953921
897953921
897953921
897953921
555294945
555294945
667640482
667640482
333820241
333820241
667640482
667640482
873953260
873953260
873953260
873953260
859160179
859160179
580991831
580991831
14793081
14793081
14793081
14793081
44379243
44379243
521311798
521311798
44379243
44379243
44379243
44379243
260655899
260655899
260655899
260655899
44379243
44379243
44379243
44379243
44379243
44379243
44379243
44379243
513842226
513842226
29440099
29440099
29440099
29440099
513842226
513842226
200720841
200720841
401441682
401441682
342561484
342561484
342561484
342561484
977601422
977601422
936315560
936315560
364943125
364943125
729886250
729886250
833100905
833100905
833100905
833100905
874386767
874386767
956958491
956958491
926433182
926433182
926433182
926433182
702772942
702772942
702772942
702772942
519131651
519131651
40018949
40018949
223660240
223660240
407301531
407301531
89642520
89642520
89642520
89642520
29880840
29880840
29880840
29880840
11103916
11103916
11103916
11103916
645583059
645583059
215194353
215194353
815838640
815838640
604694331
604694331
495422564
495422564
830637090
830637090
286650022
286650022
286650022
286650022
256978875
256978875
770936625
770936625
452925712
452925712
360532783
360532783
905851424
905851424
905851424
905851424
794813071
794813071
387950507
387950507
757909226
757909226
757909226
757909226
81812028
81812028
40906014
40906014
509348680
509348680
529801687
529801687
40906014
40906014
81812028
81812028
40906014
40906014
40906014
40906014
31188058
31188058
31188058
31188058
31188058
31188058
31188058
31188058
31188058
31188058
93564174
93564174
155940290
155940290
77970145
77970145
81812028
81812028
81812028
81812028
543809423
543809423
633183916
633183916
54541352
54541352
54541352
54541352
543809423
543809423
633183916
633183916
576952236
576952236
576952236
576952236
192317412
192317412
576952236
576952236
27270676
27270676
81812028
81812028
631671423
631671423
631671423
631671423
270084574
270084574
270084574
270084574
483853003
483853003
483853003
483853003
876090965
876090965
631784189
631784189
876090965
876090965
876090965
876090965
733333610
733333610
733333610
733333610
835089672
835089672
835089672
835089672
875447115
875447115
875447115
875447115
468422867
468422867
407024248
407024248
867136958
867136958
954541888
954541888
779732028
779732028
779732028
779732028
410316388
410316388
410316388
410316388
232704811
232704811
615474582
615474582
897485292
897485292
796726231
796726231
673113969
673113969
224371323
224371323
796726231
796726231
598323528
598323528
113818033
113818033
113818033
113818033
226170062
226170062
226170062
226170062
524749035
524749035
524749035
524749035
535345461
535345461
178448487
178448487
892242435
892242435
892242435
892242435
857542119
857542119
285847373
285847373
571694746
571694746
571694746
571694746
965290247
965290247
987259651
987259651
987259651
987259651
987259651
987259651
516990072
516990072
172330024
172330024
344660048
344660048
344660048
344660048
820036957
820036957
606093770
606093770
213943187
213943187
213943187
213943187
367670644
367670644
367670644
367670644
455304999
455304999
455304999
455304999
761962880
761962880
289399934
289399934
946960293
946960293
946960293
946960293
487724071
487724071
487724071
487724071
742984212
742984212
742984212
742984212
136093133
136093133
136093133
136093133
136093133
136093133
136093133
136093133
601020993
601020993
601020993
601020993
799632673
799632673
799632673
799632673
471192409
471192409
415332874
415332874
378093184
378093184
378093184
378093184
721010638
721010638
721010638
721010638
695388606
695388606
231796202
231796202
576889702
576889702
525044685
525044685
761644519
761644519
761644519
761644519
82707884
82707884
82707884
82707884
693065530
693065530
693065530
693065530
387886707
387886707
387886707
387886707
165415768
165415768
82707884
82707884
654032386
654032386
327016193
327016193
654032386
654032386
654032386
654032386
309820419
309820419
619640838
619640838
309820419
309820419
309820419
309820419
979624508
979624508
992037738
992037738
979624508
979624508
979624508
979624508
738018920
738018920
738018920
738018920
738018920
738018920
738018920
738018920
555951149
555951149
555951149
555951149
555951149
555951149
555951149
555951149
483777937
483777937
483777937
483777937
967555874
967555874
936867395
936867395
63573235
63573235
353939196
353939196
535492163
535492163
535492163
535492163
417512431
417512431
417512431
417512431
835024862
835024862
835024862
835024862
188077562
188077562
188077562
188077562
209776894
209776894
209776894
209776894
822227537
822227537
822227537
822227537
822227537
822227537
822227537
822227537
510835112
510835112
510835112
510835112
581112725
581112725
789678539
789678539
859200477
859200477
928722415
928722415
928722415
928722415
859200477
859200477
48542419
48542419
348928924
348928924
48542419
48542419
48542419
48542419
543098600
543098600
543098600
543098600
348928924
348928924
48542419
48542419
882715379
882715379
882715379
882715379
242892249
242892249
242892249
242892249
136134958
136134958
136134958
136134958
340337395
340337395
446193916
446193916
740066750
740066750
740066750
740066750
111855772
111855772
370033375
370033375
537951602
537951602
537951602
537951602
77658851
77658851
77658851
77658851
491592210
491592210
491592210
491592210
491592210
491592210
245796105
245796105
181576951
181576951
393273768
393273768
786547536
786547536
786547536
786547536
704947840
704947840
704947840
704947840
528710880
528710880
176236960
176236960
704374967
704374967
116636195
116636195
18679733
18679733
18679733
18679733
957007522
957007522
957007522
957007522
305256897
305256897
305256897
305256897
486803301
486803301
162267767
162267767
66023650
66023650
66023650
66023650
433917456
433917456
216958728
216958728
433917456
433917456
144639152
144639152
805846704
805846704
805846704
805846704
294021541
294021541
294021541
294021541
202756537
202756537
400333630
400333630
5179444
5179444
334474599
334474599
882064623
882064623
940154488
940154488
940154488
940154488
882064623
882064623
611565345
611565345
611565345
611565345
611565345
611565345
611565345
611565345
611565345
611565345
611565345
611565345
611565345
611565345
203855115
203855115
666580699
666580699
554941684
554941684
111639015
111639015
223278030
223278030
133966818
133966818
44655606
44655606
74426010
74426010
223278030
223278030
313783400
313783400
627566800
627566800
627566800
627566800
627566800
627566800
125513360
125513360
376540080
376540080
251026720
251026720
251026720
251026720
274560475
274560475
636402414
636402414
117668775
117668775
117668775
117668775
156891700
156891700
156891700
156891700
627566800
627566800
313783400
313783400
677076048
677076048
677076048
677076048
381937822
381937822
381937822
381937822
902784397
902784397
807324441
807324441
950514375
950514375
950514375
950514375
751401877
751401877
257716925
257716925
751401877
751401877
751401877
751401877
41234708
41234708
41234708
41234708
41234708
41234708
41234708
41234708
832374684
832374684
832374684
832374684
927157352
927157352
927157352
927157352
854087128
854087128
854087128
854087128
565772678
565772678
699073681
699073681
854087128
854087128
854087128
854087128
554916456
554916456
554916456
554916456
911750018
911750018
911750018
911750018
392784008
392784008
392784008
392784008
10433249
10433249
10433249
10433249
813202031
813202031
936563579
936563579
936563579
936563579
936563579
936563579
401384391
401384391
401384391
401384391
461972809
461972809
461972809
461972809
387674074
387674074
193837037
193837037
327675699
327675699
327675699
327675699
710857787
710857787
710857787
710857787
997715994
997715994
332571998
332571998
665143996
665143996
665143996
665143996
420195761
420195761
420195761
420195761
805561489
805561489
805561489
805561489
775825209
775825209
775825209
775825209
553406065
553406065
553406065
553406065
169823457
169823457
56607819
56607819
339646914
339646914
113215638
113215638
447239840
447239840
447239840
447239840
567095087
567095087
135945821
135945821
343475167
343475167
343475167
343475167
268343904
268343904
268343904
268343904
769024904
769024904
921837870
921837870
769024904
769024904
769024904
769024904
845431387
845431387
921837870
921837870
845431387
845431387
845431387
845431387
890196620
890196620
962228442
962228442
818164798
818164798
409082399
409082399
543242386
543242386
543242386
543242386
602069332
602069332
301034666
301034666
741115862
741115862
226858880
226858880
741115862
741115862
226858880
226858880
357874872
357874872
75380263
75380263
683443917
683443917
683443917
683443917
666861334
666861334
4095296
4095296
201286989
201286989
201286989
201286989
803612220
803612220
803612220
803612220
146477214
146477214
73238607
73238607
268382652
268382652
536765304
536765304
536765304
536765304
536765304
536765304
935243986
935243986
809243252
809243252
4095296
4095296
666861334
666861334
113767877
113767877
227535754
227535754
336170323
336170323
444804892
444804892
925821307
925821307
780975215
780975215
853398261
853398261
853398261
853398261
41546943
41546943
41546943
41546943
470315919
470315919
412703404
412703404
792073044
792073044
792073044
792073044
173559117
173559117
173559117
173559117
958436683
958436683
918629013
918629013
306209671
306209671
306209671
306209671
918629013
918629013
918629013
918629013
660188546
660188546
660188546
660188546
978340518
978340518
938532848
938532848
978340518
978340518
938532848
938532848
978340518
978340518
978340518
978340518
958436683
958436683
918629013
918629013
547866418
547866418
547866418
547866418
97488483
97488483
194976966
194976966
645354901
645354901
645354901
645354901
547866418
547866418
547866418
547866418
775288039
775288039
591177464
591177464
966393451
966393451
966393451
966393451
775288039
775288039
886766196
886766196
886766196
886766196
886766196
886766196
211062821
211062821
211062821
211062821
801448970
801448970
801448970
801448970
899897502
899897502
899897502
899897502
351601900
351601900
351601900
351601900
837815060
837815060
837815060
837815060
258478237
258478237
516956474
516956474
677385767
677385767
677385767
677385767
677385767
677385767
677385767
677385767
161908314
161908314
323816628
323816628
215877752
215877752
215877752
215877752
602722141
602722141
602722141
602722141
404961035
404961035
404961035
404961035
937763825
937763825
968004089
968004089
419178933
419178933
419178933
419178933
419178933
419178933
259292446
259292446
99405959
99405959
548825156
548825156
371295659
371295659
684770006
684770006
371295659
371295659
684770006
684770006
371295659
371295659
371295659
371295659
53042237
53042237
53042237
53042237
433896046
433896046
433896046
433896046
954760266
954760266
954760266
954760266
713680662
713680662
713680662
713680662
4542869
4542869
501393611
501393611
170059671
170059671
170059671
170059671
283432785
283432785
283432785
283432785
396805899
396805899
396805899
396805899
640838569
640838569
640838569
640838569
491822453
491822453
491822453
491822453
55064193
55064193
18354731
18354731
726678672
726678672
726678672
726678672
689969210
689969210
689969210
689969210
800291065
800291065
404384489
404384489
8477913
8477913
8477913
8477913
503361133
503361133
8477913
8477913
8477913
8477913
2825971
2825971
471674563
471674563
416779336
416779336
943349126
943349126
943349126
943349126
471674563
471674563
471674563
471674563
943349126
943349126
943349126
943349126
321467181
321467181
321467181
321467181
930558733
930558733
642934362
642934362
278884026
278884026
92961342
92961342
402832482
402832482
210253093
210253093
584568129
584568129
194856043
194856043
779424172
779424172
389712086
389712086
197518725
197518725
197518725
197518725
384386722
384386722
192193361
192193361
44390403
44390403
44390403
44390403
14796801
14796801
14796801
14796801
807473563
807473563
425931983
425931983
14796801
14796801
44390403
44390403
861728500
861728500
588696794
588696794
725212647
725212647
725212647
725212647
452180941
452180941
725212647
725212647
725212647
725212647
452180941
452180941
204075500
204075500
204075500
204075500
430284147
430284147
430284147
430284147
510317156
510317156
510317156
510317156
765475734
765475734
765475734
765475734
514025162
514025162
836837956
836837956
836837956
836837956
836837956
836837956
836837956
836837956
836837956
836837956
47803092
47803092
95606184
95606184
757867921
757867921
757867921
757867921
757867921
757867921
757867921
757867921
614746495
614746495
845995132
845995132
614746495
614746495
614746495
614746495
759998007
759998007
253332669
253332669
879121180
879121180
625788511
625788511
506665338
506665338
506665338
506665338
253332669
253332669
759998007
759998007
424725017
424725017
849450034
849450034
849450034
849450034
849450034
849450034
928223497
928223497
928223497
928223497
893213069
893213069
963233925
963233925
928223497
928223497
928223497
928223497
788181785
788181785
893213069
893213069
910718283
910718283
823192213
823192213
963233925
963233925
893213069
893213069
344253400
344253400
344253400
344253400
137761698
137761698
137761698
137761698
940919068
940919068
646387807
646387807
745832085
745832085
248610695
248610695
878239624
878239624
638230166
638230166
758234895
758234895
278215979
278215979
137761698
137761698
137761698
137761698
68880849
68880849
137761698
137761698
163788092
163788092
163788092
163788092
697219467
697219467
232406489
232406489
792389162
792389162
929625956
929625956
792389162
792389162
929625956
929625956
849113806
849113806
550852712
550852712
272737367
272737367
818212101
818212101
576376439
576376439
576376439
576376439
514573029
514573029
545474734
545474734
433147491
433147491
144382497
144382497
61878213
61878213
61878213
61878213
882157251
882157251
649983047
649983047
417808843
417808843
472017732
472017732
678046157
678046157
678046157
678046157
433147491
433147491
715695922
715695922
138899206
138899206
138899206
138899206
277798412
277798412
277798412
277798412
369951858
369951858
111611221
111611221
111611221
111611221
369951858
369951858
481563079
481563079
481563079
481563079
481563079
481563079
446444884
446444884
328142372
328142372
328142372
328142372
858697062
858697062
579602480
579602480
705332534
705332534
705332534
705332534
705332534
705332534
352666267
352666267
825116785
825116785
825116785
825116785
607787046
607787046
607787046
607787046
303893523
303893523
911680569
911680569
911680569
911680569
911680569
911680569
869318956
869318956
740393559
740393559
651989217
651989217
651989217
651989217
651989217
651989217
651989217
651989217
44202171
44202171
44202171
44202171
11172208
11172208
11172208
11172208
11172208
11172208
11172208
11172208
959878688
959878688
921513023
921513023
680146825
680146825
680146825
680146825
444363531
444363531
334846240
334846240
133938496
133938496
133938496
133938496
267876992
267876992
754788566
754788566
779209771
779209771
779209771
779209771
803486837
803486837
803486837
803486837
900865595
900865595
900865595
900865595
900865595
900865595
900865595
900865595
706108079
706108079
900865595
900865595
284822908
284822908
284822908
284822908
712875775
712875775
712875775
712875775
712875775
712875775
712875775
712875775
549885969
549885969
549885969
549885969
487997174
487997174
487997174
487997174
487997174
487997174
487997174
487997174
487997174
487997174
465747169
465747169
731995761
731995761
465747169
465747169
76946376
76946376
153892752
153892752
51297584
51297584
51297584
51297584
726029595
726029595
726029595
726029595
726029595
726029595
242009865
242009865
204503176
204503176
613509528
613509528
409006352
409006352
409006352
409006352
409006352
409006352
409006352
409006352
613509528
613509528
204503176
204503176
306754764
306754764
102251588
102251588
613509528
613509528
204503176
204503176
511903625
511903625
511903625
511903625
588592316
588592316
588592316
588592316
384651672
384651672
128217224
128217224
192325836
192325836
384651672
384651672
267483235
267483235
267483235
267483235
900347029
900347029
900347029
900347029
768660993
768660993
768660993
768660993
539077633
539077633
539077633
539077633
549901568
549901568
848796758
848796758
749165028
749165028
749165028
749165028
439552792
439552792
439552792
439552792
575118858
575118858
575118858
575118858
664113672
664113672
994096663
994096663
996585277
996585277
996585277
996585277
60208448
60208448
60208448
60208448
372887083
372887083
372887083
372887083
764245639
764245639
296248211
296248211
380397652
380397652
380397652
380397652
134560181
134560181
710349629
710349629
710349629
710349629
710349629
710349629
915144536
915144536
970544414
970544414
887444597
887444597
887444597
887444597
982944704
982944704
982944704
982944704
891146810
891146810
445573405
445573405
245785744
245785744
414676699
414676699
399575322
399575322
399575322
399575322
196503264
196503264
393006528
393006528
262004352
262004352
262004352
262004352
49125816
49125816
16375272
16375272
49125816
49125816
49125816
49125816
490780474
490780474
245390237
245390237
621817295
621817295
621817295
621817295
91649913
91649913
91649913
91649913
605056606
605056606
605056606
605056606
815575140
815575140
815575140
815575140
815575140
815575140
815575140
815575140
235730643
235730643
78576881
78576881
889313823
889313823
889313823
889313823
235730643
235730643
235730643
235730643
616987498
616987498
235730643
235730643
78576881
78576881
78576881
78576881
614661988
614661988
614661988
614661988
490751956
490751956
490751956
490751956
496332103
496332103
496332103
496332103
560466171
560466171
683154160
683154160
490751956
490751956
245375978
245375978
46110272
46110272
46110272
46110272
46110272
46110272
46110272
46110272
192010199
192010199
384020398
384020398
384020398
384020398
192010199
192010199
277396112
277396112
277396112
277396112
765384279
765384279
765384279
765384279
918927681
918927681
918927681
918927681
703415476
703415476
703415476
703415476
800781096
800781096
800781096
800781096
400390548
400390548
400390548
400390548
800781096
800781096
603317839
603317839
800781096
800781096
603317839
603317839
556682253
556682253
556682253
556682253
777463303
777463303
335901203
335901203
395355083
395355083
395355083
395355083
770996875
770996875
770996875
770996875
901631798
901631798
901631798
901631798
465679369
465679369
487974574
487974574
264611610
264611610
88203870
88203870
264611610
264611610
264611610
264611610
833338911
833338911
833338911
833338911
915791632
915791632
915791632
915791632
744080701
744080701
744080701
744080701
57236977
57236977
171710931
171710931
812349566
812349566
812349566
812349566
116049938
116049938
116049938
116049938
936279424
936279424
936279424
936279424
524588697
524588697
524588697
524588697
30062256
30062256
90186768
90186768
30062256
30062256
90186768
90186768
145210171
145210171
381151508
381151508
381151508
381151508
145210171
145210171
969162492
969162492
969162492
969162492
455499385
455499385
455499385
455499385
146167624
146167624
146167624
146167624
352388798
352388798
782959168
782959168
238205301
238205301
238205301
238205301
476410602
476410602
238205301
238205301
589861982
589861982
589861982
589861982
317607068
317607068
317607068
317607068
963483894
963483894
963483894
963483894
777739207
777739207
336728915
336728915
535268830
535268830
535268830
535268830
321161298
321161298
107053766
107053766
228480135
228480135
228480135
228480135
685440405
685440405
685440405
685440405
456960270
456960270
913920540
913920540
456960270
456960270
913920540
913920540
607239418
607239418
607239418
607239418
306681122
306681122
306681122
306681122
228480135
228480135
685440405
685440405
456960270
456960270
372636457
372636457
444072650
444072650
888145300
888145300
628796551
628796551
888145300
888145300
296661173
296661173
296661173
296661173
832176664
832176664
610140339
610140339
259348749
259348749
259348749
259348749
628796551
628796551
888145300
888145300
416088332
416088332
416088332
416088332
666108975
666108975
333973597
333973597
578653647
578653647
578653647
578653647
133535457
133535457
44511819
44511819
44511819
44511819
44511819
44511819
565889905
565889905
565889905
565889905
497587188
497587188
497587188
497587188
561320575
561320575
561320575
561320575
567913684
567913684
705496699
705496699
851870526
851870526
705496699
705496699
158014084
158014084
385419479
385419479
928853042
928853042
464426521
464426521
734932843
734932843
208309823
208309823
734932843
734932843
734932843
734932843
683913112
683913112
560719155
560719155
683913112
683913112
560719155
560719155
423061427
423061427
423061427
423061427
550879855
550879855
550879855
550879855
323155442
323155442
969466326
969466326
449659691
449659691
815382799
815382799
13789639
13789639
13789639
13789639
13789639
13789639
13789639
13789639
400298094
400298094
400298094
400298094
321238828
321238828
439827727
439827727
907022123
907022123
907022123
907022123
724577663
724577663
907022123
907022123
830142981
830142981
493940237
493940237
325838865
325838865
662041609
662041609
325838865
325838865
325838865
325838865
65167773
65167773
195503319
195503319
81053286
81053286
81053286
81053286
121579929
121579929
121579929
121579929
340746035
340746035
779078247
779078247
779078247
779078247
340746035
340746035
563232631
563232631
563232631
563232631
42740303
42740303
128220909
128220909
302986467
302986467
302986467
302986467
520492328
520492328
520492328
520492328
934383581
934383581
966313967
966313967
955670505
955670505
955670505
955670505
436330859
436330859
810939855
810939855
61721863
61721863
529983108
529983108
257601204
257601204
257601204
257601204
193200903
193200903
193200903
193200903
489057149
489057149
489057149
489057149
617857751
617857751
871448819
871448819
456521156
456521156
371319115
371319115
95372358
95372358
286117074
286117074
894710229
894710229
687641981
687641981
894710229
894710229
687641981
687641981
333131589
333131589
111043863
111043863
554644108
554644108
665687971
665687971
665687971
665687971
554644108
554644108
831966162
831966162
665687971
665687971
327757330
327757330
327757330
327757330
498052722
498052722
498052722
498052722
325618421
325618421
325618421
325618421
664070296
664070296
993966535
993966535
192723628
192723628
578170884
578170884
546551401
546551401
514931918
514931918
289085442
289085442
578170884
578170884
510414849
510414849
510414849
510414849
430617946
430617946
430617946
430617946
850691415
850691415
555585539
555585539
645926919
645926919
822085636
822085636
215308973
215308973
215308973
215308973
33312948
33312948
33312948
33312948
49969422
49969422
16656474
16656474
88834528
88834528
266503584
266503584
44417264
44417264
133251792
133251792
304333601
304333601
766940769
766940769
651288977
651288977
651288977
651288977
766940769
766940769
766940769
766940769
651288977
651288977
651288977
651288977
546680975
546680975
546680975
546680975
546680975
546680975
546680975
546680975
772462664
772462664
546680975
546680975
933735299
933735299
933735299
933735299
159181358
159181358
159181358
159181358
877738046
877738046
757231739
757231739
538917516
538917516
538917516
538917516
359278344
359278344
359278344
359278344
202390829
202390829
600317591
600317591
600317591
600317591
600317591
600317591
938076312
938076312
938076312
938076312
938076312
938076312
938076312
938076312
35555697
35555697
35555697
35555697
516900025
516900025
552455722
552455722
757572189
757572189
757572189
757572189
757572189
757572189
757572189
757572189
630385947
630385947
210128649
210128649
630385947
630385947
814315150
814315150
630385947
630385947
630385947
630385947
210128649
210128649
210128649
210128649
686193040
686193040
374141727
374141727
171548260
171548260
171548260
171548260
702700964
702700964
702700964
702700964
308643112
308643112
308643112
308643112
424204584
424204584
424204584
424204584
788475094
788475094
788475094
788475094
43066760
43066760
43066760
43066760
12920028
12920028
38760084
38760084
682784839
682784839
682784839
682784839
630385947
630385947
630385947
630385947
925929336
925929336
308643112
308643112
702700964
702700964
702700964
702700964
486839995
486839995
742542174
742542174
990056232
990056232
990056232
990056232
863673742
863673742
620639365
620639365
486068754
486068754
486068754
486068754
97985346
97985346
97985346
97985346
238843009
238843009
238843009
238843009
857386690
857386690
857386690
857386690
575671364
575671364
857386690
857386690
97369361
97369361
194738722
194738722
97369361
97369361
194738722
194738722
194738722
194738722
194738722
194738722
194738722
194738722
194738722
194738722
661567577
661567577
324890801
324890801
324890801
324890801
661567577
661567577
474231980
474231980
474231980
474231980
549341985
549341985
549341985
549341985
684166702
684166702
684166702
684166702
28005700
28005700
28005700
28005700
224045600
224045600
740178102
740178102
482111851
482111851
482111851
482111851
964815163
964815163
964815163
964815163
222649653
222649653
667948959
667948959
475893216
475893216
429435295
429435295
475893216
475893216
475893216
475893216
386199764
386199764
386199764
386199764
386199764
386199764
794229490
794229490
445352363
445352363
445352363
445352363
890704726
890704726
890704726
890704726
979050636
979050636
489525318
489525318
979050636
979050636
979050636
979050636
965249806
965249806
899260712
899260712
965249806
965249806
899260712
899260712
19771579
19771579
339338644
339338644
359110223
359110223
718220446
718220446
359110223
359110223
718220446
718220446
718220446
718220446
572154933
572154933
841966629
841966629
841966629
841966629
685688905
685688905
685688905
685688905
763511949
763511949
763511949
763511949
528779545
528779545
588094282
588094282
955905977
955905977
955905977
955905977
871229225
871229225
871229225
871229225
934736789
934736789
871229225
871229225
934736789
934736789
934736789
934736789
62109955
62109955
62109955
62109955
186329865
186329865
186329865
186329865
134458058
134458058
67229029
67229029
599965720
599965720
532736691
532736691
71004925
71004925
534624639
534624639
295356233
295356233
295356233
295356233
886068699
886068699
295356233
295356233
183180579
183180579
183180579
183180579
726203170
726203170
574815841
574815841
363101585
363101585
726203170
726203170
605549316
605549316
605549316
605549316
151387329
151387329
151387329
151387329
946920498
946920498
895596643
895596643
631280332
631280332
895596643
895596643
528632622
528632622
528632622
528632622
528632622
528632622
528632622
528632622
933275665
933275665
803338289
803338289
900791321
900791321
900791321
900791321
516832312
516832312
516832312
516832312
764774209
764774209
587672854
587672854
984645924
984645924
957449066
957449066
259958447
259958447
259958447
259958447
588703187
588703187
588703187
588703187
793473770
793473770
793473770
793473770
793473770
793473770
793473770
793473770
588703187
588703187
793473770
793473770
697490619
697490619
697490619
697490619
396736885
396736885
396736885
396736885
22080210
22080210
22080210
22080210
515682334
515682334
515682334
515682334
167560951
167560951
388601768
388601768
266673251
266673251
266673251
266673251
148419235
148419235
445257705
445257705
445257705
445257705
445257705
445257705
890515410
890515410
296838470
296838470
782786467
782786467
593676940
593676940
460743831
460743831
460743831
460743831
460743831
460743831
383987140
383987140
556740616
556740616
115236879
115236879
729494092
729494092
729494092
729494092
25841146
25841146
341361833
341361833
682723666
682723666
682723666
682723666
417836993
417836993
417836993
417836993
766081409
766081409
766081409
766081409
214141601
214141601
736876769
736876769
595198820
595198820
863895842
863895842
61054131
61054131
529649242
529649242
61054131
61054131
529649242
529649242
373169616
373169616
373169616
373169616
186584808
186584808
559754424
559754424
69969303
69969303
69969303
69969303
51295192
51295192
349846515
349846515
297070197
297070197
297070197
297070197
83002673
83002673
693163793
693163793
25539284
25539284
25539284
25539284
51078568
51078568
51078568
51078568
837693710
837693710
837693710
837693710
654042096
654042096
963881935
963881935
274664650
274664650
274664650
274664650
274664650
274664650
274664650
274664650
908692546
908692546
635645633
635645633
272419557
272419557
272419557
272419557
433559826
433559826
433559826
433559826
867119652
867119652
867119652
867119652
590480070
590480070
773195857
773195857
955911644
955911644
477955822
477955822
169953689
169953689
722147465
722147465
616004266
616004266
308002133
308002133
516608057
516608057
757426205
757426205
516608057
516608057
757426205
757426205
825351911
825351911
825351911
825351911
594828655
594828655
786241612
786241612
142425050
142425050
142425050
142425050
605940964
605940964
605940964
605940964
415414310
415414310
803967672
803967672
26860948
26860948
26860948
26860948
766888868
766888868
304177898
304177898
918977817
918977817
839711281
839711281
790707570
790707570
790707570
790707570
168097221
168097221
168097221
168097221
170632674
170632674
170632674
170632674
787568657
787568657
366217265
366217265
366217265
366217265
787568657
787568657
627096682
627096682
255949011
255949011
323437509
323437509
970312527
970312527
618943192
618943192
539062515
539062515
431250012
431250012
295505683
295505683
431250012
431250012
295505683
295505683
841651892
841651892
841651892
841651892
900341479
900341479
900341479
900341479
86216209
86216209
86216209
86216209
314223245
314223245
314223245
314223245
609186663
609186663
220128973
220128973
220128973
220128973
220128973
220128973
440257946
440257946
322529485
322529485
880515892
880515892
645058970
645058970
818115580
818115580
818115580
818115580
48800244
48800244
48800244
48800244
218528965
218528965
218528965
218528965
826915624
826915624
826915624
826915624
168178157
168178157
721555621
721555621
396023896
396023896
198011948
198011948
889733778
889733778
889733778
889733778
672712628
672712628
889733778
889733778
811631722
811631722
811631722
811631722
553922984
553922984
553922984
553922984
289003296
289003296
578006592
578006592
192668864
192668864
192668864
192668864
275806775
275806775
275806775
275806775
477769173
477769173
477769173
477769173
773888436
773888436
257962812
257962812
773888436
773888436
257962812
257962812
187143547
187143547
592693950
592693950
187143547
187143547
187143547
187143547
399035957
399035957
399035957
399035957
848442254
848442254
848442254
848442254
379636775
379636775
759273550
759273550
585839301
585839301
585839301
585839301
823732096
823732096
823732096
823732096
883771161
883771161
294590387
294590387
346728132
346728132
346728132
346728132
291204107
291204107
291204107
291204107
880404312
880404312
644724230
644724230
464568173
464568173
464568173
464568173
751517446
751517446
751517446
751517446
962997652
962997652
962997652
962997652
375758723
375758723
751517446
751517446
751517446
751517446
751517446
751517446
440687758
440687758
479644037
479644037
881375516
881375516
959288074
959288074
920331795
920331795
920331795
920331795
479644037
479644037
479644037
479644037
176748858
176748858
530246574
530246574
883744290
883744290
883744290
883744290
134374656
134374656
44791552
44791552
134374656
134374656
44791552
44791552
866390067
866390067
288796689
288796689
802167894
802167894
410014976
410014976
919315030
919315030
919315030
919315030
919315030
919315030
919315030
919315030
393171025
393171025
463805126
463805126
463805126
463805126
393171025
393171025
866343090
866343090
288781030
288781030
288781030
288781030
288781030
288781030
90634361
90634361
181268722
181268722
181268722
181268722
90634361
90634361
433171545
433171545
433171545
433171545
574439747
574439747
856976151
856976151
980732686
980732686
963221019
963221019
642147346
642147346
642147346
642147346
386319439
386319439
461521264
461521264
923042528
923042528
923042528
923042528
212265766
212265766
636797298
636797298
212265766
212265766
636797298
636797298
212265766
212265766
212265766
212265766
318398649
318398649
318398649
318398649
990653276
990653276
975471122
975471122
967880045
967880045
983062199
983062199
239618312
239618312
239618312
239618312
95220205
95220205
285660615
285660615
407400729
407400729
407400729
407400729
223957834
223957834
407400729
407400729
166772638
166772638
166772638
166772638
166772638
166772638
500317914
500317914
278291009
278291009
278291009
278291009
196605346
196605346
196605346
196605346
916558690
916558690
916558690
916558690
278291009
278291009
278291009
278291009
623050058
623050058
623050058
623050058
508130375
508130375
834873027
834873027
344759049
344759049
344759049
344759049
229839366
229839366
229839366
229839366
38938410
38938410
38938410
38938410
77876820
77876820
77876820
77876820
322570607
322570607
322570607
322570607
586733599
586733599
586733599
586733599
827120313
827120313
275706771
275706771
827120313
827120313
827120313
827120313
700469993
700469993
700469993
700469993
517224233
517224233
837904313
837904313
842101437
842101437
280700479
280700479
280700479
280700479
842101437
842101437
365382838
365382838
365382838
365382838
773159305
773159305
590467886
590467886
3299763
3299763
3299763
3299763
615065701
615065701
537770018
537770018
726595850
726595850
726595850
726595850
454947347
454947347
454947347
454947347
726182953
726182953
454121553
454121553
794198303
794198303
794198303
794198303
386238794
386238794
386238794
386238794
794242500
794242500
386238794
386238794
728947764
728947764
364473882
364473882
728947764
728947764
728947764
728947764
182236941
182236941
182236941
182236941
728947764
728947764
728947764
728947764
99345957
99345957
33115319
33115319
387940316
387940316
387940316
387940316
421055635
421055635
842111270
842111270
709649994
709649994
709649994
709649994
194333370
194333370
64777790
64777790
336844508
336844508
336844508
336844508
421055635
421055635
842111270
842111270
842111270
842111270
421055635
421055635
709649994
709649994
132461276
132461276
421055635
421055635
421055635
421055635
421055635
421055635
421055635
421055635
421055635
421055635
842111270
842111270
354824997
354824997
354824997
354824997
842111270
842111270
842111270
842111270
842111270
842111270
842111270
842111270
421055635
421055635
842111270
842111270
532418324
532418324
532418324
532418324
168593802
168593802
168593802
168593802
687693667
687693667
687693667
687693667
727649044
727649044
727649044
727649044
436736905
436736905
436736905
436736905
436736905
436736905
436736905
436736905
436736905
436736905
436736905
436736905
779915905
779915905
561587457
561587457
552745023
552745023
552745023
552745023
368496682
368496682
368496682
368496682
458460635
458460635
458460635
458460635
458460635
458460635
458460635
458460635
303720230
303720230
911160690
911160690
216636567
216636567
216636567
216636567
607440460
607440460
216636567
216636567
216636567
216636567
607440460
607440460
704398715
704398715
704398715
704398715
557475896
557475896
851321534
851321534
313064174
313064174
313064174
313064174
194960512
194960512
397734955
397734955
654505156
654505156
654505156
654505156
416042852
416042852
416042852
416042852
192228595
192228595
396824316
396824316
38445719
38445719
115337157
115337157
760692688
760692688
586312347
586312347
174380341
174380341
174380341
174380341
966658691
966658691
966658691
966658691
184908895
184908895
184908895
184908895
23460527
23460527
46921054
46921054
46921054
46921054
23460527
23460527
969622549
969622549
655955634
655955634
969622549
969622549
655955634
655955634
932332465
932332465
866420577
866420577
866420577
866420577
288806859
288806859
594091690
594091690
784030717
784030717
981766381
981766381
948810437
948810437
288806859
288806859
866420577
866420577
288806859
288806859
288806859
288806859
454471277
454471277
726357815
726357815
431150542
431150542
431150542
431150542
411378190
411378190
411378190
411378190
617067285
617067285
205689095
205689095
538542634
538542634
538542634
538542634
807813951
807813951
903029152
903029152
396617394
396617394
396617394
396617394
396617394
396617394
396617394
396617394
617641701
617641701
854680750
854680750
407975199
407975199
225681244
225681244
80127736
80127736
80127736
80127736
519712835
519712835
519712835
519712835
519712835
519712835
838733847
838733847
559404220
559404220
559404220
559404220
30283270
30283270
60566540
60566540
15141635
15141635
15141635
15141635
506692994
506692994
506692994
506692994
775181126
775181126
552117899
552117899
295616254
295616254
431286869
431286869
497638695
497638695
165879565
165879565
668711655
668711655
222903885
222903885
222903885
222903885
668711655
668711655
92534529
92534529
92534529
92534529
752689336
752689336
752689336
752689336
619429592
619429592
619429592
619429592
619429592
619429592
619429592
619429592
833968919
833968919
833968919
833968919
833968919
833968919
505418051
505418051
963471369
963471369
963471369
963471369
129502450
129502450
375915601
375915601
215397515
215397515
215397515
215397515
43079503
43079503
129238509
129238509
771064068
771064068
771064068
771064068
929415817
929415817
642553390
642553390
777810559
777810559
777810559
777810559
116509177
116509177
116509177
116509177
667593662
667593662
667593662
667593662
336942971
336942971
336942971
336942971
727139944
727139944
727139944
727139944
456035535
456035535
456035535
456035535
163442875
163442875
163442875
163442875
550671951
550671951
550671951
550671951
427632378
427632378
427632378
427632378
570176504
570176504
142108655
142108655
85265193
85265193
28421731
28421731
28421731
28421731
85265193
85265193
604630958
604630958
815648521
815648521
815648521
815648521
815648521
815648521
952595395
952595395
861297479
861297479
906946437
906946437
815648521
815648521
182204965
182204965
546614895
546614895
364409930
364409930
364409930
364409930
439942884
439942884
439942884
439942884
524810013
524810013
761527183
761527183
761527183
761527183
524810013
524810013
643168598
643168598
879885768
879885768
989871489
989871489
329957163
329957163
651541462
651541462
549928605
549928605
400515459
400515459
133505153
133505153
400515459
400515459
400515459
400515459
400515459
400515459
400515459
400515459
203302024
203302024
101651012
101651012
677825157
677825157
838034755
838034755
838034755
838034755
838034755
838034755
838034755
838034755
677825157
677825157
7397353
7397353
335213902
335213902
549060075
549060075
648935872
648935872
858623684
858623684
858623684
858623684
858623684
858623684
858623684
858623684
777347611
777347611
777347611
777347611
860402211
860402211
860402211
860402211
217879666
217879666
653638998
653638998
722560069
722560069
573601474
573601474
148958595
148958595
446875785
446875785
739966592
739966592
912151766
912151766
309503657
309503657
653874005
653874005
309503657
309503657
309503657
309503657
481688831
481688831
826059179
826059179
400170739
400170739
400170739
400170739
400170739
400170739
400170739
400170739
626846047
626846047
626846047
626846047
812545200
812545200
812545200
812545200
592509239
592509239
592509239
592509239
795376796
795376796
389641682
389641682
635991610
635991610
273738867
273738867
91246289
91246289
273738867
273738867
475606796
475606796
475606796
475606796
237803398
237803398
237803398
237803398
558573026
558573026
677474725
677474725
91246289
91246289
91246289
91246289
335814900
335814900
335814900
335814900
167907450
167907450
335814900
335814900
564387557
564387557
564387557
564387557
564387557
564387557
564387557
564387557
297216255
297216255
297216255
297216255
323865152
323865152
971595456
971595456
53773866
53773866
53773866
53773866
125472354
125472354
41824118
41824118
820147825
820147825
606130726
606130726
35920571
35920571
35920571
35920571
713892439
713892439
713892439
713892439
856068396
856068396
713892439
713892439
738040065
738040065
738040065
738040065
738040065
738040065
868142209
868142209
152580417
152580417
152580417
152580417
705514529
705514529
900667745
900667745
295471078
295471078
431238477
431238477
576580388
576580388
857689698
857689698
697956370
697956370
565400241
565400241
697956370
697956370
348978185
348978185
804970584
804970584
804970584
804970584
804970584
804970584
804970584
804970584
44720588
44720588
44720588
44720588
44720588
44720588
44720588
44720588
863075361
863075361
287691787
287691787
152522795
152522795
152522795
152522795
281298896
281298896
281298896
281298896
562597792
562597792
562597792
562597792
918621353
918621353
759375353
759375353
838998353
838998353
679752353
679752353
838998353
838998353
679752353
679752353
785916353
785916353
785916353
785916353
724300900
724300900
724300900
724300900
181075225
181075225
181075225
181075225
18555826
18555826
9277913
9277913
9277913
9277913
18555826
18555826
335165633
335165633
335165633
335165633
338791906
338791906
338791906
338791906
91408809
91408809
91408809
91408809
91408809
91408809
91408809
91408809
342418179
342418179
342418179
342418179
935562754
935562754
935562754
935562754
203115837
203115837
600680095
600680095
480544076
480544076
480544076
480544076
926567815
926567815
926567815
926567815
763482468
763482468
763482468
763482468
577180064
577180064
577180064
577180064
577180064
577180064
577180064
577180064
124728258
124728258
41576086
41576086
41576086
41576086
41576086
41576086
604462204
604462204
604462204
604462204
302231102
302231102
906693306
906693306
343807188
343807188
687614376
687614376
953868642
953868642
953868642
953868642
598862954
598862954
299431477
299431477
648837915
648837915
648837915
648837915
281962482
281962482
563924964
563924964
375949976
375949976
375949976
375949976
946900494
946900494
946900494
946900494
767789167
767789167
767789167
767789167
602144690
602144690
602144690
602144690
734177911
734177911
734177911
734177911
734177911
734177911
734177911
734177911
206045027
206045027
602144690
602144690
293887849
293887849
293887849
293887849
646066101
646066101
646066101
646066101
727712749
727712749
727712749
727712749
862978551
862978551
862978551
862978551
578551954
578551954
578551954
578551954
158859555
158859555
158859555
158859555
59508320
59508320
59508320
59508320
7438540
7438540
22315620
22315620
555525858
555525858
185175286
185175286
925876430
925876430
925876430
925876430
316666357
316666357
949999071
949999071
633332714
633332714
633332714
633332714
719650527
719650527
719650527
719650527
858947440
858947440
858947440
858947440
429473720
429473720
429473720
429473720
719650527
719650527
719650527
719650527
905324249
905324249
951784301
951784301
967270985
967270985
905324249
905324249
951784301
951784301
905324249
905324249
673208779
673208779
673208779
673208779
820239882
820239882
464230940
464230940
680674936
680674936
680674936
680674936
928461880
928461880
928461880
928461880
324665994
324665994
108221998
108221998
333524238
333524238
333524238
333524238
55587373
55587373
55587373
55587373
781276539
781276539
781276539
781276539
112861745
112861745
112861745
112861745
105310677
105310677
551777515
551777515
35103559
35103559
35103559
35103559
71894117
71894117
215682351
215682351
934623521
934623521
934623521
934623521
306915782
306915782
613831564
613831564
613831564
613831564
613831564
613831564
306915782
306915782
613831564
613831564
45883755
45883755
45883755
45883755
376921344
376921344
376921344
376921344
569183413
569183413
569183413
569183413
113941326
113941326
113941326
113941326
113941326
113941326
341823978
341823978
500799560
500799560
832429422
832429422
839138956
839138956
839138956
839138956
402357626
402357626
402357626
402357626
804715252
804715252
804715252
804715252
167759431
167759431
167759431
167759431
583001892
583001892
583001892
583001892
291500946
291500946
291500946
291500946
583001892
583001892
583001892
583001892
89267599
89267599
362503984
362503984
451771583
451771583
451771583
451771583
233182475
233182475
233182475
233182475
923570121
923570121
923570121
923570121
300174634
300174634
300174634
300174634
202454183
202454183
600349268
600349268
679928285
679928285
679928285
679928285
839086319
839086319
520770251
520770251
523117232
523117232
523117232
523117232
47990111
47990111
523117232
523117232
515469590
515469590
515469590
515469590
613554071
613554071
613554071
613554071
390705653
390705653
390705653
390705653
390705653
390705653
173872606
173872606
125692755
125692755
125692755
125692755
293283095
293283095
293283095
293283095
916912877
916912877
916912877
916912877
465856304
465856304
465856304
465856304
576787242
576787242
288393621
288393621
192262414
192262414
192262414
192262414
973622831
973622831
985933592
985933592
589098003
589098003
589098003
589098003
192262414
192262414
96131207
96131207
192262414
192262414
396835589
396835589
246337165
246337165
739011495
739011495
622290759
622290759
622290759
622290759
684298650
684298650
684298650
684298650
826552047
826552047
912398200
912398200
252917231
252917231
252917231
252917231
772176264
772176264
772176264
772176264
572798393
572798393
572798393
572798393
714613713
714613713
714613713
714613713
772894431
772894431
772894431
772894431
322194587
322194587
322194587
322194587
929259683
929259683
791290343
791290343
874071947
874071947
956853551
956853551
161585193
161585193
579914773
579914773
23083599
23083599
23083599
23083599
418773125
418773125
805087277
805087277
805087277
805087277
805087277
805087277
938310510
938310510
938310510
938310510
938310510
938310510
938310510
938310510
673765961
673765961
349287569
349287569
938310510
938310510
938310510
938310510
859398850
859398850
859398850
859398850
428686893
428686893
142895631
142895631
492730363
492730363
492730363
492730363
745487358
745487358
239973368
239973368
17475343
17475343
17475343
17475343
338573232
338573232
338573232
338573232
616714749
616714749
616714749
616714749
425949947
425949947
425949947
425949947
694621807
694621807
694621807
694621807
694621807
694621807
694621807
694621807
807479551
807479551
807479551
807479551
330567546
330567546
661135092
661135092
729692104
729692104
575978819
575978819
729692104
729692104
364846052
364846052
575978819
575978819
575978819
575978819
787111586
787111586
575978819
575978819
15246870
15246870
7623435
7623435
251466947
251466947
251466947
251466947
385699390
385699390
771398780
771398780
847013971
847013971
847013971
847013971
481134435
481134435
481134435
481134435
114653027
114653027
229306054
229306054
755815665
755815665
755815665
755815665
865511244
865511244
288503748
288503748
845662032
845662032
845662032
845662032
886245021
886245021
295415007
295415007
877030009
877030009
877030009
877030009
29948789
29948789
675479165
675479165
860672509
860672509
585528821
585528821
172328441
172328441
172328441
172328441
619800570
619800570
309900285
309900285
619800570
619800570
206600190
206600190
258356298
258356298
258356298
258356298
775068894
775068894
775068894
775068894
774584046
774584046
774584046
774584046
189358255
189358255
189358255
189358255
572244451
572244451
572244451
572244451
785244402
785244402
359244500
359244500
841677826
841677826
841677826
841677826
565190273
565190273
565190273
565190273
583809705
583809705
583809705
583809705
583809705
583809705
583809705
583809705
194603235
194603235
583809705
583809705
583809705
583809705
583809705
583809705
735769904
735769904
735769904
735769904
771607944
771607944
771607944
771607944
735769904
735769904
735769904
735769904
105410503
105410503
367884952
367884952
100496150
100496150
100496150
100496150
100496150
100496150
100496150
100496150
120595380
120595380
120595380
120595380
160793840
160793840
160793840
160793840
80401059
80401059
80401059
80401059
539322706
539322706
619723765
619723765
973277551
973277551
657173968
657173968
632207166
632207166
632207166
632207166
434569893
434569893
434569893
434569893
740035219
740035219
740035219
740035219
716407123
716407123
716407123
716407123
740035219
740035219
869139786
869139786
642565728
642565728
642565728
642565728
642565728
642565728
642565728
642565728
428714896
428714896
287900335
287900335
428714896
428714896
287900335
287900335
160768086
160768086
160768086
160768086
448668421
448668421
482304258
482304258
168749496
168749496
168749496
168749496
506248488
506248488
168749496
168749496
111322549
111322549
111322549
111322549
924639085
924639085
924639085
924639085
149039830
149039830
74519915
74519915
74519915
74519915
74519915
74519915
530221972
530221972
530221972
530221972
571688366
571688366
571688366
571688366
532910549
532910549
532910549
532910549
377799281
377799281
377799281
377799281
513524971
513524971
513524971
513524971
57611178
57611178
57611178
57611178
57611178
57611178
57611178
57611178
57611178
57611178
57611178
57611178
501609992
501609992
506585623
506585623
928718196
928718196
928718196
928718196
4975631
4975631
4975631
4975631
9951262
9951262
9951262
9951262
319432710
319432710
106477570
106477570
191659626
191659626
63886542
63886542
444903578
444903578
444903578
444903578
444903578
444903578
444903578
444903578
586435154
586435154
586435154
586435154
311895688
311895688
311895688
311895688
586435154
586435154
586435154
586435154
586435154
586435154
761061109
761061109
514161962
514161962
514161962
514161962
801322514
801322514
604400675
604400675
574321104
574321104
574321104
574321104
514161962
514161962
544241533
544241533
655241317
655241317
967479598
967479598
655241317
655241317
967479598
967479598
676190813
676190813
890893173
890893173
805012229
805012229
933833645
933833645
232873092
232873092
232873092
232873092
77624364
77624364
232873092
232873092
620994912
620994912
864740383
864740383
487490942
487490942
487490942
487490942
225005828
225005828
225005828
225005828
112502914
112502914
337508742
337508742
818997586
818997586
460504052
460504052
639750819
639750819
639750819
639750819
766389230
766389230
920959312
920959312
153277846
153277846
459833538
459833538
151985610
151985610
151985610
151985610
455956830
455956830
151985610
151985610
77673156
77673156
77673156
77673156
77673156
77673156
38836578
38836578
19418289
19418289
58254867
58254867
528249610
528249610
58254867
58254867
497994692
497994692
497994692
497994692
746992038
746992038
746992038
746992038
746992038
746992038
746992038
746992038
746992038
746992038
746992038
746992038
996143014
996143014
996143014
996143014
498071507
498071507
498071507
498071507
662694450
662694450
662694450
662694450
662694450
662694450
662694450
662694450
696854946
696854946
696854946
696854946
743893012
743893012
371946506
371946506
371338297
371338297
371338297
371338297
684791325
684791325
684791325
684791325
22910824
22910824
68732472
68732472
22910824
22910824
22910824
22910824
264944719
264944719
421063024
421063024
331852564
331852564
331852564
331852564
704372221
704372221
567538858
567538858
309875486
309875486
309875486
309875486
224454590
224454590
224454590
224454590
283069087
283069087
427104480
427104480
532865484
532865484
532865484
532865484
599270955
599270955
199756985
199756985
221892142
221892142
221892142
221892142
221892142
221892142
110946071
110946071
621007416
621007416
864777895
864777895
243770479
243770479
243770479
243770479
209723586
209723586
209723586
209723586
209723586
209723586
209723586
209723586
560695306
560695306
560695306
560695306
642792812
642792812
879760506
879760506
462214817
462214817
462214817
462214817
850614915
850614915
850614915
850614915
469376697
469376697
469376697
469376697
469376697
469376697
733810525
733810525
267742577
267742577
267742577
267742577
9926247
9926247
9926247
9926247
284517154
284517154
427587169
427587169
313131157
313131157
939393471
939393471
883788341
883788341
883788341
883788341
769332329
769332329
311508281
311508281
668572977
668572977
222857659
222857659
1846045
1846045
333363466
333363466
393807183
393807183
183177196
183177196
576984379
576984379
576984379
576984379
498318096
498318096
166106032
166106032
664424128
664424128
330603903
330603903
166106032
166106032
332212064
332212064
332212064
332212064
332212064
332212064
712172509
712172509
855208431
855208431
626952376
626952376
541732243
541732243
313476188
313476188
313476188
313476188
313476188
313476188
769988298
769988298
115548558
115548558
57774279
57774279
606649849
606649849
606649849
606649849
475062605
475062605
475062605
475062605
426943462
426943462
475062605
475062605
491833043
491833043
491833043
491833043
238627388
238627388
745038698
745038698
745038698
745038698
491833043
491833043
745038698
745038698
491833043
491833043
399738187
399738187
465994180
465994180
93198836
93198836
93198836
93198836
767676019
767676019
767676019
767676019
394880675
394880675
394880675
394880675
606917523
606917523
606917523
606917523
431181386
431181386
431181386
431181386
372121425
372121425
372121425
372121425
744242850
744242850
744242850
744242850
431181386
431181386
431181386
431181386
570683989
570683989
713807614
713807614
215590693
215590693
431181386
431181386
215590693
215590693
431181386
431181386
224090485
224090485
224090485
224090485
611167419
611167419
611167419
611167419
793415183
793415183
929967963
929967963
895829768
895829768
964106158
964106158
780930085
780930085
780930085
780930085
563615817
563615817
780930085
780930085
680772556
680772556
680772556
680772556
154486096
154486096
463458288
463458288
392195310
392195310
784390620
784390620
522927080
522927080
522927080
522927080
753012218
753012218
753012218
753012218
753012218
753012218
753012218
753012218
53472589
53472589
53472589
53472589
419133789
419133789
259157014
259157014
266921953
266921953
266921953
266921953
449752553
449752553
449752553
449752553
843202764
843202764
843202764
843202764
911197583
911197583
969228763
969228763
53487024
53487024
106974048
106974048
819990292
819990292
463482170
463482170
514067635
514067635
514067635
514067635
550528940
550528940
550528940
550528940
431181386
431181386
215590693
215590693
411254108
411254108
802580938
802580938
258269703
258269703
258269703
258269703
293104162
293104162
879312486
879312486
879312486
879312486
439656243
439656243
718950298
718950298
160362188
160362188
572398217
572398217
572398217
572398217
293104162
293104162
293104162
293104162
110412184
110412184
110412184
110412184
110412184
110412184
110412184
110412184
943813141
943813141
943813141
943813141
862166323
862166323
862166323
862166323
916597535
916597535
957420944
957420944
916597535
916597535
971028747
971028747
478710472
478710472
478710472
478710472
984636550
984636550
984636550
984636550
889381929
889381929
889381929
889381929
889381929
889381929
889381929
889381929
236837537
236837537
236837537
236837537
473675074
473675074
473675074
473675074
467676902
467676902
467676902
467676902
935353804
935353804
644532719
644532719
827386708
827386708
827386708
827386708
827386708
827386708
827386708
827386708
32989946
32989946
98969838
98969838
131959784
131959784
263919568
263919568
319758495
319758495
319758495
319758495
191855097
191855097
63951699
63951699
572111247
572111247
572111247
572111247
190703749
190703749
572111247
572111247
327360233
327360233
774616313
774616313
550988273
550988273
550988273
550988273
3552507
3552507
3552507
3552507
500898430
500898430
500898430
500898430
374390942
374390942
374390942
374390942
187195471
187195471
187195471
187195471
244470791
244470791
244470791
244470791
960411213
960411213
960411213
960411213
870119587
870119587
870119587
870119587
952485508
952485508
952485508
952485508
62179576
62179576
186538728
186538728
551865323
551865323
657351616
657351616
248148983
248148983
248148983
248148983
744446949
744446949
248148983
248148983
221350419
221350419
221350419
221350419
221350419
221350419
73783473
73783473
213994035
213994035
213994035
213994035
35862911
35862911
35862911
35862911
598193489
598193489
598193489
598193489
39628525
39628525
39628525
39628525
432295989
432295989
144098663
144098663
875038266
875038266
875038266
875038266
101084001
101084001
33694667
33694667
33694667
33694667
101084001
101084001
230819018
230819018
230819018
230819018
230819018
230819018
742435908
742435908
485756939
485756939
485756939
485756939
827415215
827415215
827415215
827415215
394007507
394007507
394007507
394007507
586602732
586602732
195534244
195534244
361678298
361678298
361678298
361678298
361678298
361678298
361678298
361678298
623730217
623730217
249216081
249216081
83072027
83072027
83072027
83072027
293301366
293301366
293301366
293301366
696125930
696125930
696125930
696125930
953009971
953009971
650418108
650418108
605183726
605183726
605183726
605183726
605183726
605183726
605183726
605183726
212123099
212123099
605183726
605183726
907775589
907775589
302591863
302591863
212123099
212123099
212123099
212123099
212123099
212123099
605183726
605183726
302591863
302591863
302591863
302591863
423786981
423786981
141262327
141262327
141262327
141262327
141262327
141262327
87902842
87902842
87902842
87902842
724098130
724098130
724098130
724098130
775693603
775693603
330592103
330592103
284288666
284288666
284288666
284288666
391742015
391742015
391742015
391742015
739238607
739238607
480232861
480232861
492442616
492442616
492442616
492442616
123110654
123110654
369331962
369331962
404216277
404216277
214404478
214404478
662312978
662312978
662312978
662312978
150721653
150721653
452164959
452164959
865001844
865001844
288333948
288333948
301443306
301443306
301443306
301443306
753608265
753608265
753608265
753608265
943460938
943460938
943460938
943460938
307380224
307380224
614760448
614760448
208473527
208473527
734987411
734987411
208473527
208473527
208473527
208473527
202986713
202986713
202986713
202986713
401801123
401801123
401801123
401801123
398531365
398531365
398531365
398531365
793230849
793230849
793230849
793230849
807544576
807544576
601929643
601929643
403772288
403772288
807544576
807544576
485805646
485805646
494683333
494683333
91834517
91834517
696107741
696107741
509309904
509309904
20375455
20375455
465430191
465430191
155143397
155143397
485805646
485805646
242902823
242902823
485805646
485805646
242902823
242902823
345495537
345495537
671869945
671869945
537495956
537495956
537495956
537495956
806243934
806243934
268747978
268747978
614243515
614243515
537495956
537495956
308720914
308720914
154360457
154360457
435655089
435655089
435655089
435655089
145218363
145218363
435655089
435655089
435655089
435655089
716949721
716949721
461057633
461057633
461057633
461057633
922115266
922115266
922115266
922115266
931096013
931096013
931096013
931096013
931096013
931096013
931096013
931096013
784635388
784635388
784635388
784635388
159268979
159268979
718585895
718585895
987520350
987520350
987520350
987520350
395008140
395008140
395008140
395008140
228577232
228577232
228577232
228577232
601796271
601796271
601796271
601796271
51725635
51725635
524984994
524984994
20690254
20690254
20690254
20690254
863947673
863947673
863947673
863947673
863947673
863947673
595354313
595354313
255709444
255709444
511418888
511418888
191782083
191782083
191782083
191782083
380911814
380911814
380911814
380911814
380911814
380911814
380911814
380911814
693332473
693332473
693332473
693332473
815297225
815297225
449402969
449402969
146872039
146872039
146872039
146872039
146872039
146872039
146872039
146872039
3732490
3732490
3732490
3732490
150604529
150604529
150604529
150604529
90672190
90672190
272016570
272016570
90672190
90672190
90672190
90672190
181344380
181344380
725944362
725944362
453644371
453644371
453644371
453644371
483962908
483962908
483962908
483962908
483962908
483962908
483962908
483962908
830185931
830185931
830185931
830185931
820079752
820079752
820079752
820079752
571758752
571758752
856082486
856082486
22110386
22110386
66331158
66331158
76962085
76962085
76962085
76962085
76962085
76962085
230886255
230886255
505673616
505673616
505673616
505673616
189627606
189627606
63209202
63209202
189627606
189627606
189627606
189627606
126418404
126418404
126418404
126418404
994794992
994794992
994794992
994794992
797215738
797215738
797215738
797215738
797215738
797215738
797215738
797215738
995944779
995944779
995944779
995944779
914383546
914383546
746661932
746661932
914383546
914383546
746661932
746661932
103370364
103370364
103370364
103370364
34456788
34456788
103370364
103370364
569253408
569253408
569253408
569253408
426940056
426940056
426940056
426940056
904099963
904099963
634114772
634114772
175840801
175840801
175840801
175840801
19134879
19134879
19134879
19134879
825384313
825384313
479664233
479664233
861840626
861840626
589033172
589033172
589033172
589033172
861840626
861840626
853859906
853859906
853859906
853859906
955213543
955213543
955213543
955213543
53617591
53617591
350620648
350620648
525930972
525930972
53617591
53617591
570998320
570998320
570998320
570998320
570998320
570998320
570998320
570998320
431256861
431256861
431256861
431256861
579019976
579019976
579019976
579019976
783059284
783059284
352689146
352689146
197327162
197327162
197327162
197327162
239114303
239114303
717342909
717342909
98663581
98663581
197327162
197327162
897782047
897782047
897782047
897782047
747088588
747088588
747088588
747088588
809278652
809278652
809278652
809278652
404639326
404639326
404639326
404639326
11845041
11845041
11845041
11845041
3948347
3948347
3948347
3948347
505044697
505044697
501096350
501096350
508993044
508993044
508993044
508993044
587042577
587042577
175840801
175840801
391361718
391361718
175840801
175840801
892738762
892738762
892738762
892738762
78452733
78452733
235358199
235358199
643637339
643637339
932667664
932667664
289030325
289030325
578060650
578060650
765289643
765289643
765289643
765289643
440883499
440883499
440883499
440883499
820940846
820940846
466333832
466333832
578060650
578060650
578060650
578060650
703143228
703143228
234381076
234381076
586559770
586559770
586559770
586559770
617540184
617540184
617540184
617540184
142101609
142101609
142101609
142101609
570172981
570172981
570172981
570172981
522805778
522805778
570172981
570172981
397303265
397303265
397303265
397303265
590968707
590968707
590968707
590968707
794606530
794606530
794606530
794606530
387330884
387330884
794606530
794606530
5971439
5971439
5971439
5971439
502107896
502107896
502107896
502107896
453542421
453542421
362382910
362382910
453542421
453542421
362382910
362382910
176642765
176642765
724377157
724377157
724377157
724377157
724377157
724377157
778153569
778153569
778153569
778153569
943221657
943221657
833176265
833176265
731042848
731042848
463841343
463841343
154613781
154613781
463841343
463841343
13490447
13490447
13490447
13490447
379400550
379400550
126466850
126466850
898911234
898911234
799578115
799578115
114225445
114225445
114225445
114225445
479746869
479746869
159915623
159915623
599274156
599274156
799578115
799578115
689108954
689108954
689108954
689108954
759947110
759947110
759947110
759947110
62469500
62469500
62469500
62469500
753756767
753756767
916748491
916748491
62469500
62469500
62469500
62469500
62469500
62469500
62469500
62469500
31234750
31234750
62469500
62469500
522548239
522548239
522548239
522548239
531830048
531830048
265915024
265915024
967150066
967150066
967150066
967150066
195146086
195146086
195146086
195146086
226240373
226240373
226240373
226240373
553124706
553124706
553124706
553124706
420898753
420898753
420898753
420898753
936703154
936703154
936703154
936703154
846846417
846846417
846846417
846846417
641457977
641457977
641457977
641457977
700922373
700922373
106278413
106278413
187256068
187256068
93628034
93628034
140442051
140442051
46814017
46814017
121144512
121144512
121144512
121144512
484578048
484578048
484578048
484578048
879315561
879315561
879315561
879315561
700922373
700922373
700922373
700922373
980967344
980967344
980967344
980967344
490483672
490483672
490483672
490483672
714202750
714202750
714202750
714202750
570815701
570815701
570815701
570815701
921288018
921288018
921288018
921288018
844331683
844331683
844331683
844331683
216081307
216081307
216081307
216081307
663031619
663031619
663031619
663031619
597263280
597263280
199087760
199087760
398175520
398175520
398175520
398175520
298631640
298631640
597263280
597263280
597263280
597263280
199087760
199087760
292243652
292243652
292243652
292243652
516195202
516195202
516195202
516195202
742125936
742125936
742125936
742125936
185531484
185531484
556594452
556594452
172441427
172441427
172441427
172441427
172441427
172441427
585342890
585342890
172441427
172441427
585342890
585342890
172441427
172441427
172441427
172441427
288840410
288840410
288840410
288840410
525308391
525308391
577680820
577680820
917013617
917013617
917013617
917013617
876398249
876398249
876398249
876398249
271390402
271390402
271390402
271390402
524744152
524744152
524744152
524744152
947955737
947955737
947955737
947955737
933587561
933587561
933587561
933587561
137470578
137470578
137470578
137470578
836372074
836372074
611538809
611538809
744725022
744725022
237686360
237686360
244471919
244471919
244471919
244471919
86530293
86530293
259590879
259590879
827785859
827785859
941424855
941424855
178264770
178264770
59421590
59421590
118843180
118843180
237686360
237686360
281215132
281215132
281215132
281215132
995135155
995135155
988916759
988916759
746986875
746986875
746986875
746986875
237686360
237686360
237686360
237686360
824153679
824153679
475972331
475972331
127790983
127790983
375345112
375345112
563017668
563017668
563017668
563017668
462390449
462390449
388926994
388926994
524346624
524346624
524346624
524346624
50448895
50448895
50448895
50448895
100897790
100897790
201795580
201795580
524346624
524346624
574795519
574795519
503136095
503136095
503136095
503136095
301881657
301881657
301881657
301881657
805017752
805017752
805017752
805017752
603763314
603763314
201254438
201254438
154954747
154954747
154954747
154954747
475972331
475972331
824153679
824153679
603763314
603763314
301881657
301881657
402508876
402508876
402508876
402508876
808552167
808552167
808552167
808552167
903398260
903398260
903398260
903398260
262006944
262006944
131003472
131003472
98252604
98252604
98252604
98252604
736443398
736443398
212841488
212841488
212841488
212841488
212841488
212841488
159631116
159631116
53210372
53210372
212841488
212841488
212841488
212841488
914639241
914639241
914639241
914639241
663823905
663823905
329403457
329403457
442549270
442549270
329403457
329403457
329403457
329403457
442549270
442549270
328007106
328007106
109335702
109335702
46858158
46858158
46858158
46858158
335816799
335816799
671633598
671633598
335816799
335816799
671633598
671633598
492308993
492308993
492308993
492308993
745276673
745276673
239341313
239341313
761087153
761087153
761087153
761087153
855950033
855950033
571361393
571361393
847056638
847056638
847056638
847056638
880653908
880653908
880653908
880653908
828281693
828281693
488356373
488356373
658319033
658319033
658319033
658319033
698359497
698359497
698359497
698359497
848301925
848301925
848301925
848301925
796949282
796949282
398474641
398474641
398474641
398474641
398474641
398474641
18662436
18662436
18662436
18662436
37324872
37324872
37324872
37324872
32659263
32659263
32659263
32659263
506120590
506120590
506120590
506120590
405212828
405212828
405212828
405212828
217394131
217394131
405212828
405212828
372057351
372057351
117927700
117927700
58963850
58963850
58963850
58963850
159348669
159348669
318697338
318697338
369072590
369072590
788520432
788520432
578796511
578796511
578796511
578796511
159348669
159348669
318697338
318697338
512213381
512213381
836234029
836234029
62730911
62730911
62730911
62730911
611492794
611492794
836234029
836234029
961695851
961695851
979970102
979970102
648321823
648321823
648321823
648321823
123438028
123438028
123438028
123438028
843674642
843674642
843674642
843674642
683314076
683314076
683314076
683314076
685710547
685710547
685710547
685710547
685710547
685710547
373176741
373176741
348919567
348919567
348919567
348919567
248784494
248784494
248784494
248784494
605881152
605881152
605881152
605881152
201960384
201960384
201960384
201960384
591146154
591146154
591146154
591146154
646908715
646908715
646908715
646908715
766236486
766236486
255412162
255412162
127706081
127706081
383118243
383118243
87397051
87397051
87397051
87397051
723760936
723760936
723760936
723760936
722559561
722559561
722559561
722559561
66695162
66695162
66695162
66695162
893749538
893749538
893749538
893749538
893749538
893749538
893749538
893749538
537631058
537631058
537631058
537631058
976452604
976452604
976452604
976452604
923517892
923517892
640587415
640587415
734897574
734897574
734897574
734897574
472753572
472753572
236376786
236376786
236376786
236376786
472753572
472753572
668223368
668223368
338202383
338202383
778230363
778230363
338202383
338202383
58360641
58360641
58360641
58360641
58360641
58360641
58360641
58360641
822016157
822016157
822016157
822016157
822016157
822016157
939501621
939501621
875608934
875608934
875608934
875608934
875608934
875608934
875608934
875608934
91307905
91307905
91307905
91307905
708106591
708106591
708106591
708106591
914685831
914685831
304895277
304895277
502995013
502995013
502995013
502995013
626807348
626807348
882177691
882177691
676332282
676332282
676332282
676332282
560505168
560505168
560505168
560505168
823148679
823148679
823148679
823148679
124816668
124816668
124816668
124816668
474187742
474187742
474187742
474187742
913311230
913311230
456655615
456655615
969933312
969933312
969933312
969933312
969933312
969933312
913311230
913311230
913311230
913311230
969933312
969933312
676428705
676428705
676428705
676428705
883310193
883310193
883310193
883310193
963764105
963764105
963764105
963764105
963764105
963764105
986750937
986750937
245356926
245356926
245356926
245356926
613392315
613392315
613392315
613392315
964611055
964611055
964611055
964611055
964611055
964611055
964611055
964611055
734628779
734628779
910372495
910372495
910372495
910372495
910372495
910372495
295269489
295269489
98423163
98423163
98423163
98423163
98423163
98423163
80651854
80651854
80651854
80651854
40325927
40325927
120977781
120977781
880567846
880567846
880567846
880567846
880567846
880567846
880567846
880567846
295595345
295595345
886786035
886786035
942515194
942515194
886786035
886786035
942515194
942515194
886786035
886786035
177357207
177357207
532071621
532071621
228356921
228356921
228356921
228356921
935609635
935609635
644617996
644617996
953175552
953175552
953175552
953175552
908106751
908106751
908106751
908106751
995447373
995447373
989853413
989853413
992650393
992650393
992650393
992650393
992650393
992650393
992650393
992650393
987056433
987056433
987056433
987056433
762188171
762188171
290075807
290075807
290075807
290075807
644160080
644160080
278075305
278075305
278075305
278075305
818202091
818202091
818202091
818202091
803996757
803996757
803996757
803996757
803996757
803996757
901120555
901120555
906170739
906170739
302056913
302056913
604113826
604113826
604113826
604113826
603836097
603836097
603836097
603836097
640832180
640832180
640832180
640832180
732589135
732589135
732589135
732589135
68451090
68451090
136902180
136902180
429937834
429937834
429937834
429937834
14831779
14831779
506538066
506538066
574989156
574989156
191663052
191663052
355945668
355945668
355945668
355945668
406316222
406316222
812632444
812632444
803859343
803859343
803859343
803859343
300350616
300350616
300350616
300350616
512281828
512281828
256140914
256140914
262806789
262806789
788420367
788420367
52982803
52982803
52982803
52982803
450525924
450525924
450525924
450525924
525613578
525613578
52982803
52982803
541287066
541287066
625616845
625616845
625616845
625616845
625616845
625616845
541287066
541287066
541287066
541287066
541287066
541287066
541287066
541287066
434603278
434603278
434603278
434603278
47489887
47489887
47489887
47489887
598587748
598587748
797518891
797518891
397862286
397862286
397862286
397862286
807178637
807178637
807178637
807178637
257917570
257917570
257917570
257917570
74910082
74910082
357718145
357718145
827801413
827801413
657358473
657358473
902711495
902711495
902711495
902711495
902711495
902711495
807178637
807178637
712858443
712858443
712858443
712858443
142086623
142086623
142086623
142086623
522880902
522880902
522880902
522880902
522880902
522880902
174293634
174293634
491139621
491139621
491139621
491139621
396104719
396104719
396104719
396104719
199953984
199953984
399907968
399907968
133302656
133302656
399907968
399907968
533210624
533210624
533210624
533210624
533210624
533210624
601387519
601387519
844785650
844785650
844785650
844785650
537868244
537868244
537868244
537868244
759503842
759503842
759503842
759503842
128645036
128645036
128645036
128645036
422673451
422673451
422673451
422673451
67444000
67444000
67444000
67444000
84305000
84305000
168610000
168610000
84305000
84305000
84305000
84305000
793312096
793312096
793312096
793312096
561962907
561962907
780103630
780103630
588379839
588379839
766895164
766895164
383447582
383447582
793312096
793312096
480985665
480985665
480985665
480985665
739615009
739615009
739615009
739615009
765090039
765090039
765090039
765090039
648512882
648512882
324256441
324256441
536384356
536384356
536384356
536384356
779735081
779735081
342716537
342716537
54746711
54746711
526495532
526495532
683745139
683745139
683745139
683745139
490077320
490077320
490077320
490077320
490077320
490077320
490077320
490077320
576178438
576178438
288089219
288089219
888989717
888989717
670480445
670480445
912977634
912977634
912977634
912977634
285955379
285955379
760814695
760814695
145577163
145577163
145577163
145577163
608651756
608651756
608651756
608651756
33448110
33448110
33448110
33448110
133792440
133792440
133792440
133792440
371222098
371222098
371222098
371222098
371222098
371222098
371222098
371222098
840232742
840232742
840232742
840232742
416372596
416372596
416372596
416372596
534481794
534481794
605201029
605201029
981338432
981338432
981338432
981338432
284398641
284398641
284398641
284398641
94799547
94799547
284398641
284398641
942426637
942426637
942426637
942426637
478190533
478190533
478190533
478190533
456598996
456598996
484947783
484947783
895585039
895585039
895585039
895585039
294949735
294949735
294949735
294949735
58989947
58989947
176969841
176969841
234621380
234621380
234621380
234621380
351932070
351932070
703864140
703864140
234621380
234621380
234621380
234621380
100552020
100552020
100552020
100552020
526832438
526832438
526832438
526832438
582252961
582252961
526832438
526832438
739390266
739390266
739390266
739390266
221682092
221682092
221682092
221682092
928838764
928838764
859433175
859433175
450050380
450050380
351906787
351906787
928838764
928838764
859433175
859433175
859433175
859433175
859433175
859433175
71190846
71190846
142381692
142381692
94921128
94921128
94921128
94921128
284763384
284763384
94921128
94921128
47460564
47460564
47460564
47460564
101496988
101496988
101496988
101496988
202993976
202993976
101496988
101496988
733160894
733160894
202993976
202993976
280846461
280846461
280846461
280846461
253937666
253937666
750142124
750142124
135389027
135389027
710625911
710625911
16420425
16420425
16420425
16420425
5473475
5473475
5473475
5473475
804243032
804243032
804243032
804243032
402121516
402121516
208120195
208120195
674908818
674908818
674908818
674908818
208120195
208120195
402121516
402121516
430566462
430566462
430566462
430566462
78171802
78171802
39085901
39085901
430566462
430566462
430566462
430566462
39085901
39085901
78171802
78171802
523159775
523159775
523159775
523159775
144225591
144225591
48075197
48075197
14545398
14545398
14545398
14545398
14545398
14545398
14545398
14545398
731391771
731391771
731391771
731391771
128520632
128520632
128520632
128520632
251365261
251365261
251365261
251365261
58562498
58562498
175687494
175687494
702202898
702202898
899563868
899563868
570628918
570628918
570628918
570628918
983597270
983597270
983597270
983597270
757583650
757583650
757583650
757583650
159428032
159428032
385890795
385890795
878413450
878413450
878413450
878413450
26398086
26398086
79194258
79194258
52796172
52796172
52796172
52796172
957714717
957714717
319238239
319238239
319238239
319238239
957714717
957714717
93550654
93550654
93550654
93550654
569285167
569285167
140325981
140325981
586854908
586854908
586854908
586854908
861114538
861114538
861114538
861114538
861114538
861114538
586854908
586854908
312595278
312595278
156297639
156297639
7740852
7740852
2580284
2580284
33543692
33543692
33543692
33543692
638295833
638295833
916643146
916643146
196746106
196746106
196746106
196746106
21633024
21633024
64899072
64899072
21633024
21633024
64899072
64899072
767684199
767684199
882964276
882964276
255894733
255894733
255894733
255894733
838346164
838346164
612196839
612196839
22083712
22083712
66251136
66251136
101855488
101855488
101855488
101855488
690616551
690616551
230205517
230205517
161346304
161346304
80673152
80673152
863134004
863134004
863134004
863134004
627182215
627182215
627182215
627182215
883302292
883302292
883302292
883302292
27456758
27456758
54913516
54913516
221614277
221614277
221614277
221614277
633463679
633463679
902146684
902146684
268683005
268683005
268683005
268683005
810922218
810922218
436277948
436277948
218138974
218138974
218138974
218138974
760524093
760524093
760524093
760524093
879384223
879384223
641663963
641663963
310027205
310027205
310027205
310027205
310027205
310027205
310027205
310027205
173701729
173701729
173701729
173701729
434038087
434038087
303869908
303869908
704110295
704110295
704110295
704110295
347526537
347526537
115842179
115842179
231372781
231372781
614808567
614808567
231372781
231372781
231372781
231372781
467741538
467741538
467741538
467741538
872721799
872721799
747199245
747199245
809960522
809960522
935483076
935483076
747199245
747199245
872721799
872721799
846486020
846486020
846486020
846486020
761837418
761837418
253945806
253945806
761837418
761837418
253945806
253945806
846486020
846486020
846486020
846486020
695068496
695068496
695068496
695068496
347534248
347534248
347534248
347534248
652543325
652543325
883010677
883010677
357347749
357347749
73798894
73798894
867648079
867648079
606455531
606455531
99579048
99579048
298737144
298737144
230175322
230175322
230175322
230175322
444842031
444842031
444842031
444842031
417268691
417268691
834537382
834537382
707756522
707756522
707756522
707756522
772454676
772454676
257484892
257484892
514969784
514969784
514969784
514969784
361984151
361984151
87708100
87708100
87708100
87708100
87708100
87708100
537400351
537400351
76556349
76556349
175416200
175416200
175416200
175416200
827087959
827087959
827087959
827087959
874575420
874575420
437287710
437287710
874575420
874575420
874575420
874575420
874575420
874575420
437287710
437287710
412477028
412477028
412477028
412477028
356340196
356340196
356340196
356340196
565463967
565463967
132683581
132683581
625483328
625483328
878205631
878205631
554064698
554064698
554064698
554064698
554064698
554064698
554064698
554064698
663949741
663949741
993604870
993604870
162507823
162507823
325015646
325015646
75408395
75408395
226225185
226225185
90490074
90490074
90490074
90490074
883826237
883826237
960104981
960104981
214382410
214382410
214382410
214382410
307174761
307174761
307174761
307174761
652709557
652709557
652709557
652709557
75408395
75408395
226225185
226225185
15081679
15081679
15081679
15081679
366513399
366513399
366513399
366513399
769986198
769986198
313469888
313469888
945200842
945200842
945200842
945200842
626939776
626939776
541728043
541728043
93061373
93061373
279184119
279184119
779504090
779504090
779504090
779504090
590151629
590151629
590151629
590151629
862213445
862213445
862213445
862213445
148533740
148533740
297067480
297067480
148533740
148533740
297067480
297067480
533129598
533129598
533129598
533129598
694167392
694167392
694167392
694167392
508121490
508121490
526120117
526120117
35997254
35997254
35997254
35997254
694167392
694167392
694167392
694167392
812198451
812198451
812198451
812198451
829128239
829128239
941872315
941872315
608340753
608340753
608340753
608340753
441574972
441574972
441574972
441574972
441574972
441574972
441574972
441574972
615578583
615578583
615578583
615578583
212122849
212122849
424245698
424245698
615578583
615578583
615578583
615578583
806911468
806911468
424245698
424245698
274709035
274709035
424317796
424317796
424317796
424317796
274709035
274709035
228435892
228435892
228435892
228435892
408893415
408893415
228435892
228435892
416008956
416008956
416008956
416008956
312006717
312006717
104002239
104002239
777667970
777667970
777667970
777667970
777667970
777667970
777667970
777667970
713171931
713171931
237723977
237723977
455015513
455015513
455015513
455015513
643094025
643094025
643094025
643094025
287943697
287943697
287943697
287943697
842250140
842250140
842250140
842250140
604403444
604403444
814965979
814965979
210562535
210562535
421125070
421125070
210562535
210562535
421125070
421125070
136790543
136790543
136790543
136790543
457596582
457596582
374545393
374545393
237754850
237754850
237754850
237754850
237754850
237754850
118877425
118877425
654269206
654269206
654269206
654269206
620588118
620588118
620588118
620588118
525359938
525359938
507868097
507868097
542851779
542851779
770548066
770548066
387636452
387636452
164665003
164665003
164665003
164665003
164665003
164665003
581454678
581454678
164665003
164665003
290727339
290727339
872182017
872182017
227696171
227696171
227696171
227696171
910784684
910784684
910784684
910784684
746119681
746119681
746119681
746119681
746119681
746119681
746119681
746119681
428641562
428641562
428641562
428641562
112195567
112195567
112195567
112195567
491930761
491930761
491930761
491930761
448782268
448782268
224391134
224391134
10698268
10698268
10698268
10698268
11462430
11462430
11462430
11462430
432462372
432462372
432462372
432462372
432462372
432462372
432462372
432462372
460042656
460042656
460042656
460042656
115010664
115010664
345031992
345031992
575053320
575053320
575053320
575053320
230021328
230021328
230021328
230021328
751492676
751492676
257989322
257989322
751492676
751492676
257989322
257989322
303472337
303472337
303472337
303472337
910417011
910417011
910417011
910417011
541579619
541579619
541579619
541579619
626494504
626494504
541579619
541579619
730380441
730380441
194652617
194652617
730380441
730380441
194652617
194652617
727496694
727496694
727496694
727496694
325070110
325070110
325070110
325070110
426325203
426325203
426325203
426325203
769476693
769476693
769476693
769476693
383859678
383859678
383859678
383859678
779675247
779675247
259891749
259891749
561106141
561106141
561106141
561106141
123967929
123967929
123967929
123967929
82645286
82645286
165290572
165290572
165290572
165290572
82645286
82645286
165290572
165290572
82645286
82645286
165290572
165290572
165290572
165290572
377365438
377365438
377365438
377365438
593463536
593463536
782146255
782146255
269316389
269316389
633780371
633780371
269316389
269316389
269316389
269316389
780481551
780481551
780481551
780481551
520321034
520321034
562718749
562718749
813723394
813723394
813723394
813723394
813723394
813723394
813723394
813723394
237062972
237062972
237062972
237062972
237062972
237062972
237062972
237062972
237062972
237062972
237062972
237062972
355594458
355594458
118531486
118531486
373544720
373544720
790011142
790011142
186772360
186772360
373544720
373544720
165311509
165311509
165311509
165311509
373544720
373544720
747089440
747089440
790456336
790456336
596233563
596233563
857293250
857293250
951260652
951260652
904276951
904276951
904276951
904276951
596233563
596233563
790456336
790456336
705951972
705951972
705951972
705951972
386062954
386062954
386062954
386062954
776891092
776891092
776891092
776891092
443700989
443700989
332858614
332858614
293817679
293817679
293817679
293817679
509161351
509161351
20078349
20078349
594328141
594328141
784740070
784740070
313896028
313896028
313896028
313896028
607713707
607713707
607713707
607713707
293817679
293817679
881453037
881453037
395691723
395691723
395691723
395691723
625326060
625326060
625326060
625326060
730813878
730813878
243604626
243604626
406007710
406007710
219778777
219778777
487209252
487209252
487209252
487209252
631210277
631210277
895386478
895386478
353159881
353159881
353159881
353159881
353159881
353159881
61235290
61235290
803627959
803627959
803627959
803627959
609011565
609011565
219778777
219778777
414395171
414395171
803627959
803627959
609011565
609011565
219778777
219778777
219778777
219778777
406007710
406007710
895386478
895386478
631210277
631210277
367320323
367320323
103716616
103716616
975403340
975403340
975403340
975403340
780322672
780322672
344479310
344479310
562400991
562400991
688958620
688958620
579481387
579481387
740199808
740199808
984340621
984340621
984340621
984340621
377051770
377051770
132910957
132910957
377051770
377051770
377051770
377051770
749558395
749558395
749558395
749558395
756559437
756559437
252186479
252186479
506638346
506638346
521670685
521670685
521670685
521670685
521670685
521670685
989050723
989050723
989050723
989050723
860339903
860339903
860339903
860339903
984699074
984699074
957608516
957608516
984699074
984699074
984699074
984699074
483319351
483319351
966638702
966638702
993729260
993729260
993729260
993729260
478804258
478804258
478804258
478804258
478804258
478804258
957608516
957608516
804978052
804978052
601074135
601074135
10637616
10637616
3545872
3545872
555563352
555563352
555563352
555563352
404261962
404261962
404261962
404261962
351659435
351659435
703318870
703318870
351659435
351659435
351659435
351659435
813505805
813505805
813505805
813505805
281327548
281327548
281327548
281327548
782296936
782296936
782296936
782296936
188783173
188783173
188783173
188783173
488935585
488935585
488935585
488935585
293361351
293361351
880084053
880084053
188783173
188783173
188783173
188783173
377566346
377566346
377566346
377566346
90996056
90996056
90996056
90996056
97787117
97787117
698091941
698091941
893702124
893702124
789159895
789159895
719630012
719630012
905372906
905372906
872507429
872507429
872507429
872507429
935375891
935375891
809638967
809638967
987395199
987395199
329131733
329131733
329131733
329131733
987395199
987395199
637204147
637204147
637204147
637204147
184109294
184109294
184109294
184109294
400816703
400816703
400816703
400816703
400816703
400816703
699530528
699530528
502919581
502919581
502919581
502919581
400816703
400816703
400816703
400816703
578698482
578698482
578698482
578698482
211231263
211231263
633693789
633693789
817747738
817747738
456754508
456754508
817747738
817747738
817747738
817747738
165803236
165803236
165803236
165803236
165803236
165803236
388015863
388015863
553819099
553819099
553819099
553819099
331606472
331606472
776031726
776031726
974128868
974128868
950013383
950013383
982167363
982167363
950013383
950013383
966090373
966090373
966090373
966090373
966090373
966090373
982167363
982167363
893673705
893673705
684532409
684532409
579961761
579961761
579961761
579961761
423105789
423105789
423105789
423105789
423105789
423105789
423105789
423105789
646716676
646716676
646716676
646716676
161679169
161679169
161679169
161679169
579961761
579961761
741640930
741640930
646716676
646716676
323358338
323358338
161818071
161818071
161818071
161818071
161818071
161818071
485454213
485454213
93743882
93743882
93743882
93743882
93743882
93743882
696744196
696744196
168885487
168885487
337770974
337770974
466851936
466851936
402311455
402311455
632203715
632203715
632203715
632203715
144149531
144149531
571196942
571196942
195048069
195048069
195048069
195048069
195048069
195048069
65016023
65016023
438307355
438307355
316677712
316677712
195048069
195048069
195048069
195048069
8178303
8178303
8178303
8178303
335461619
335461619
777316775
777316775
768690272
768690272
309582110
309582110
619164220
619164220
539136191
539136191
993641103
993641103
984434603
984434603
989037853
989037853
989037853
989037853
318156378
318156378
106052126
106052126
424208504
424208504
424208504
424208504
289327782
289327782
289327782
289327782
578655564
578655564
578655564
578655564
289327782
289327782
289327782
289327782
433991673
433991673
716118013
716118013
644623274
644623274
880370660
880370660
526749581
526749581
55254809
55254809
863531561
863531561
863531561
863531561
55254809
55254809
55254809
55254809
583286693
583286693
583286693
583286693
749269757
749269757
749269757
749269757
216208763
216208763
737565823
737565823
476887293
476887293
476887293
476887293
383134849
383134849
383134849
383134849
228485079
228485079
228485079
228485079
416456512
416456512
208228256
208228256
633621539
633621539
876703415
876703415
685455237
685455237
841849795
841849795
841849795
841849795
841849795
841849795
493830066
493830066
493830066
493830066
472661624
472661624
419740519
419740519
667465302
667465302
667465302
667465302
2953600
2953600
2953600
2953600
670418902
670418902
670418902
670418902
44304000
44304000
14768000
14768000
4499625
4499625
13498875
13498875
1038375
1038375
3115125
3115125
10268375
10268375
10268375
10268375
18483075
18483075
6161025
6161025
627433250
627433250
256622147
256622147
627433250
627433250
627433250
627433250
451751940
451751940
150583980
150583980
652530580
652530580
652530580
652530580
52393598
52393598
52393598
52393598
104787196
104787196
104787196
104787196
112937985
112937985
37645995
37645995
112937985
112937985
37645995
37645995
668243668
668243668
8242298
8242298
338242983
338242983
676485966
676485966
562285164
562285164
562285164
562285164
313754363
313754363
770081023
770081023
947825927
947825927
947825927
947825927
981438211
981438211
947825927
947825927
46857097
46857097
140571291
140571291
93714194
93714194
93714194
93714194
417111073
417111073
471785142
471785142
707677713
707677713
707677713
707677713
884093173
884093173
884093173
884093173
399143482
399143482
199186093
199186093
283957209
283957209
283957209
283957209
94652403
94652403
94652403
94652403
41077849
41077849
123233547
123233547
560738950
560738950
560738950
560738950
39038814
39038814
19519407
19519407
254440940
254440940
763322820
763322820
381661410
381661410
127220470
127220470
381661410
381661410
381661410
381661410
825109238
825109238
825109238
825109238
784542901
784542901
784542901
784542901
449142438
449142438
449142438
449142438
449142438
449142438
449142438
449142438
327547939
327547939
327547939
327547939
929614658
929614658
929614658
929614658
464807329
464807329
464807329
464807329
929614658
929614658
792355268
792355268
754979037
754979037
268448405
268448405
25183089
25183089
511713721
511713721
754979037
754979037
754979037
754979037
511713721
511713721
25183089
25183089
240628531
240628531
412957628
412957628
18509887
18509887
55529661
55529661
727625707
727625707
727625707
727625707
296158192
296158192
431467515
431467515
707866154
707866154
417487955
417487955
707866154
707866154
707866154
707866154
480283510
480283510
492842621
492842621
707866154
707866154
417487955
417487955
398170469
398170469
798219725
798219725
996365566
996365566
996365566
996365566
794462151
794462151
264820717
264820717
794462151
794462151
794462151
794462151
681061112
681061112
681061112
681061112
363877871
363877871
363877871
363877871
274292230
274292230
274292230
274292230
274292230
274292230
274292230
274292230
155544238
155544238
155544238
155544238
155544238
155544238
155544238
155544238
134502059
134502059
403506177
403506177
403506177
403506177
403506177
403506177
807569535
807569535
902906944
902906944
677180208
677180208
225726736
225726736
652212039
652212039
217404013
217404013
434808026
434808026
434808026
434808026
890542373
890542373
890542373
890542373
971318858
971318858
917467868
917467868
688100901
688100901
67813997
67813997
639635010
639635010
213211670
213211670
75898417
75898417
75898417
75898417
75898417
75898417
75898417
75898417
840665053
840665053
840665053
840665053
612969802
612969802
612969802
612969802
984706239
984706239
328235413
328235413
328235413
328235413
984706239
984706239
66772519
66772519
66772519
66772519
532508436
532508436
532508436
532508436
194233625
194233625
194233625
194233625
991475296
991475296
984706239
984706239
388467250
388467250
462237201
462237201
388467250
388467250
462237201
462237201
951332696
951332696
904421039
904421039
991027175
991027175
976592819
976592819
987418586
987418586
976592819
976592819
976592819
976592819
991027175
991027175
94073865
94073865
94073865
94073865
661887198
661887198
661887198
661887198
535331997
535331997
535331997
535331997
766788175
766788175
766788175
766788175
572037687
572037687
785141020
785141020
509538678
509538678
509538678
509538678
490854029
490854029
490854029
490854029
800550183
800550183
266850061
266850061
572143597
572143597
572143597
572143597
596199131
596199131
596199131
596199131
675234435
675234435
225078145
225078145
797221742
797221742
931236816
931236816
149693140
149693140
449079420
449079420
973005410
973005410
947766467
947766467
748465700
748465700
498687047
498687047
299386280
299386280
898158840
898158840
258289613
258289613
774868839
774868839
774868839
774868839
774868839
774868839
951217929
951217929
951217929
951217929
904191505
904191505
904191505
904191505
92927654
92927654
92927654
92927654
92927654
92927654
92927654
92927654
153820436
153820436
153820436
153820436
414997481
414997481
246748090
246748090
393692791
393692791
393692791
393692791
91417010
91417010
695968572
695968572
910112748
910112748
733849538
733849538
910112748
910112748
910112748
910112748
142146788
142146788
142146788
142146788
182760156
182760156
182760156
182760156
60920052
60920052
60920052
60920052
182760156
182760156
182760156
182760156
923361356
923361356
773595362
773595362
399180377
399180377
698712365
698712365
773595362
773595362
773595362
773595362
698712365
698712365
399180377
399180377
848478359
848478359
548946371
548946371
773595362
773595362
923361356
923361356
698712365
698712365
698712365
698712365
399180377
399180377
698712365
698712365
399180377
399180377
399180377
399180377
912663785
912663785
912663785
912663785
326655474
326655474
326655474
326655474
435540632
435540632
435540632
435540632
802135509
802135509
802135509
802135509
267378503
267378503
267378503
267378503
900189931
900189931
900189931
900189931
873405168
873405168
873405168
873405168
439482890
439482890
219741445
219741445
219741445
219741445
439482890
439482890
414367172
414367172
414367172
414367172
659224335
659224335
320204317
320204317
444517507
444517507
444517507
444517507
444517507
444517507
480920620
480920620
620013715
620013715
861796792
861796792
809129034
809129034
430898396
430898396
395040800
395040800
395040800
395040800
98760200
98760200
98760200
98760200
481455975
481455975
962911950
962911950
481455975
481455975
481455975
481455975
865159788
865159788
732075223
732075223
576773192
576773192
576773192
576773192
872565610
872565610
746886867
746886867
746886867
746886867
872565610
872565610
683326041
683326041
683326041
683326041
790304875
790304875
596183076
596183076
736815458
736815458
736815458
736815458
213957668
213957668
213957668
213957668
85534261
85534261
361259538
361259538
808053337
808053337
808053337
808053337
722519076
722519076
722519076
722519076
85534261
85534261
85534261
85534261
332360467
332360467
332360467
332360467
331197515
331197515
331197515
331197515
997662877
997662877
996499925
996499925
996499925
996499925
996499925
996499925
994922418
994922418
331640806
331640806
996915579
996915579
996915579
996915579
994922418
994922418
994922418
994922418
331640806
331640806
994922418
994922418
608801878
608801878
608801878
608801878
755041480
755041480
755041480
755041480
766963215
766963215
766963215
766963215
651322646
651322646
651322646
651322646
644022566
644022566
880170424
880170424
377215896
377215896
377215896
377215896
644022566
644022566
322011283
322011283
186764669
186764669
727751125
727751125
560059102
560059102
560059102
560059102
840088653
840088653
280029551
280029551
243747702
243747702
121873851
121873851
162498468
162498468
162498468
162498468
31145371
31145371
343129908
343129908
31145371
31145371
514694862
514694862
966568155
966568155
966568155
966568155
193313631
193313631
579940893
579940893
105958003
105958003
105958003
105958003
276050589
276050589
828151767
828151767
191004296
191004296
191004296
191004296
913198060
913198060
743105474
743105474
51267033
51267033
153801099
153801099
102534066
102534066
102534066
102534066
193313631
193313631
579940893
579940893
322189385
322189385
322189385
322189385
836465122
836465122
611569825
611569825
611569825
611569825
836465122
836465122
966568155
966568155
966568155
966568155
966568155
966568155
966568155
966568155
983224776
983224776
491612388
491612388
245806194
245806194
245806194
245806194
676734102
676734102
33713600
33713600
334995691
334995691
334995691
334995691
327741592
327741592
327741592
327741592
983224776
983224776
327741592
327741592
451016601
451016601
451016601
451016601
314209663
314209663
628419326
628419326
250478546
250478546
125239273
125239273
250478546
250478546
250478546
250478546
777124455
777124455
777124455
777124455
824049460
824049460
824049460
824049460
457819365
457819365
457819365
457819365
70000832
70000832
70000832
70000832
457819365
457819365
457819365
457819365
427298074
427298074
427298074
427298074
892842349
892842349
892842349
892842349
222256235
222256235
666768705
666768705
501030881
501030881
832506529
832506529
56518411
56518411
169555233
169555233
834500521
834500521
834500521
834500521
752628605
752628605
916372437
916372437
977776374
977776374
977776374
977776374
854968500
854968500
854968500
854968500
11474804
11474804
11474804
11474804
34424412
34424412
34424412
34424412
30898595
30898595
30898595
30898595
545470069
545470069
545470069
545470069
998080074
998080074
997751516
997751516
398016365
398016365
798168357
798168357
86061030
86061030
86061030
86061030
28687010
28687010
86061030
86061030
610329618
610329618
610329618
610329618
305164809
305164809
610329618
610329618
139664957
139664957
279329914
279329914
279329914
279329914
279329914
279329914
744401369
744401369
744401369
744401369
744401369
744401369
744401369
744401369
974033292
974033292
925611170
925611170
367178632
367178632
455140995
455140995
267848720
267848720
267848720
267848720
267848720
267848720
267848720
267848720
669621800
669621800
669621800
669621800
560080949
560080949
560080949
560080949
587339194
587339194
528527849
528527849
117622690
117622690
235245380
235245380
743911362
743911362
235245380
235245380
94098152
94098152
94098152
94098152
972140417
972140417
919932545
919932545
376674330
376674330
376674330
376674330
810680967
810680967
810680967
810680967
87110839
87110839
261332517
261332517
9144731
9144731
9144731
9144731
64013117
64013117
64013117
64013117
73157848
73157848
73157848
73157848
73157848
73157848
73157848
73157848
643251326
643251326
643251326
643251326
643251326
643251326
321625663
321625663
731305441
731305441
864774897
864774897
576516598
576516598
576516598
576516598
569636551
569636551
569636551
569636551
569636551
569636551
569636551
569636551
851694049
851694049
851694049
851694049
851694049
851694049
851694049
851694049
25670088
25670088
77010264
77010264
77010264
77010264
38505132
38505132
51340176
51340176
154020528
154020528
102680352
102680352
102680352
102680352
424217712
424217712
424217712
424217712
853477239
853477239
284492413
284492413
89308992
89308992
89308992
89308992
178617984
178617984
178617984
178617984
139350602
139350602
69675301
69675301
162513565
162513565
162513565
162513565
92870404
92870404
92870404
92870404
858983743
858983743
858983743
858983743
791875267
791875267
791875267
791875267
732912671
732912671
732912671
732912671
765354770
765354770
382677385
382677385
394549068
394549068
394549068
394549068
473514461
473514461
823334389
823334389
298604497
298604497
298604497
298604497
837886687
837886687
517171355
517171355
517171355
517171355
837886687
837886687
244149586
244149586
732448758
732448758
732448758
732448758
244149586
244149586
481940998
481940998
447578641
447578641
481940998
481940998
447578641
447578641
342440299
342440299
29076544
29076544
342440299
342440299
342440299
342440299
118992857
118992857
118992857
118992857
133531129
133531129
133531129
133531129
409818026
409818026
409818026
409818026
401051122
401051122
401051122
401051122
77107469
77107469
231322407
231322407
77107469
77107469
231322407
231322407
883902274
883902274
441951137
441951137
696697098
696697098
696697098
696697098
441951137
441951137
441951137
441951137
883902274
883902274
441951137
441951137
23400647
23400647
673296451
673296451
348348549
348348549
348348549
348348549
58168973
58168973
116337946
116337946
116337946
116337946
116337946
116337946
31496110
31496110
15748055
15748055
15748055
15748055
31496110
31496110
649493310
649493310
649493310
649493310
380247153
380247153
142497106
142497106
7491722
7491722
7491722
7491722
201147215
201147215
603441645
603441645
402294430
402294430
402294430
402294430
1070246
1070246
1070246
1070246
501716538
501716538
506905261
506905261
506905261
506905261
506905261
506905261
902366493
902366493
902366493
902366493
218066222
218066222
218066222
218066222
706627509
706627509
706627509
706627509
830021330
830021330
830021330
830021330
457464944
457464944
374150479
374150479
193890676
193890676
193890676
193890676
973611147
973611147
973611147
973611147
948977941
948977941
948977941
948977941
587491083
587491083
587491083
587491083
792867718
792867718
382114448
382114448
604113057
604113057
201371019
201371019
402742038
402742038
402742038
402742038
536989384
536989384
612723799
612723799
151468830
151468830
151468830
151468830
569702850
569702850
189900950
189900950
113940570
113940570
341821710
341821710
569702850
569702850
189900950
189900950
965279622
965279622
899350160
899350160
691165581
691165581
691165581
691165581
230547423
230547423
230547423
230547423
844704967
844704967
844704967
844704967
537626195
537626195
767935274
767935274
820221324
820221324
820221324
820221324
820221324
820221324
820221324
820221324
218571482
218571482
437142964
437142964
205055331
205055331
205055331
205055331
837147374
837147374
514953416
514953416
676050395
676050395
676050395
676050395
676050395
676050395
676050395
676050395
418573687
418573687
418573687
418573687
115443762
115443762
230887524
230887524
153925016
153925016
153925016
153925016
421865373
421865373
710054863
710054863
262815264
262815264
788445792
788445792
376404026
376404026
376404026
376404026
130967725
130967725
130967725
130967725
195317462
195317462
97658731
97658731
195317462
195317462
195317462
195317462
645285730
645285730
645285730
645285730
660443609
660443609
660443609
660443609
946933966
946933966
648392773
648392773
946933966
946933966
946933966
946933966
560929878
560929878
123615403
123615403
373953252
373953252
123615403
123615403
592939662
592939662
592939662
592939662
296469831
296469831
889409493
889409493
204065559
204065559
68021853
68021853
226739510
226739510
226739510
226739510
677956116
677956116
677956116
677956116
338978058
338978058
338978058
338978058
697236446
697236446
897908384
897908384
897908384
897908384
897908384
897908384
697236446
697236446
348618223
348618223
697236446
697236446
348618223
348618223
75012829
75012829
357752394
357752394
581141463
581141463
581141463
581141463
447327944
447327944
447327944
447327944
447327944
447327944
343739479
343739479
673984412
673984412
673984412
673984412
334445753
334445753
334445753
334445753
408201153
408201153
408201153
408201153
408201153
408201153
703222753
703222753
324591945
324591945
649183890
649183890
129836778
129836778
389510334
389510334
40449871
40449871
519347112
519347112
519347112
519347112
40449871
40449871
795372589
795372589
795372589
795372589
298936157
298936157
298936157
298936157
491064943
491064943
744654648
744654648
491064943
491064943
491064943
491064943
558372259
558372259
518872204
518872204
755872534
755872534
755872534
755872534
474000660
474000660
158000220
158000220
632000880
632000880
632000880
632000880
86905338
86905338
28968446
28968446
115873784
115873784
231747568
231747568
282150590
282150590
759546432
759546432
296634813
296634813
889904439
889904439
34360311
34360311
11453437
11453437
79431128
79431128
238293384
238293384
375007985
375007985
375007985
375007985
375007985
375007985
126779602
126779602
585196490
585196490
585196490
585196490
536011168
536011168
536011168
536011168
24592661
24592661
49185322
49185322
349143225
349143225
49185322
49185322
245587289
245587289
747358665
747358665
243821156
243821156
243821156
243821156
992945954
992945954
987647555
987647555
994712087
994712087
994712087
994712087
527833688
527833688
841440798
841440798
808313954
808313954
808313954
808313954
741471555
741471555
741471555
741471555
869857954
869857954
613085156
613085156
469612946
469612946
469612946
469612946
704419419
704419419
234806473
234806473
711955148
711955148
711955148
711955148
330236208
330236208
990708624
990708624
24265798
24265798
48531596
48531596
365102515
365102515
365102515
365102515
827714440
827714440
608652931
608652931
535632428
535632428
535632428
535632428
279035267
279035267
279035267
279035267
837105801
837105801
837105801
837105801
596242887
596242887
797243620
797243620
318897448
318897448
956692344
956692344
18874795
18874795
37749590
37749590
762839361
762839361
254279787
254279787
560746707
560746707
560746707
560746707
779495530
779495530
779495530
779495530
717452780
717452780
358726390
358726390
717452780
717452780
717452780
717452780
148640846
148640846
148640846
148640846
74320423
74320423
222961269
222961269
306920076
306920076
306920076
306920076
306920076
306920076
306920076
306920076
806230779
806230779
806230779
806230779
537487186
537487186
537487186
537487186
682018997
682018997
365793641
365793641
365793641
365793641
682018997
682018997
731587282
731587282
731587282
731587282
731587282
731587282
731587282
731587282
651254042
651254042
882580916
882580916
766917479
766917479
304263731
304263731
985426379
985426379
985426379
985426379
851060169
851060169
851060169
851060169
661467142
661467142
661467142
661467142
332244481
332244481
996733443
996733443
330733571
330733571
330733571
330733571
332244481
332244481
996733443
996733443
459721019
459721019
459721019
459721019
739934260
739934260
739934260
739934260
506549135
506549135
506549135
506549135
14853917
14853917
14853917
14853917
755952498
755952498
513660643
513660643
9692311
9692311
9692311
9692311
562122198
562122198
281061099
281061099
562122198
562122198
562122198
562122198
261676477
261676477
261676477
261676477
891636892
891636892
891636892
891636892
988556022
988556022
978867691
978867691
659037348
659037348
659037348
659037348
241136699
241136699
619690526
619690526
619690526
619690526
619690526
619690526
241136699
241136699
241136699
241136699
286011012
286011012
95337004
95337004
478432828
478432828
478432828
478432828
717649242
717649242
239216414
239216414
483804866
483804866
483804866
483804866
816704152
816704152
816704152
816704152
474159578
474159578
948319156
948319156
854741860
854741860
617662071
617662071
82607955
82607955
82607955
82607955
55071970
55071970
55071970
55071970
14131903
14131903
14131903
14131903
337458752
337458752
14131903
14131903
256081174
256081174
256081174
256081174
256081174
256081174
418108509
418108509
722433973
722433973
722433973
722433973
816236534
816236534
816236534
816236534
644972791
644972791
821608572
821608572
821608572
821608572
644972791
644972791
512890169
512890169
540426154
540426154
567962139
567962139
567962139
567962139
220287880
220287880
440575760
440575760
440575760
440575760
440575760
440575760
401793143
401793143
700018748
700018748
401793143
401793143
700018748
700018748
981677709
981677709
981677709
981677709
989961031
989961031
973394387
973394387
258515915
258515915
258515915
258515915
258515915
258515915
628380134
628380134
441502833
441502833
441502833
441502833
441502833
441502833
883005666
883005666
509598483
509598483
753921418
753921418
509598483
509598483
509598483
509598483
886559192
886559192
886559192
886559192
132637774
132637774
132637774
132637774
343997821
343997821
343997821
343997821
6749822
6749822
667746176
667746176
612377764
612377764
306188882
306188882
123894009
123894009
371682027
371682027
406688656
406688656
406688656
406688656
18477287
18477287
18477287
18477287
289136525
289136525
289136525
289136525
820967396
820967396
820967396
820967396
526138308
526138308
526138308
526138308
131534577
131534577
131534577
131534577
48938561
48938561
48938561
48938561
530582680
530582680
530582680
530582680
786662472
786662472
786662472
786662472
196665618
196665618
589996854
589996854
421643504
421643504
266686159
266686159
70020541
70020541
70020541
70020541
962693599
962693599
980468976
980468976
309047615
309047615
309047615
309047615
137527657
137527657
137527657
137527657
962693599
962693599
962693599
962693599
306057161
306057161
306057161
306057161
306057161
306057161
306057161
306057161
887921487
887921487
777598621
777598621
591947658
591947658
777598621
777598621
149512384
149512384
149512384
149512384
382585579
382585579
149512384
149512384
415389444
415389444
415389444
415389444
940239719
940239719
940239719
940239719
456461567
456461567
456461567
456461567
845581805
845581805
845581805
845581805
251385426
251385426
251385426
251385426
251385426
251385426
83795142
83795142
525726654
525726654
525726654
525726654
788589981
788589981
788589981
788589981
212835820
212835820
212835820
212835820
106417910
106417910
319253730
319253730
191388361
191388361
191388361
191388361
793088476
793088476
382776722
382776722
288803481
288803481
577606962
577606962
288803481
288803481
288803481
288803481
941504660
941504660
828025274
828025274
771285581
771285581
771285581
771285581
324694401
324694401
974083203
974083203
267954708
267954708
267954708
267954708
391124451
391124451
391124451
391124451
478688951
478688951
738466652
738466652
760357777
760357777
760357777
760357777
531958864
531958864
510067739
510067739
201551837
201551837
201551837
201551837
412618506
412618506
206309253
206309253
1784031
1784031
5352093
5352093
599303418
599303418
599303418
599303418
358896721
358896721
78445810
78445810
672679961
672679961
672679961
672679961
9770025
9770025
9770025
9770025
9770025
9770025
9770025
9770025
243408411
243408411
486816822
486816822
162272274
162272274
162272274
162272274
963806961
963806961
981025657
981025657
422899381
422899381
422899381
422899381
875440893
875440893
291813631
291813631
583627262
583627262
583627262
583627262
666242301
666242301
222080767
222080767
269829374
269829374
269829374
269829374
117481471
117481471
117481471
117481471
728245860
728245860
728245860
728245860
910307325
910307325
822370297
822370297
822370297
822370297
910307325
910307325
859401313
859401313
619215222
619215222
63843062
63843062
63843062
63843062
548244485
548244485
548244485
548244485
848244397
848244397
848244397
848244397
923244375
923244375
773244419
773244419
923244375
923244375
923244375
923244375
255372248
255372248
255372248
255372248
63843062
63843062
63843062
63843062
30273809
30273809
30273809
30273809
544532890
544532890
514259081
514259081
716345519
716345519
152547851
152547851
434446685
434446685
434446685
434446685
830264896
830264896
609503083
609503083
935829608
935829608
935829608
935829608
837341837
837341837
515536805
515536805
903000351
903000351
903000351
903000351
73371802
73371802
73371802
73371802
590836929
590836929
183429505
183429505
679655594
679655594
42478076
42478076
934526176
934526176
934526176
934526176
415613271
415613271
415613271
415613271
656002884
656002884
969764299
969764299
907493900
907493900
907493900
907493900
907493900
907493900
907493900
907493900
157525923
157525923
157525923
157525923
735120974
735120974
735120974
735120974
525376497
525376497
525376497
525376497
892936984
892936984
892936984
892936984
751238105
751238105
257225609
257225609
20438722
20438722
10219361
10219361
203736615
203736615
611209845
611209845
407473230
407473230
407473230
407473230
861276861
861276861
724309369
724309369
150124795
150124795
150124795
150124795
67584669
67584669
67584669
67584669
765579432
765579432
765579432
765579432
733138117
733138117
733138117
733138117
865691235
865691235
600584999
600584999
399707338
399707338
399707338
399707338
465983897
465983897
465983897
465983897
500679249
500679249
500679249
500679249
749461801
749461801
749461801
749461801
189701059
189701059
593972706
593972706
944601706
944601706
944601706
944601706
241019483
241019483
241019483
241019483
820871966
820871966
466127192
466127192
764278683
764278683
296347343
296347343
530313013
530313013
592694686
592694686
791963608
791963608
791963608
791963608
395981804
395981804
189701059
189701059
661640513
661640513
661640513
661640513
212835393
212835393
212835393
212835393
235755673
235755673
235755673
235755673
617000013
617000013
235755673
235755673
280582139
280582139
280582139
280582139
639413246
639413246
639413246
639413246
423078212
423078212
806522306
806522306
799885191
799885191
799885191
799885191
555254796
555254796
185084932
185084932
92542466
92542466
277627398
277627398
502975956
502975956
7707559
7707559
502975956
502975956
7707559
7707559
125743989
125743989
377231967
377231967
636427504
636427504
318213752
318213752
104170856
104170856
312512568
312512568
208341712
208341712
625025136
625025136
14121391
14121391
14121391
14121391
351576639
351576639
703153278
703153278
359268540
359268540
359268540
359268540
269451405
269451405
269451405
269451405
87253168
87253168
87253168
87253168
174506336
174506336
87253168
87253168
140164892
140164892
140164892
140164892
140164892
140164892
712217866
712217866
196955031
196955031
393910062
393910062
196955031
196955031
393910062
393910062
427830806
427830806
427830806
427830806
171148839
171148839
57049613
57049613
525618345
525618345
525618345
525618345
350412230
350412230
350412230
350412230
473572459
473572459
473572459
473572459
988024466
988024466
988024466
988024466
834726161
834726161
834726161
834726161
875605709
875605709
957364805
957364805
924402710
924402710
776719424
776719424
629036138
629036138
629036138
629036138
815022418
815022418
815022418
815022418
631800483
631800483
265356613
265356613
602088964
602088964
533444439
533444439
766835824
766835824
588360059
588360059
105034621
105034621
105034621
105034621
735242347
735242347
866743350
866743350
746949472
746949472
746949472
746949472
677132412
677132412
677132412
677132412
698077530
698077530
698077530
698077530
746949472
746949472
581731275
581731275
511352943
511352943
511352943
511352943
754798648
754798648
267907238
267907238
226412833
226412833
226412833
226412833
679238499
679238499
679238499
679238499
17166679
17166679
17166679
17166679
17166679
17166679
17166679
17166679
412000296
412000296
137333432
137333432
137333432
137333432
137333432
137333432
920981014
920981014
639741789
639741789
844600397
844600397
844600397
844600397
972195666
972195666
946146979
946146979
767337058
767337058
588527137
588527137
382274933
382274933
382274933
382274933
382274933
382274933
382274933
382274933
456565156
456565156
456565156
456565156
484936503
484936503
484936503
484936503
627857891
627857891
627857891
627857891
406525561
406525561
406525561
406525561
627857891
627857891
627857891
627857891
627857891
627857891
627857891
627857891
258595863
258595863
258595863
258595863
258595863
258595863
258595863
258595863
850314655
850314655
554455259
554455259
258595863
258595863
628420108
628420108
215700005
215700005
215700005
215700005
727355687
727355687
727355687
727355687
441071478
441071478
441071478
441071478
766085340
766085340
255361780
255361780
456554583
456554583
456554583
456554583
742838792
742838792
742838792
742838792
23202767
23202767
673230491
673230491
23202767
23202767
673230491
673230491
860944780
860944780
586345634
586345634
860944780
860944780
860944780
860944780
293172817
293172817
293172817
293172817
879518451
879518451
879518451
879518451
456607368
456607368
456607368
456607368
97844436
97844436
97844436
97844436
48922218
48922218
146766654
146766654
211996278
211996278
635988834
635988834
762366217
762366217
586870190
586870190
841368949
841368949
841368949
841368949
704244228
704244228
234748076
234748076
704244228
704244228
234748076
234748076
855970075
855970075
855970075
855970075
513582045
513582045
171194015
171194015
488681805
488681805
488681805
488681805
743463079
743463079
743463079
743463079
334856148
334856148
6324091
6324091
452798955
452798955
360152512
360152512
18972273
18972273
6324091
6324091
6324091
6324091
6324091
6324091
682360478
682360478
892949728
892949728
682360478
682360478
892949728
892949728
669712296
669712296
669712296
669712296
564417671
564417671
695008660
695008660
406740005
406740005
801076237
801076237
702492179
702492179
702492179
702492179
468032877
468032877
733138615
733138615
36002529
36002529
108007587
108007587
96006744
96006744
96006744
96006744
96006744
96006744
48003372
48003372
851656923
851656923
851656923
851656923
924950638
924950638
924950638
924950638
499861520
499861520
499861520
499861520
504297581
504297581
833595429
833595429
396996110
396996110
396996110
396996110
238197666
238197666
714592998
714592998
373481721
373481721
122200810
122200810
495682531
495682531
746963442
746963442
613775041
613775041
613775041
613775041
709892369
709892369
421540385
421540385
85232309
85232309
693907005
693907005
237400983
237400983
474801966
474801966
913323878
913323878
913323878
913323878
149039603
149039603
149039603
149039603
645266584
645266584
322633292
322633292
161316646
161316646
161316646
161316646
431042315
431042315
809177007
809177007
809177007
809177007
431042315
431042315
117987596
117987596
117987596
117987596
771569587
771569587
771569587
771569587
496985973
496985973
496985973
496985973
496985973
496985973
747615163
747615163
188066344
188066344
564199032
564199032
752265376
752265376
752265376
752265376
221321194
221321194
406521849
406521849
677536415
677536415
677536415
677536415
766051120
766051120
533857887
533857887
150832327
150832327
383025560
383025560
766051120
766051120
766051120
766051120
383025560
383025560
150832327
150832327
714574054
714574054
714574054
714574054
147233456
147233456
714574054
714574054
766051120
766051120
533857887
533857887
383025560
383025560
383025560
383025560
874671234
874671234
291557078
291557078
583114156
583114156
583114156
583114156
11102710
11102710
22205420
22205420
8882168
8882168
8882168
8882168
44369408
44369408
44369408
44369408
332749844
332749844
776412850
776412850
948333948
948333948
848513138
848513138
798602733
798602733
798602733
798602733
444518952
444518952
444518952
444518952
222259476
222259476
666778428
666778428
833473035
833473035
915858694
915858694
915858694
915858694
833473035
833473035
884436558
884436558
884436558
884436558
657909049
657909049
657909049
657909049
277824345
277824345
833473035
833473035
689492921
689492921
689492921
689492921
897574683
897574683
897574683
897574683
947909518
947909518
847239848
847239848
60805457
60805457
529524905
529524905
881064491
881064491
646704767
646704767
736099556
736099556
736099556
736099556
105904981
105904981
105904981
105904981
489660692
489660692
244830346
244830346
244830346
244830346
244830346
244830346
25853009
25853009
25853009
25853009
563754699
563754699
187918233
187918233
862032138
862032138
589607708
589607708
887885147
887885147
887885147
887885147
887885147
887885147
887885147
887885147
887885147
887885147
943064750
943064750
674113905
674113905
674113905
674113905
512048681
512048681
755146517
755146517
273336870
273336870
546673740
546673740
136668435
136668435
410005305
410005305
505915257
505915257
505915257
505915257
505915257
505915257
752079805
752079805
479626614
479626614
479626614
479626614
89236570
89236570
362493641
362493641
276070651
276070651
828211953
828211953
106038251
106038251
552141302
552141302
351661068
351661068
117220356
117220356
351661068
351661068
351661068
351661068
351661068
351661068
351661068
351661068
293050890
293050890
879152670
879152670
240286290
240286290
480572580
480572580
480572580
480572580
480572580
480572580
193444467
193444467
193444467
193444467
341995637
341995637
341995637
341995637
347557217
347557217
347557217
347557217
538320628
538320628
538320628
538320628
700992412
700992412
566412255
566412255
700992412
700992412
700992412
700992412
731702829
731702829
731702829
731702829
598799599
598799599
598799599
598799599
398709690
398709690
132903230
132903230
265806460
265806460
265806460
265806460
110150608
110150608
220301216
220301216
220301216
220301216
220301216
220301216
181288053
181288053
543864159
543864159
543864159
543864159
543864159
543864159
398420155
398420155
197016112
197016112
197016112
197016112
197016112
197016112
345764983
345764983
345764983
345764983
345764983
345764983
345764983
345764983
129873376
129873376
376039243
376039243
752078486
752078486
752078486
752078486
734850896
734850896
208063982
208063982
471457439
471457439
471457439
471457439
319526596
319526596
958579788
958579788
439993675
439993675
439993675
439993675
162341720
162341720
81170860
81170860
162341720
162341720
162341720
162341720
890348691
890348691
890348691
890348691
364252599
364252599
728505198
728505198
573352814
573352814
148461275
148461275
418200430
418200430
472148261
472148261
73030712
73030712
73030712
73030712
153039295
153039295
153039295
153039295
506390877
506390877
506390877
506390877
433057133
433057133
433057133
433057133
58197270
58197270
174591810
174591810
880579704
880579704
880579704
880579704
56927161
56927161
56927161
56927161
408650999
408650999
408650999
408650999
904619254
904619254
904619254
904619254
904619254
904619254
904619254
904619254
315033017
315033017
945099051
945099051
630066034
630066034
630066034
630066034
637109547
637109547
637109547
637109547
607753443
607753443
202584481
202584481
607753443
607753443
607753443
607753443
405168962
405168962
405168962
405168962
483058089
483058089
483058089
483058089
258160864
258160864
129080432
129080432
885884598
885884598
885884598
885884598
773524843
773524843
773524843
773524843
60509094
60509094
60509094
60509094
242036376
242036376
121018188
121018188
242036376
242036376
242036376
242036376
674155220
674155220
674155220
674155220
497331628
497331628
497331628
497331628
994663256
994663256
994663256
994663256
737769736
737769736
737769736
737769736
737769736
737769736
737769736
737769736
194805037
194805037
194805037
194805037
262431068
262431068
262431068
262431068
524862136
524862136
507702163
507702163
930618322
930618322
930618322
930618322
751709766
751709766
751709766
751709766
18474328
18474328
18474328
18474328
597546819
597546819
597546819
597546819
597546819
597546819
199182273
199182273
350827737
350827737
350827737
350827737
27119429
27119429
27119429
27119429
377731561
377731561
134950330
134950330
512681891
512681891
27119429
27119429
108477716
108477716
108477716
108477716
54238858
54238858
162716574
162716574
810133190
810133190
810133190
810133190
245799701
245799701
491599402
491599402
691629323
691629323
896039343
896039343
793834333
793834333
793834333
793834333
793834333
793834333
793834333
793834333
691629323
691629323
844936838
844936838
472767131
472767131
472767131
472767131
693500038
693500038
84011408
84011408
382896551
382896551
382896551
382896551
150445300
150445300
150445300
150445300
203141852
203141852
609425556
609425556
406283704
406283704
406283704
406283704
880013149
880013149
761781945
761781945
939128751
939128751
939128751
939128751
23511354
23511354
23511354
23511354
606000018
606000018
819755701
819755701
242171638
242171638
242171638
242171638
726514914
726514914
726514914
726514914
60978462
60978462
182935386
182935386
453952635
453952635
453952635
453952635
648009688
648009688
648009688
648009688
945784711
945784711
945784711
945784711
635511604
635511604
635511604
635511604
272778855
272778855
272778855
272778855
921905145
921905145
307301715
307301715
1944883
1944883
1944883
1944883
273109106
273109106
819327318
819327318
555685319
555685319
850724675
850724675
776964836
776964836
555685319
555685319
388482418
388482418
388482418
388482418
282576213
282576213
640410283
640410283
282576213
282576213
640410283
640410283
282576213
282576213
282576213
282576213
94192071
94192071
94192071
94192071
965085732
965085732
965085732
965085732
965085732
965085732
898768490
898768490
199401940
199401940
199401940
199401940
598205820
598205820
598205820
598205820
901803999
901803999
901803999
901803999
21544125
21544125
64632375
64632375
17235300
17235300
17235300
17235300
17235300
17235300
17235300
17235300
859577514
859577514
859577514
859577514
914730474
914730474
914730474
914730474
831216595
831216595
664188837
664188837
443576997
443576997
443576997
443576997
447024057
447024057
447024057
447024057
789851875
789851875
581459397
581459397
443576997
443576997
443576997
443576997
776063635
776063635
776063635
776063635
264313981
264313981
420852778
420852778
479864349
479864349
479864349
479864349
619707308
619707308
619707308
619707308
482340526
482340526
482340526
482340526
130864343
130864343
261728686
261728686
261728686
261728686
419991013
419991013
130864343
130864343
261728686
261728686
261728686
261728686
261728686
261728686
914371094
914371094
914371094
914371094
746624576
746624576
746624576
746624576
17808613
17808613
53425839
53425839
35617226
35617226
35617226
35617226
732950284
732950284
732950284
732950284
943540021
943540021
943540021
943540021
121233939
121233939
121233939
121233939
559739146
559739146
559739146
559739146
927067372
927067372
927067372
927067372
285296797
285296797
285296797
285296797
72158436
72158436
216475308
216475308
216475308
216475308
108237654
108237654
4710984
4710984
4710984
4710984
2355492
2355492
7066476
7066476
715891921
715891921
571378758
571378758
289026326
289026326
289026326
289026326
293575456
293575456
587150912
587150912
980164663
980164663
659469672
659469672
669007508
669007508
10533818
10533818
463159044
463159044
154386348
154386348
713829159
713829159
856036756
856036756
237943053
237943053
713829159
713829159
144177026
144177026
713555244
713555244
72088513
72088513
356777622
356777622
534282172
534282172
534282172
534282172
400711629
400711629
400711629
400711629
667852715
667852715
667852715
667852715
267141086
267141086
267141086
267141086
808613964
808613964
808613964
808613964
808613964
808613964
429353186
429353186
309029371
309029371
927088113
927088113
349017725
349017725
349017725
349017725
985497066
985497066
492748533
492748533
492748533
492748533
492748533
492748533
444476679
444476679
444476679
444476679
721360516
721360516
721360516
721360516
443910232
443910232
443910232
443910232
961436390
961436390
961436390
961436390
55488779
55488779
683992495
683992495
905947611
905947611
905947611
905947611
770510636
770510636
770510636
770510636
315043202
315043202
770510636
770510636
665192462
665192462
665192462
665192462
767810170
767810170
588684841
588684841
700181291
700181291
700181291
700181291
849212822
849212822
700181291
700181291
73506169
73506169
73506169
73506169
174108980
174108980
174108980
174108980
63408677
63408677
686632461
686632461
705725016
705725016
235241672
235241672
921874133
921874133
769133693
769133693
692763473
692763473
692763473
692763473
901248825
901248825
901248825
901248825
610262241
610262241
610262241
610262241
446234462
446234462
446234462
446234462
25781635
25781635
77344905
77344905
37826921
37826921
678105209
678105209
37826921
37826921
518035637
518035637
198991729
198991729
596975187
596975187
239009122
239009122
239009122
239009122
531609822
531609822
531609822
531609822
370439117
370439117
370439117
370439117
531609822
531609822
531609822
531609822
531609822
531609822
531609822
531609822
814566934
814566934
814566934
814566934
604270429
604270429
604270429
604270429
351381955
351381955
55901512
55901512
55901512
55901512
351381955
351381955
592942982
592942982
780584593
780584593
968226204
968226204
968226204
968226204
502888535
502888535
502888535
502888535
502888535
502888535
510421252
510421252
650735230
650735230
549659861
549659861
549659861
549659861
650735230
650735230
418129966
418129966
418129966
418129966
944249546
944249546
836259932
836259932
446496839
446496839
814328515
814328515
262581001
262581001
525162002
525162002
73493577
73493577
220480731
220480731
220480731
220480731
73493577
73493577
268978863
268978863
89659621
89659621
179319242
179319242
179319242
179319242
268978863
268978863
268978863
268978863
89659621
89659621
89659621
89659621
60871458
60871458
60871458
60871458
30435729
30435729
30435729
30435729
719604198
719604198
162323888
162323888
440964043
440964043
440964043
440964043
993041666
993041666
993041666
993041666
497264074
497264074
497264074
497264074
748125834
748125834
748125834
748125834
493547869
493547869
493547869
493547869
796542959
796542959
796542959
796542959
796542959
796542959
931010555
931010555
920747938
920747938
920747938
920747938
920747938
920747938
920747938
920747938
726267958
726267958
726267958
726267958
45578792
45578792
45578792
45578792
726267958
726267958
726267958
726267958
45578792
45578792
680689166
680689166
247349065
247349065
494698130
494698130
662546871
662546871
662546871
662546871
651677297
651677297
882722001
882722001
830395612
830395612
494698130
494698130
296367861
296367861
296367861
296367861
592735722
592735722
296367861
296367861
279692173
279692173
279692173
279692173
851957684
851957684
851957684
851957684
340647147
340647147
23697088
23697088
728688470
728688470
364344235
364344235
908392392
908392392
728688470
728688470
437213082
437213082
145737694
145737694
372067309
372067309
744134618
744134618
913541108
913541108
913541108
913541108
287364064
287364064
574728128
574728128
71841016
71841016
215523048
215523048
913541108
913541108
913541108
913541108
828837863
828837863
828837863
828837863
667195577
667195577
5098025
5098025
346342851
346342851
346342851
346342851
576680138
576680138
576680138
576680138
865020207
865020207
865020207
865020207
842660059
842660059
613634804
613634804
842660059
842660059
920452206
920452206
989073610
989073610
989073610
989073610
989073610
989073610
989073610
989073610
485366062
485366062
494536805
494536805
485366062
485366062
494536805
494536805
275187312
275187312
275187312
275187312
344181382
344181382
344181382
344181382
585068901
585068901
756962350
756962350
378481175
378481175
378481175
378481175
90407027
90407027
90407027
90407027
90407027
90407027
90407027
90407027
957520461
957520461
876072677
876072677
753901001
753901001
916796569
916796569
395687646
395687646
395687646
395687646
307757058
307757058
923271174
923271174
349400560
349400560
449214971
449214971
7136761
7136761
7136761
7136761
989041564
989041564
989041564
989041564
933824830
933824830
933824830
933824830
768174628
768174628
768174628
768174628
768174628
768174628
768174628
768174628
839791559
839791559
522885971
522885971
602112368
602112368
205980383
205980383
602112368
602112368
205980383
205980383
205980383
205980383
205980383
205980383
855620340
855620340
570372314
570372314
142500275
142500275
712996327
712996327
190069110
190069110
63356370
63356370
126712740
126712740
380138220
380138220
126234801
126234801
126234801
126234801
168313068
168313068
168313068
168313068
344237189
344237189
780241965
780241965
302158922
302158922
906476766
906476766
143620744
143620744
143620744
143620744
287241488
287241488
287241488
287241488
233383709
233383709
233383709
233383709
633766624
633766624
544003659
544003659
463380822
463380822
463380822
463380822
391898113
391898113
463380822
463380822
509360246
509360246
509360246
509360246
403392969
403392969
403392969
403392969
931935812
931935812
799318730
799318730
733010189
733010189
733010189
733010189
846916230
846916230
846916230
846916230
846916230
846916230
846916230
846916230
972436415
972436415
972436415
972436415
920820539
920820539
920820539
920820539
942327154
942327154
942327154
942327154
985340384
985340384
993943030
993943030
963441186
963441186
963441186
963441186
416595027
416595027
416595027
416595027
381791860
381791860
381791860
381791860
763583720
763583720
381791860
381791860
381791860
381791860
381791860
381791860
381791860
381791860
763583720
763583720
802867655
802867655
802867655
802867655
386272628
386272628
386272628
386272628
29620161
29620161
29620161
29620161
573172579
573172579
573172579
573172579
851677318
851677318
616640557
616640557
235036761
235036761
235036761
235036761
715394240
715394240
715394240
715394240
357697120
357697120
715394240
715394240
134136420
134136420
67068210
67068210
44712140
44712140
134136420
134136420
715394240
715394240
357697120
357697120
268272840
268272840
268272840
268272840
100602315
100602315
33534105
33534105
67068210
67068210
67068210
67068210
665889553
665889553
665889553
665889553
5899765
5899765
334714706
334714706
669429412
669429412
669429412
669429412
502072059
502072059
5899765
5899765
677982859
677982859
357721365
357721365
466491220
466491220
488245191
488245191
146229726
146229726
292459452
292459452
146229726
146229726
292459452
292459452
978859115
978859115
978859115
978859115
484583248
484583248
494275867
494275867
746260110
746260110
242291624
242291624
121145812
121145812
242291624
242291624
242291624
242291624
242291624
242291624
736567491
736567491
736567491
736567491
121145812
121145812
373130055
373130055
121145812
121145812
121145812
121145812
494275867
494275867
494275867
494275867
494275867
494275867
746260110
746260110
373130055
373130055
373130055
373130055
373130055
373130055
373130055
373130055
242291624
242291624
242291624
242291624
242291624
242291624
726874872
726874872
988551734
988551734
988551734
988551734
484583248
484583248
242291624
242291624
871112162
871112162
616847780
616847780
736454701
736454701
736454701
736454701
594271970
594271970
594271970
594271970
594271970
594271970
594271970
594271970
682183013
682183013
892890573
892890573
862789493
862789493
862789493
862789493
637031393
637031393
637031393
637031393
637031393
637031393
637031393
637031393
732692066
732692066
732692066
732692066
503968730
503968730
9693107
9693107
870314763
870314763
870314763
870314763
934279558
934279558
806349968
806349968
919229018
919229018
919229018
919229018
380599174
380599174
380599174
380599174
919229018
919229018
919229018
919229018
482190319
482190319
482190319
482190319
800912227
800912227
599718860
599718860
201193367
201193367
603580101
603580101
222471076
222471076
222471076
222471076
95755531
95755531
95755531
95755531
835733482
835733482
673222611
673222611
673222611
673222611
224407537
224407537
487509251
487509251
742876802
742876802
394652571
394652571
394652571
394652571
617541700
617541700
538595351
538595351
696488049
696488049
696488049
696488049
667799391
667799391
222599797
222599797
222599797
222599797
667799391
667799391
359931629
359931629
785473445
785473445
932634166
932634166
932634166
932634166
699092234
699092234
699092234
699092234
453222307
453222307
483822220
483822220
210062461
210062461
210062461
210062461
402768938
402768938
402768938
402768938
218410909
218410909
218410909
218410909
655232727
655232727
655232727
655232727
743936971
743936971
235322207
235322207
616783280
616783280
235322207
235322207
308391640
308391640
925174920
925174920
616783280
616783280
235322207
235322207
739885830
739885830
739885830
739885830
390910648
390910648
390910648
390910648
565398239
565398239
565398239
565398239
132552125
132552125
565398239
565398239
149227845
149227845
447683535
447683535
596911380
596911380
596911380
596911380
132552125
132552125
565398239
565398239
709680277
709680277
709680277
709680277
633641268
633641268
633641268
633641268
633641268
633641268
633641268
633641268
739248146
739248146
739248146
739248146
105606878
105606878
105606878
105606878
475230951
475230951
158410317
158410317
736737652
736737652
475230951
475230951
686444707
686444707
842344530
842344530
686444707
686444707
842344530
842344530
901468252
901468252
633237535
633237535
633237535
633237535
901468252
901468252
592295045
592295045
778640782
778640782
626923939
626923939
541722764
541722764
382076206
382076206
382076206
382076206
382076206
382076206
382076206
382076206
382076206
382076206
147984265
147984265
382076206
382076206
382076206
382076206
584346801
584346801
584346801
584346801
584346801
584346801
754796050
754796050
536260453
536260453
536260453
536260453
305268503
305268503
767252403
767252403
938057117
938057117
978181941
978181941
988213147
988213147
988213147
988213147
466520757
466520757
466520757
466520757
912969148
912969148
912969148
912969148
754169135
754169135
754169135
754169135
428735511
428735511
428735511
428735511
287962180
287962180
143981090
143981090
143981090
143981090
287962180
287962180
52026202
52026202
350090185
350090185
222348478
222348478
222348478
222348478
572438663
572438663
146632973
146632973
657599801
657599801
657599801
657599801
429830810
429830810
291248077
291248077
859661620
859661620
859661620
859661620
835807660
835807660
835807660
835807660
405976850
405976850
219686197
219686197
451070764
451070764
451070764
451070764
966210078
966210078
966210078
966210078
677901603
677901603
838072978
838072978
934175803
934175803
806038703
806038703
37093432
37093432
37093432
37093432
259654024
259654024
259654024
259654024
459427106
459427106
459427106
459427106
50107804
50107804
150323412
150323412
13827342
13827342
13827342
13827342
41482026
41482026
41482026
41482026
677959721
677959721
677959721
677959721
517817405
517817405
838102037
838102037
931970846
931970846
976153184
976153184
954062015
954062015
954062015
954062015
732114888
732114888
732114888
732114888
199855958
199855958
732114888
732114888
394582338
394582338
394582338
394582338
986455845
986455845
992350099
992350099
898125205
898125205
898125205
898125205
297410317
297410317
297410317
297410317
500103614
500103614
502066489
502066489
643831593
643831593
643831593
643831593
143727979
143727979
143727979
143727979
143727979
143727979
570986166
570986166
441530103
441530103
147176701
147176701
719887228
719887228
441530103
441530103
441530103
441530103
441530103
441530103
494692017
494692017
485831698
485831698
190204173
190204173
190204173
190204173
190204173
190204173
63401391
63401391
614846780
614846780
614846780
614846780
742645971
742645971
742645971
742645971
440227273
440227273
440227273
440227273
440227273
440227273
440227273
440227273
681343245
681343245
681343245
681343245
591556552
591556552
776425303
776425303
701943098
701943098
899477268
899477268
899477268
899477268
701943098
701943098
881879242
881879242
881879242
881879242
908808628
908808628
635684327
635684327
581089756
581089756
581089756
581089756
290544878
290544878
871634634
871634634
558648601
558648601
558648601
558648601
598332884
598332884
598332884
598332884
673900614
673900614
673900614
673900614
603989239
603989239
534077864
534077864
336950307
336950307
336950307
336950307
25213136
25213136
25213136
25213136
805941689
805941689
934143465
934143465
805941689
805941689
805941689
805941689
916134788
916134788
970874498
970874498
458067394
458067394
458067394
458067394
219831608
219831608
659494824
659494824
219831608
219831608
659494824
659494824
659494824
659494824
219831608
219831608
659494824
659494824
219831608
219831608
632110393
632110393
543451582
543451582
375514157
375514157
375514157
375514157
970859922
970859922
323619974
323619974
842561804
842561804
531196706
531196706
374494114
374494114
374494114
374494114
457579489
457579489
374494114
374494114
457579489
457579489
374494114
374494114
291408739
291408739
644826546
644826546
293499004
293499004
293499004
293499004
430581119
430581119
430581119
430581119
485413965
485413965
485413965
485413965
485413965
485413965
741829159
741829159
199439915
199439915
199439915
199439915
598842134
598842134
598842134
598842134
149449339
149449339
298898678
298898678
149449339
149449339
149449339
149449339
440683712
440683712
440683712
440683712
695513877
695513877
695513877
695513877
578636948
578636948
858375218
858375218
765129128
765129128
298898678
298898678
787770996
787770996
787770996
787770996
928658369
928658369
928658369
928658369
795502772
795502772
390019610
390019610
390019610
390019610
390019610
390019610
605050340
605050340
867179682
867179682
433589841
433589841
302525170
302525170
990581591
990581591
995690099
995690099
379374560
379374560
791954422
791954422
911075747
911075747
911075747
911075747
911075747
911075747
736738535
736738535
707682333
707682333
707682333
707682333
649569929
649569929
649569929
649569929
235287498
235287498
78429166
78429166
235287498
235287498
117643749
117643749
627433328
627433328
313716664
313716664
313716664
313716664
627433328
627433328
713246567
713246567
713246567
713246567
427843803
427843803
285287056
285287056
713130859
713130859
142903871
142903871
713130859
713130859
713130859
713130859
810188815
810188815
904216584
904216584
324075526
324075526
324075526
324075526
693168131
693168131
83015687
83015687
83015687
83015687
693168131
693168131
344160455
344160455
780216387
780216387
562188421
562188421
562188421
562188421
81535382
81535382
40767691
40767691
81535382
81535382
81535382
81535382
820026724
820026724
820026724
820026724
820026724
820026724
463591466
463591466
285373837
285373837
285373837
285373837
570747674
570747674
285373837
285373837
429038313
429038313
429038313
429038313
571339823
571339823
144435293
144435293
180423102
180423102
180423102
180423102
60141034
60141034
60141034
60141034
303219659
303219659
303219659
303219659
606439318
606439318
606439318
606439318
992707767
992707767
992707767
992707767
959488251
959488251
319829417
319829417
375004207
375004207
375004207
375004207
31692067
31692067
31692067
31692067
686624280
686624280
375004207
375004207
686624280
686624280
375004207
375004207
353462634
353462634
353462634
353462634
353462634
353462634
176731317
176731317
831212366
831212366
664180379
664180379
664180379
664180379
664180379
664180379
811756750
811756750
811756750
811756750
405878375
405878375
811756750
811756750
691075485
691075485
844659919
844659919
46071699
46071699
46071699
46071699
691089102
691089102
691089102
691089102
15355720
15355720
337866691
337866691
627460876
627460876
627460876
627460876
745936795
745936795
581393716
581393716
48726406
48726406
48726406
48726406
48726406
48726406
48726406
48726406
755259293
755259293
755259293
755259293
755259293
755259293
512274233
512274233
500279365
500279365
500279365
500279365
501822283
501822283
501822283
501822283
134383346
134383346
134383346
134383346
959870399
959870399
959870399
959870399
928312309
928312309
928312309
928312309
216194711
216194711
216194711
216194711
823414243
823414243
910829298
910829298
321092777
321092777
321092777
321092777
117215114
117215114
351645342
351645342
351645342
351645342
117215114
117215114
293037785
293037785
586075570
586075570
586075570
586075570
293037785
293037785
455973123
455973123
455973123
455973123
406659919
406659919
406659919
406659919
924187540
924187540
850130727
850130727
733700204
733700204
910062970
910062970
975793968
975793968
325264656
325264656
411235823
411235823
235463116
235463116
646039235
646039235
939873352
939873352
235463116
235463116
411235823
411235823
498425487
498425487
497032108
497032108
697517006
697517006
898001904
898001904
947426439
947426439
845790611
845790611
348758503
348758503
449000952
449000952
2663629
2663629
7990887
7990887
344290510
344290510
34627177
34627177
13318145
13318145
13318145
13318145
338963252
338963252
338963252
338963252
398481756
398481756
398481756
398481756
226214321
226214321
226214321
226214321
251147801
251147801
251147801
251147801
875843878
875843878
437921939
437921939
973594257
973594257
324531419
324531419
973594257
973594257
324531419
324531419
625772799
625772799
208590933
208590933
50660249
50660249
50660249
50660249
479737265
479737265
479737265
479737265
220483721
220483721
738990809
738990809
964768755
964768755
964768755
964768755
763915167
763915167
881079760
881079760
882367283
882367283
959618663
959618663
882367283
882367283
959618663
959618663
126720722
126720722
126720722
126720722
253441444
253441444
253441444
253441444
530783145
530783145
530783145
530783145
247698801
247698801
743096403
743096403
106156629
106156629
106156629
106156629
594105082
594105082
530783145
530783145
70152724
70152724
70152724
70152724
491069068
491069068
496437807
496437807
749505347
749505347
252027335
252027335
108011715
108011715
108011715
108011715
973345442
973345442
989944716
989944716
981645079
981645079
981645079
981645079
325581265
325581265
651162530
651162530
651162530
651162530
325581265
325581265
243737020
243737020
243737020
243737020
901467831
901467831
901467831
901467831
506391459
506391459
520930024
520930024
14538565
14538565
14538565
14538565
73480249
73480249
357241534
357241534
882550412
882550412
651162530
651162530
547620645
547620645
182540215
182540215
363444193
363444193
363444193
363444193
211934969
211934969
635804907
635804907
211934969
211934969
635804907
635804907
36099006
36099006
108297018
108297018
108297018
108297018
36099006
36099006
234597496
234597496
410947283
410947283
100541784
100541784
100541784
100541784
961517105
961517105
961517105
961517105
384606842
384606842
384606842
384606842
197857354
197857354
197857354
197857354
197857354
197857354
98928677
98928677
593572062
593572062
593572062
593572062
682207035
682207035
682207035
682207035
468195726
468195726
468195726
468195726
702293589
702293589
234097863
234097863
118642182
118642182
118642182
118642182
553663516
553663516
553663516
553663516
94459556
94459556
696982754
696982754
791442310
791442310
395721155
395721155
348491377
348491377
47229778
47229778
744212532
744212532
372106266
372106266
97363718
97363718
97363718
97363718
556239982
556239982
670475593
670475593
930756781
930756781
964500567
964500567
981372460
981372460
981372460
981372460
756637252
756637252
273423050
273423050
273423050
273423050
756637252
756637252
429853993
429853993
429853993
429853993
429853993
429853993
429853993
429853993
296888084
296888084
764458930
764458930
377781721
377781721
458675358
458675358
530673507
530673507
530673507
530673507
682816852
682816852
560353735
560353735
76184261
76184261
76184261
76184261
76184261
76184261
537214307
537214307
144519562
144519562
144519562
144519562
303755924
303755924
303755924
303755924
54067559
54067559
162202677
162202677
54067559
54067559
162202677
162202677
726282138
726282138
726282138
726282138
484188092
484188092
484188092
484188092
162998196
162998196
325996392
325996392
710138084
710138084
710138084
710138084
706889244
706889244
706889244
706889244
235629748
235629748
235629748
235629748
236920575
236920575
236920575
236920575
93179261
93179261
93179261
93179261
776492728
776492728
388246364
388246364
184913701
184913701
184913701
184913701
54596333
54596333
163788999
163788999
218385332
218385332
218385332
218385332
399701004
399701004
799402008
799402008
799402008
799402008
799402008
799402008
968336197
968336197
968336197
968336197
990767314
990767314
990767314
990767314
655526850
655526850
327763425
327763425
327763425
327763425
655526850
655526850
210215799
210215799
630647397
630647397
803124166
803124166
803124166
803124166
864902948
864902948
864902948
864902948
299110069
299110069
648677211
648677211
143017870
143017870
429053610
429053610
715089350
715089350
715089350
715089350
380420741
380420741
689332547
689332547
380420741
380420741
380420741
380420741
394722528
394722528
394722528
394722528
394722528
394722528
394722528
394722528
337515380
337515380
14301787
14301787
506273070
506273070
14301787
14301787
735293596
735293596
209392082
209392082
681734921
681734921
681734921
681734921
723441214
723441214
723441214
723441214
448638075
448638075
448638075
448638075
245145430
245145430
490290860
490290860
804236289
804236289
268078763
268078763
490290860
490290860
245145430
245145430
804236289
804236289
268078763
268078763
205241097
205241097
68413699
68413699
136827398
136827398
136827398
136827398
238198803
238198803
618221578
618221578
238198803
238198803
618221578
618221578
79399601
79399601
79399601
79399601
538821977
538821977
79399601
79399601
614826532
614826532
614826532
614826532
95111012
95111012
285333036
285333036
982974212
982974212
982974212
982974212
982974212
982974212
993154306
993154306
886493827
886493827
886493827
886493827
471184545
471184545
471184545
471184545
126596047
126596047
374946800
374946800
881330988
881330988
440665494
440665494
162074726
162074726
162074726
162074726
162074726
162074726
81037363
81037363
680561633
680561633
892350113
892350113
231158277
231158277
231158277
231158277
80494273
80494273
80494273
80494273
619863586
619863586
619863586
619863586
44559190
44559190
44559190
44559190
510261974
510261974
510261974
510261974
715127588
715127588
148894058
148894058
715127588
715127588
148894058
148894058
781466710
781466710
347911424
347911424
176623700
176623700
176623700
176623700
724370802
724370802
724370802
724370802
450497251
450497251
450497251
450497251
623252288
623252288
623252288
623252288
623252288
623252288
623252288
623252288
769860721
769860721
769860721
769860721
313093457
313093457
313093457
313093457
891629272
891629272
891629272
891629272
135679822
135679822
377974725
377974725
488456232
488456232
488456232
488456232
488456232
488456232
244228116
244228116
565057881
565057881
565057881
565057881
131871409
131871409
131871409
131871409
59203147
59203147
59203147
59203147
352482500
352482500
352482500
352482500
56570987
56570987
113141974
113141974
870777985
870777985
623007446
623007446
743311617
743311617
247770539
247770539
495541078
495541078
495541078
495541078
467753500
467753500
467753500
467753500
279541441
279541441
425928598
425928598
814111308
814111308
814111308
814111308
814111308
814111308
814111308
814111308
644924410
644924410
291604467
291604467
291604467
291604467
291604467
291604467
321651516
321651516
321651516
321651516
321651516
321651516
107217172
107217172
644924410
644924410
291604467
291604467
982815484
982815484
660353279
660353279
974425031
974425031
926786387
926786387
688593167
688593167
895027291
895027291
213621845
213621845
427243690
427243690
170897476
170897476
170897476
170897476
339401915
339401915
778630207
778630207
882444979
882444979
626896444
626896444
948230655
948230655
316076885
316076885
645355449
645355449
645355449
645355449
884449999
884449999
884449999
884449999
770655645
770655645
770655645
770655645
987835692
987835692
329278564
329278564
193403674
193403674
397216009
397216009
645355449
645355449
645355449
645355449
316076885
316076885
948230655
948230655
336261904
336261904
336261904
336261904
336261904
336261904
168130952
168130952
357344622
357344622
357344622
357344622
336261904
336261904
336261904
336261904
773876493
773876493
773876493
773876493
661692563
661692563
661692563
661692563
739643442
739643442
739643442
739643442
93898921
93898921
364047758
364047758
509255245
509255245
509255245
509255245
20266137
20266137
509255245
509255245
359445709
359445709
80092774
80092774
40046387
40046387
40046387
40046387
552157468
552157468
658228051
658228051
462940091
462940091
462940091
462940091
569010674
569010674
569010674
569010674
853516011
853516011
284505337
284505337
560584071
560584071
779414212
779414212
373722714
373722714
373722714
373722714
365296111
365296111
365296111
365296111
560584071
560584071
779414212
779414212
670345466
670345466
335172733
335172733
95763638
95763638
95763638
95763638
467787057
467787057
467787057
467787057
577086686
577086686
577086686
577086686
237703840
237703840
237703840
237703840
632589128
632589128
899523031
899523031
108047200
108047200
54023600
54023600
43218880
43218880
43218880
43218880
595009413
595009413
595009413
595009413
595009413
595009413
595009413
595009413
575323419
575323419
786783886
786783886
191774473
191774473
575323419
575323419
192135907
192135907
384271814
384271814
874227669
874227669
626194301
626194301
112307629
112307629
370183994
370183994
947373471
947373471
315791157
315791157
272409853
272409853
272409853
272409853
695961255
695961255
695961255
695961255
648383540
648383540
648383540
648383540
272409853
272409853
272409853
272409853
504966547
504966547
516655288
516655288
23377482
23377482
23377482
23377482
23461435
23461435
23461435
23461435
70384305
70384305
70384305
70384305
396016457
396016457
797501721
797501721
596759089
596759089
596759089
596759089
247814505
247814505
247814505
247814505
233841839
233841839
743443515
743443515
400521310
400521310
200260655
200260655
160208524
160208524
160208524
160208524
662251217
662251217
662251217
662251217
326258081
326258081
326258081
326258081
446651831
446651831
446651831
446651831
893303662
893303662
446651831
446651831
722448092
722448092
170855570
170855570
446651831
446651831
446651831
446651831
743663189
743663189
913383965
913383965
262787657
262787657
262787657
262787657
893303662
893303662
893303662
893303662
630516005
630516005
893303662
893303662
892555169
892555169
681176801
681176801
681176801
681176801
892555169
892555169
312631415
312631415
312631415
312631415
976690743
976690743
976690743
976690743
312631415
312631415
312631415
312631415
426900238
426900238
282456361
282456361
329085700
329085700
329085700
329085700
164542850
164542850
164542850
164542850
594179749
594179749
594179749
594179749
594179749
594179749
594179749
594179749
350108130
350108130
52080037
52080037
350108130
350108130
350108130
350108130
831668825
831668825
831668825
831668825
595083964
595083964
787007539
787007539
117085160
117085160
351255480
351255480
23417032
23417032
23417032
23417032
125950921
125950921
374731758
374731758
303205661
303205661
303205661
303205661
312723352
312723352
312723352
312723352
938170056
938170056
938170056
938170056
609245498
609245498
829492141
829492141
829492141
829492141
609245498
609245498
325209194
325209194
773899300
773899300
773899300
773899300
773899300
773899300
139019240
139019240
139019240
139019240
417057720
417057720
417057720
417057720
417057720
417057720
208528860
208528860
156396645
156396645
52132215
52132215
404204626
404204626
808409252
808409252
808409252
808409252
808409252
808409252
871687619
871687619
871687619
871687619
85747810
85747810
361330721
361330721
274183299
274183299
636213826
636213826
21091023
21091023
63273069
63273069
91394433
91394433
274183299
274183299
908268802
908268802
908268802
908268802
481033469
481033469
481033469
481033469
481033469
481033469
739638911
739638911
481033469
481033469
444856054
444856054
481033469
481033469
444856054
444856054
513467487
513467487
513467487
513467487
355477491
355477491
118492497
118492497
353956744
353956744
353956744
353956744
901467398
901467398
901467398
901467398
980904818
980904818
946225748
946225748
967033190
967033190
987840632
987840632
977436911
977436911
977436911
977436911
949693655
949693655
973969004
973969004
405714211
405714211
218898280
218898280
400778465
400778465
204091042
204091042
204091042
204091042
400778465
400778465
405714211
405714211
218898280
218898280
538932379
538932379
538932379
538932379
768588366
768588366
768588366
768588366
768588366
768588366
309276392
309276392
768588366
768588366
768588366
768588366
476662255
476662255
431742412
431742412
207143197
207143197
207143197
207143197
841531820
841531820
946006842
946006842
737056798
737056798
737056798
737056798
741722709
741722709
741722709
741722709
741722709
741722709
741722709
741722709
869983531
869983531
869983531
869983531
485201065
485201065
485201065
485201065
305834335
305834335
305834335
305834335
88487887
88487887
88487887
88487887
666804653
666804653
666804653
666804653
784615224
784615224
784615224
784615224
631854007
631854007
265463661
265463661
305834335
305834335
305834335
305834335
893561397
893561397
893561397
893561397
265463661
265463661
265463661
265463661
758865279
758865279
280107131
280107131
519486205
519486205
519486205
519486205
81456114
81456114
81456114
81456114
67880095
67880095
67880095
67880095
449789310
449789310
899578620
899578620
674683965
674683965
224894655
224894655
688015692
688015692
688015692
688015692
67558370
67558370
688015692
688015692
63907484
63907484
127814968
127814968
127814968
127814968
127814968
127814968
24658894
24658894
24658894
24658894
73976682
73976682
73976682
73976682
600128800
600128800
532791051
532791051
832855451
832855451
667466549
667466549
134675498
134675498
67337749
67337749
67337749
67337749
134675498
134675498
769163444
769163444
311001626
311001626
329641476
329641476
329641476
329641476
243961248
243961248
731883744
731883744
731883744
731883744
731883744
731883744
506624843
506624843
506624843
506624843
670498013
670498013
670498013
670498013
984424513
984424513
984424513
984424513
660889622
660889622
984424513
984424513
906662933
906662933
967717213
967717213
967717213
967717213
967717213
967717213
906662933
906662933
967717213
967717213
815081513
815081513
937190073
937190073
469725931
469725931
469725931
469725931
366992571
366992571
102733360
102733360
991392814
991392814
991392814
991392814
649509311
649509311
649509311
649509311
600160514
600160514
802237189
802237189
600160514
600160514
802237189
802237189
180610535
180610535
180610535
180610535
453155141
453155141
453155141
453155141
756496486
756496486
273000752
273000752
378248243
378248243
136500376
136500376
514748619
514748619
514748619
514748619
756496486
756496486
756496486
756496486
290049281
290049281
290049281
290049281
290049281
290049281
290049281
290049281
161952771
161952771
161952771
161952771
323905542
323905542
323905542
323905542
454690194
454690194
365826229
365826229
365826229
365826229
454690194
454690194
901881946
901881946
901881946
901881946
901881946
901881946
901881946
901881946
282725715
282725715
282725715
282725715
282725715
282725715
282725715
282725715
40462454
40462454
678983720
678983720
840833536
840833536
840833536
840833536
998053054
998053054
665432469
665432469
998053054
998053054
665432469
665432469
187158860
187158860
187158860
187158860
311867667
311867667
103955889
103955889
958121789
958121789
877876661
877876661
938060507
938060507
978183071
978183071
472414395
472414395
472414395
472414395
735329374
735329374
735329374
735329374
814880696
814880696
631517039
631517039
876001915
876001915
631517039
631517039
407337012
407337012
203668506
203668506
651873556
651873556
550039303
550039303
391310612
391310612
391310612
391310612
593621859
593621859
593621859
593621859
548036003
548036003
548036003
548036003
489138265
489138265
489138265
489138265
281759255
281759255
281759255
281759255
640001804
640001804
640001804
640001804
424059440
424059440
424059440
424059440
806849382
806849382
806849382
806849382
505739264
505739264
518973439
518973439
758608896
758608896
252869632
252869632
426717504
426717504
426717504
426717504
708625663
708625663
708625663
708625663
633516565
633516565
815880459
815880459
126703313
126703313
380109939
380109939
395492090
395492090
395492090
395492090
169496610
169496610
169496610
169496610
776514801
776514801
554785249
554785249
510254791
510254791
532520020
532520020
532520020
532520020
532520020
532520020
22265229
22265229
22265229
22265229
562799639
562799639
690154564
690154564
127354925
127354925
127354925
127354925
472432207
472432207
490225520
490225520
54780806
54780806
54780806
54780806
531542028
531542028
531542028
531542028
634382747
634382747
634382747
634382747
135271729
135271729
135271729
135271729
782501197
782501197
351014885
351014885
304894958
304894958
767127888
767127888
560604254
560604254
560604254
560604254
840906381
840906381
840906381
840906381
840906381
840906381
840906381
840906381
