87597
12328
1
100000
92789
72393
16388
92380
14363
47958
1
100000
6800
14143
41431
28485
24521
54832
1
100000
14299
31253
2367
80247
34652
6092
1
100000
69586
7197
50503
94715
72162
82633
1
100000
28603
42079
69806
7007
80297
67327
1
100000
47799
97487
45383
40379
86491
40715
1
100000
42500
76726
71094
2743
355
46064
1
100000
86116
78531
25492
72583
28804
80767
1
100000
63405
78037
90880
57253
5346
14495
1
100000
93356
3731
61005
2041
78344
70783
1
100000
15294
75722
68329
86469
98349
60039
1
100000
45665
78100
25259
87632
59131
4940
1
100000
12168
43488
5981
12361
94936
93035
1
100000
85235
94848
94301
4599
65190
78344
1
100000
18105
12194
18423
4023
84959
57344
1
100000
60024
38111
93935
54979
48779
3093
1
100000
46311
35237
54629
40802
85018
38663
1
100000
91028
33713
64738
6301
96362
23511
1
100000
9319
48954
47299
12788
34847
75569
1
100000
35827
96382
60204
50270
72360
35667
1
100000
54780
45853
99397
92246
18329
88634
1
100000
47702
12959
7246
77539
73552
35747
1
100000
2483
20021
24524
89369
75749
67454
1
100000
54159
6373
67658
13196
38653
37192
1
100000
11177
98778
93589
76424
43166
91557
1
100000
7948
88904
33031
81567
22145
48439
1
100000
94444
93628
84249
99111
3231
29644
1
100000
71088
17539
40909
23368
84591
5852
1
100000
3946
82090
75528
7377
28398
70060
1
100000
11534
72197
30162
87464
41995
39969
1
100000
46314
44548
68993
56705
98606
76885
1
100000
19009
99440
98247
18120
45935
52270
1
100000
77035
23820
76651
18534
7682
75891
1
100000
17943
16724
43204
6060
97385
7696
1
100000
30104
39178
14799
65927
77473
73265
1
100000
49048
53616
34569
50853
57646
89488
1
100000
54358
40395
13248
40325
67733
68834
1
100000
489
61925
52714
72507
55197
6394
1
100000
67818
23314
41482
74286
52421
99962
1
100000
11619
6839
50614
65429
25396
86750
1
100000
22512
85669
31004
51331
38291
59632
1
100000
17750
21774
69646
1337
32262
63644
1
100000
73004
7720
96967
83542
48105
73976
1
100000
41183
39973
89577
73589
42444
18710
1
100000
91773
66666
92372
50542
39708
93813
1
100000
92819
76901
64585
24113
49711
20711
1
100000
30258
87021
37485
9669
41409
19511
1
100000
30513
99461
23820
38627
90560
87096
1
100000
72607
89149
69314
59586
27930
64710
1
100000
4580
54484
55739
58485
57014
86645
1
100000
46853
7869
70561
87177
87421
97517
1
100000
2275
53663
47393
31183
51349
47434
1
100000
30789
75620
87036
74081
22895
84056
1
100000
74772
83912
56472
28773
11228
31247
1
100000
77645
76741
92718
81673
98805
32504
1
100000
43936
87178
19958
48292
32698
73848
1
100000
62951
85355
16355
95045
99232
36874
1
100000
8549
40626
71588
59195
33659
74872
1
100000
42612
60997
24227
9738
45766
43434
1
100000
34878
88679
26615
95842
87782
45162
1
100000
83321
21689
90142
12189
17528
60187
1
100000
7496
1061
16859
13101
89180
11528
1
100000
60831
61801
23628
81143
83635
99511
1
100000
86091
42772
45408
6439
18230
15999
1
100000
70014
71082
36928
8753
5525
58604
1
100000
16653
82159
89139
98669
1929
78755
1
100000
38550
53445
16720
41345
84451
99599
1
100000
25302
51413
20773
35969
34980
42536
1
100000
29762
17844
89493
25234
7321
39222
1
100000
6357
21757
41516
72184
69435
75318
1
100000
26340
63852
30935
81964
12653
21349
1
100000
27552
89212
88705
62934
73530
19336
1
100000
28112
18260
87923
96728
69848
70864
1
100000
89613
33202
70398
90453
15007
71840
1
100000
90086
76743
19388
63125
29825
46596
1
100000
54987
22441
31513
71732
90302
727
1
100000
94775
7997
70337
98405
24190
52246
1
100000
15398
83739
20398
68231
15369
46387
1
100000
20687
80696
25293
89202
34659
56733
1
100000
45211
50619
85769
11940
48012
79004
1
100000
13183
32616
11293
61380
41436
34732
1
100000
32706
59459
49781
7229
95784
20429
1
100000
9044
20231
70842
68878
73320
94873
1
100000
43550
38427
73209
14649
3631
69969
1
100000
47401
52432
51355
96422
79278
54638
1
100000
45163
93502
29374
13987
61558
65454
1
100000
64140
71742
43791
88102
79340
25390
1
100000
14235
29183
29905
12356
19817
48730
1
100000
52212
4122
99221
79673
69823
6160
1
100000
83773
26749
71876
16857
8964
61675
1
100000
12899
64687
52826
39729
92770
68653
1
100000
14619
15372
30685
14792
11349
24375
1
100000
87353
12795
62030
61527
21827
93836
1
100000
33132
15266
75583
79507
2229
65427
1
100000
57585
86995
53215
36539
51565
26123
1
100000
8066
36455
90679
93854
17543
37924
1
100000
66231
78915
33850
7117
90795
60427
1
100000
43256
12059
29371
21338
12811
85171
1
100000
1388
2858
60033
67606
67990
77588
1
100000
62273
35869
86708
74519
39907
37302
1
100000
49715
76565
59021
70001
28809
67790
1
100000
26773
31433
10734
75209
9441
72675
1
100000
35488
28454
68166
42792
5467
93475
1
100000
87096
7989
60828
68946
76968
49072
1
100000
88448
13818
47412
41702
25758
22695
1
100000
21357
73014
24164
75452
45471
30125
1
100000
26628
17049
64781
76082
88932
4001
1
100000
36914
72239
54967
4369
39712
9972
1
100000
5845
71507
50486
19365
72569
41123
1
100000
42450
45442
16341
81229
3342
15716
1
100000
8096
45512
74457
10376
69144
68261
1
100000
20861
45046
15928
4699
43523
23741
1
100000
69004
96778
14396
75764
62769
60197
1
100000
13125
89149
92843
56074
60866
72276
1
100000
52068
9439
97448
17847
5363
95557
1
100000
57685
44019
72748
94563
87960
100000
1
100000
29187
9556
23232
98733
54502
49182
1
100000
85104
1110
73515
51864
1664
90954
1
100000
5670
46554
17054
59962
3638
89354
1
100000
69930
72585
66746
13852
20691
99979
1
100000
36526
51959
85964
11924
97918
46891
1
100000
49853
31778
48909
77085
40964
2037
1
100000
88905
24805
8841
2564
88618
4839
1
100000
41177
36391
71542
75349
24819
96205
1
100000
65832
47649
92142
31466
11472
31246
1
100000
66285
86021
236
51098
82994
48061
1
100000
4746
769
47001
24113
94273
56276
1
100000
93826
31701
61662
53879
45932
33518
1
100000
51985
78323
50249
40355
13201
73377
1
100000
35774
80550
40357
40603
60361
75110
1
100000
7777
73003
95837
22867
70179
53388
1
100000
3534
32034
29638
84169
60047
85645
1
100000
18695
77163
79978
12070
38445
90982
1
100000
86376
3742
20721
58976
64129
99691
1
100000
85189
14508
31970
53068
56289
83952
1
100000
63132
58705
36934
41615
32576
18513
1
100000
38595
84017
16518
13939
84043
72163
1
100000
20858
63462
23205
70708
18162
49412
1
100000
61464
82840
42820
9786
68619
57382
1
100000
18359
93006
72619
61510
92818
30108
1
100000
60195
40579
78737
71510
85970
17794
1
100000
1027
77525
37568
39849
45475
23695
1
100000
21045
85301
33006
51622
90773
86079
1
100000
30058
85253
30001
40013
74661
98929
1
100000
34109
22580
14581
84438
36384
29793
1
100000
36638
54809
3176
90259
63220
1609
1
100000
51718
74868
29266
84673
33381
91972
1
100000
72819
83078
8735
59227
26536
67405
1
100000
94971
34701
83461
97462
43621
79391
1
100000
86486
87796
23932
39467
39764
61659
1
100000
51248
69108
58570
36274
29880
23266
1
100000
13470
93640
17321
79702
220
85146
1
100000
51268
80357
59412
34990
78109
29830
1
100000
43157
39238
53888
56206
12643
51783
1
100000
89576
58150
9747
56965
98488
66398
1
100000
40167
2474
66613
16415
9969
32423
1
100000
87586
47065
63710
15459
43571
72487
1
100000
86431
88876
88637
15706
49103
32533
1
100000
67714
14503
7597
60224
96609
74310
1
100000
74656
4688
372
93151
33040
39306
1
100000
12029
47019
38609
54983
98525
66374
1
100000
30515
69718
41487
88514
7368
46476
1
100000
79979
41244
67373
54768
55272
48000
1
100000
10551
30949
74220
62113
37364
26996
1
100000
5512
1176
33888
69397
67359
32765
1
100000
96593
1711
86855
53812
40022
38483
1
100000
82479
90224
78383
29868
63231
89503
1
100000
52676
51306
62703
12263
49213
37475
1
100000
45906
2226
56812
85092
45881
78930
1
100000
2186
86589
45705
9297
82187
81647
1
100000
44650
27066
61651
92495
2180
29444
1
100000
13594
11162
8121
32790
6737
28765
1
100000
62153
53025
54240
33773
95500
94340
1
100000
59177
59705
49499
17579
93852
44369
1
100000
16274
68928
78223
50700
54957
78555
1
100000
96739
57597
20751
29992
48416
99239
1
100000
18192
88573
28036
64875
26309
47630
1
100000
803
49348
84400
90651
17077
15249
1
100000
16290
95525
52227
1747
65133
421
1
100000
57980
71508
1862
99387
96971
24140
1
100000
53973
69693
26732
26682
52951
81279
1
100000
87405
52867
17663
38450
98700
57917
1
100000
48838
96763
5916
44684
77118
75801
1
100000
94621
60825
27884
49869
30700
32281
1
100000
63083
51723
25499
62094
50590
10016
1
100000
57362
55368
55484
25229
6166
25602
1
100000
7111
40968
61786
76518
10256
49668
1
100000
25355
74214
26876
88652
49162
61255
1
100000
29987
6697
74002
64314
25016
56099
1
100000
11417
35090
75342
24446
631
99005
1
100000
91328
46538
84773
94604
91077
477
1
100000
52716
13587
48910
95628
58806
25174
1
100000
10811
24539
2940
80335
14233
97499
1
100000
3748
4422
8206
50229
17155
57668
1
100000
16639
24586
2560
7755
79270
22219
1
100000
22871
40636
90464
41237
55464
20967
1
100000
61190
79945
23973
1885
75089
66555
1
100000
44755
30239
32003
62688
12911
2203
1
100000
30148
82684
88498
30982
73764
77571
1
100000
19584
21391
72710
31484
38026
10939
1
100000
74854
17002
97828
41848
20413
94336
1
100000
6955
22145
13296
83655
81923
25944
1
100000
48447
20142
62861
9034
13726
32587
1
100000
38882
15031
47156
31021
71065
12044
1
100000
45731
93964
89368
14663
83955
77523
1
100000
46380
15279
78086
25068
92467
27990
1
100000
51221
26628
97521
92216
69343
60831
1
100000
44967
41551
6836
92474
3562
98794
1
100000
61556
48220
16621
4558
54026
25631
1
100000
19237
72383
11144
13185
90250
45637
1
100000
56875
54793
56322
79414
21801
15135
1
100000
74550
61437
92083
57235
58748
58459
1
100000
67393
8572
78575
27947
252
74568
1
100000
16803
90355
28235
48836
74174
54705
1
100000
88978
18857
38660
32389
85451
15335
1
100000
69196
11088
21736
87456
12188
62605
1
100000
31280
84718
941
1857
69549
48530
1
100000
35990
50488
37898
5743
78096
893
1
100000
67812
71355
38745
24267
94603
39766
1
100000
19906
45719
24165
57310
37252
47705
1
100000
5967
54439
87904
28629
50152
36019
1
100000
19698
52511
76634
37615
40559
41554
1
100000
9349
91503
61507
45235
32747
98196
1
100000
85702
3323
10403
56181
1928
40116
1
100000
56264
91736
78640
5564
10154
6437
1
100000
82845
29598
29502
97352
82890
86498
1
100000
16200
60650
34208
92799
63330
85382
1
100000
91998
16974
47464
77418
46074
47370
1
100000
65442
30727
85360
23692
69376
77221
1
100000
20421
12117
85728
24492
37152
64134
1
100000
11744
86501
80535
93751
49707
61038
1
100000
51285
9343
95426
85333
19152
3153
1
100000
50606
14427
94759
86530
21995
9550
1
100000
99114
24478
94506
1499
12810
43621
1
100000
98772
18018
3497
32513
97984
51506
1
100000
95501
59193
75278
64979
87359
23341
1
100000
79793
23090
7147
65818
61994
986
1
100000
92440
11637
42716
62403
58188
3179
1
100000
81521
45665
8221
79799
42033
79416
1
100000
68909
47533
17992
98940
60003
48196
1
100000
15415
79198
30786
87588
74840
53872
1
100000
87640
42357
44261
19711
80342
29960
1
100000
82747
10129
46671
31234
79839
98622
1
100000
60208
17716
70921
51919
35073
80548
1
100000
1683
13642
97976
82450
36737
1955
1
100000
25363
65696
98662
92843
45537
54187
1
100000
78710
78109
1723
49569
29392
16407
1
100000
28815
27579
27946
5920
61799
26570
1
100000
33732
97456
98757
76760
11439
16404
1
100000
89898
1559
33459
66947
82590
45990
1
100000
17166
88113
27439
69651
27655
9813
1
100000
31569
52997
99323
78777
78469
859
1
100000
80047
38356
37527
97821
35163
64748
1
100000
70518
27873
7229
98684
86942
69049
1
100000
6667
22037
1777
73514
59657
95749
1
100000
99351
35106
39956
66621
81062
37743
1
100000
73496
88979
57149
55939
36298
64622
1
100000
50472
70426
65940
70315
12417
55628
1
100000
45739
48243
8830
56136
14242
17019
1
100000
66834
9543
78208
39369
76051
20094
1
100000
48644
24747
10751
57197
80428
93656
1
100000
30409
53306
1287
83607
79485
43826
1
100000
75092
71691
77748
41738
60593
99541
1
100000
43540
17760
30039
79978
25768
42062
1
100000
23680
91287
12335
99627
5150
90035
1
100000
12815
83544
19774
91216
53064
72633
1
100000
76682
89376
69906
84507
38324
15427
1
100000
8525
43494
49404
6490
46750
4918
1
100000
8024
19330
68044
90383
96330
21913
1
100000
91973
92477
38479
88648
60983
73462
1
100000
43848
14749
27847
53974
51452
53764
1
100000
48222
82174
50645
14566
9347
62724
1
100000
3035
94877
50532
76192
61357
51866
1
100000
13689
38917
89374
48641
84347
68647
1
100000
16303
46006
73395
24101
85554
69896
1
100000
40810
618
81378
82566
18098
44308
1
100000
60151
83580
6314
24473
12990
7432
1
100000
33712
47410
59789
21689
1824
80633
1
100000
5778
90884
81721
9936
65250
36000
1
100000
80949
71640
74527
26074
40569
56360
1
100000
39853
76870
20192
50948
75906
81027
1
100000
1331
97053
63606
38850
59711
70272
1
100000
64193
93152
81288
56671
9960
20364
1
100000
98928
87089
13447
36122
32967
4146
1
100000
15531
89426
36820
30021
62160
23576
1
100000
2437
52517
72021
95836
24123
81153
1
100000
34351
66255
66011
97635
22743
91931
1
100000
24711
782
40396
37261
57308
36424
1
100000
33983
50488
98152
89481
93515
42365
1
100000
6214
16916
84717
84907
55472
1134
1
100000
24755
46750
98031
51497
82455
57073
1
100000
19630
38218
11749
95612
96756
94928
1
100000
26790
83121
42333
34711
1523
6746
1
100000
22878
64521
41904
11616
49680
38888
1
100000
63716
69407
44409
68965
64508
81431
1
100000
87781
71584
51083
82662
47777
53542
1
100000
38944
78545
34833
63941
98498
98654
1
100000
28594
17188
61320
14138
5359
37990
1
100000
88008
68881
42420
22971
71580
57044
1
100000
7185
79837
81792
2590
64614
17799
1
100000
25284
95406
53479
57395
22673
39230
1
100000
840
8380
91230
12449
95771
22490
1
100000
70091
97020
99208
41504
26420
23131
1
100000
90963
58990
68159
6635
82761
26233
1
100000
15072
4180
36634
7304
72461
90719
1
100000
73407
83712
47678
1229
38262
42803
1
100000
73295
95812
43476
87218
63578
56064
1
100000
14103
30712
68109
41299
89186
59495
1
100000
73594
36812
22224
7942
86798
24318
1
100000
44042
71217
55289
3276
32381
74112
1
100000
44688
45283
24949
51341
56389
60516
1
100000
89314
56033
31256
31266
5174
72417
1
100000
40282
731
48316
9883
46967
9776
1
100000
28894
73211
5570
72399
76759
6715
1
100000
62888
42904
48200
64317
14752
79547
1
100000
47265
91082
55104
28764
72971
45787
1
100000
25517
54090
5426
69580
90098
73521
1
100000
9354
2689
51374
99215
50496
69783
1
100000
27240
76779
19371
13732
52064
82627
1
100000
81711
1947
22070
36255
67681
23644
1
100000
59040
65235
47858
93413
44354
53601
1
100000
66214
90551
76773
66785
58856
90490
1
100000
14299
53494
51896
3123
23162
95885
1
100000
66960
30350
47401
14748
2139
67286
1
100000
32284
21706
1106
29763
42525
4482
1
100000
6273
47301
68544
55779
27298
46696
1
100000
19848
62629
68410
92793
83903
48115
1
100000
91304
15499
42700
91443
49577
66057
1
100000
33931
5401
62547
45571
64610
44890
1
100000
48827
61646
70039
81183
92791
13243
1
100000
3976
25812
19166
97442
23086
49124
1
100000
95441
69072
57080
50006
98473
62923
1
100000
71249
84354
6466
86323
31798
81476
1
100000
87194
51463
76834
25820
71202
99834
1
100000
3751
10882
70408
46665
26196
9277
1
100000
54515
72085
41892
15081
4984
54829
1
100000
55818
72162
1646
23125
92231
49956
1
100000
66182
85336
82945
89634
86435
70709
1
100000
34011
14386
48954
27780
40977
8807
1
100000
44109
45056
69657
38381
97888
695
1
100000
76388
11521
36848
66438
23251
80859
1
100000
26263
70982
12039
28825
79494
56721
1
100000
82928
9202
86261
79478
13240
40418
1
100000
17497
64382
6750
50845
54875
64683
1
100000
75164
20268
95016
1698
5529
49012
1
100000
8147
84283
28711
6207
98549
99070
1
100000
10084
64761
35057
8983
72039
83400
1
100000
15501
74444
56743
17546
56904
36276
1
100000
6156
10504
1970
76281
24192
81433
1
100000
11377
23258
31326
64581
13328
57830
1
100000
32636
82305
18725
73066
53064
31700
1
100000
13721
91019
386
22961
27218
9328
1
100000
92373
32364
3006
1935
81898
24804
1
100000
12573
34680
74717
61443
11263
19985
1
100000
19037
35395
87685
81816
404
6965
1
100000
90618
86733
96656
86732
44514
30915
1
100000
17471
63022
49173
70812
51271
52947
1
100000
60335
32537
65315
71382
48454
97619
1
100000
48266
35822
5585
99115
7286
99276
1
100000
6645
43532
74998
67981
56025
90562
1
100000
26681
10238
3330
7079
15842
44345
1
100000
31788
65185
62469
95741
76203
75878
1
100000
2010
21783
25775
11761
4587
97954
1
100000
14294
59057
8849
20234
65883
53409
1
100000
33325
76950
17014
6093
12176
88966
1
100000
68629
4520
57955
46592
42090
35343
1
100000
47597
99155
56093
34614
86287
63241
1
100000
34548
93138
27276
11205
17951
14736
1
100000
69291
66403
99664
74878
46274
68351
1
100000
91166
16587
84931
57450
95006
28807
1
100000
63872
60043
40611
6712
17274
99012
1
100000
72846
77096
76174
75953
37491
72051
1
100000
95276
503
64885
42932
40965
44523
1
100000
76565
91402
38701
41404
12915
67263
1
100000
8930
6520
25094
795
24635
72028
1
100000
6512
24942
15653
25455
74385
57186
1
100000
34039
15589
30423
74794
94337
78981
1
100000
94842
13456
77680
32985
14195
59301
1
100000
65069
68861
80458
87612
2017
52434
1
100000
98596
74
50030
19276
69042
58873
1
100000
98205
62588
61084
57413
48857
48562
1
100000
71048
38110
95274
95399
70710
50067
1
100000
52666
76960
68381
98041
5370
93143
1
100000
93718
76428
32686
48012
75190
88342
1
100000
11106
45107
74360
8473
20392
47329
1
100000
41234
82524
95597
56376
51657
4461
1
100000
7798
4417
18974
63984
95839
91544
1
100000
18630
63037
55580
24872
55806
65440
1
100000
71614
54669
25269
57233
28471
46979
1
100000
72793
52297
67395
47151
59845
4119
1
100000
79967
17924
98636
71589
16353
21876
1
100000
64923
71647
95423
91546
44223
6307
1
100000
20633
18775
24934
97388
17975
4767
1
100000
43202
756
11469
96766
13660
53905
1
100000
94374
79231
7406
49108
17323
4867
1
100000
39628
43262
62689
56599
92990
74674
1
100000
49048
32230
16131
63434
28830
73963
1
100000
15520
77565
92828
20126
65975
46717
1
100000
47245
46151
12683
82697
63181
92591
1
100000
16109
55264
18278
17391
85896
56405
1
100000
3017
50418
93938
86345
10780
47762
1
100000
91130
19443
70519
50015
11427
33266
1
100000
3762
21002
80542
48840
39509
19936
1
100000
67618
95318
13540
66056
89678
18433
1
100000
4172
49514
49734
50718
32742
3878
1
100000
74266
56458
50398
80447
55655
5946
1
100000
56986
46886
71554
36274
98234
33955
1
100000
32397
63135
56937
46741
4046
87655
1
100000
39075
63567
78511
55438
52437
20954
1
100000
12383
57182
44291
2387
61701
97614
1
100000
21096
3577
40330
81769
5643
65621
1
100000
86170
85512
20600
12737
24278
2967
1
100000
90493
9901
58200
89716
17562
83454
1
100000
50242
57586
57750
42435
98904
27692
1
100000
20374
6642
92292
40233
90373
99376
1
100000
27514
62895
94709
20983
45625
84818
1
100000
5702
61086
19465
50098
83802
59232
1
100000
22690
67680
30043
99554
96801
47313
1
100000
95022
73778
41146
23237
16987
78268
1
100000
43561
3618
49468
2634
63625
76089
1
100000
96866
72753
45600
43094
88893
72579
1
100000
23994
6416
76836
97213
50711
67288
1
100000
26487
88249
21989
69471
19201
79111
1
100000
77271
11053
95069
74078
47967
46208
1
100000
32598
36371
3748
82397
68906
13828
1
100000
43806
86804
62142
13637
59327
89818
1
100000
22180
78616
20537
99548
12424
22103
1
100000
47359
26752
88440
43967
36429
51868
1
100000
28801
12726
72238
21495
51126
50361
1
100000
98801
94347
32375
34881
91882
35523
1
100000
70891
20895
5446
3069
18605
1439
1
100000
15740
96907
3841
13207
90767
44005
1
100000
50768
52166
9187
51004
28520
26342
1
100000
23895
83055
73823
84082
6112
2718
1
100000
49214
37858
68081
37812
94228
27050
1
100000
40478
45938
8318
40935
22152
2858
1
100000
96660
42738
90982
97298
30086
65283
1
100000
32143
63553
66167
25058
611
99922
1
100000
91853
43946
4824
97559
79144
54548
1
100000
14911
75032
84133
66415
96280
19844
1
100000
67051
94638
11442
97516
70922
31653
1
100000
3894
52038
18267
5164
91689
89812
1
100000
18165
83375
44445
43265
79678
20047
1
100000
33965
24080
42765
75190
66188
57794
1
100000
12785
11893
16584
62456
20013
23436
1
100000
24617
70944
24644
4251
98042
324
1
100000
72400
48118
72969
75866
12283
99810
1
100000
83666
60437
38707
17841
76419
4480
1
100000
71901
6523
72742
17596
75943
73615
1
100000
26624
41211
79686
99283
18069
70208
1
100000
53597
75069
36598
21225
15502
63846
1
100000
768
23575
39983
78435
49577
4701
1
100000
99541
26451
16324
94184
96993
48289
1
100000
54762
3910
47710
70799
12984
840
1
100000
4225
8451
96713
64098
13176
45551
1
100000
72388
69494
58010
66268
39677
62721
1
100000
1434
78688
32746
50272
51682
58955
1
100000
7883
2405
98330
42518
99378
72426
1
100000
58419
56058
72521
62473
7396
25852
1
100000
32204
69287
52702
17156
26923
86941
1
100000
45219
56232
73456
96847
37866
6021
1
100000
6950
80290
38492
62469
75335
91448
1
100000
56850
50887
13255
90533
96056
57568
1
100000
25951
54830
18410
80901
67806
91865
1
100000
71696
18479
71658
7580
39700
11679
1
100000
92718
92278
30038
89907
85347
42110
1
100000
96721
35248
44767
35958
63017
3913
1
100000
53690
72965
16919
88578
12488
43693
1
100000
26437
67950
4832
50822
34142
71589
1
100000
10698
64883
98254
13156
48201
44402
1
100000
54696
18801
34008
95101
57591
76126
1
100000
86231
95468
73298
4239
44677
11484
1
100000
67745
24319
63453
474
25281
23306
1
100000
78248
57278
88950
88441
26255
95145
1
100000
33403
92029
88482
69829
53958
8113
1
100000
14547
64520
40453
16207
60864
16881
1
100000
28592
50168
40851
74746
4375
15655
1
100000
40534
83717
67314
87589
7648
86506
1
100000
21605
85767
82956
80000
57891
41093
1
100000
95927
63993
79855
14240
36278
60625
1
100000
41677
3050
78273
5969
32115
81468
1
100000
54338
8850
70178
58145
73483
84665
1
100000
58797
80427
28626
36706
53532
73403
1
100000
40131
46352
77572
71848
21220
88831
1
100000
91031
59605
9119
13363
54433
14891
1
100000
36155
63565
17802
67588
22770
76989
1
100000
92247
87903
64414
41996
3244
40855
1
100000
81623
72398
63829
61386
79899
12808
1
100000
45998
1559
44057
9304
30935
96613
1
100000
96930
48194
7501
86135
6180
51549
1
100000
61223
49785
36021
22307
81521
75452
1
100000
59766
2994
74164
62746
47919
50349
1
100000
86277
56679
86196
48812
88125
8336
1
100000
5151
18761
62242
6178
38473
96803
1
100000
97967
91083
44101
58142
62196
57243
1
100000
10751
36967
5509
83964
50398
96037
1
100000
47412
94780
14297
79785
23004
8745
1
100000
48872
17091
80867
1010
86302
479
1
100000
83480
50917
97831
57394
29068
56602
1
100000
64508
92210
42419
30190
54534
71808
1
100000
59672
10632
90679
16337
55967
33792
1
100000
37696
74514
2351
50322
63410
16403
1
100000
58396
41001
62982
86641
16073
9054
1
100000
15849
24612
82916
9827
68292
57701
1
100000
18925
36150
47527
38240
76156
45115
1
100000
26586
68713
30309
89160
38336
4361
1
100000
36731
57944
25049
35101
18560
40005
1
100000
5329
88181
47204
80783
36798
5432
1
100000
84176
85469
92480
68454
17497
6535
1
100000
3462
43637
77630
17994
70374
95277
1
100000
68110
39899
59593
37925
46574
1454
1
100000
79694
26419
86137
27279
92778
73743
1
100000
42803
86352
69234
31124
41673
2749
1
100000
29946
26863
93048
82946
44049
14310
1
100000
80467
71494
11456
5675
11882
20683
1
100000
47698
15133
30553
45950
41796
38851
1
100000
96699
99425
97375
31848
27285
32424
1
100000
81922
6740
41751
77092
47449
85976
1
100000
43774
97178
86778
54561
19294
2293
1
100000
21612
19034
35905
67971
21384
84104
1
100000
90116
21311
18990
19233
11708
79530
1
100000
56913
66627
80968
56607
37720
69962
1
100000
91979
35975
38944
2101
28764
5548
1
100000
51427
43442
43114
17393
83976
12302
1
100000
30253
59774
89289
79037
16430
30921
1
100000
45080
77234
76137
54704
35918
734
1
100000
39284
64482
77801
90144
31872
23136
1
100000
42263
90438
87492
38699
22706
33078
1
100000
14567
62775
97132
53189
88266
67863
1
100000
74411
1731
72891
67507
38594
30270
1
100000
50221
76225
67898
22860
69453
62621
1
100000
28679
7522
48225
28594
71546
11524
1
100000
12757
32445
23656
71639
93764
98529
1
100000
99727
89391
13789
59587
38029
47593
1
100000
86181
30638
52847
16230
92168
83751
1
100000
94809
4698
63637
87500
69195
41486
1
100000
18852
10264
45634
32807
11680
75651
1
100000
85773
53612
72675
42150
62376
19857
1
100000
68578
10393
4093
41372
51737
65798
1
100000
34504
39973
45041
92886
81479
56703
1
100000
90305
22285
5529
31067
12948
81270
1
100000
84372
54658
7760
19920
15188
40364
1
100000
20750
37006
71800
39842
40886
82677
1
100000
3115
97003
65818
46590
42789
51913
1
100000
94884
12215
6941
20201
28086
16523
1
100000
27014
70045
5207
91124
4097
15775
1
100000
90967
36112
2412
88507
27409
19577
1
100000
74808
77613
45124
42694
6241
25208
1
100000
23686
37708
3731
25781
18554
65490
1
100000
60150
70939
52450
97569
49997
30246
1
100000
47148
2991
11731
26661
15567
49438
1
100000
38714
59061
54247
21491
44076
17366
1
100000
30297
3589
24603
36635
90292
54027
1
100000
49345
10488
98878
63918
2755
81576
1
100000
13973
24489
55519
82747
24290
49647
1
100000
23950
49380
97560
20436
22458
53038
1
100000
11987
36503
49576
28860
34908
10410
1
100000
21339
13275
6263
82250
52975
6434
1
100000
68905
1264
16170
25965
55365
63609
1
100000
19833
33758
78478
17929
83568
79710
1
100000
33682
44133
50639
9469
64713
12956
1
100000
33058
13013
16298
65906
12573
7217
1
100000
65131
81368
23277
32938
4538
46751
1
100000
7290
65558
66879
68380
97699
42176
1
100000
12712
41022
22963
54867
36173
97755
1
100000
12066
99295
34861
83646
62563
65306
1
100000
22776
76685
96981
36417
35022
92598
1
100000
32698
43656
35093
54801
89743
18705
1
100000
38397
42956
7502
62769
1918
58008
1
100000
35680
65977
28015
49708
89782
42510
1
100000
56027
5569
43311
28086
55026
34865
1
100000
37504
26321
38218
75066
29990
11448
1
100000
57771
51747
44046
69466
13484
81802
1
100000
38534
18838
58833
25515
65729
64334
1
100000
81803
10529
13411
60359
57456
50648
1
100000
12070
90126
92596
37270
72459
82832
1
100000
21555
89255
42335
86458
87835
34934
1
100000
62781
95064
75861
64120
64190
2700
1
100000
24017
37725
71571
84234
65569
55835
1
100000
92547
10871
79258
27384
44434
81996
1
100000
94590
89920
297
58575
14602
16333
1
100000
29144
24663
48574
91893
32009
75061
1
100000
68152
689
53109
98313
94379
65011
1
100000
53460
2330
80328
6359
79565
7893
1
100000
24396
60544
95905
33726
41284
35096
1
100000
49024
23071
53073
28531
77799
20529
1
100000
21635
12127
84041
34025
19628
75283
1
100000
65392
49601
11564
61681
82423
88791
1
100000
40592
3769
40844
21181
2783
36511
1
100000
86008
4531
1537
12621
10558
51985
1
100000
11262
14423
8331
64331
26003
59390
1
100000
88235
72113
53051
90158
64367
15481
1
100000
83340
58135
42881
27038
19108
19789
1
100000
6659
25747
84681
64876
17633
23527
1
100000
10018
5047
72087
21882
10030
57090
1
100000
86004
96186
68329
25987
38049
13323
1
100000
15981
52139
50526
48066
69232
15935
1
100000
18113
23290
6333
99189
67229
87267
1
100000
86250
46330
81546
86266
68967
22626
1
100000
89907
72904
16573
96584
88270
94892
1
100000
26852
32100
32789
56189
54353
82368
1
100000
27505
80244
32747
24690
26970
38401
1
100000
39605
11396
92796
69195
82257
3412
1
100000
15161
91718
6789
68558
30495
62874
1
100000
84697
89461
53323
40576
81263
8298
1
100000
65495
1002
71759
5234
84797
56081
1
100000
95051
34459
69721
43974
39201
70169
1
100000
20883
80274
20167
94514
51098
62164
1
100000
76037
35683
14651
85126
17140
93720
1
100000
29012
79190
57126
49484
14799
80839
1
100000
77540
7164
5172
8616
35597
31842
1
100000
72449
66519
98488
17358
33713
21144
1
100000
84745
45609
6717
71682
28480
55246
1
100000
1021
58991
10994
12317
68268
64205
1
100000
62871
76008
60808
73769
62147
14615
1
100000
63930
17685
55483
45640
56809
84859
1
100000
56032
78704
87357
17571
39561
44253
1
100000
98529
28907
48739
41205
31550
37767
1
100000
51915
7052
83437
87586
54222
22452
1
100000
52714
22390
55759
98542
42163
60150
1
100000
60062
63195
80347
50128
89250
86599
1
100000
75081
51120
68030
92012
37147
13201
1
100000
7085
81877
88633
3920
53832
21170
1
100000
25638
61131
2880
21358
37268
12714
1
100000
28181
9421
40565
17743
3938
59038
1
100000
90402
8945
51163
82285
37675
8178
1
100000
54798
61282
53470
12023
65343
27926
1
100000
71837
82497
80917
68261
39963
81143
1
100000
3837
87900
19094
75924
48310
12882
1
100000
39022
67289
37200
3907
77119
52798
1
100000
66617
50258
60804
5946
92609
20140
1
100000
22206
76634
1338
93900
42707
27788
1
100000
5570
65265
89533
85234
89776
86616
1
100000
15482
8670
49137
25724
19538
77297
1
100000
42732
70904
1447
46698
96767
49619
1
100000
26843
61570
12704
32087
92633
57114
1
100000
91306
61685
79790
39059
52579
22011
1
100000
84915
73617
73648
57956
88867
7800
1
100000
54789
72674
64408
15041
81960
62791
1
100000
16706
96858
99627
59455
27590
87137
1
100000
96550
39488
73902
30010
24470
36584
1
100000
63348
5937
93947
82344
90118
34683
1
100000
54723
14697
18981
93021
68675
50111
1
100000
20728
40064
3591
22391
46937
88370
1
100000
39022
23021
7136
16403
29137
51807
1
100000
95803
43884
32327
82266
99493
47050
1
100000
54497
35747
14835
27232
59855
51630
1
100000
15143
52957
19605
19088
63308
12898
1
100000
47809
49849
32198
11826
18111
99953
1
100000
13306
6129
5427
25663
94244
9059
1
100000
92970
54946
54682
8354
88565
45960
1
100000
58739
86089
68409
30323
6355
96584
1
100000
53347
59210
30040
61079
64981
63
1
100000
2370
25542
37534
70040
29629
51791
1
100000
90455
82089
18816
68914
3434
13881
1
100000
13773
859
41542
555
14299
66042
1
100000
23058
27071
22182
66472
14493
33581
1
100000
23385
18117
77308
50985
27340
63631
1
100000
67963
77464
94965
46139
62922
83265
1
100000
39553
55215
33529
79328
87056
40964
1
100000
38627
17422
76677
96566
65870
58076
1
100000
92454
89530
47474
73114
56589
88393
1
100000
21283
69118
95758
43066
2998
15390
1
100000
39391
63166
48985
26853
69311
49073
1
100000
69940
62112
53884
87779
81437
29790
1
100000
33251
47464
28700
15925
15544
30631
1
100000
75098
34339
37666
70070
85830
43975
1
100000
98155
30142
78275
61278
24341
50402
1
100000
88113
10911
61272
76765
38880
1315
1
100000
10166
72604
41861
13856
63078
2266
1
100000
56334
54262
92688
63817
64969
45929
1
100000
54006
5420
46025
94377
26241
37396
1
100000
94078
63882
91903
92460
80839
86130
1
100000
10762
17317
74442
42262
54796
34879
1
100000
89143
94286
45175
17902
13640
76010
1
100000
730
64651
17288
60488
83553
11860
1
100000
93779
58083
17591
60266
73040
942
1
100000
62622
30477
62495
57764
62266
91161
1
100000
98226
68303
46184
15375
12680
6016
1
100000
41179
69949
51830
91822
37701
86848
1
100000
98995
82322
29648
55661
43313
36099
1
100000
39446
39600
22696
34615
38114
76250
1
100000
70596
27592
79482
30209
76125
1346
1
100000
48138
23775
28097
79620
49637
61015
1
100000
46196
25138
93983
34643
31493
96654
1
100000
15097
85946
23094
83004
80066
15279
1
100000
18425
84598
72397
53335
93660
38738
1
100000
79661
80041
819
99188
45611
90024
1
100000
87218
10138
79552
15773
22670
43233
1
100000
59868
45751
16539
68547
56490
47491
1
100000
5777
9770
49615
12074
96822
82751
1
100000
52427
7566
65847
63574
83949
40164
1
100000
33035
7628
29026
7042
51348
22549
1
100000
91766
65165
10326
517
378
49847
1
100000
54658
71088
36399
18724
60424
38032
1
100000
31258
58858
58426
55940
53887
42489
1
100000
99385
98691
7528
32343
91951
14117
1
100000
22732
49267
27660
4011
77792
27635
1
100000
51980
38344
36292
9902
38682
80856
1
100000
34736
18403
44381
68794
19778
4365
1
100000
59696
30203
47089
18463
48630
95213
1
100000
97949
81386
82752
73762
97455
6106
1
100000
48346
97750
78197
85303
11321
63251
1
100000
30344
49465
61519
6434
95077
74859
1
100000
33293
58122
46342
77900
25167
59036
1
100000
19067
80516
96941
18811
44002
83688
1
100000
24924
22705
72992
22579
1827
53447
1
100000
1271
39295
50115
2899
89669
3847
1
100000
83370
4234
18171
2958
48373
38557
1
100000
48971
56027
6106
85925
5530
72005
1
100000
88739
38497
91192
67334
88276
76851
1
100000
32285
83404
13863
22358
13434
48173
1
100000
66932
85494
47916
35516
90562
43368
1
100000
95311
47826
98573
37236
18525
72955
1
100000
67452
96692
60438
39108
34192
44515
1
100000
26292
46645
18526
41926
61890
53806
1
100000
50530
22992
43610
14362
58122
26086
1
100000
68135
14163
37010
7143
57796
54432
1
100000
62330
39014
20886
44061
55987
12906
1
100000
284
2540
694
8936
47243
6505
1
100000
81108
91974
89701
82327
92457
46676
1
100000
64737
56330
25279
48631
34444
87594
1
100000
93895
75206
47425
71699
28074
70840
1
100000
99488
13011
38117
61251
55326
99954
1
100000
1440
43062
24814
90360
40961
19147
1
100000
714
93929
44664
30858
10664
97503
1
100000
66057
49026
38063
47350
44073
57995
1
100000
52583
66577
28802
54734
62869
65996
1
100000
54671
9778
3250
65326
2334
61207
1
100000
73857
51060
6920
29086
74355
5494
1
100000
45586
76533
59047
84366
99427
80050
1
100000
18796
48276
28806
19412
81451
38926
1
100000
90095
8007
8018
43750
27868
20054
1
100000
82865
58411
67512
73664
48318
40419
1
100000
19376
21216
59721
86459
15947
61116
1
100000
32143
14826
12593
22482
46441
2541
1
100000
38934
88967
57383
20034
62338
6065
1
100000
78770
30966
52073
93806
10035
71676
1
100000
65086
69730
79757
22637
80945
51898
1
100000
85862
58767
83898
72502
29296
73294
1
100000
74870
52652
48152
16330
59104
32268
1
100000
33959
55385
97560
60655
71602
37876
1
100000
93000
44697
44855
31966
96289
88325
1
100000
55454
39532
83494
77844
75498
12205
1
100000
70770
96006
47727
10807
17674
10781
1
100000
6609
96170
95882
41875
32667
98744
1
100000
66327
99293
2473
17581
38891
37101
1
100000
16334
40760
54912
75483
47406
7033
1
100000
17048
99390
75820
4593
95201
99091
1
100000
5051
71031
75695
99789
28844
62041
1
100000
83465
96786
26726
9146
89566
95846
1
100000
68156
87206
18218
52318
22402
27417
1
100000
89287
21175
9136
67335
56830
1329
1
100000
12288
84590
49571
77895
69172
7441
1
100000
82605
17836
89962
89633
89888
75356
1
100000
89806
85338
36707
22612
71394
86237
1
100000
80483
68344
73875
71626
33162
16813
1
100000
85750
76885
45798
61664
71010
90296
1
100000
86551
62477
47181
95755
54897
67537
1
100000
31335
77529
38026
46047
40295
89883
1
100000
32547
99613
5346
3428
99421
34958
1
100000
89505
618
97018
61272
89495
67031
1
100000
24526
68768
92509
98728
53920
52182
1
100000
63565
84032
86329
5324
13428
20833
1
100000
8045
93738
34593
25596
91794
42632
1
100000
88327
59008
60891
45616
60402
13412
1
100000
28970
8753
99651
83524
96215
26680
1
100000
19812
4679
93149
69596
81412
61373
1
100000
74782
30702
87733
46652
84545
37265
1
100000
47512
31390
48328
78887
14422
26470
1
100000
77129
3675
12713
31231
83232
64349
1
100000
39858
22477
15160
2798
48314
46451
1
100000
37089
18827
40035
46597
68529
80683
1
100000
44703
24435
15300
24652
94585
97623
1
100000
98510
54653
78970
96927
94406
94887
1
100000
77991
75358
11290
14131
62215
54708
1
100000
58647
53045
69818
15796
95395
50298
1
100000
21944
29225
11958
51967
72353
83645
1
100000
92914
5193
48690
74477
40935
43319
1
100000
73978
22909
84510
7313
49616
74220
1
100000
40486
63962
35327
4137
40077
90590
1
100000
13742
84681
66839
54372
31393
57272
1
100000
41336
88169
17365
43452
91007
30642
1
100000
57290
53996
44898
95318
44412
12415
1
100000
19790
98349
36373
63196
56252
17155
1
100000
52339
88418
6079
74569
22525
96798
1
100000
4268
90602
64607
67999
87621
73616
1
100000
23181
93313
19704
48695
16413
99065
1
100000
38407
30283
91773
54440
52325
13130
1
100000
19216
25522
70709
10660
62224
74679
1
100000
4844
74030
91516
55019
54462
83660
1
100000
43271
63413
99088
66355
85798
81265
1
100000
31943
97157
7784
19803
37736
69842
1
100000
98791
44611
98095
1545
87675
13186
1
100000
61245
64524
76035
48752
43772
11619
1
100000
65700
11668
50710
18194
88340
34036
1
100000
13480
41459
34705
25928
57723
24700
1
100000
74334
69466
31956
5889
46829
80567
1
100000
24912
92633
11071
68353
3484
8506
1
100000
47337
85772
10995
47358
59390
72622
1
100000
6680
49399
43728
89312
68389
43233
1
100000
87992
16382
29133
61609
39694
32261
1
100000
42227
57906
72466
31165
24015
80019
1
100000
72169
50393
64897
36569
72161
2350
1
100000
41177
23385
23720
97324
48904
52363
1
100000
96212
72432
52635
63598
11985
56761
1
100000
18916
11471
89815
72094
9592
93545
1
100000
73448
86443
35392
50248
86254
62293
1
100000
4721
72674
27722
98025
81419
68316
1
100000
1861
53693
21192
45976
6020
16543
1
100000
23938
83813
90938
58248
17101
67417
1
100000
67645
43721
368
94688
91813
59767
1
100000
22911
83480
83664
29714
82224
68612
1
100000
21297
42817
64590
40221
8243
5557
1
100000
87868
72322
88071
93202
38371
36700
1
100000
88176
27573
70901
34217
87517
59477
1
100000
9308
14884
6647
22394
38075
97828
1
100000
61446
15459
99261
91131
97814
3190
1
100000
9745
61788
10688
97353
92487
37114
1
100000
56764
19369
28210
99587
45963
4939
1
100000
79521
46713
31352
83967
27129
31055
1
100000
29328
62776
66622
99026
59055
58360
1
100000
49509
50204
50887
8609
23653
28881
1
100000
80677
16790
45230
89748
1641
41019
1
100000
38125
72709
41993
20313
39445
39333
1
100000
48958
84724
26161
27787
29143
73017
1
100000
88246
12192
86895
46500
35766
4533
1
100000
69202
77053
11473
75218
41085
71578
1
100000
98842
54484
35629
58916
8559
54503
1
100000
32292
70541
59155
31953
50973
59287
1
100000
24100
57559
30013
92886
92242
75285
1
100000
47146
88512
2246
87878
38015
40815
1
100000
59078
25688
26520
25508
69185
5791
1
100000
37683
19042
85114
50471
38241
19483
1
100000
41145
4588
47157
71585
11756
36263
1
100000
83720
15945
68070
21607
6309
73616
1
100000
11850
30783
43588
56587
35256
76373
1
100000
5783
74014
17090
79118
48889
72976
1
100000
69861
95203
66282
69343
65721
51794
1
100000
87625
18937
41562
56370
70238
53482
1
100000
20303
3700
96806
98140
52580
90023
1
100000
93961
21262
24601
93433
51542
14481
1
100000
39907
18856
6297
91760
48626
95275
1
100000
65764
22353
51171
60236
58356
42528
1
100000
63602
61373
53283
94974
78664
48888
1
100000
14505
39084
35683
42102
71490
19607
1
100000
99955
90476
30397
52398
20202
58657
1
100000
30965
91843
92153
43393
28886
22344
1
100000
5145
47337
50806
90678
21047
22657
1
100000
69855
97438
40171
12566
83995
45371
1
100000
83604
27741
3407
19778
13810
16580
1
100000
72744
51771
66653
34132
30887
63973
1
100000
76786
77007
16587
25740
13
18686
1
100000
67769
36410
31458
14592
86936
87103
1
100000
10455
93201
20034
18132
50014
73666
1
100000
43560
88141
66176
6570
87696
67953
1
100000
20927
9434
77192
3984
80502
85866
1
100000
57304
80149
64907
95450
95982
5118
1
100000
47809
29855
50738
37836
50598
6444
1
100000
58079
58027
66474
48813
34118
2905
1
100000
92741
85625
21969
53432
79476
24212
1
100000
31715
40600
66934
70320
55998
94911
1
100000
56512
94899
55887
60975
52099
28308
1
100000
61810
74060
43825
34666
37283
98707
1
100000
94642
36009
60273
80331
57208
9195
1
100000
12310
7319
79561
52566
77643
86820
1
100000
73644
97289
9307
34126
61582
54343
1
100000
43690
55384
39261
45986
77315
62007
1
100000
61705
68661
31121
82933
2490
63805
1
100000
39510
40963
71544
86630
81461
67243
1
100000
23284
19670
23342
49738
69585
71230
1
100000
41285
51714
35731
98541
44573
75645
1
100000
4550
20646
86196
24357
87508
24849
1
100000
22941
87535
53884
79110
80419
49721
1
100000
86061
75115
22254
27218
87642
66902
1
100000
33236
98849
90980
40850
62461
64129
1
100000
80253
3773
66929
7779
59611
30166
1
100000
99736
12816
36757
59476
33553
37236
1
100000
86324
16762
30752
57354
58387
46449
1
100000
85398
70469
90681
29304
3673
37107
1
100000
11900
32939
28696
47106
80957
26492
1
100000
30477
52470
55197
76202
57541
89742
1
100000
65551
83204
21491
45763
91284
68544
1
100000
33093
4845
35479
11919
91747
25433
1
100000
48525
86912
5090
79260
79954
42415
1
100000
2029
17432
59237
77020
7621
8807
1
100000
86727
40319
40481
45323
51940
59237
1
100000
87051
1925
79805
95961
83671
31193
1
100000
60377
68547
8709
50680
60290
63055
1
100000
44506
1033
4770
99517
99604
74131
1
100000
91095
24971
76768
12832
44455
45521
1
100000
57101
85065
44841
29581
70662
26452
1
100000
45655
7621
24322
98770
55327
46722
1
100000
1181
10669
78080
34564
30196
93514
1
100000
44744
41737
80730
19552
90394
6684
1
100000
64773
41866
77921
75188
61364
210
1
100000
71570
1103
93158
56474
59682
97806
1
100000
71638
52484
44331
4149
41842
85790
1
100000
37146
37824
69124
16200
20198
93239
1
100000
67850
3116
79952
88341
47255
3955
1
100000
6555
31864
78157
84143
89518
71470
1
100000
89659
3111
22297
67222
56912
86312
1
100000
15439
77034
54507
340
76435
5173
1
100000
76638
71304
83999
46392
25005
65083
1
100000
10590
61024
52980
24046
31789
46929
1
100000
59627
86515
95301
32073
76075
68514
1
100000
78802
92382
37626
20629
70900
32117
1
100000
8678
43867
45196
6055
50720
50275
1
100000
59125
37572
84917
10768
7810
74247
1
100000
49539
17493
26799
63782
31174
88823
1
100000
40161
23351
2184
39613
37172
36007
1
100000
52314
8236
13444
61210
765
12480
1
100000
14585
75690
55175
45354
74841
2495
1
100000
80519
64123
13975
83200
81626
88185
1
100000
52587
63607
17159
51477
68014
53778
1
100000
41014
77872
75737
7421
60690
36516
1
100000
82884
90517
94502
10520
78507
75276
1
100000
70508
1192
13591
74834
29932
52248
1
100000
44205
97176
5122
68385
23234
60607
1
100000
11220
21049
96647
98006
17888
65600
1
100000
43923
97144
82535
16837
94202
57029
1
100000
8237
67032
11574
54733
17927
49591
1
100000
34356
43667
1763
99179
65101
89759
1
100000
1229
21460
30797
91709
78559
7530
1
100000
96623
98089
21441
88364
52520
76130
1
100000
28247
5657
55958
94214
28767
52603
1
100000
26905
78908
3416
93107
71650
89219
1
100000
30181
4427
72683
49781
5582
99876
1
100000
21773
93757
54401
43279
40609
22707
1
100000
98535
70484
13667
57687
37962
73970
1
100000
95884
17382
3243
78780
16418
45255
1
100000
76262
44400
53226
54491
78473
30685
1
100000
61793
87240
39002
59956
6074
7538
1
100000
84794
61024
53799
83389
83600
30567
1
100000
73514
72336
49082
24734
82688
33465
1
100000
99859
4288
25787
37410
87182
10549
1
100000
92909
93334
3108
33529
76922
29472
1
100000
92623
77033
25320
22398
8577
58333
1
100000
83021
73035
72106
52653
54243
49488
1
100000
78424
48062
32463
45377
20719
99868
1
100000
71109
80887
22832
46867
25433
24032
1
100000
63804
6484
23541
7811
41457
1730
1
100000
41373
15596
178
65567
51472
72746
1
100000
84170
34616
70768
62982
77952
79490
1
100000
86599
43818
77474
1347
29280
64532
1
100000
1669
74432
83158
86557
27194
70397
1
100000
17616
16699
5779
94716
8963
54775
1
100000
14341
88709
69833
64970
1394
31415
1
100000
78347
93777
15878
65213
97299
38172
1
100000
60591
71660
11576
21874
80918
98053
1
100000
33745
12903
46526
33490
17337
8595
1
100000
31346
85872
5029
50956
5491
72736
1
100000
80424
18391
37879
8873
36767
87132
1
100000
54908
51069
91157
19784
98508
51167
1
100000
44798
75558
18694
53095
61313
50885
1
100000
12110
24104
83566
1355
89722
82511
1
100000
37482
37192
74772
98524
13549
87003
1
100000
49129
19594
43414
90325
64907
25288
1
100000
45225
68186
86605
91362
87030
93520
1
100000
1576
4973
57514
99457
96810
3598
1
100000
68042
92394
17489
28732
60000
93703
1
100000
14780
47245
81344
2088
78496
32806
1
100000
21032
22749
64178
37595
28513
13267
1
100000
62208
90861
55531
87940
23212
68728
1
100000
7905
94090
98521
26444
49856
94379
1
100000
19770
66846
6195
42352
33364
38084
1
100000
80963
11977
60692
43092
82811
18058
1
100000
6237
25425
94484
45726
17878
41216
1
100000
54303
11344
34463
97675
19714
42395
1
100000
7559
1884
17210
91840
94799
70979
1
100000
90073
66037
17396
64740
52748
82556
1
100000
84334
26011
72949
35115
31851
8011
1
100000
70525
50030
48768
67176
86060
96096
1
100000
2795
46581
1489
31074
53967
91668
1
100000
56835
15258
41883
5429
20364
52997
1
100000
58021
896
93231
56850
57742
3501
1
100000
46977
31702
21012
91684
91439
72555
1
100000
51413
96362
87253
16206
82995
49962
1
100000
53012
87637
74774
54380
67959
73970
1
100000
14075
55211
90231
65263
94131
6556
1
100000
46215
45066
73715
77662
3015
85808
1
100000
96770
88078
23317
45145
89318
45642
1
100000
61262
41080
84470
25789
34749
56632
1
100000
48818
67761
47748
89016
11808
79461
1
100000
18126
75889
43570
49285
73092
78616
1
100000
64664
37852
91876
76917
68201
11053
1
100000
89640
37167
14298
34471
52570
91708
1
100000
78415
71800
70514
48339
41721
81654
1
100000
59704
3297
13809
12469
77775
68884
1
100000
43281
9956
89174
24528
8418
66595
1
100000
17490
93493
69916
2994
85643
72508
1
100000
91211
16184
54219
21390
46796
7190
1
100000
35401
19413
39843
36767
36558
39977
1
100000
36812
16925
64300
69501
11482
40098
1
100000
43736
41736
16581
55051
15152
74266
1
100000
66786
70777
61172
24643
365
62949
1
100000
7459
63579
52768
93625
71058
68926
1
100000
41901
18003
59462
15743
89393
12542
1
100000
83688
86689
37995
73232
95159
77313
1
100000
10522
54636
56324
50037
82838
87135
1
100000
68795
94346
42826
15443
17238
81745
1
100000
47542
49691
52082
14660
36083
23532
1
100000
62912
90935
80097
5055
72855
97004
1
100000
6261
12271
37456
89923
74515
96499
1
100000
76149
37262
77255
55387
17759
87904
1
100000
25018
68271
54626
11665
36430
75385
1
100000
78047
46302
33719
25769
17460
8368
1
100000
51995
48043
43606
85434
62582
5062
1
100000
61657
64886
94595
258
6195
12021
1
100000
6564
76560
79152
22747
46259
12303
1
100000
99250
3806
37362
363
7592
40335
1
100000
65222
75611
34985
2143
72349
56382
1
100000
96321
51475
85916
85401
44723
11332
1
100000
39286
53562
24037
81012
95463
44904
1
100000
40714
92815
19952
54191
78606
45544
1
100000
28209
53626
20310
64256
42255
17981
1
100000
36584
6351
79204
68337
77928
98267
1
100000
75917
85640
43301
14963
76777
37684
1
100000
36046
67175
36704
21040
34686
2255
1
100000
64831
5369
91157
46523
13387
76512
1
100000
82074
4628
59019
10617
42136
24986
1
100000
75816
29447
67570
7518
94761
42436
1
100000
25566
20016
98455
66211
29833
20349
1
100000
99407
17236
82312
23808
52289
22057
1
100000
5589
35491
69432
3468
95958
46745
1
100000
6056
12704
45469
74614
97126
42401
1
100000
84960
72784
97162
2575
3984
63141
1
100000
24569
46626
29999
99130
16459
76392
1
100000
90039
21389
66075
39074
29971
55065
1
100000
70369
54080
53790
80850
34349
31333
1
100000
42043
61182
47089
34783
89733
22876
1
100000
48116
13718
85662
40413
98758
21853
1
100000
32320
78439
39594
71645
61046
79471
1
100000
11532
21824
47486
34773
71335
50391
1
100000
86411
68004
12505
71132
40221
18671
1
100000
46310
60195
8476
39784
92460
14914
1
100000
71204
81805
40610
99167
86885
16810
1
100000
99042
99906
94341
40314
63741
20125
1
100000
98981
18253
60637
68521
18854
37733
1
100000
92190
37474
17786
51829
14792
81840
1
100000
97662
82252
58548
35320
41780
49882
1
100000
87355
69393
31840
96816
31693
92705
1
100000
16947
24560
50275
1348
93802
76668
1
100000
71129
63782
4543
80500
15795
13534
1
100000
50757
46399
86905
37745
73851
15994
1
100000
20351
53025
18662
44549
65811
2283
1
100000
49109
67259
10968
23282
25868
81577
1
100000
53497
7847
55892
7829
86838
87799
1
100000
41443
92303
87475
30361
30599
76941
1
100000
99155
94034
13761
5984
47580
71131
1
100000
95580
63755
98581
32100
47451
97664
1
100000
63006
77994
3132
53689
23551
59351
1
100000
81916
31385
30790
78519
45836
93277
1
100000
26640
91694
5847
7885
6324
43501
1
100000
99765
20234
64791
91806
30226
3490
1
100000
83632
64418
72233
20935
43307
13605
1
100000
54158
13432
81417
31019
40883
38491
1
100000
20027
8616
18311
78800
26842
26952
1
100000
55933
71191
88842
58200
29623
52470
1
100000
90972
97641
91396
85951
1468
71161
1
100000
30934
88873
39254
14105
62476
76260
1
100000
15383
9644
38754
44050
88818
65399
1
100000
2141
20307
60864
11526
29790
7645
1
100000
83270
52408
10258
40622
58418
3803
1
100000
95487
7761
57380
65961
14936
53677
1
100000
83425
2380
73923
1078
50719
55388
1
100000
81436
42768
46859
4634
43702
97180
1
100000
36865
66869
503
15324
75529
35459
1
100000
3006
35923
22987
57719
78506
795
1
100000
37652
795
7225
3303
65960
27472
1
100000
54862
56819
551
10447
48405
17172
1
100000
87062
35708
10561
54324
90745
73650
1
100000
65082
38476
61036
62151
13818
76738
1
100000
46424
84098
2960
83936
28782
65054
1
100000
94476
42311
16797
3451
94834
23878
1
100000
16033
98460
73864
71338
68893
59950
1
100000
55357
38270
44971
40568
21646
9609
1
100000
18779
14883
41438
46583
34337
63245
1
100000
91068
2285
64579
98125
84415
18872
1
100000
22756
19854
28999
16764
17253
27002
1
100000
20081
58154
80023
50984
28189
14909
1
100000
99979
16665
10118
9557
34530
84744
1
100000
12708
69639
43763
29943
50328
32340
1
100000
56292
43067
20887
63071
64059
46168
1
100000
7216
97739
14052
1793
60231
26001
1
100000
70806
33107
96325
37137
76649
47553
1
100000
76287
2172
14823
54188
79538
69159
1
100000
67011
52671
17388
6271
96808
29166
1
100000
86512
95433
11404
34595
96149
27160
1
100000
35648
58246
74346
58214
54605
45115
1
100000
61890
64577
70972
57896
51330
60311
1
100000
94658
38435
41828
63380
68572
67205
1
100000
11095
95126
786
91997
58749
51161
1
100000
72485
1148
40928
22186
37761
3672
1
100000
18162
18405
76346
25146
98088
97265
1
100000
9366
7938
32706
92978
47659
87943
1
100000
16400
78338
70095
71024
23869
66638
1
100000
58368
38505
46982
68245
84076
2205
1
100000
24794
88382
52906
79081
32902
79849
1
100000
30471
12468
12666
96835
93123
83522
1
100000
99685
50890
39200
21982
31568
41445
1
100000
58620
2244
54986
16566
19831
35606
1
100000
83782
19682
69208
1455
94937
57123
1
100000
68092
11123
70542
22703
99241
11745
1
100000
80475
51035
53905
94660
33045
57135
1
100000
69291
76984
77083
64876
16523
77268
1
100000
83653
14964
70885
77109
47006
73531
1
100000
26384
24863
85797
22457
36894
1731
1
100000
20724
91132
27708
67045
54279
62414
1
100000
37131
78825
39623
65650
25529
69159
1
100000
65428
10026
40002
33322
94130
67983
1
100000
47646
58007
83562
72210
64367
47836
1
100000
71452
27617
90223
80508
33368
99706
1
100000
30477
83860
21098
57979
21902
32423
1
100000
36351
18637
16450
8494
82588
15838
1
100000
90538
14002
68779
19224
81214
17998
1
100000
63827
2366
82837
71880
24076
86101
1
100000
44485
8954
156
65409
20027
88244
1
100000
13382
53468
5596
69071
98646
90807
1
100000
97323
70138
12606
77840
72466
34673
1
100000
94119
78471
21893
39412
12350
27774
1
100000
96649
66649
14139
57626
16668
30850
1
100000
93116
25415
99051
83204
39556
44411
1
100000
93330
23701
86151
71779
74368
94405
1
100000
88750
55597
30825
34374
12190
59786
1
100000
92554
27676
21280
29405
4228
44589
1
100000
80267
35594
11779
58054
88969
29709
1
100000
79032
71549
7761
42788
81548
64962
1
100000
23163
63405
51195
70999
39746
44618
1
100000
81600
5062
89999
18218
67623
29189
1
100000
10108
34192
69765
17351
41223
78943
1
100000
10709
56384
28659
20901
63834
10948
1
100000
32655
14770
88052
56440
50298
95046
1
100000
47776
99612
83464
56433
18344
60638
1
100000
93339
4928
24746
59835
43633
62667
1
100000
38485
90423
80817
75459
60720
34047
1
100000
98934
99854
8156
18318
94334
17628
1
100000
30892
4402
2167
21492
54208
26992
1
100000
37618
36481
14099
51534
54994
50364
1
100000
35133
79351
1332
61604
28631
18860
1
100000
51151
87058
7962
8908
92229
8871
1
100000
99362
94249
17725
96096
51131
19673
1
100000
67779
3722
69475
30015
27356
27944
1
100000
75738
52972
53352
29816
83947
30545
1
100000
17125
87431
93827
32322
41248
47546
1
100000
27043
41766
60916
28418
43180
8709
1
100000
20048
26376
40135
7563
45688
65071
1
100000
80608
42224
34433
36226
25611
2142
1
100000
64291
58732
22842
37248
78211
55803
1
100000
38847
14603
99630
61977
63050
66747
1
100000
63874
9791
13082
53020
26760
80235
1
100000
27571
28358
13969
39080
40554
78400
1
100000
81001
61045
14019
68771
99702
53222
1
100000
78413
77177
12269
15784
53635
16611
1
100000
43145
6936
14808
63884
58429
494
1
100000
15476
46773
81936
88952
38131
44237
1
100000
76232
55238
50747
51809
39681
26070
1
100000
91855
59651
31139
35337
87917
24854
1
100000
83903
29547
25506
55490
18968
40103
1
100000
27034
95438
4862
24569
73584
48426
1
100000
39570
68287
39384
45177
74224
6201
1
100000
36657
31209
97567
59750
64570
6836
1
100000
77559
48339
6133
48982
94104
5097
1
100000
40539
981
81393
68859
28156
17332
1
100000
97256
59657
51202
48638
27818
68348
1
100000
74890
79491
42720
14166
97275
36142
1
100000
57748
26859
50381
55608
64460
85669
1
100000
17083
33596
432
27502
59525
54386
1
100000
19764
39249
43907
15264
4443
68085
1
100000
90778
77486
95828
14924
57690
18624
1
100000
74712
69268
85597
72832
73563
97568
1
100000
56732
90684
13253
70505
88247
47769
1
100000
31510
72775
68842
60223
29884
29931
1
100000
987
45030
20235
76876
93256
20128
1
100000
72248
35197
43550
73351
41733
20748
1
100000
34374
21455
50682
64138
74108
28717
1
100000
47041
26890
2494
47712
47944
71084
1
100000
96595
37961
12971
42906
84784
41958
1
100000
11416
60476
49468
91362
35743
40621
1
100000
99397
16512
69418
54513
71131
74154
1
100000
29100
72513
7924
8936
37075
81242
1
100000
62459
41800
36985
56151
59178
51455
1
100000
31594
18025
8335
15925
29707
39862
1
100000
84195
4212
97730
62545
12711
86617
1
100000
82309
59815
18942
75636
98078
5354
1
100000
17954
59900
68367
37804
92821
90884
1
100000
58766
45708
503
2313
44754
26120
1
100000
36107
72905
80307
24855
22790
62584
1
100000
78689
93548
25586
39809
7196
98878
1
100000
79046
482
54622
6241
92962
50582
1
100000
71511
92542
40769
43653
39868
96738
1
100000
28286
73255
43987
834
74467
33279
1
100000
39325
80487
67178
51259
92175
12508
1
100000
90030
19477
97544
95254
13385
56745
1
100000
42549
17131
18704
75922
49643
91722
1
100000
22701
83219
26180
72372
86976
87350
1
100000
33469
45715
97876
39839
47368
10978
1
100000
72695
43735
54221
45748
63883
74938
1
100000
37507
87567
28005
64421
40756
59062
1
100000
36272
30403
53446
85923
15376
63332
1
100000
46382
1310
91647
51470
83841
34103
1
100000
74308
4412
20393
574
53953
55453
1
100000
4512
43481
723
45307
16031
7556
1
100000
56530
67916
48015
14174
13076
9708
1
100000
89009
46281
60837
38924
85032
4488
1
100000
64557
34592
49023
6956
8178
39437
1
100000
95912
29225
6706
62738
47307
30557
1
100000
91880
87658
5929
85835
14732
35071
1
100000
51700
31785
11344
1091
27229
63816
1
100000
15608
3060
99243
11006
31682
20626
1
100000
39527
92975
18473
28866
91528
81185
1
100000
87460
19721
23373
66992
23152
20035
1
100000
65937
62308
77476
75472
19549
81096
1
100000
19273
99015
32882
20660
97987
62047
1
100000
6078
33069
1570
47896
43935
9358
1
100000
94180
90864
16294
96513
61246
67098
1
100000
47289
83559
43599
39060
43489
97694
1
100000
61442
85994
18431
44572
60484
90742
1
100000
61977
8660
96402
50018
97673
35610
1
100000
75919
99370
55738
39256
25453
70409
1
100000
86857
5120
51428
55630
12359
1123
1
100000
25940
16745
10833
82130
44570
21983
1
100000
46232
42845
50059
37002
40208
883
1
100000
59525
52744
56321
63963
26725
90961
1
100000
4567
2239
82937
48315
30999
24785
1
100000
7002
53886
66736
90818
41178
99713
1
100000
73581
94451
69078
73229
3790
51314
1
100000
25698
59973
87553
94132
87120
98316
1
100000
77132
64729
26933
33285
44166
40382
1
100000
92344
15552
82627
80497
13077
72810
1
100000
41998
78172
26366
22083
52578
48597
1
100000
47076
46164
29422
83803
7268
56403
1
100000
22124
55782
75221
58389
89282
20709
1
100000
81370
44107
44618
23500
2790
6326
1
100000
34693
57225
79362
88440
52713
71236
1
100000
88687
87421
41430
68109
47675
78440
1
100000
81787
94010
58942
83120
90007
24016
1
100000
64497
8050
12433
44376
52285
9493
1
100000
47483
98253
75666
83530
75644
62490
1
100000
82404
76857
1353
25684
78679
51196
1
100000
58918
71446
95244
60279
41716
60974
1
100000
98056
42901
49445
38995
63185
10386
1
100000
57445
93533
53083
27121
5400
52731
1
100000
9500
11603
8151
16948
65273
7716
1
100000
74470
52441
20045
53155
94931
3081
1
100000
39354
82668
57165
36719
77219
76409
1
100000
61143
5919
9580
34225
34743
80714
1
100000
25200
32140
59393
86454
3690
74864
1
100000
70598
18945
59900
31750
98454
46907
1
100000
90727
99482
38464
7318
30284
60286
1
100000
12946
84565
36888
63473
94789
91045
1
100000
28710
22873
38960
4400
2533
57884
1
100000
67280
24048
34007
60669
37978
59960
1
100000
36144
90914
49554
33162
49777
17868
1
100000
81042
94621
1996
37072
37578
25701
1
100000
48227
1886
14356
44277
75486
49570
1
100000
86461
78098
2567
65975
1168
57663
1
100000
10701
66482
20122
51156
44084
67076
1
100000
97055
43801
32345
18059
31554
62986
1
100000
93342
93677
46427
35330
92385
39193
1
100000
86227
58476
81089
55930
2367
9441
1
100000
37289
14535
76314
2842
90768
41757
1
100000
45544
57519
12097
91039
63748
46884
1
100000
81302
92699
1281
34988
80975
56279
1
100000
54822
61972
49772
7274
29019
47854
1
100000
64730
45995
73843
20039
54476
34654
1
100000
30940
94790
312
22430
92589
34765
1
100000
2774
36906
19185
32624
85670
95111
1
100000
91688
10369
62985
51701
39184
58694
1
100000
54379
16954
31019
21562
56202
26386
1
100000
79746
32103
18527
35420
47221
76087
1
100000
82331
71241
92924
89236
70873
95077
1
100000
4260
75674
50120
53036
50162
76763
1
100000
40046
45296
26030
88085
99704
87064
1
100000
69171
36530
1399
54722
23235
222
1
100000
30132
18408
22810
44395
15092
41632
1
100000
81084
44255
7146
44428
78439
96728
1
100000
32348
56661
47623
7498
18548
10134
1
100000
20537
10851
41584
96075
53106
72630
1
100000
70759
39412
5894
21339
75094
17497
1
100000
39060
52072
26497
76442
93762
71097
1
100000
39755
88150
49982
24694
82365
86143
1
100000
34591
45691
59291
97615
7894
40331
1
100000
10100
2655
72486
66809
72079
17280
1
100000
88715
92780
72622
2605
78176
20749
1
100000
21413
67875
81647
9904
2351
10030
1
100000
33885
58923
20568
20728
59330
74670
1
100000
56895
20831
77353
83329
5797
10148
1
100000
37045
28915
13099
37556
86651
38273
1
100000
68958
9298
62411
65753
7842
86431
1
100000
88547
29715
63675
76610
50254
50762
1
100000
29261
45630
28355
70712
71739
2961
1
100000
22662
61871
75571
75787
66543
43166
1
100000
60700
84464
70194
86825
98213
85655
1
100000
26889
45398
73372
27354
98467
73814
1
100000
21020
59194
94306
98552
50190
91418
1
100000
69696
25848
98000
15285
98896
11606
1
100000
23586
97765
78613
88971
23262
71953
1
100000
53300
85832
56249
96817
74033
11113
1
100000
10413
66612
96715
93717
91540
73365
1
100000
49770
82676
46146
15977
60363
54022
1
100000
40916
43111
93851
17352
81568
6011
1
100000
32935
37164
62237
31286
22447
62294
1
100000
79860
14279
32130
14139
23346
66914
1
100000
56778
50568
35389
57365
26618
23597
1
100000
66282
85394
69652
71589
70200
79976
1
100000
76219
14831
16453
13261
70125
70869
1
100000
6428
97077
79877
7340
94066
54583
1
100000
57236
47672
6416
47475
43283
72855
1
100000
70364
66118
8462
95986
17843
12433
1
100000
82515
59532
77733
7282
96023
47302
1
100000
41353
55401
55953
15722
47321
82264
1
100000
59396
29737
70409
69098
34602
89487
1
100000
12990
49169
23507
23718
53916
22142
1
100000
91281
13423
29960
1369
30439
54917
1
100000
7962
36768
31807
27756
26650
49166
1
100000
11640
79953
75173
74261
24623
29690
1
100000
50939
57175
68407
68000
32982
90378
1
100000
90314
36708
9746
13079
37203
43676
1
100000
86058
38201
68092
46680
54137
98375
1
100000
30688
31011
23877
66058
12679
72600
1
100000
22964
2490
7624
73717
17481
31310
1
100000
32926
6120
55455
15085
4221
23536
1
100000
9524
3125
86656
65400
91661
49853
1
100000
82541
98774
92673
29057
36045
87629
1
100000
50153
84045
42418
95006
70584
70085
1
100000
11188
7396
78040
81111
81181
76857
1
100000
74786
15742
22319
84037
63215
8966
1
100000
30036
45033
62938
85848
70878
82318
1
100000
18407
32029
29364
2108
49867
17345
1
100000
40627
27263
49395
27029
6758
22137
1
100000
53880
10649
7645
82417
55530
32431
1
100000
19301
29877
18941
3990
71457
84333
1
100000
62239
55436
1876
85234
47287
97223
1
100000
30930
63613
91979
93944
33116
94295
1
100000
63171
89974
83847
34340
83622
57915
1
100000
88627
14546
26661
68969
48002
92322
1
100000
62279
22382
23901
92781
49415
9865
1
100000
62899
56732
72547
14079
137
98922
1
100000
45460
91403
80942
95899
7181
14648
1
100000
55430
18684
76172
20514
90012
13335
1
100000
42702
40856
92959
20350
50541
27289
1
100000
37771
58165
16562
12113
8856
91291
1
100000
52792
80821
51903
66360
72314
83055
1
100000
88937
53768
93916
32873
54105
70167
1
100000
57157
72400
30845
64355
33041
40818
1
100000
91032
82671
9644
75792
92409
91585
1
100000
32243
19956
99113
15519
30851
49575
1
100000
81643
40173
773
76357
29962
3429
1
100000
99614
77786
51431
60182
67910
40558
1
100000
95627
14450
53121
34983
92583
24884
1
100000
91793
67477
75958
74615
8041
40347
1
100000
17416
67792
66861
59432
99280
57961
1
100000
54143
91873
25747
21406
11092
39327
1
100000
80918
17169
35487
48041
4491
37009
1
100000
3735
96156
11080
30350
370
39092
1
100000
92758
8681
69110
96164
69682
80593
1
100000
22935
80946
8243
15879
72455
54506
1
100000
84728
33296
86944
92752
16998
50333
1
100000
52807
99934
50117
11896
20640
61210
1
100000
2305
52558
854
52234
95955
69297
1
100000
5801
28337
19209
66350
98609
49505
1
100000
38337
1962
40996
91241
65680
13878
1
100000
1359
80921
2020
9536
10479
20802
1
100000
3850
55061
29853
94439
77807
92787
1
100000
73338
88955
10944
96742
72656
85508
1
100000
60575
51409
94584
74658
66750
58998
1
100000
69753
13331
39704
48770
98451
57702
1
100000
95538
95944
36400
69650
7748
90982
1
100000
29897
12747
93570
59271
67379
97968
1
100000
35123
45880
80062
55464
12685
8715
1
100000
54201
47134
82755
27988
14378
81832
1
100000
15097
33429
57294
40013
88840
21541
1
100000
33159
41609
68724
5794
38701
46592
1
100000
91880
54208
8444
10321
50109
42873
1
100000
13714
38014
42048
65889
45451
26408
1
100000
5160
21035
23649
14585
68302
53247
1
100000
44082
32979
30874
9238
61760
54977
1
100000
43539
66055
9961
99181
45288
21061
1
100000
89276
11330
40166
17382
70230
3662
1
100000
34514
82321
12997
61395
87914
74546
1
100000
88161
36103
48107
30496
98124
32805
1
100000
63603
92375
87291
92458
19234
70398
1
100000
91826
51707
6524
70767
7419
80331
1
100000
51920
78478
89754
43365
66286
86305
1
100000
72901
90134
35188
20987
14305
27499
1
100000
15210
9594
18053
78026
9843
15705
1
100000
32095
4064
61783
39421
54616
78179
1
100000
43149
4732
39589
18200
91583
22345
1
100000
39447
7741
80789
51087
12269
96400
1
100000
59713
57182
21260
55752
61304
62866
1
100000
89002
84022
17733
24694
21033
53892
1
100000
75524
1112
67147
29536
69552
58245
1
100000
64109
26178
56994
80381
60468
62464
1
100000
88309
62079
98081
57719
42601
97880
1
100000
49980
88444
48723
18473
88795
60308
1
100000
21034
4535
64083
54158
14544
65348
1
100000
23435
79846
86686
98623
72905
57696
1
100000
13618
84181
61230
26497
19848
53511
1
100000
42805
67309
56716
21775
20678
88193
1
100000
20591
30690
84456
21016
80446
18247
1
100000
49737
50187
39466
15827
63060
52381
1
100000
93996
57963
85888
15271
49904
57703
1
100000
53639
38685
43666
32428
76669
11120
1
100000
60698
35906
40348
74336
93559
32336
1
100000
40884
29139
10958
64875
84491
60562
1
100000
62792
34036
26394
94525
58011
7870
1
100000
27500
30648
10189
38569
86676
48476
1
100000
31505
67728
19251
47004
45759
49610
1
100000
92536
2600
20148
33723
75018
80593
1
100000
15396
45641
49941
74836
79616
43388
1
100000
92283
10782
13214
51829
5501
472
1
100000
87449
4423
36440
95814
81707
86720
1
100000
96689
82414
82354
79623
28062
91750
1
100000
93918
88388
12021
65969
60671
43770
1
100000
64368
39269
73290
19689
85672
61023
1
100000
31817
12260
48702
72338
58160
66723
1
100000
32507
71415
78604
23631
8727
80802
1
100000
34834
69021
51587
43170
74396
68165
1
100000
47694
25634
49663
20769
73600
78121
1
100000
69172
95223
92925
24855
25723
74586
1
100000
64001
59333
674
40102
21363
54845
1
100000
35424
87861
72995
23660
15096
87008
1
100000
48282
13883
22387
94319
98457
13922
1
100000
28508
15843
4703
12122
43466
85173
1
100000
60613
60041
68723
45382
57793
3858
1
100000
49937
30916
3250
70064
80270
48786
1
100000
42130
47067
41639
6041
35915
71025
1
100000
21346
50533
21250
71241
73002
73014
1
100000
40215
52428
85614
75191
70973
67725
1
100000
81772
14262
32473
55197
7562
70237
1
100000
68647
59609
63583
74840
62252
80566
1
100000
77114
17874
95677
51324
54717
98888
1
100000
21305
67102
74054
38020
87125
76051
1
100000
39492
95877
45037
31241
83183
14511
1
100000
54743
94828
15107
7808
34391
85939
1
100000
10335
41147
25600
34171
60757
4820
1
100000
27738
75749
59267
5113
87930
80477
1
100000
35740
80264
40219
76640
98730
77344
1
100000
69008
96139
60423
61530
63088
50589
1
100000
20993
40895
41836
25523
5926
17620
1
100000
34859
5150
5610
99404
47546
4137
1
100000
98528
48018
78361
10003
85313
95429
1
100000
1380
54794
14723
61179
8523
96501
1
100000
4237
30231
26330
21944
49178
64598
1
100000
56492
54289
31998
67262
37519
33842
1
100000
31799
4832
54624
50828
57082
7913
1
100000
12403
78348
81726
97270
36300
38245
1
100000
16358
91834
66835
93560
64660
32841
1
100000
60172
55194
6610
4281
40856
66189
1
100000
54236
3666
63403
87510
77925
6350
1
100000
16820
96975
43620
46220
97828
33300
1
100000
81819
50522
58151
9174
78960
97651
1
100000
60493
89996
38697
22688
74889
40300
1
100000
27575
74049
5078
50209
64272
90278
1
100000
73334
100000
19787
23759
76529
6213
1
100000
94057
20966
86197
88678
77705
23765
1
100000
21842
33383
52752
6553
61262
97070
1
100000
86312
78931
14998
58499
2538
71319
1
100000
39475
28603
3938
90716
44104
33733
1
100000
35479
23412
52557
78303
53723
27256
1
100000
68363
47562
43330
95838
66141
49147
1
100000
72490
46331
99687
19428
75150
23991
1
100000
17621
56199
5091
4990
7771
93505
1
100000
10016
77470
15155
92710
98947
36999
1
100000
27726
86991
62747
9323
440
22114
1
100000
74092
8084
61074
26094
47448
75561
1
100000
84545
13201
27746
1325
59555
22473
1
100000
19676
33430
81228
62587
66768
83922
1
100000
35181
11426
8699
59038
42826
63119
1
100000
6908
44926
77972
58734
1944
58851
1
100000
2139
82465
19
22076
86122
76174
1
100000
33173
11993
71414
57475
47565
64217
1
100000
58273
85905
65357
58373
75205
62221
1
100000
59507
62644
10824
71970
30584
80507
1
100000
31182
63046
4559
59138
41610
59007
1
100000
33804
38072
21911
87228
1310
99479
1
100000
65835
22593
9995
52784
56102
45243
1
100000
71478
18305
54177
51708
94009
36344
1
100000
99736
22950
7440
46124
9144
32409
1
100000
41204
43770
53070
1651
22354
91194
1
100000
28978
53424
90069
8965
55141
25586
1
100000
34413
93708
45026
83815
46403
87089
1
100000
64521
23274
76944
54103
49840
9080
1
100000
53483
68324
22726
30761
90106
12912
1
100000
42338
21408
14592
83545
30810
55592
1
100000
39421
27462
44670
42079
21588
9723
1
100000
62737
21535
18657
88320
59423
60195
1
100000
3312
64644
28554
70279
72349
5502
1
100000
51288
40357
4695
34979
73938
30724
1
100000
75606
72694
71330
50957
89691
19308
1
100000
55135
63190
27055
29592
64292
98681
1
100000
25813
97479
80517
9616
66023
40852
1
100000
60091
57099
28684
52137
41764
36081
1
100000
63968
7003
78735
4375
2593
50519
1
100000
77832
61934
33699
28760
35076
9283
1
100000
32404
62775
23411
10655
81478
67704
1
100000
17862
50585
33183
37709
25670
91994
1
100000
79129
6775
19673
55582
65400
27070
1
100000
48394
28765
8881
589
54230
65886
1
100000
91676
35709
78029
63475
38770
51171
1
100000
35043
18775
36210
36885
50774
5515
1
100000
14456
63900
60113
39339
95661
77738
1
100000
37820
12482
73787
99527
16509
73188
1
100000
84783
30127
1932
80801
59280
22818
1
100000
96513
28787
2191
91053
95379
84607
1
100000
64005
73255
6107
5814
69995
53821
1
100000
66336
4310
46682
88756
10355
30407
1
100000
92191
79789
70998
31869
9188
23035
1
100000
66693
77233
15922
29716
75129
49503
1
100000
163
97207
25687
78441
5126
80978
1
100000
37630
56113
4175
75494
91451
33281
1
100000
56732
22428
30880
28120
92798
86011
1
100000
14849
68168
48575
40636
66142
27450
1
100000
47498
80555
71835
20118
8469
90517
1
100000
18931
17660
14016
620
50881
47439
1
100000
45373
21117
66103
12153
48274
43907
1
100000
62554
75900
18381
68345
38788
59657
1
100000
43392
82591
84558
97587
4863
71856
1
100000
91440
57970
31421
52685
66426
41637
1
100000
43149
4303
16209
71183
20702
73292
1
100000
64207
39946
76814
41676
97839
83311
1
100000
14290
74714
10425
10448
50137
16182
1
100000
42739
23511
34385
22383
72335
18458
1
100000
7001
7344
9336
6734
63643
40777
1
100000
24172
15724
63351
97799
63412
66519
1
100000
91345
75334
93459
33801
66899
40567
1
100000
21015
86926
35138
83950
77215
83758
1
100000
79815
54254
3722
82452
17621
87883
1
100000
42239
53891
67522
14315
58024
74827
1
100000
59533
81276
92810
38055
86557
3298
1
100000
18370
22686
9141
63301
76109
86741
1
100000
61450
13949
62983
44846
62822
70354
1
100000
98860
34008
14494
606
84610
70828
1
100000
25006
54880
61633
76916
52787
950
1
100000
63707
22706
40003
7908
90094
62184
1
100000
11876
34290
41074
17425
64673
11632
1
100000
38321
20704
47273
12894
60438
91257
1
100000
53701
33082
24636
99705
18814
41377
1
100000
8505
5938
76456
79613
53284
68495
1
100000
33140
74798
94311
73972
32724
15921
1
100000
92711
92372
82794
93197
28981
60040
1
100000
19437
13088
34146
22815
99968
58964
1
100000
57296
38525
35772
83687
81709
3149
1
100000
2503
90308
6444
96514
34073
42709
1
100000
11078
46546
9297
64357
75924
32831
1
100000
26056
43552
67871
93834
16630
29528
1
100000
99225
56235
85975
93862
89154
78302
1
100000
19097
14769
18725
99579
41904
80658
1
100000
37245
12574
63994
44171
21507
19258
1
100000
68755
72347
93492
56779
45555
68742
1
100000
17139
89464
61799
7015
23476
88860
1
100000
89288
3005
32935
5119
77125
39588
1
100000
14419
59498
34472
98597
46813
6456
1
100000
37246
77318
33198
95883
77905
73391
1
100000
48811
16234
74785
64860
88520
30653
1
100000
99150
86650
39694
63094
65006
45405
1
100000
16765
953
73609
91632
11006
21882
1
100000
35423
41123
53097
76991
49288
28073
1
100000
50147
36730
84720
37229
95101
5453
1
100000
23118
15593
93531
33213
81287
98965
1
100000
85630
21730
88620
48665
1863
56963
1
100000
33775
16599
70897
64876
71475
20433
1
100000
77410
4941
30187
90395
17517
66983
1
100000
58480
47767
89572
73535
1283
15910
1
100000
44219
32814
22434
11593
9821
17183
1
100000
59328
2064
73570
64892
49651
43373
1
100000
36864
86604
93684
51189
80051
63168
1
100000
76694
34723
4772
49637
87086
14288
1
100000
25241
50837
95807
37932
72837
73346
1
100000
66041
20765
7131
29675
30105
73149
1
100000
82341
14806
68828
26422
42236
35475
1
100000
34775
98073
89877
32806
85920
56907
1
100000
61616
27145
89478
81670
59641
60635
1
100000
79890
34026
38088
78728
114
7460
1
100000
38629
87467
52214
6933
70843
71598
1
100000
8686
54418
93798
30491
93439
70625
1
100000
68971
51188
62631
33750
71941
85850
1
100000
77665
25054
53363
15942
81461
49185
1
100000
25004
21392
65880
6126
71517
51213
1
100000
20479
55074
68152
92759
8888
38299
1
100000
41822
72557
14819
92991
32129
8013
1
100000
78709
87460
82926
42915
15043
81703
1
100000
67057
86836
77488
76830
86180
27640
1
100000
9268
85398
86212
54474
46894
85014
1
100000
51931
15765
49745
65010
97893
7546
1
100000
17137
10942
88412
66954
87806
81932
1
100000
22919
25548
52874
62545
38582
13207
1
100000
63073
1590
49273
29462
9973
92263
1
100000
60515
81456
54111
86015
23493
91056
1
100000
78127
3551
20994
8430
35469
61998
1
100000
70714
9883
15093
68907
12692
97598
1
100000
66117
43302
41202
1937
85845
87581
1
100000
25617
86811
77626
17571
29352
29353
1
100000
98866
47581
46330
55305
460
93889
1
100000
71731
77998
63456
78171
5570
91995
1
100000
11093
69115
68621
44705
53821
48121
1
100000
65709
50596
55562
64262
60702
17920
1
100000
90036
54434
47312
26994
47922
44603
1
100000
36430
23418
14325
383
83640
89001
1
100000
67305
1698
51078
97612
517
95204
1
100000
66353
31751
51415
7134
3800
73865
1
100000
46072
2843
34137
52958
79958
24363
1
100000
94527
93683
71342
94559
47939
98302
1
100000
42476
65612
61378
47126
3233
32762
1
100000
71790
33634
2156
78063
61715
94666
1
100000
43682
87527
11966
89045
104
9087
1
100000
87586
95174
11663
19706
52396
5772
1
100000
37894
72199
38465
95744
50891
70046
1
100000
92139
73089
13093
47112
40513
21703
1
100000
35601
58044
6307
9444
84147
10786
1
100000
82697
42115
51104
84566
57010
94388
1
100000
64650
66438
19848
98278
62880
73086
1
100000
93249
10571
75014
81361
50068
21544
1
100000
84434
25535
83667
93248
34992
95408
1
100000
72374
69498
51801
52041
37643
59978
1
100000
81104
51306
92443
15547
34883
30360
1
100000
82931
91959
49541
73157
80319
61892
1
100000
64511
64755
39266
92363
50680
59288
1
100000
45590
97174
87381
24008
71280
75367
1
100000
83981
13826
50740
9872
62163
32640
1
100000
23520
85921
99735
37854
48063
29037
1
100000
8765
55907
25709
84104
79814
95646
1
100000
27454
6111
59967
4985
58476
61297
1
100000
47486
9650
3739
55718
36694
39242
1
100000
5425
46773
87054
21623
62698
27690
1
100000
56806
91575
24885
62323
3517
53734
1
100000
94086
43970
41916
35095
69219
24322
1
100000
92464
88499
33091
87138
38731
26712
1
100000
63808
80373
84023
6593
39230
72233
1
100000
80799
65673
30517
12171
40915
92319
1
100000
78195
43780
65417
85636
6201
68438
1
100000
22031
89614
30528
45302
44568
86452
1
100000
1613
48633
79863
33759
89758
31186
1
100000
19898
77066
96241
60557
60488
72625
1
100000
41200
85794
81085
28810
14351
99775
1
100000
41350
67696
6475
92911
61444
94238
1
100000
45211
88938
58249
77356
49587
45191
1
100000
40083
48134
93628
5004
99388
56615
1
100000
78910
20957
66807
2531
43757
37230
1
100000
87892
83460
6885
8088
86544
20754
1
100000
74127
54379
82002
78687
25821
60475
1
100000
98589
54280
36474
65687
24843
37896
1
100000
27201
56874
66759
93578
71720
70725
1
100000
43356
54212
8610
93218
60456
35805
1
100000
7683
92841
1036
38050
21555
37873
1
100000
39067
25985
7401
79857
12721
59720
1
100000
2167
86529
48908
81073
54279
74394
1
100000
20483
36622
39395
26682
90718
27039
1
100000
88979
26173
50141
15739
51902
70170
1
100000
50238
95010
79455
90071
73730
68749
1
100000
95258
83629
99310
20510
18286
78860
1
100000
11200
8850
15848
88640
69465
94545
1
100000
42098
6162
82555
4987
13088
60607
1
100000
45776
7077
95667
66215
78950
27792
1
100000
73243
33698
76453
80540
76964
37216
1
100000
79205
67492
38079
99590
92657
73396
1
100000
76546
58378
10715
48413
53431
64910
1
100000
71628
64165
93410
68791
89650
17246
1
100000
37303
37756
93702
64398
91389
71661
1
100000
17124
33219
88819
2474
18780
13978
1
100000
33188
63810
79485
61764
85314
30283
1
100000
13240
95269
88188
63895
65666
88410
1
100000
69542
85102
57435
94988
29924
52549
1
100000
9457
93868
28018
74037
90072
8629
1
100000
40439
67917
92976
87275
60444
35784
1
100000
57038
26659
69393
94807
46894
74021
1
100000
24432
93607
4248
74732
74629
13788
1
100000
17539
64234
68039
75044
56993
49789
1
100000
67895
79710
47545
66280
25608
84245
1
100000
12855
86194
85326
16737
98857
4114
1
100000
89720
36874
56073
77929
69799
22172
1
100000
65403
42093
72030
55542
11692
57074
1
100000
94137
48116
39113
80333
13344
78371
1
100000
65007
92992
52818
99900
81700
6649
1
100000
87124
98735
72553
69693
92523
83976
1
100000
48875
25528
38950
20861
74452
21730
1
100000
22979
15517
64116
62710
60470
15891
1
100000
8239
41215
48065
97631
44359
61152
1
100000
1136
33978
64725
10789
96569
91334
1
100000
58033
38903
8054
39060
45027
73851
1
100000
24528
58154
52827
32605
62363
61565
1
100000
9741
72538
26919
96386
57191
55100
1
100000
15779
33219
97270
25527
14874
35331
1
100000
16754
46928
36702
58049
96798
96532
1
100000
6061
74828
24342
40267
51475
34486
1
100000
7072
58040
95985
18256
34256
40190
1
100000
363
51046
42580
45684
93386
93701
1
100000
27863
48699
52328
32140
39737
10999
1
100000
94160
95176
66394
81784
4839
57697
1
100000
44404
34805
35416
86015
2452
92598
1
100000
36691
27439
36899
97662
86115
77921
1
100000
52521
29932
88927
59088
42610
83267
1
100000
79284
12897
7792
93698
36346
7854
1
100000
94338
34145
48892
90578
33119
32024
1
100000
45261
99905
53471
93570
31002
5954
1
100000
99266
15881
43692
49047
33509
35448
1
100000
808
1814
20161
29144
98107
50460
1
100000
27404
89893
65173
29463
85810
94987
1
100000
74385
86796
63937
92297
49837
5015
1
100000
54300
24204
7834
16350
90166
94818
1
100000
49344
96954
36021
84710
31182
74629
1
100000
35146
43045
87175
26720
1727
90344
1
100000
98401
67874
62396
1851
55564
94605
1
100000
17222
10073
78810
62398
44696
77617
1
100000
97541
60465
15538
31567
47686
40319
1
100000
8281
21314
85738
33063
48906
94720
1
100000
63988
91179
72168
54807
33877
11775
1
100000
17835
44157
58306
1654
70993
25887
1
100000
94750
39067
88663
66709
14393
79323
1
100000
57073
10051
68998
93497
17451
99956
1
100000
97789
55599
19374
22625
16268
45740
1
100000
75585
94571
44183
36872
23298
98267
1
100000
81996
56968
76449
84919
30515
1894
1
100000
18431
97397
98525
1772
41089
64822
1
100000
21461
44099
68186
40862
95595
29423
1
100000
4196
99648
59788
91447
67161
13419
1
100000
36787
40365
91959
2245
28432
35671
1
100000
49716
41837
65045
34304
57691
57808
1
100000
33372
18544
65792
366
86033
5724
1
100000
30870
89228
95633
74706
85507
91620
1
100000
26675
83507
68741
44204
80492
30710
1
100000
64539
52755
84100
34668
13981
8313
1
100000
63374
2736
8111
62152
27964
23082
1
100000
99893
28771
25071
34506
54077
57372
1
100000
32177
83647
16189
82253
81180
46439
1
100000
90924
46369
63335
9662
71158
37494
1
100000
4537
13754
83097
75398
64936
5835
1
100000
50636
36457
35573
27806
67205
77978
1
100000
14108
22399
88379
41723
81929
25074
1
100000
28542
30852
13640
82874
27170
7080
1
100000
8754
64064
75843
18252
98195
9299
1
100000
42651
25474
63843
63879
31619
12742
1
100000
62562
37857
81258
89523
65729
38618
1
100000
60768
94631
80172
70960
39406
76508
1
100000
7508
12535
97902
37378
27826
31624
1
100000
3192
5265
35058
29080
48751
52192
1
100000
3243
46762
67496
97147
22235
7396
1
100000
75545
83788
96499
38666
91228
65403
1
100000
8294
56510
19990
51290
29805
87479
1
100000
56372
68565
37825
8663
80370
52674
1
100000
62388
31163
68407
66597
96045
65318
1
100000
93871
80753
6883
15872
76552
36713
1
100000
13901
22425
73082
46014
9056
23717
1
100000
96161
87486
38619
38507
27632
59380
1
100000
30913
30826
86769
38136
89314
11856
1
100000
28681
98842
39633
36944
29869
76730
1
100000
89586
18841
75396
83077
2768
51970
1
100000
70445
17628
2562
42629
36430
78534
1
100000
14847
94971
69759
62793
53343
95565
1
100000
84018
98011
30492
37590
82289
21924
1
100000
44593
90392
92913
29707
35224
77158
1
100000
52664
79024
61968
19806
12068
58630
1
100000
83456
86880
95120
9790
98313
12359
1
100000
25768
62403
62355
34107
19011
70762
1
100000
66629
47752
81013
87532
38370
33667
1
100000
26609
29620
81760
80978
5740
19907
1
100000
56439
6901
21336
87573
3694
36386
1
100000
40273
54341
15749
11904
41753
51554
1
100000
62687
5266
42681
79924
87833
243
1
100000
46462
71951
15339
23605
36341
4751
1
100000
89227
87975
8674
3701
55904
66758
1
100000
38169
45253
40950
54064
65299
39424
1
100000
27639
23324
85268
66060
10804
63135
1
100000
59757
48806
57696
90901
71109
89132
1
100000
80071
16537
81830
4971
77466
34135
1
100000
12617
549
35593
56814
83289
85817
1
100000
4467
44504
6298
31830
11350
49993
1
100000
3967
88565
67313
64169
42405
73073
1
100000
41141
96507
39301
38833
42329
50156
1
100000
2688
1473
96202
99190
58649
65371
1
100000
36667
69340
41193
75699
29298
74528
1
100000
88633
43487
18580
69453
5765
10585
1
100000
56468
9997
87245
55623
79856
75138
1
100000
16925
41382
15042
41234
51283
87940
1
100000
31169
10040
33356
50528
61280
6373
1
100000
66916
48510
73472
23066
31502
16558
1
100000
90756
96466
60411
9325
46228
32098
1
100000
92545
53008
92412
25251
18728
21850
1
100000
85173
83627
3069
3472
74967
75977
1
100000
66609
80665
50338
82703
66084
53625
1
100000
77255
94481
3776
36185
18771
86284
1
100000
87727
78153
96847
61624
85590
68695
1
100000
13824
87904
80578
71031
48651
96308
1
100000
89245
92759
61464
63834
76400
72064
1
100000
22265
83662
4172
65711
35250
26596
1
100000
12161
38710
53878
11371
65728
81969
1
100000
97276
60975
83094
50564
8132
43242
1
100000
4253
71342
16392
33635
86321
28687
1
100000
49789
74054
51578
76279
74280
76590
1
100000
33489
50188
65577
82402
5583
83781
1
100000
21222
44539
6828
69027
61400
64317
1
100000
94396
43862
14069
84434
11700
59095
1
100000
18254
32802
50404
56072
20122
46785
1
100000
53430
82638
93111
46749
61578
69610
1
100000
94169
43160
4776
36726
17544
71136
1
100000
81538
20117
85299
58931
29931
58179
1
100000
96104
27071
3701
61484
96106
87921
1
100000
2734
67959
19141
51271
97795
69808
1
100000
12547
47225
79921
97587
20539
74426
1
100000
66264
97520
98099
42347
62570
1959
1
100000
8139
68947
34347
90399
90769
19502
1
100000
35296
58384
5598
18888
50762
43625
1
100000
67573
78287
95559
28735
58582
94777
1
100000
29801
69470
12190
87385
69165
86574
1
100000
47154
79183
14334
87048
20989
52697
1
100000
84519
30577
7960
67531
6965
5912
1
100000
20473
85422
59440
18118
58712
54865
1
100000
54611
98405
22788
69503
24526
62967
1
100000
99322
23777
25114
13603
68371
62300
1
100000
46836
96420
20079
78936
3061
58144
1
100000
33566
88352
21185
47129
19218
97293
1
100000
37629
6112
60748
25468
62103
6649
1
100000
60898
36724
73113
22894
26543
4264
1
100000
93395
32336
44449
84166
89519
89860
1
100000
6976
32211
99320
35480
95721
85420
1
100000
13658
65162
87035
17888
41771
80634
1
100000
20039
89304
28707
19798
74505
99707
1
100000
94195
14730
80964
44988
80978
78340
1
100000
79327
30768
36733
11207
95828
53347
1
100000
50289
92093
87598
66439
35369
50180
1
100000
68435
35823
70649
52887
29488
21998
1
100000
25087
10215
63106
72958
20059
64608
1
100000
43404
26492
35201
8973
17928
34240
1
100000
60591
967
80610
59605
63470
68910
1
100000
19784
78163
9321
3118
836
6980
1
100000
86520
49319
13419
32527
43667
7555
1
100000
87777
12187
89253
92673
41953
48389
1
100000
41355
60547
7719
27206
29605
95572
1
100000
85137
94471
19354
62362
91619
11190
1
100000
91480
9808
53121
50520
56505
12837
1
100000
13486
47543
46050
61961
79084
1621
1
100000
17251
88688
14366
45098
83281
95611
1
100000
74614
60562
76875
16672
61896
41330
1
100000
4884
3100
10864
39037
2046
6368
1
100000
47938
46613
9972
58874
53545
48870
1
100000
55840
96158
31526
89571
77487
74483
1
100000
6906
12158
65562
81792
85564
18185
1
100000
60501
90742
62238
43794
83500
97898
1
100000
19015
43365
8746
20196
89620
92898
1
100000
13011
1618
51317
43275
45145
11047
1
100000
55172
76396
70976
92526
49846
65358
1
100000
55087
29711
75735
95182
54278
86382
1
100000
4293
23995
89054
46038
36015
73869
1
100000
36432
27508
60987
32225
33424
60444
1
100000
7437
75823
94468
53799
41318
88166
1
100000
3440
2314
9635
39485
64723
80550
1
100000
30493
35511
15289
76118
7672
67361
1
100000
23994
5880
93392
3609
42430
30962
1
100000
47448
36164
59464
72034
37692
22155
1
100000
18184
59039
98139
91351
84000
5952
1
100000
65450
79235
66239
54613
61212
22780
1
100000
45325
51701
3248
29390
56673
18395
1
100000
84630
82092
53160
99037
50998
5785
1
100000
54750
27810
17268
99703
8043
35841
1
100000
61897
36314
5698
69322
14091
86210
1
100000
89328
54046
34359
97244
37607
28644
1
100000
19986
16864
22818
34664
41540
13527
1
100000
84603
99782
62395
10081
10526
97467
1
100000
46830
45140
54125
82235
94227
5676
1
100000
7350
38734
34255
6356
77505
89376
1
100000
73129
8015
15810
71072
99466
88273
1
100000
91879
98430
53246
39849
15351
75631
1
100000
71874
23443
27848
35085
18827
24397
1
100000
11292
73322
48035
86997
74740
6488
1
100000
85096
23606
27048
94635
61057
69073
1
100000
24201
11034
34004
56607
57284
23668
1
100000
84847
51023
2721
58550
41000
12946
1
100000
29894
16151
57160
59390
89271
73253
1
100000
77581
61844
79003
75162
94292
60817
1
100000
27452
44425
74369
60327
15319
48327
1
100000
28414
40054
94907
39164
91468
95881
1
100000
10827
20717
45166
6381
19222
90502
1
100000
84024
36366
42746
57855
93935
33525
1
100000
31304
3076
33863
90835
3982
24905
1
100000
66796
84317
20367
78899
43190
39578
1
100000
26997
9363
42544
67542
47744
82470
1
100000
20400
71302
20979
1241
85516
50193
1
100000
48779
90589
97827
63679
63905
45399
1
100000
52974
96220
66885
72920
61601
66787
1
100000
52888
33970
826
63698
5824
51794
1
100000
82
87226
29805
99008
29704
86926
1
100000
75586
62029
57864
98701
78366
56163
1
100000
57218
69200
27302
30094
65788
14964
1
100000
2129
81013
30545
77173
85109
14579
1
100000
10208
21213
51491
8247
57299
10580
1
100000
41515
21347
98600
26685
41769
18380
1
100000
86731
82490
12410
61999
40382
4555
1
100000
67882
98019
81735
30738
95723
49513
1
100000
65162
90988
18046
53054
63279
82586
1
100000
40140
51038
26387
37722
90775
71246
1
100000
54192
94036
44300
11575
83991
96201
1
100000
90345
84858
60404
61355
4788
82548
1
100000
82965
25426
82573
91626
557
7405
1
100000
97954
75947
26438
11696
63663
64011
1
100000
94424
52940
57339
45679
56628
64268
1
100000
83609
71097
38336
19350
32985
82162
1
100000
69117
5607
18571
25622
64945
16847
1
100000
3161
21994
26830
75627
85220
41513
1
100000
29381
79351
51882
12416
67869
28193
1
100000
53196
36286
74501
96118
47629
18584
1
100000
81448
53433
83171
71454
55313
33250
1
100000
89430
6972
51505
31406
11679
99855
1
100000
34913
40648
34749
66100
64479
6757
1
100000
12993
31204
17041
44402
24903
4441
1
100000
74056
81188
15564
20948
52097
81231
1
100000
40161
22624
15541
47645
58155
24775
1
100000
78972
66651
8885
69119
22782
87314
1
100000
2945
6681
28836
19324
99365
59520
1
100000
98932
59436
96591
66495
50793
92302
1
100000
52654
43378
76053
55003
61047
56199
1
100000
59478
20469
10810
84463
48268
51383
1
100000
19531
64940
52559
89203
81952
59320
1
100000
26257
57394
54747
96985
68897
79968
1
100000
69108
2556
38107
92300
53224
85939
1
100000
39523
29558
72798
43722
79319
9258
1
100000
91794
20284
31068
97604
52495
59849
1
100000
53523
82810
82713
2835
29748
3133
1
100000
33156
87647
92828
30674
87037
40598
1
100000
97800
58402
98897
31070
93995
34790
1
100000
71898
87778
85542
83636
73442
58981
1
100000
59600
48574
98283
31511
13999
88695
1
100000
75799
1110
80802
72746
62248
4309
1
100000
92747
22019
77731
17470
46508
54372
1
100000
92009
80862
56468
4103
17772
56067
1
100000
69231
2895
68203
15191
71487
14535
1
100000
76079
46324
6680
44854
99404
72992
1
100000
77028
48355
96574
98945
57089
89515
1
100000
98341
70482
93993
80382
25464
87819
1
100000
88411
94739
70042
35619
82329
52831
1
100000
1189
91125
34691
65096
67239
37666
1
100000
28349
10083
3585
44102
12703
60207
1
100000
47004
27021
44040
48992
44148
68266
1
100000
63628
56345
39175
84218
71422
48354
1
100000
450
20401
22755
82791
47
89160
1
100000
90405
61677
68211
76210
18549
63299
1
100000
80047
86997
79032
40776
48305
89308
1
100000
59405
47210
40910
18408
68971
51345
1
100000
25594
43474
21431
80969
83192
91398
1
100000
87571
64349
75106
29276
75606
37673
1
100000
52913
44064
78476
91907
93521
55551
1
100000
53340
11236
58297
33319
9595
41014
1
100000
35309
56101
32054
99457
57921
46420
1
100000
62105
7152
62049
65807
4018
57309
1
100000
61026
8838
55894
92263
13519
60451
1
100000
67505
84577
78854
48550
52691
53272
1
100000
18944
2895
65968
9509
16201
88202
1
100000
4105
79274
52583
12425
54117
47882
1
100000
29415
60334
20561
11944
8098
49500
1
100000
38224
27543
64745
52339
42522
79940
1
100000
68394
71428
46590
88326
98017
98348
1
100000
44323
10934
32002
69823
85064
25538
1
100000
45225
72193
85165
85300
20258
13892
1
100000
55677
17260
13940
60446
63426
93503
1
100000
26800
73295
76928
83652
84017
76002
1
100000
66726
8180
3741
73595
98627
71518
1
100000
20296
18234
28273
3442
77479
77474
1
100000
31729
54482
68206
92791
88143
58363
1
100000
87103
93469
94959
25034
97991
71580
1
100000
85938
44918
36356
99039
68882
45359
1
100000
24015
71143
59959
9502
18432
71357
1
100000
88078
12384
84048
2955
66935
1227
1
100000
56749
64591
15279
20482
83734
68322
1
100000
61489
18437
28780
96806
5860
94626
1
100000
8172
26988
25734
40695
37680
31998
1
100000
45495
83804
80798
62819
11539
93075
1
100000
60152
77268
22732
16409
64899
22726
1
100000
96153
51880
53909
56425
71520
10054
1
100000
86109
47203
32649
83174
73220
51958
1
100000
42196
95809
95268
879
44224
74237
1
100000
20634
81324
17983
11475
76247
85673
1
100000
77495
31887
75502
3124
16460
61453
1
100000
47241
36196
20829
38793
69320
49156
1
100000
47436
51078
80510
94704
61771
75858
1
100000
24100
46366
7931
48677
4309
16371
1
100000
19266
74331
59196
49598
89754
25660
1
100000
35291
56241
76075
34363
56810
51538
1
100000
99350
82108
5938
12161
70620
94126
1
100000
83251
8632
88554
70959
74907
60261
1
100000
46115
92807
85304
79218
81153
18002
1
100000
8435
64574
21975
27404
88220
21662
1
100000
34067
701
18697
26871
74383
52174
1
100000
39719
77215
66663
46016
85869
81343
1
100000
77153
35955
69895
52676
96901
86072
1
100000
96413
15913
84230
79589
52566
68591
1
100000
51011
25789
11543
23354
19518
77100
1
100000
7015
17012
80428
86819
77382
65846
1
100000
87766
3386
34363
29482
96494
49640
1
100000
89985
41731
84918
40500
45167
28263
1
100000
41764
2854
34561
98982
20321
52398
1
100000
70088
37308
31637
86163
26331
63693
1
100000
58430
16314
7136
64554
15447
53321
1
100000
26313
90179
95250
3574
25552
44342
1
100000
14094
33511
59597
28819
23007
24950
1
100000
1886
13111
71484
38564
26354
62987
1
100000
59691
97567
51228
58216
67214
41284
1
100000
93921
37065
85663
89980
34467
78695
1
100000
11294
61677
36016
99010
64845
51097
1
100000
88314
92715
37786
4355
39217
38090
1
100000
90011
71370
51739
27461
27614
97588
1
100000
86021
76856
64951
22411
69429
44879
1
100000
28204
54426
86532
47448
65654
53574
1
100000
54121
80138
47737
9095
66447
94626
1
100000
65824
17277
39764
50483
13247
28393
1
100000
40439
85152
67595
71762
73555
30445
1
100000
66122
9625
73846
10512
49435
44558
1
100000
98952
12570
1394
53975
48149
47887
1
100000
3784
31266
56716
6061
58361
80502
1
100000
61157
69826
42208
66717
67354
50352
1
100000
9149
17016
18862
26855
53494
96609
1
100000
24762
46397
48883
29788
75420
48840
1
100000
83571
38739
35827
89686
13464
88708
1
100000
61384
41483
91944
7899
86128
26854
1
100000
41248
61288
77520
73562
33901
45109
1
100000
29393
61406
60966
46272
64641
61899
1
100000
92467
33177
72688
51152
89492
79350
1
100000
75245
32663
24255
74825
46805
5824
1
100000
87825
34482
24946
30700
39946
30692
1
100000
79549
92287
62385
13748
29806
61705
1
100000
99057
52073
78952
12407
41556
20710
1
100000
74427
96278
8704
31527
47038
9424
1
100000
17122
70944
94393
96974
66670
49127
1
100000
40349
55003
83563
25380
56921
8155
1
100000
75031
30262
28230
93597
51024
64046
1
100000
24342
19590
22983
66513
34867
93492
1
100000
53266
78283
76430
2539
95707
69057
1
100000
51903
84614
78564
53170
56126
54228
1
100000
14951
41803
91797
12165
51832
84366
1
100000
61129
45614
30702
14076
82090
1861
1
100000
71971
37548
9253
3503
84528
86410
1
100000
3072
83233
72845
3871
56477
90288
1
100000
97685
81304
18214
96231
5106
55328
1
100000
35870
88429
74960
69779
92167
10024
1
100000
26005
91833
71102
71801
24675
48580
1
100000
23840
5077
7496
12910
54313
69851
1
100000
24691
50231
71615
78699
52479
94917
1
100000
34869
96229
28155
45733
51862
32149
1
100000
14658
18560
9271
80366
87736
57989
1
100000
4505
43724
64906
76926
57531
87874
1
100000
51545
50519
99493
86851
65541
48006
1
100000
76182
50615
62168
41031
21963
74233
1
100000
7282
41141
30976
71152
13435
14705
1
100000
78899
51039
45736
49170
12509
52131
1
100000
65082
54696
59456
77686
89966
6598
1
100000
65766
76678
69327
60428
64427
13804
1
100000
43087
59198
7565
33371
74484
13883
1
100000
83483
62449
21746
45292
51525
21679
1
100000
17881
56208
1242
2076
88597
22943
1
100000
23714
78039
56581
60703
1850
42623
1
100000
62480
41322
88326
85781
99802
5079
1
100000
19821
44920
6498
36834
79065
53397
1
100000
39556
64500
82418
75965
44997
94188
1
100000
66684
17818
56854
84266
16197
58410
1
100000
27285
88430
63727
73104
24829
42841
1
100000
89073
28043
37779
60305
64483
66487
1
100000
13956
15395
58258
28736
52884
57949
1
100000
43405
88747
29736
69896
48411
17550
1
100000
45801
22664
61239
25219
60923
16461
1
100000
89187
79645
12056
50806
81732
45743
1
100000
85235
68715
93630
8336
22140
78660
1
100000
6529
69677
97171
65199
46826
85953
1
100000
38965
88602
82407
59656
20037
89674
1
100000
60175
57177
30852
34927
99953
8403
1
100000
39979
28827
58808
53109
74612
83955
1
100000
51109
85771
31395
96392
47564
4907
1
100000
82942
82213
62287
98197
90143
99504
1
100000
41871
30001
50728
14589
39808
63175
1
100000
8594
72155
5546
15345
48624
29504
1
100000
65242
15665
96441
27215
76093
18574
1
100000
86715
10645
57152
46539
34790
41200
1
100000
99654
75309
5025
9722
58973
93670
1
100000
74383
46244
54760
12924
22400
20278
1
100000
36946
68201
11902
74739
68800
2068
1
100000
43959
87610
98686
97144
61118
76987
1
100000
29322
82386
16320
49531
67894
63513
1
100000
71654
31364
8612
94781
15066
54838
1
100000
75048
2833
21083
9675
30131
7854
1
100000
42442
45919
13983
37610
83814
97859
1
100000
53653
60216
96119
56169
49761
24823
1
100000
5649
52799
22415
87604
38096
23534
1
100000
90673
54841
79963
47960
29071
4088
1
100000
95444
26397
37800
21471
5362
72000
1
100000
5940
40471
88418
75243
29960
15168
1
100000
33181
4964
91573
5287
39242
93383
1
100000
54745
43711
29272
95277
17515
87622
1
100000
28896
76548
4372
57754
60279
28233
1
100000
54890
31626
64687
29704
56861
42664
1
100000
77824
98725
92984
38587
43510
2885
1
100000
20084
53986
58955
78083
24969
89696
1
100000
12142
29918
36703
87886
10233
70715
1
100000
8291
11209
78825
86082
89253
90286
1
100000
21241
25758
32722
49692
10583
82658
1
100000
21848
12019
9214
62751
49258
51180
1
100000
48232
22774
35856
94178
10010
21470
1
100000
67336
68307
44962
59334
90075
48396
1
100000
56568
5419
89779
40009
30546
13940
1
100000
8736
87853
56060
91357
58313
58928
1
100000
9030
14738
28798
11007
38241
98055
1
100000
20110
95850
73116
97717
96466
25087
1
100000
22056
7631
567
4276
83956
75376
1
100000
67061
40584
99719
26120
74240
82896
1
100000
2036
89994
68722
48602
92127
22422
1
100000
29660
53006
94456
56396
86801
71485
1
100000
49998
52152
69661
11302
76377
26686
1
100000
63943
59522
47236
49719
53454
36923
1
100000
74838
26047
68155
14803
83322
72256
1
100000
59522
26202
97528
23589
23067
44634
1
100000
33799
37154
26788
45694
11254
2776
1
100000
95255
7245
35412
56343
25621
28831
1
100000
32848
14585
47034
85690
17993
59587
1
100000
67409
70091
32784
99486
24829
68920
1
100000
34694
55558
2429
1349
53583
80303
1
100000
38627
5634
49886
47412
5511
69743
1
100000
64491
83436
81781
85891
10496
91967
1
100000
66058
97703
71131
38388
90975
67226
1
100000
14719
84055
5984
16720
76095
88353
1
100000
7533
89045
36025
88892
95259
59801
1
100000
635
31978
43258
52708
76417
65228
1
100000
59858
82437
90485
36184
66636
28788
1
100000
34165
92216
82501
19888
74301
34773
1
100000
22497
79818
97156
74169
26358
56870
1
100000
94448
75460
57087
89036
72125
65977
1
100000
37236
25301
66023
41890
52643
72412
1
100000
26918
35422
83370
80719
29255
91830
1
100000
61975
99190
11466
81400
30242
65094
1
100000
58297
34274
83695
9656
95517
76411
1
100000
85899
64816
84096
42223
88019
91789
1
100000
75763
360
92801
22538
29422
90068
1
100000
15420
62212
55659
15154
26171
66806
1
100000
16940
27186
81178
84166
16091
58192
1
100000
34390
8173
69380
94949
93916
4033
1
100000
26038
59877
65243
81071
64717
99021
1
100000
49041
5074
9156
86022
46875
79384
1
100000
2485
74483
52741
64356
37571
32459
1
100000
83318
73134
72380
25874
39677
5281
1
100000
15213
11621
52727
74446
97044
30909
1
100000
48195
95528
79710
99095
9030
61342
1
100000
18763
5813
58008
45744
82768
3512
1
100000
35132
31852
27417
82510
33016
1352
1
100000
92202
75203
81418
17968
50080
95260
1
100000
45178
9601
41428
34214
96984
82667
1
100000
38833
87538
3539
76444
84678
93361
1
100000
81717
60112
60311
84583
92009
37540
1
100000
9059
58951
14049
20919
12738
24517
1
100000
34783
25318
55567
85087
12225
21999
1
100000
64944
77004
11987
81020
78648
86734
1
100000
80361
55018
80539
25605
21890
32987
1
100000
4280
10843
45646
90292
53333
77048
1
100000
84331
18750
93981
86149
54546
16373
1
100000
18405
42627
63823
39323
39570
78566
1
100000
2610
20355
56657
19986
41567
19352
1
100000
50660
97337
7362
80861
62905
36976
1
100000
99693
46753
22417
70803
88931
76260
1
100000
76999
14033
45818
37257
89238
88566
1
100000
59078
78304
16084
41560
593
82665
1
100000
85665
51101
72476
20587
82887
67485
1
100000
12960
24797
73755
27589
38382
82208
1
100000
28055
97369
1945
10518
7925
23674
1
100000
49399
30732
92604
17881
96689
18203
1
100000
55308
38069
68694
49677
51244
39964
1
100000
95640
47545
67489
42228
68258
69518
1
100000
32966
5719
59206
86974
49879
28291
1
100000
4604
94983
99088
89517
23264
96809
1
100000
17546
19843
91172
4524
90987
57909
1
100000
17302
81786
52242
18954
36698
32862
1
100000
21017
71851
50411
22116
35847
93128
1
100000
80846
16931
29026
90140
89936
44356
1
100000
83207
70457
33537
97048
323
13164
1
100000
63383
31971
6412
7422
68953
16764
1
100000
16375
21231
32633
64532
69697
85312
1
100000
60528
14088
47626
59384
93638
92353
1
100000
70459
22294
19670
40237
33805
57933
1
100000
44430
23162
94923
90063
69328
14892
1
100000
76289
23763
53775
1218
95124
59276
1
100000
1408
54002
47833
87069
80460
64726
1
100000
15501
49302
33246
48863
45485
17702
1
100000
48077
93900
23781
30840
76885
23832
1
100000
96815
80218
6197
33333
25554
69134
1
100000
838
46303
12782
57719
7058
1286
1
100000
37522
43012
57722
4640
4373
94555
1
100000
79167
39975
93682
2109
38730
39955
1
100000
85215
79526
51278
84530
82496
53236
1
100000
9525
90059
78804
41915
74065
37055
1
100000
50462
80958
87367
74558
39683
85928
1
100000
92437
29705
11137
42014
61376
70550
1
100000
87755
76937
17188
10817
13825
72729
1
100000
3961
84160
11312
78492
71300
21509
1
100000
50992
94914
997
38551
95400
66274
1
100000
70897
42382
82922
93386
13256
5405
1
100000
80035
92558
12713
84825
88679
94667
1
100000
56153
16334
55322
32461
85013
91399
1
100000
5680
79351
33360
51900
71751
83748
1
100000
99103
98203
72743
15434
28428
21482
1
100000
75357
60770
10358
97402
40807
40276
1
100000
20179
65328
53944
59479
39563
77030
1
100000
87770
28110
87390
51916
30116
45942
1
100000
31477
23565
10419
83825
21915
39623
1
100000
41194
20799
12444
52014
46425
4848
1
100000
34873
41660
72293
58577
67642
80834
1
100000
32232
89696
11710
99562
92662
20039
1
100000
77465
97625
38901
12380
48663
51472
1
100000
10587
95530
94663
13530
75067
26206
1
100000
5317
26821
83737
50781
36860
89980
1
100000
53354
39944
12960
48757
45832
79611
1
100000
29882
8109
11916
81596
25997
38621
1
100000
25376
21425
5478
92757
89572
25918
1
100000
41431
10476
28194
72655
69560
97345
1
100000
72354
82609
33971
59023
78850
69283
1
100000
61540
40463
63348
61723
699
76342
1
100000
49095
90027
27761
55338
43910
62149
1
100000
90260
23389
93168
97658
84148
93223
1
100000
29584
45567
77145
73729
30295
424
1
100000
48637
18142
76055
1059
57816
23694
1
100000
99262
9344
47941
72477
50229
58697
1
100000
58415
17973
36818
97588
36695
68366
1
100000
1812
77357
75829
36659
82463
69004
1
100000
17584
48197
65068
4343
19471
5642
1
100000
29874
2169
98959
19614
69998
37028
1
100000
50093
77906
64928
3752
60315
16083
1
100000
15024
57874
42034
20320
9358
25846
1
100000
24964
81767
15660
12312
77050
85927
1
100000
27688
31256
55081
93729
19749
5620
1
100000
96325
29096
72119
13420
70789
82613
1
100000
48520
64178
75304
77898
5996
75382
1
100000
75678
84145
10703
83989
85053
17534
1
100000
38010
93030
16086
25964
690
74639
1
100000
90626
72283
51526
81245
69999
24599
1
100000
20843
82842
79216
94731
51108
35293
1
100000
28689
73341
89190
98439
46192
84934
1
100000
85163
78773
42135
93734
44124
42073
1
100000
88178
67541
21907
51331
45370
69726
1
100000
59475
85100
42740
4788
70316
44608
1
100000
46436
82347
47938
53462
11637
26833
1
100000
50330
87319
97533
62817
79280
15699
1
100000
84142
75419
28862
47109
10527
44969
1
100000
49893
35142
73487
82905
44813
36334
1
100000
57501
81412
76536
10049
20817
81923
1
100000
13714
23698
25909
75875
95883
13952
1
100000
93596
58157
34035
12589
16102
83421
1
100000
82390
69296
94496
36355
38891
56733
1
100000
86871
17095
25306
95153
58211
53633
1
100000
30719
37334
82166
46795
51721
15114
1
100000
59106
59618
39090
53219
50787
3176
1
100000
91283
73036
66976
69687
35083
71476
1
100000
33045
40274
37371
43177
77643
8264
1
100000
63206
14512
5376
49816
50256
90737
1
100000
98232
67673
7503
4998
61565
45598
1
100000
57750
39160
53867
73416
65535
22699
1
100000
63459
26929
64971
62648
42660
70593
1
100000
99724
4021
33890
83717
83607
71769
1
100000
7999
90649
33544
65863
85691
38678
1
100000
3746
38479
37065
65191
95759
75743
1
100000
88246
89175
46115
190
19215
60153
1
100000
78513
62194
34264
26393
22753
60419
1
100000
89583
48565
35149
15882
64253
99113
1
100000
30600
24552
29741
17944
64350
21040
1
100000
62088
47745
91630
67861
45668
70284
1
100000
52952
74749
28787
40392
8562
39709
1
100000
75289
85343
29485
45320
66241
12370
1
100000
99912
93648
36154
71657
68219
49583
1
100000
49479
25956
98300
69937
34944
67594
1
100000
13299
74855
11095
99928
8126
32535
1
100000
92428
50582
3348
78578
19087
22675
1
100000
70693
17201
91717
70936
21015
12905
1
100000
20762
54136
762
12784
95308
41151
1
100000
65533
77344
23360
31238
16105
96955
1
100000
1287
25235
18180
95905
42699
49715
1
100000
44330
49550
32717
75786
79875
57679
1
100000
76607
17288
61584
30952
60944
96310
1
100000
72387
52417
98683
15979
31723
32103
1
100000
92129
55441
54519
85131
52329
16724
1
100000
39841
79862
5324
26949
82716
73085
1
100000
24306
44762
72486
54682
20995
70160
1
100000
38961
81629
37594
7437
35856
10818
1
100000
3120
92678
56136
79872
35105
44258
1
100000
87568
80962
64887
68195
18643
90189
1
100000
59760
88960
26166
94635
90377
53979
1
100000
90042
79568
21307
51894
80394
78283
1
100000
68856
20963
90971
34927
82585
6380
1
100000
3246
53967
90149
73204
66853
65808
1
100000
22855
9797
58363
38523
66851
52204
1
100000
16334
18602
67219
42706
8848
58331
1
100000
54680
70366
67186
32090
58101
90069
1
100000
41088
25854
29379
17436
77386
91181
1
100000
69968
90648
66047
87459
83487
51699
1
100000
12162
26486
43268
91132
84527
89309
1
100000
2606
67776
76493
35730
62256
7446
1
100000
85732
99691
56879
20129
78813
89817
1
100000
43585
24329
20442
48056
27258
53198
1
100000
37304
88005
88435
65240
54644
2820
1
100000
21277
8188
54764
86770
14524
62245
1
100000
54418
85204
61073
52015
9
82814
1
100000
52884
84325
9985
3799
90717
33328
1
100000
78467
42492
6186
6621
22045
44187
1
100000
34549
45025
52140
59650
82279
85609
1
100000
29831
56635
74092
82659
10293
35949
1
100000
39729
44116
94695
21268
44348
89967
1
100000
92038
43489
64964
69872
44172
78679
1
100000
43666
88908
31201
37216
29751
63936
1
100000
11652
4946
82314
18556
3771
76587
1
100000
3861
52408
72172
99819
95673
41378
1
100000
42718
17324
56737
14849
59889
45728
1
100000
34539
83331
5501
24631
34131
7339
1
100000
76574
18390
29120
10424
34469
5047
1
100000
41577
80490
3654
84230
9853
46796
1
100000
61878
94739
59885
96332
71245
11892
1
100000
97770
48831
73528
46278
86911
81579
1
100000
73074
86914
41739
4946
39258
19037
1
100000
53377
39789
53870
86279
38768
84038
1
100000
63631
60855
18141
23161
7151
94867
1
100000
22300
33709
23434
89322
83582
20704
1
100000
64460
66383
2226
17878
71703
41893
1
100000
21176
50094
857
76396
20906
51402
1
100000
7463
43052
89680
14723
84419
85247
1
100000
25724
92050
49879
46346
79689
71849
1
100000
34051
61422
17638
69943
10748
39145
1
100000
50260
32025
27458
43237
50326
68601
1
100000
65383
14340
53427
58545
52553
74752
1
100000
66039
22660
76729
95581
28363
73671
1
100000
43019
68338
25971
69880
55386
97922
1
100000
78964
12046
6164
98788
47944
56680
1
100000
38311
90985
45856
45698
9222
29384
1
100000
37014
40950
68750
52382
25304
57528
1
100000
85763
41908
7332
16567
11298
63557
1
100000
93641
48309
20094
79885
75254
90521
1
100000
98378
49548
13474
31121
94218
94877
1
100000
88995
20981
13077
61741
52004
37537
1
100000
7072
77797
71267
26193
74191
52342
1
100000
27369
53072
34551
62601
51864
48954
1
100000
73417
64871
25708
50938
53303
27074
1
100000
54737
5306
89841
75909
47189
93784
1
100000
12410
72968
87156
65116
92253
97058
1
100000
63434
50111
44966
92783
61982
4401
1
100000
80420
9290
80083
89990
79925
87849
1
100000
24813
67362
16235
14410
54837
58007
1
100000
4604
76095
49200
75637
63259
53169
1
100000
49040
71354
73346
9116
54521
21071
1
100000
28505
50301
48607
53758
77016
34649
1
100000
5697
53383
14091
61228
60487
25538
1
100000
9569
36378
98005
46191
85171
78091
1
100000
490
46644
82661
81603
50910
5050
1
100000
82690
25389
61412
76379
19815
20285
1
100000
65834
37997
42192
20799
4049
65533
1
100000
39820
99906
13059
97838
72077
40605
1
100000
3755
96856
98702
39409
38898
59989
1
100000
19925
6745
69516
4943
66853
46320
1
100000
30568
13708
56600
35822
52709
97353
1
100000
30383
77093
29739
31090
21352
4716
1
100000
56779
53432
388
36198
11566
86159
1
100000
14218
88507
106
52607
36137
96188
1
100000
87050
6617
83692
69716
86336
50571
1
100000
31979
38271
33636
23332
25202
56059
1
100000
67515
53715
6901
9971
42776
70190
1
100000
92336
9973
45410
567
52928
57118
1
100000
46029
29905
54993
51444
10860
62479
1
100000
55211
76278
67036
56295
8774
921
1
100000
42019
70053
18817
97588
28012
33740
1
100000
58539
20709
8052
66090
42207
81892
1
100000
56158
7413
30340
67643
4415
98072
1
100000
98227
36155
16474
20929
41178
94892
1
100000
88135
78231
69074
83334
16934
74339
1
100000
43673
89401
85673
49919
11404
19858
1
100000
65029
98462
55179
11054
60472
18512
1
100000
41086
69608
16674
63183
63565
5314
1
100000
63681
86860
93173
67980
70734
5337
1
100000
23630
94291
83931
49959
10819
65570
1
100000
9013
31156
37068
38244
4775
86538
1
100000
30574
21239
61997
51788
89886
48198
1
100000
32224
70936
62982
95146
81500
31145
1
100000
12838
81329
25176
63513
59440
93083
1
100000
19964
47811
92140
82708
36345
36801
1
100000
87483
60735
27783
72563
50905
64982
1
100000
21195
82170
89566
13077
17766
29818
1
100000
58511
19875
54566
23976
8199
94505
1
100000
18571
97437
38671
97215
77438
61414
1
100000
1607
51197
37484
51270
33486
11726
1
100000
6094
3296
47398
75220
79541
75349
1
100000
85584
3867
24507
95432
69040
53532
1
100000
90863
2194
33764
24227
82437
42845
1
100000
73967
9647
28087
48117
31222
55542
1
100000
91022
24213
42371
38163
19912
18742
1
100000
54295
2935
17176
65788
66583
32586
1
100000
8636
37569
99626
50368
91304
50824
1
100000
45528
40768
95182
98088
35181
36407
1
100000
95432
98538
33489
45660
16481
4135
1
100000
12937
16778
94744
90546
63463
81141
1
100000
93239
81729
41101
84965
10627
30710
1
100000
42252
42261
81760
1610
65392
33890
1
100000
16885
13810
28319
7497
71716
66016
1
100000
41330
67644
73430
23665
8145
32427
1
100000
94688
22992
90037
54488
81234
80500
1
100000
74982
49479
18041
19481
69411
52894
1
100000
81973
17531
79416
10971
42496
28447
1
100000
46599
41718
33621
76757
70004
29336
1
100000
84854
19224
4840
63024
73945
61818
1
100000
31521
41671
74741
27607
34074
24102
1
100000
9079
30511
93339
72768
43514
79455
1
100000
23475
79659
54326
86880
56442
72422
1
100000
83806
97928
15857
90914
52439
96335
1
100000
44164
62541
67287
24448
32689
4567
1
100000
18853
91987
44534
37847
68019
12281
1
100000
88152
68660
86500
85550
45395
31388
1
100000
81236
5893
15334
40804
39446
97909
1
100000
39904
51450
2781
82036
45966
54962
1
100000
18202
98194
15386
94638
44882
63097
1
100000
57530
92259
69235
31860
16281
57346
1
100000
78868
13344
17826
42966
30045
29030
1
100000
20377
36175
72464
74498
6952
66369
1
100000
94238
99674
91185
7765
17962
31598
1
100000
83206
96658
32930
30007
80399
5669
1
100000
47570
37527
43635
34249
31466
68164
1
100000
75492
34201
13526
57518
28454
22998
1
100000
18857
98118
2415
53841
24321
20003
1
100000
18648
60532
54880
63911
83345
41823
1
100000
78228
85045
28649
34389
25499
99221
1
100000
4896
43420
38167
15431
38367
72452
1
100000
39762
44097
80733
32140
52090
70224
1
100000
77927
51791
21022
37719
27524
13777
1
100000
82503
32254
73870
99531
36406
84813
1
100000
59411
24341
65438
99850
43269
36322
1
100000
52691
92928
62510
37859
9387
85453
1
100000
99631
80554
57963
23222
30830
1443
1
100000
7807
39035
37535
91375
73742
2440
1
100000
41939
43325
60317
39384
82424
39103
1
100000
18859
64573
97411
88935
5032
85292
1
100000
67286
80093
74483
36496
52277
78991
1
100000
52542
64504
39987
31223
62298
18803
1
100000
66476
54046
86044
5221
13250
17466
1
100000
49695
91246
63918
3532
92378
92079
1
100000
58794
60966
64708
52648
26747
68151
1
100000
16802
46248
73715
11402
6619
26712
1
100000
33154
20877
32548
39031
4941
10381
1
100000
23090
72591
9587
16473
24085
33279
1
100000
17425
55616
13592
76691
32616
15378
1
100000
68814
12558
1547
57896
87605
18509
1
100000
38486
87379
40874
29055
63701
1316
1
100000
84696
54192
51361
34906
42061
96240
1
100000
99229
32001
55759
43016
42041
78710
1
100000
12820
56847
17025
77876
46282
34378
1
100000
38451
8124
17439
37244
93979
58394
1
100000
15556
80615
60127
92813
51446
64657
1
100000
87327
86997
19722
91286
50447
97914
1
100000
3487
30061
17717
29965
93985
95957
1
100000
50906
69110
8472
19203
24257
64264
1
100000
41583
9445
56718
3169
80197
96372
1
100000
78635
97016
9542
46327
89209
22058
1
100000
37949
82824
60512
97708
39984
42368
1
100000
64115
33637
12569
49718
73014
63886
1
100000
14801
27948
50396
24953
32194
14631
1
100000
88884
91416
85965
21595
34694
28697
1
100000
92580
48770
1971
78008
65179
2915
1
100000
39663
93684
94840
97106
85177
86202
1
100000
10156
34439
85701
3405
34312
98839
1
100000
82761
27925
21590
57285
93357
91517
1
100000
31192
66400
52208
33939
97279
61157
1
100000
28647
94349
58071
32210
293
86484
1
100000
31843
44581
2188
22339
89133
77418
1
100000
17483
6934
56824
69117
10373
21469
1
100000
72272
89971
30665
52575
57924
67399
1
100000
29279
59629
91271
95676
25221
48706
1
100000
45543
40868
69964
30087
87616
98829
1
100000
93759
89695
96967
77177
58901
38278
1
100000
29984
98057
48318
74716
61114
41217
1
100000
59003
877
26664
33028
86250
86386
1
100000
84493
7133
11949
7806
53712
84523
1
100000
27974
24803
44457
7976
25976
63959
1
100000
8354
50916
6483
52438
44914
81049
1
100000
4457
36880
20297
49907
62823
94167
1
100000
88580
47184
1520
40876
38643
35413
1
100000
1101
33100
35641
60110
68283
91852
1
100000
79950
50366
45043
80797
3333
42780
1
100000
49568
77598
38163
29312
82071
57299
1
100000
14864
88196
92319
59735
77933
73781
1
100000
68837
10420
47808
19749
2277
53020
1
100000
98110
25759
52709
89405
45560
11813
1
100000
71051
32471
14391
66387
38086
10693
1
100000
19339
66640
95475
43302
77038
24811
1
100000
7888
20389
18629
95406
31920
67446
1
100000
6630
68186
36225
8109
55948
58216
1
100000
1617
73677
63713
26336
49133
81712
1
100000
96049
37995
74015
31404
50739
56365
1
100000
14305
65988
52325
59770
8407
80745
1
100000
47838
98100
5391
18725
43371
62040
1
100000
7854
68304
19592
81807
41688
54940
1
100000
55715
9579
32337
90946
43521
95745
1
100000
90271
39960
75553
18099
63976
87524
1
100000
29743
56224
69590
97168
94871
11135
1
100000
76709
61901
29261
93192
25822
53956
1
100000
62958
80029
24161
57033
99222
70622
1
100000
96480
80085
53905
91110
69803
50757
1
100000
38531
32229
41331
96751
58984
61797
1
100000
93567
10675
80712
92451
16137
61729
1
100000
21100
11845
92172
93475
92375
97737
1
100000
74309
65418
42767
17694
6115
66376
1
100000
94027
72025
97146
34190
67767
80326
1
100000
36837
86927
43366
62030
46916
31863
1
100000
28592
99540
33101
31478
45410
70354
1
100000
56401
87988
51499
49357
76140
48864
1
100000
79587
46428
12542
45281
6279
79373
1
100000
2060
4613
41865
51032
71240
90338
1
100000
77892
8599
2782
12880
22364
84605
1
100000
28102
15053
1869
62320
92118
37598
1
100000
25028
95085
69074
38424
89051
99507
1
100000
43094
18155
25148
41442
44763
16204
1
100000
9552
3869
26509
65720
42801
41004
1
100000
82340
18840
59723
42897
35412
7657
1
100000
42914
43617
22778
60489
4429
37630
1
100000
68249
11875
64789
48309
30289
80845
1
100000
24616
39635
90097
83086
24408
17931
1
100000
54223
21468
90129
14245
32725
6500
1
100000
59278
92928
71410
87216
92636
27930
1
100000
832
30161
90789
27179
60029
92284
1
100000
64426
92995
22252
66860
17180
30351
1
100000
51952
12003
10092
26131
67299
61242
1
100000
61554
15808
6806
66726
32226
1830
1
100000
60656
54853
18165
4441
80389
25942
1
100000
32400
49685
7939
12686
38007
88126
1
100000
9296
31126
10231
80601
33592
56638
1
100000
68743
3317
8210
76827
39389
67568
1
100000
79018
62812
22774
73392
93471
73636
1
100000
26189
89993
4762
67277
90541
84080
1
100000
51974
35406
82248
84276
91143
85016
1
100000
4284
52013
73236
89875
94644
20545
1
100000
47246
12388
8679
17267
5280
86628
1
100000
99561
33767
19915
45929
58758
90953
1
100000
73992
17625
96246
7545
2770
53558
1
100000
63016
92058
61100
49374
33031
13186
1
100000
56299
61407
23395
75178
4983
51951
1
100000
64055
46720
30759
67220
85118
24333
1
100000
74015
19611
66949
23628
13022
50581
1
100000
4165
22163
5707
99782
14478
23712
1
100000
41068
11516
99589
30808
30949
808
1
100000
65593
29782
53005
13275
61667
8624
1
100000
72288
13348
18918
92231
63144
69737
1
100000
86352
73449
53726
31230
65166
98870
1
100000
86835
59244
56843
28126
87478
21145
1
100000
61934
48422
70275
95286
31406
8816
1
100000
13946
77789
47013
90967
32380
7052
1
100000
32401
63242
24438
45204
65030
75057
1
100000
33660
29228
65250
52187
44948
9439
1
100000
3014
89563
29674
73065
99395
89187
1
100000
25101
87064
69539
13539
66237
82364
1
100000
76140
22690
8865
51519
54701
47411
1
100000
17502
9574
41676
21804
72273
57278
1
100000
90806
78571
85696
53049
97663
40502
1
100000
6465
12533
97982
46342
49302
37735
1
100000
37277
86411
42065
73211
81107
83815
1
100000
4895
86894
51475
74876
77475
71475
1
100000
71527
36275
17872
88942
59599
19347
1
100000
9236
21305
2289
66048
9118
23628
1
100000
13740
9943
48018
45625
11760
31042
1
100000
85939
76273
9669
3371
97696
31369
1
100000
85796
93776
56200
84927
71260
79431
1
100000
37542
23079
74673
76590
148
88112
1
100000
40691
22235
77378
58680
14259
563
1
100000
26975
86457
44253
91542
17894
78545
1
100000
10459
80107
56657
1524
33284
29514
1
100000
9836
34658
56354
7258
39343
19938
1
100000
42986
50839
9716
93857
4554
86948
1
100000
3499
30219
88802
3022
94077
15783
1
100000
44844
43458
28546
7926
3500
10678
1
100000
15634
27489
12502
51360
17302
8618
1
100000
23604
54406
77359
31339
90502
75810
1
100000
69525
89956
13237
63022
48569
80219
1
100000
51651
13607
14257
23800
8995
72009
1
100000
51354
14334
97017
35051
24834
1104
1
100000
3822
47001
34041
66098
17230
65618
1
100000
63641
99905
36163
52914
68082
51337
1
100000
8427
39274
33404
54381
4478
40710
1
100000
1702
48435
39515
78166
90696
57056
1
100000
5613
95915
87431
49181
23405
89488
1
100000
30508
73683
94548
50848
83739
30218
1
100000
49666
93703
69619
4310
57754
2076
1
100000
20666
94649
47952
37406
69771
18240
1
100000
98380
16228
35638
45933
30957
15075
1
100000
41772
6021
74619
53453
32363
59242
1
100000
40383
36334
7589
21741
62173
21688
1
100000
70071
40297
39306
50051
91349
88314
1
100000
39933
52298
22913
6835
44049
76996
1
100000
87648
11906
47014
68521
35419
31283
1
100000
9113
20308
76746
51624
44740
64292
1
100000
13949
89707
62033
56322
27850
77202
1
100000
6648
1328
72253
15611
64213
27615
1
100000
68166
12307
39667
26827
50632
54149
1
100000
38021
23036
19353
30869
62563
8955
1
100000
30947
94892
90986
22913
69239
24887
1
100000
89346
3496
70391
13309
53069
48420
1
100000
79058
97246
89338
67799
41301
63182
1
100000
71510
71936
95912
77888
1361
68845
1
100000
23746
88356
63699
85309
8675
81155
1
100000
36603
61748
5126
489
22531
87664
1
100000
53357
24182
21627
44609
67683
64722
1
100000
59059
83068
6571
55477
87058
50327
1
100000
28033
24594
94807
54324
43999
77213
1
100000
32352
3622
97976
64680
1577
40615
1
100000
66541
48068
38465
79066
80539
12346
1
100000
34820
91343
24215
62474
21886
94993
1
100000
64751
19386
69401
20342
32566
30293
1
100000
96828
15746
42463
98440
24287
99533
1
100000
75963
90829
24720
62632
57380
69217
1
100000
85739
6196
95595
67057
48365
77122
1
100000
33043
41029
11580
13768
1583
75624
1
100000
86197
95770
29551
38244
83661
15172
1
100000
94242
14407
68145
40322
14784
36964
1
100000
74191
79280
54977
99834
9651
91475
1
100000
58656
6634
52652
23075
20024
49806
1
100000
57112
63081
47414
19717
35670
76947
1
100000
33899
14945
62317
90260
54258
84284
1
100000
6505
5788
51065
72987
59220
51277
1
100000
12239
30025
2359
13375
47500
75293
1
100000
598
9066
63027
58954
45452
26501
1
100000
20156
93875
78333
68139
31764
31099
1
100000
5235
59734
89639
49863
38916
7727
1
100000
3572
78311
41932
69907
62957
40195
1
100000
90021
89675
68575
92710
51748
83006
1
100000
33304
27626
54150
22986
81015
94599
1
100000
12686
52165
66452
25056
16308
75611
1
100000
58013
14386
61834
32527
83186
13932
1
100000
76475
23353
28275
66156
70002
30963
1
100000
1665
10641
56404
25435
55316
74686
1
100000
12687
693
63063
25142
84270
32743
1
100000
76096
20480
12161
51561
68747
85929
1
100000
79129
67492
18445
61459
48842
74730
1
100000
92940
41311
84690
70958
47231
27402
1
100000
14732
97457
48999
99990
53247
85624
1
100000
15291
2572
4481
25092
19570
60367
1
100000
9600
12959
6085
79433
27323
87809
1
100000
5984
37645
12440
65159
30104
3902
1
100000
91274
16220
58721
87244
2615
12055
1
100000
79059
82018
67493
65644
84337
19423
1
100000
88510
97571
68558
44205
67766
68993
1
100000
25220
17088
32576
67545
18729
17236
1
100000
67221
48275
9295
1777
12216
66213
1
100000
70424
19110
12728
76914
34283
9186
1
100000
63473
52183
40255
59199
94708
61042
1
100000
42117
99890
74634
56965
67162
27146
1
100000
38291
15737
77004
96390
92950
62957
1
100000
36425
63763
2793
46153
21340
80584
1
100000
92724
19548
83060
68714
32830
46210
1
100000
67268
36835
68853
40400
69607
64135
1
100000
83914
39739
76383
46543
44478
56676
1
100000
80444
76976
59467
21472
14122
70298
1
100000
85839
41251
19954
75135
66407
81201
1
100000
77205
90893
10364
56140
14648
40002
1
100000
79072
31645
60165
83438
33199
92641
1
100000
85031
11548
32527
82829
29834
64822
1
100000
61493
98152
46105
72805
11474
51409
1
100000
12066
37295
334
21291
17561
33020
1
100000
27607
11253
13358
7470
79800
82794
1
100000
73967
43966
73470
56356
92967
60052
1
100000
93161
52332
73414
71426
10783
94774
1
100000
63732
95085
57390
18627
37813
90279
1
100000
97953
60449
94458
90866
50030
41564
1
100000
15501
66772
11033
45533
93177
75174
1
100000
94419
46449
9118
57843
31857
68081
1
100000
31986
9595
56638
34086
5225
67170
1
100000
79746
34833
49806
6817
67373
47647
1
100000
41579
83368
27407
11512
13545
66932
1
100000
87473
35982
53044
73930
25572
19093
1
100000
4756
66024
25988
95528
48913
2577
1
100000
91876
93676
14290
90024
91615
19968
1
100000
76665
55841
44448
81624
79454
49860
1
100000
18689
71484
21619
64795
67312
41774
1
100000
92837
28911
60843
63211
56785
84672
1
100000
32306
50448
77347
49149
11517
61779
1
100000
84444
61765
48676
98572
30904
23118
1
100000
87521
57373
31897
33371
3437
33970
1
100000
47237
62526
25613
92623
41880
35667
1
100000
71824
67882
34078
83141
40279
86582
1
100000
68094
14398
99034
52470
2659
87153
1
100000
5828
15166
10432
71658
87765
21466
1
100000
67073
94648
13213
72851
90812
59356
1
100000
88032
2653
70980
51668
6176
56163
1
100000
90763
15918
96354
89864
25156
99968
1
100000
60968
71365
38179
61493
53713
32304
1
100000
73844
28285
83139
17353
1741
66093
1
100000
62184
38899
42133
85560
72452
7301
1
100000
20166
44657
8512
15004
2559
75963
1
100000
58643
80606
25155
9523
16394
59378
1
100000
19743
40188
27424
53681
53563
12108
1
100000
78182
61865
25927
79137
63201
28509
1
100000
54379
80226
9741
48170
9711
82479
1
100000
42993
19745
67253
86051
93956
7621
1
100000
42042
90681
63343
19950
17
82006
1
100000
77135
10859
98101
4656
8904
12477
1
100000
61878
71818
77153
26622
86830
24977
1
100000
98063
21202
19608
80779
1172
56990
1
100000
50520
76518
63413
35082
29950
54718
1
100000
83981
14259
99376
64945
57513
40352
1
100000
99587
78661
6821
25905
13019
3723
1
100000
12619
43133
30430
67784
8001
36916
1
100000
73458
18160
96330
90746
9632
74815
1
100000
13529
47112
61137
74668
47354
11987
1
100000
86618
93289
40139
8927
91793
61622
1
100000
39626
99837
55389
50599
88154
91655
1
100000
64942
44165
74226
98714
42290
84591
1
100000
27355
93607
14360
25915
90250
34306
1
100000
35538
20407
52936
21353
73552
31425
1
100000
57583
11895
16251
61123
90378
73441
1
100000
4622
76120
30051
76001
68001
39471
1
100000
25590
54073
73724
49660
82669
28413
1
100000
72051
67156
54686
29080
13736
74032
1
100000
23887
62340
73935
9226
60546
78732
1
100000
72979
50100
46464
82855
98619
69167
1
100000
5885
60972
38283
70938
41839
97095
1
100000
66155
9386
7821
22107
13154
1328
1
100000
9048
34032
28303
32711
83779
3228
1
100000
89359
4640
5340
19322
89690
10371
1
100000
99998
21404
53217
42920
93497
58221
1
100000
13204
4698
49934
73811
70315
44707
1
100000
23983
83274
30920
14818
80370
38846
1
100000
17668
541
9422
58670
34403
15606
1
100000
99306
53636
33019
74675
79350
65051
1
100000
532
119
23701
27007
35722
61712
1
100000
72507
3827
59178
99140
56211
98663
1
100000
68756
72429
3328
83207
94354
28667
1
100000
73595
64260
96711
99079
21354
85529
1
100000
49931
5364
28557
8918
79208
77796
1
100000
3332
30819
29727
16557
51726
56415
1
100000
45807
51103
37258
2638
68745
98565
1
100000
36183
56626
33936
94058
20393
10713
1
100000
60568
16235
12644
2840
38208
99575
1
100000
44893
45329
14271
79569
19136
72388
1
100000
21410
54752
66326
89867
81785
78583
1
100000
53761
16319
49191
41010
2449
55496
1
100000
29320
69948
99816
8675
74560
92402
1
100000
45377
35964
10696
80877
80998
9957
1
100000
56172
52582
22657
22620
60584
94547
1
100000
46291
56476
11452
28124
5515
53863
1
100000
34438
80101
7322
89563
50294
80681
1
100000
21457
50174
98449
28788
77934
28175
1
100000
73271
30999
64921
48985
91567
1427
1
100000
72499
53513
44590
42734
14072
85638
1
100000
80999
13888
64628
90746
41322
28334
1
100000
86688
95246
74160
57464
56218
97891
1
100000
12558
78532
62347
25909
26005
72455
1
100000
62351
82706
58095
44624
88100
11703
1
100000
69053
33817
65611
22843
77290
78124
1
100000
88306
89278
8037
88589
28123
40238
1
100000
54612
98869
93371
57348
55404
23876
1
100000
5623
69550
46957
5265
57305
58394
1
100000
4304
43416
96767
70452
78234
20142
1
100000
12909
21539
40713
87397
42989
64852
1
100000
6054
16918
31168
37777
40653
58197
1
100000
66851
2026
60028
2214
87987
2185
1
100000
231
99078
11480
89618
9446
9075
1
100000
33556
94132
15249
73746
1227
31411
1
100000
29985
6795
41678
13433
9305
14722
1
100000
87827
30277
23099
3955
47744
52096
1
100000
53516
53741
88505
18484
94125
40704
1
100000
79291
1165
45833
35253
29695
30210
1
100000
16468
84988
27239
8762
98796
67547
1
100000
75086
67864
51680
67302
3385
84984
1
100000
55023
37329
18478
56960
55295
42611
1
100000
42406
27626
94344
80882
92081
91698
1
100000
92315
15733
68779
15363
64622
49277
1
100000
57836
7286
43361
39416
39780
6993
1
100000
58032
79303
45476
45347
16245
64076
1
100000
31627
47522
60159
566
74336
94268
1
100000
21887
71912
34091
47533
34573
84091
1
100000
62481
80880
14760
49785
92600
92798
1
100000
360
12695
80332
67641
97566
66227
1
100000
77881
34679
55862
88602
66495
3365
1
100000
25568
12657
61787
94348
56675
10700
1
100000
49773
37588
66493
78732
33214
5198
1
100000
63831
38285
16316
38110
36941
17503
1
100000
18023
39267
91653
41565
70030
26236
1
100000
58959
14741
38106
22874
29044
82219
1
100000
53504
98598
80550
48754
4120
80096
1
100000
92480
87448
74222
23964
35562
80894
1
100000
616
43584
80829
37758
20762
25165
1
100000
651
26107
43640
67897
91508
44213
1
100000
19706
38723
7519
47628
36492
56162
1
100000
11270
43308
87605
90327
84073
22547
1
100000
47780
18905
77042
68574
85464
15190
1
100000
64275
58428
81591
26730
6508
47607
1
100000
26714
68846
2576
86637
57165
38833
1
100000
826
42740
58992
62328
23405
86451
1
100000
99848
22802
43337
64488
78971
53661
1
100000
12692
6616
93891
16070
99548
57139
1
100000
41507
90752
33482
45817
39288
65008
1
100000
56260
22808
82312
65902
33736
46951
1
100000
67369
46358
8737
48584
18444
50811
1
100000
72298
66858
74799
68085
53357
95363
1
100000
16190
68429
79460
40473
95754
34971
1
100000
77222
34445
65034
39822
8115
62267
1
100000
39802
81279
25877
63655
6193
58457
1
100000
62527
98916
35452
56376
80554
46820
1
100000
29188
48342
84616
73298
82930
57088
1
100000
41277
61803
44056
34086
44664
84429
1
100000
99917
38239
26625
83637
93852
53649
1
100000
48174
44307
51088
78585
55891
11773
1
100000
53944
61447
89006
75315
76640
85122
1
100000
55230
45277
35044
96617
77115
64664
1
100000
87873
50261
37395
86293
37109
48422
1
100000
16742
60822
43825
28448
84337
3112
1
100000
71996
93700
92690
7111
6786
18575
1
100000
51210
62226
72671
98068
76089
70424
1
100000
83982
79357
15617
32606
86580
30973
1
100000
60930
13334
96308
82028
86515
60527
1
100000
71583
62146
95722
16423
38066
64138
1
100000
78464
14388
34907
5631
31643
92385
1
100000
92203
41687
95995
33222
15708
97424
1
100000
49645
88006
42229
35981
36155
62355
1
100000
3911
56375
68033
24085
35722
35575
1
100000
59696
36257
63212
17054
29155
79927
1
100000
27178
78192
22890
10741
71575
58663
1
100000
3750
96164
86911
37803
32653
91784
1
100000
70364
20477
94996
15236
80983
38077
1
100000
91973
2014
38302
24543
7171
36188
1
100000
18649
33569
38465
38884
81841
73826
1
100000
54215
50256
53026
89693
38959
8998
1
100000
22483
13003
15295
28831
58495
22118
1
100000
90598
41372
67036
42428
21557
56692
1
100000
330
2505
449
93462
83558
71152
1
100000
82536
92581
60073
4729
18263
78710
1
100000
65093
61654
59259
15637
13560
74316
1
100000
49371
97913
21110
73728
3261
84245
1
100000
5540
6870
90230
83260
96251
94815
1
100000
50580
92555
27390
33795
87163
20592
1
100000
64318
35847
1339
45329
15652
97760
1
100000
47583
74822
73651
7144
26655
12365
1
100000
72019
50626
89879
94117
81328
74324
1
100000
3883
85604
76967
20709
77707
79140
1
100000
99422
31211
65555
54384
4473
48162
1
100000
29370
51821
35622
88287
6094
62970
1
100000
91981
92316
90865
85677
44062
14236
1
100000
21573
15913
14926
28241
18197
41102
1
100000
84234
19501
76280
99574
52374
87768
1
100000
42823
84311
8204
17062
93031
90116
1
100000
68065
32894
83047
86223
15274
4466
1
100000
23375
21419
44490
41723
38813
5986
1
100000
72799
77321
87262
58350
9351
77010
1
100000
35865
42514
85564
90498
26562
63820
1
100000
55860
19267
96321
24853
84204
12008
1
100000
21151
37132
28251
76481
64862
75692
1
100000
65106
5516
33093
46746
28778
70694
1
100000
23962
84162
27298
48201
6214
21319
1
100000
14709
7555
97803
59425
9405
83167
1
100000
28908
23981
54528
80856
49712
99993
1
100000
19360
40687
516
62640
31216
56746
1
100000
79760
60497
93076
20540
71952
96710
1
100000
46347
49599
46158
49164
75119
50648
1
100000
68241
52920
15717
68892
30844
86825
1
100000
53762
14227
98342
18247
98125
32247
1
100000
27473
73524
85947
78067
65510
1883
1
100000
63527
6431
53217
39046
66214
36831
1
100000
426
14268
40116
88152
30523
75486
1
100000
73588
6036
6824
51428
29
51090
1
100000
57297
92905
9880
56829
57070
12626
1
100000
63020
24083
2157
77775
20758
56600
1
100000
48151
98992
22234
19779
19863
91531
1
100000
99998
40003
33252
23544
60420
20670
1
100000
11825
39030
54559
89594
24471
85307
1
100000
55362
71709
38765
81121
88038
63307
1
100000
58191
31346
43796
95035
11688
50743
1
100000
84910
91576
2610
3651
66980
72247
1
100000
90874
65913
55157
81935
92256
61915
1
100000
55772
28476
14629
41006
75385
42840
1
100000
51355
33759
81920
63235
65390
77894
1
100000
51700
52858
6980
74717
6539
54311
1
100000
67660
61176
58358
85535
19152
11967
1
100000
39959
20053
65283
42106
25927
901
1
100000
80888
10317
64411
51083
66010
54853
1
100000
41957
71409
33192
75420
61075
6957
1
100000
66216
51990
42492
35560
37114
98738
1
100000
94474
81221
96085
67180
87318
88776
1
100000
33434
32123
10582
27125
62733
8139
1
100000
9845
68110
55689
47764
59829
74193
1
100000
58395
47143
2627
34241
84341
18962
1
100000
83575
24434
78616
96854
99454
91813
1
100000
61770
98593
71468
78289
63465
83773
1
100000
81274
82279
62495
23012
98674
2965
1
100000
39581
32543
17537
57751
26804
79285
1
100000
64205
65298
77250
79998
96912
73546
1
100000
61220
15684
36583
16271
43156
91073
1
100000
71148
47615
19342
5858
39390
29754
1
100000
98680
37575
33733
78663
48868
57556
1
100000
62056
55437
71110
248
22396
48006
1
100000
68892
44476
98645
31522
37413
3156
1
100000
4193
76005
59098
86426
25690
98628
1
100000
52693
26867
32684
30246
80848
52361
1
100000
83983
57898
479
27420
15761
58577
1
100000
40472
61202
81348
59966
7806
27235
1
100000
55423
48337
8747
90443
73410
82935
1
100000
12504
72866
33899
9877
57179
17534
1
100000
936
77670
25559
37506
11221
41731
1
100000
8575
32266
2565
7949
97026
75452
1
100000
68611
51278
33560
35788
94383
8453
1
100000
21441
2287
26343
53630
44555
88900
1
100000
87312
93895
99316
26971
8777
48348
1
100000
47741
93597
30037
83621
23582
44966
1
100000
39166
63717
93568
92016
51257
36374
1
100000
38071
87027
3932
64343
34135
81142
1
100000
8666
65769
8707
5329
98142
87800
1
100000
61114
67651
83957
8147
93607
95133
1
100000
99529
87563
98677
14053
9279
2658
1
100000
47860
32600
44603
99028
6846
71035
1
100000
53703
33526
7479
37653
18591
77822
1
100000
99510
43685
25141
36532
96149
45169
1
100000
34219
62154
99270
26105
9529
46423
1
100000
53767
21402
75925
67354
32295
67827
1
100000
6455
13003
26412
65159
12331
60931
1
100000
97170
16676
6129
42983
32037
57682
1
100000
96695
571
13228
28297
27826
51027
1
100000
96120
15453
77789
64428
3370
27288
1
100000
96699
16622
26362
83946
95254
99315
1
100000
18211
4232
41201
35845
1499
39518
1
100000
71266
58025
68619
64824
75714
40465
1
100000
39817
83904
41890
23392
24797
9957
1
100000
34917
52278
61155
32895
18520
24749
1
100000
49782
61624
77169
94854
12267
24926
1
100000
4918
95576
32258
33729
80825
11886
1
100000
40073
93950
93807
21754
21103
30045
1
100000
61747
34009
35889
43970
49886
20853
1
100000
8406
78005
60378
40322
15560
48425
1
100000
18341
47825
40444
23869
29101
89635
1
100000
59819
89818
87361
26038
23531
26024
1
100000
28226
24786
35991
69339
64421
75602
1
100000
91872
47475
65350
94041
73820
67655
1
100000
31365
80645
84208
52488
70036
92145
1
100000
81445
16314
79365
37824
25627
86547
1
100000
70267
72216
76810
23388
60938
56676
1
100000
65153
43376
77736
97198
76983
60482
1
100000
59298
91880
47496
10092
95588
73416
1
100000
8187
13639
45814
9047
57703
12717
1
100000
92954
62986
55585
69645
50195
68277
1
100000
91177
62419
52702
15470
99739
12167
1
100000
639
26280
66195
10485
26714
93158
1
100000
78407
46270
55157
31357
47714
46213
1
100000
61357
95231
94531
13898
33318
93547
1
100000
82713
205
96045
83072
15409
68604
1
100000
53388
78438
55276
27046
30510
80421
1
100000
22525
65387
62258
81823
38681
33057
1
100000
12346
40817
87327
81244
99238
98526
1
100000
99541
70583
99241
57926
96875
11625
1
100000
43757
63815
89403
60273
62209
21975
1
100000
63418
56666
9122
43845
61684
30240
1
100000
1104
7141
86528
6511
47002
14177
1
100000
56652
8964
78692
33111
11966
77070
1
100000
27762
86994
55146
15772
76855
2471
1
100000
48729
65329
35021
80600
41387
20422
1
100000
40089
45386
32603
13859
4877
81650
1
100000
43298
70105
25543
45435
81227
52428
1
100000
15787
85405
23536
71994
6617
44831
1
100000
28641
64831
31521
47673
35755
42591
1
100000
13509
82933
36575
68756
25989
5836
1
100000
79129
83515
91492
32486
34000
33142
1
100000
14680
12224
12787
66486
47868
99507
1
100000
53525
72164
75067
65173
19557
32919
1
100000
70542
32773
12420
35727
93849
69080
1
100000
7355
89069
83633
2708
29457
92683
1
100000
93536
42999
76589
27779
3608
9696
1
100000
69653
28732
61555
33626
85320
1371
1
100000
78286
53699
20891
7607
34049
97046
1
100000
17346
92062
92817
27402
21057
49831
1
100000
92861
48834
51100
86370
99343
77867
1
100000
92237
60650
21717
38189
89043
57563
1
100000
77752
30387
42146
38701
84683
62502
1
100000
92275
63291
60900
39290
59857
73115
1
100000
72218
55980
40345
64322
5685
30040
1
100000
22588
46754
28877
86109
94878
14516
1
100000
10744
66644
24638
59227
51510
20756
1
100000
57640
54866
38996
57987
72469
26509
1
100000
58948
97087
23607
42920
93707
81872
1
100000
2427
54788
96312
75168
89195
93493
1
100000
92790
57962
45846
53613
86668
32569
1
100000
27061
81476
49612
96733
56379
65814
1
100000
44594
14063
76297
87314
95022
12837
1
100000
947
1231
21513
42033
5546
67124
1
100000
13754
66757
67608
54750
64618
70258
1
100000
71673
32288
3664
84006
97670
80919
1
100000
80082
25602
81961
87327
13917
84178
1
100000
15388
28899
75682
81256
87753
48801
1
100000
70661
85360
83071
31347
79254
92734
1
100000
37500
8309
63647
12646
93964
77171
1
100000
70717
5199
86734
73393
62177
67545
1
100000
80884
64335
93868
31871
40389
72537
1
100000
76649
17579
15955
36900
96578
56377
1
100000
48829
26569
16503
15803
5196
16737
1
100000
58875
86970
27162
87039
74711
95018
1
100000
12105
22194
26486
51544
76722
23317
1
100000
46766
57138
74532
40310
4172
73319
1
100000
71167
92304
6980
85307
71516
46155
1
100000
29360
84844
72992
72095
29999
10651
1
100000
27603
76562
71704
44852
84376
64169
1
100000
10889
34139
60746
99875
54213
40490
1
100000
41079
56832
24298
74334
53040
85566
1
100000
87816
43427
60906
23143
51466
78178
1
100000
54473
27241
90416
51019
45236
40312
1
100000
14241
68463
79834
713
24373
43554
1
100000
48944
61913
85960
86522
4693
38852
1
100000
6567
99545
40005
23083
74200
71915
1
100000
75782
51656
15857
38157
70606
59224
1
100000
94078
56835
1644
33262
98907
86654
1
100000
79921
76518
34785
90895
78546
18473
1
100000
74141
91510
43452
32977
17805
28468
1
100000
37824
38529
60032
4553
90512
3408
1
100000
41249
87654
46624
46059
92770
22392
1
100000
52876
1620
85617
66694
49531
83067
1
100000
17542
15236
85913
52173
35071
35563
1
100000
31262
90091
39584
70860
9461
7067
1
100000
18658
18115
77016
67674
76696
91625
1
100000
93310
9091
28484
98040
86950
32399
1
100000
59816
51086
24862
50984
92287
70000
1
100000
92809
63143
72334
14684
22325
65731
1
100000
84679
97925
7019
44694
673
64179
1
100000
57212
75956
43667
35301
90866
92996
1
100000
18014
6838
19190
64818
78567
40354
1
100000
78653
32219
7000
41827
53448
39378
1
100000
38088
7126
51986
94660
13692
9506
1
100000
31480
53323
23188
44141
68583
5422
1
100000
4864
98896
98201
61884
21311
50369
1
100000
16687
24813
25731
78002
19304
15858
1
100000
71291
2414
92897
19961
92140
81686
1
100000
87019
32771
77857
36191
70176
47861
1
100000
5245
57891
82128
66269
84542
10165
1
100000
77703
1413
93427
75375
41925
63839
1
100000
89631
17628
81429
11032
67950
15712
1
100000
68316
4983
28844
67292
11337
36179
1
100000
96899
65401
85225
10353
84432
11451
1
100000
36920
38671
19007
31749
49405
22524
1
100000
22955
85904
10109
84476
76073
30137
1
100000
58969
94447
24048
49873
82142
88536
1
100000
7040
84994
18605
96538
12412
82582
1
100000
77730
76923
72987
39186
25846
76035
1
100000
48716
75155
37015
5131
70701
24634
1
100000
25690
3425
29864
23775
64304
72035
1
100000
90965
41141
84922
28137
35357
80721
1
100000
84106
29502
69846
4838
28848
88461
1
100000
41647
3395
10157
72628
81070
38624
1
100000
61963
25796
44380
37649
66444
16819
1
100000
31626
30463
67388
7902
80349
18137
1
100000
64784
56254
95167
76672
90375
89493
1
100000
78082
97364
96265
45935
916
60152
1
100000
99539
33447
72824
29690
20409
94751
1
100000
98470
10482
61082
18353
56457
81742
1
100000
91450
48342
26565
74308
8761
83238
1
100000
29043
38029
73809
50106
93350
48513
1
100000
66243
78558
63637
27351
77327
2295
1
100000
71034
70458
19928
92247
86900
30750
1
100000
57107
61815
94290
46536
68843
62812
1
100000
97391
17690
85443
7400
11533
68591
1
100000
63057
93144
67875
56141
42073
30114
1
100000
74964
34611
35556
93001
25719
582
1
100000
79057
48180
88827
45983
39224
17662
1
100000
32474
87559
3389
8660
42058
74372
1
100000
28301
55905
19120
37743
62647
11450
1
100000
28646
47294
50882
26603
14238
71358
1
100000
12370
28651
57083
68112
65800
54047
1
100000
55815
74535
13682
7702
58917
83503
1
100000
64975
60101
83132
48133
73666
61866
1
100000
95401
49552
28381
82884
69560
67327
1
100000
73197
52596
99979
88047
32652
54033
1
100000
45042
68006
46610
99258
97575
3408
1
100000
20278
5355
77491
53847
86033
2850
1
100000
4034
94808
67187
50694
82966
82730
1
100000
19051
30320
12388
4929
61555
66160
1
100000
91080
37334
78369
60913
73278
7620
1
100000
81104
50847
81521
22782
93945
12641
1
100000
95900
1804
98096
57060
41023
83278
1
100000
90179
31551
87607
48521
10746
35667
1
100000
23683
46944
78059
50808
936
34503
1
100000
80319
51988
12717
73293
62911
81991
1
100000
57734
3084
19973
64329
31367
29500
1
100000
65906
83076
43087
53075
32132
80776
1
100000
40240
80472
41835
99510
69272
83540
1
100000
88716
57367
41542
10097
1991
24649
1
100000
11538
61771
80385
64769
4243
40468
1
100000
55032
74836
88326
26792
73496
20078
1
100000
25865
34739
46065
13015
91175
57871
1
100000
92701
218
6811
37026
83404
58243
1
100000
28604
9648
85355
97093
39494
35991
1
100000
84299
1637
11712
99952
73427
29556
1
100000
33631
16394
77996
5402
91385
61316
1
100000
19791
73434
32590
19269
67337
43431
1
100000
15466
18103
35986
6339
73772
13988
1
100000
10898
57305
15635
82459
54717
49783
1
100000
58
5592
11748
9973
40595
97092
1
100000
50884
58449
41027
16874
35044
87684
1
100000
55251
26730
88282
58233
88674
71845
1
100000
8838
99003
92796
75141
56916
81703
1
100000
7676
68307
6823
77964
85541
67060
1
100000
81402
63815
81988
31767
13958
82171
1
100000
58971
17492
39385
84225
96193
32822
1
100000
32484
57016
89947
76336
78158
82994
1
100000
7357
55718
48798
13128
27215
85054
1
100000
53632
11585
46559
52148
83331
25395
1
100000
65060
89671
64074
72971
33673
76603
1
100000
1149
68487
46537
75300
28232
74552
1
100000
68367
4356
34269
34674
30876
78106
1
100000
10400
93645
84804
51338
44055
52498
1
100000
23506
10530
57937
87798
17531
30580
1
100000
66642
20085
76467
429
72302
72607
1
100000
50753
153
59163
62359
82972
18090
1
100000
16657
1968
38033
75325
91168
78255
1
100000
81753
33416
8987
74249
21737
81348
1
100000
60041
47452
89765
82673
59084
66010
1
100000
43088
43918
97978
71415
64607
91903
1
100000
44483
30860
7005
30744
15141
18359
1
100000
99384
30071
44393
65289
26196
8900
1
100000
96654
5285
51984
61928
43479
32722
1
100000
13837
83779
29350
78768
19541
29996
1
100000
48481
91804
59084
78194
78123
32634
1
100000
9491
37294
61477
40382
92035
822
1
100000
6002
15473
8044
95615
81077
69631
1
100000
70392
47643
30281
22211
48693
77403
1
100000
16218
93770
64207
66141
31906
8765
1
100000
31709
71018
30216
98180
25348
951
1
100000
89458
96479
52763
41623
62031
48564
1
100000
94026
62217
69847
81693
86136
3528
1
100000
31334
98876
17933
26915
9148
11292
1
100000
63586
44726
79022
34047
61337
34036
1
100000
12084
59679
6698
19552
97047
40479
1
100000
27010
52603
70648
88056
59244
67086
1
100000
38323
57389
75415
43929
85723
41467
1
100000
30353
58799
42209
59547
85562
14524
1
100000
8702
16374
27376
47965
32010
89211
1
100000
64291
21487
46508
11674
66502
3541
1
100000
66924
60310
96934
96026
34141
49609
1
100000
11724
57939
21741
63756
51088
65478
1
100000
2149
84853
6984
97786
2435
13550
1
100000
91361
14929
95371
30458
20998
81028
1
100000
34359
22576
93523
38589
44439
74652
1
100000
14979
51861
49445
7016
91745
93308
1
100000
95798
76190
90315
94671
49980
4081
1
100000
51664
20706
43679
65374
91512
19956
1
100000
94393
69438
31789
29020
71721
51008
1
100000
46789
79141
38956
76249
67731
75392
1
100000
41811
24354
90703
15245
42557
58282
1
100000
5460
20333
88324
55472
49660
82770
1
100000
66202
60503
57472
40906
58346
36368
1
100000
66634
93377
10974
24639
91261
22567
1
100000
90678
57297
15567
72842
92541
93982
1
100000
51541
68479
80702
33780
59649
14337
1
100000
39421
11390
3851
920
68509
40186
1
100000
17412
12797
40352
12416
111
94831
1
100000
72243
16514
12376
61661
80677
75057
1
100000
80749
5242
51816
80463
57532
97818
1
100000
25353
18967
63689
84949
42475
47653
1
100000
63594
79775
98465
24339
15002
32702
1
100000
27672
45016
29845
8327
92849
83816
1
100000
34044
88710
70322
44808
1655
50264
1
100000
64559
24405
92039
64656
24086
42741
1
100000
28478
32597
35430
24725
48574
29044
1
100000
52494
24338
29096
44400
72406
75607
1
100000
52638
14492
20571
93899
38611
51785
1
100000
68400
98854
86013
29706
22609
47414
1
100000
93177
32097
3640
43721
42473
17554
1
100000
25383
19213
72197
96604
63202
7283
1
100000
51817
18945
4764
36349
22871
53419
1
100000
29086
9754
38448
36570
80501
30128
1
100000
27677
96881
10612
58777
21441
72186
1
100000
81173
71017
65276
33103
4044
53554
1
100000
40519
40612
92661
44164
8884
9948
1
100000
38887
2863
28881
65303
17763
22705
1
100000
14974
26607
82011
47049
50891
42529
1
100000
17310
51129
24933
74269
17999
47839
1
100000
20130
13228
89799
75128
76079
75651
1
100000
9446
49851
65282
81743
36730
94049
1
100000
75453
19539
27369
61352
55678
64480
1
100000
17314
16898
1702
97716
20527
47841
1
100000
87364
4870
41216
66407
94765
39123
1
100000
90344
76875
17644
35445
8247
64730
1
100000
73476
95434
24680
95009
35383
24202
1
100000
28839
69668
11769
3376
46523
86599
1
100000
9082
40968
78225
23049
79611
94527
1
100000
50564
15740
25982
62180
11593
25147
1
100000
6127
54606
41904
98281
47204
78927
1
100000
64037
98920
42581
7757
43560
89822
1
100000
72432
92644
82475
94603
81810
87779
1
100000
53871
65041
92596
14649
22479
71465
1
100000
24866
50305
4597
7022
80256
44628
1
100000
51771
75773
79101
82190
62748
78983
1
100000
50856
82666
28846
51483
26115
65284
1
100000
80141
92015
20832
93409
85312
96113
1
100000
2650
12849
50575
83399
65957
64562
1
100000
40215
9782
25619
31573
22994
91421
1
100000
24417
39961
28103
64930
25124
73757
1
100000
46945
88328
46366
48218
94912
83481
1
100000
11870
13162
85605
67775
59584
18916
1
100000
46863
67114
54703
99715
36998
88636
1
100000
74153
75162
13734
80467
12251
57176
1
100000
55656
39510
66336
72289
44174
13340
1
100000
77765
64700
9268
49182
12540
61469
1
100000
98104
49769
83114
10780
4997
57328
1
100000
84346
76179
80942
79174
46932
14507
1
100000
32651
2180
47506
85947
64289
44770
1
100000
50984
34367
34800
71172
79300
30675
1
100000
46692
65425
63272
75322
40364
96954
1
100000
31506
88719
42655
74809
35428
82017
1
100000
10579
61497
46903
42689
69803
56786
1
100000
55557
37931
91140
76825
70378
19116
1
100000
21864
28964
47399
81995
21765
7165
1
100000
22227
90572
28085
2284
39028
77291
1
100000
75393
61292
18341
69804
5652
35754
1
100000
83738
76114
87774
59048
83501
5853
1
100000
46305
30395
35515
36514
2993
93859
1
100000
27404
9927
74503
14510
73912
15394
1
100000
60789
55362
7456
72767
43328
52333
1
100000
25130
1699
18808
92634
18394
34420
1
100000
10583
59275
19982
76614
32345
53491
1
100000
81631
70655
85682
93778
93700
5927
1
100000
392
93925
64763
18821
73440
79961
1
100000
62320
44388
20453
34786
49515
68201
1
100000
6130
85065
83940
17836
7563
4377
1
100000
74850
94183
72710
83091
45471
61360
1
100000
80709
5050
38495
27223
91943
75678
1
100000
91145
56893
10968
32881
34321
79805
1
100000
16721
98631
62388
97295
81639
41248
1
100000
166
43857
83898
37264
43765
21203
1
100000
69109
12919
54493
77873
5322
78076
1
100000
27559
78522
7931
67086
66007
70371
1
100000
59188
88209
40670
98142
27126
14854
1
100000
4297
60190
61159
32846
5678
19826
1
100000
87498
27614
36216
54681
58999
30476
1
100000
65197
28653
65970
86504
88397
264
1
100000
42455
18512
91459
57434
91751
14119
1
100000
72403
69439
82188
3622
68101
2807
1
100000
92145
42697
13499
81188
19956
84196
1
100000
14186
71854
32939
16973
98912
55586
1
100000
49690
22800
76288
21388
82415
11577
1
100000
35070
17350
9233
7297
19406
29911
1
100000
32154
78183
57122
41181
10709
56460
1
100000
562
22328
12157
23750
64956
88973
1
100000
81170
60139
16161
11308
92930
418
1
100000
27413
53972
74099
4293
50336
54510
1
100000
59245
60809
70790
67673
8058
73521
1
100000
242
88121
25626
46542
55656
99425
1
100000
40706
44498
56772
18087
88823
48067
1
100000
52018
31047
22500
27100
48385
18990
1
100000
78694
57884
45831
38801
31514
16449
1
100000
57354
65317
2270
86603
93599
82805
1
100000
18106
66446
70074
22009
22439
98450
1
100000
59454
58370
39456
66782
16157
1056
1
100000
73578
45036
34820
47632
79416
36267
1
100000
90811
99866
4317
63661
98927
4017
1
100000
36625
5246
23872
45976
70737
78849
1
100000
87428
18469
8783
40452
98479
4234
1
100000
25377
21750
72624
30998
79912
54698
1
100000
30078
95370
35701
38921
78367
11520
1
100000
13819
57457
69661
33271
80518
9352
1
100000
5686
14149
87739
39969
87
65324
1
100000
80652
83130
59230
89814
76666
72435
1
100000
66916
86574
91503
2924
45999
68707
1
100000
36596
79290
52602
88506
41080
96077
1
100000
51812
99111
79159
86367
74188
47606
1
100000
61701
61028
9701
36225
52896
43915
1
100000
99609
51128
77799
86036
28270
38294
1
100000
95622
92033
17277
54699
28279
21839
1
100000
20842
45992
24199
22885
38446
37271
1
100000
8340
18880
14440
62817
45930
95405
1
100000
16251
85092
64799
30161
30611
2046
1
100000
61904
29073
48758
84017
28777
42833
1
100000
67768
59653
29948
4884
85914
13284
1
100000
73963
1605
65036
30467
99099
94974
1
100000
65569
78399
67838
26104
79626
5396
1
100000
83496
21072
4856
90753
56015
72109
1
100000
17997
98578
7194
21881
22611
65653
1
100000
80188
77694
89425
27046
36852
19598
1
100000
76886
96630
30887
86802
45281
9493
1
100000
53835
47862
18434
68214
54310
59258
1
100000
34015
75676
18466
35527
29481
13604
1
100000
14637
4700
84728
60381
65575
52755
1
100000
43577
24318
9305
14001
27330
58134
1
100000
30881
11312
16255
8186
29435
80224
1
100000
46319
54636
88674
13240
86645
63299
1
100000
92240
69665
92040
63959
30772
2516
1
100000
82069
99934
58374
2665
44046
30757
1
100000
77359
47034
38246
75028
95305
17873
1
100000
7283
22582
65913
1136
5601
22529
1
100000
85164
30822
33485
47332
72456
59113
1
100000
84090
45870
28187
36644
24027
7714
1
100000
94639
12203
91281
52519
50124
62833
1
100000
33558
86409
54906
9878
49740
43669
1
100000
2240
91658
39811
77547
16539
68263
1
100000
16908
63826
9397
97125
86750
46626
1
100000
15106
37566
3708
99452
90967
99025
1
100000
524
62881
75592
53631
80500
69404
1
100000
76345
88678
41293
45917
5120
47381
1
100000
43911
38472
33063
70450
3762
68366
1
100000
24996
35997
74091
71649
51672
34852
1
100000
60236
1183
66808
38318
7470
27161
1
100000
16652
47750
76229
70053
74903
90589
1
100000
81285
11772
23945
67147
11692
58730
1
100000
39084
49344
28840
75609
94657
4137
1
100000
9029
7118
3499
40594
9536
13753
1
100000
80449
58
36915
356
74922
22311
1
100000
33837
69027
38026
74136
85078
88921
1
100000
5228
96870
34954
64318
50961
2395
1
100000
64058
1625
64339
45313
6908
19967
1
100000
54594
90208
60335
99993
77761
59659
1
100000
63501
25044
33806
67838
73174
1992
1
100000
68388
78181
64182
26621
28939
27169
1
100000
53673
59930
60244
83818
83840
13744
1
100000
95457
84917
76161
59701
94324
75238
1
100000
59329
77675
62324
49252
96937
81421
1
100000
38884
1785
39794
29539
15085
85937
1
100000
8247
56286
72919
15218
91709
81051
1
100000
6064
36988
92421
76116
18933
73785
1
100000
54250
98164
92857
74835
38798
4368
1
100000
60375
48751
21883
31798
23774
53145
1
100000
50407
44988
51358
79227
55687
57606
1
100000
6134
97042
31262
54780
54246
33098
1
100000
48486
93465
11799
79529
16287
84095
1
100000
13471
45079
41857
22042
92126
39324
1
100000
74200
8126
12008
36130
97238
10903
1
100000
89463
84492
46169
49556
62452
10273
1
100000
60052
16397
94082
8149
19333
7383
1
100000
77273
911
89551
46928
98174
36149
1
100000
33837
34047
17549
82109
88615
60544
1
100000
45935
84056
14221
82253
17245
21247
1
100000
79277
34995
46123
45046
78943
85390
1
100000
73345
60648
87335
63839
44756
5222
1
100000
9212
44401
11669
8397
52045
55026
1
100000
81085
86982
97690
29681
44728
22932
1
100000
73736
8412
31817
2107
51146
90951
1
100000
34614
25523
56845
51225
60873
96021
1
100000
29955
71218
73090
9827
52754
20946
1
100000
79577
12625
55030
88355
51637
77692
1
100000
14491
72903
11895
54020
75723
39057
1
100000
89123
47258
67194
80870
2782
54088
1
100000
93329
35200
30415
30186
32976
94975
1
100000
19882
50645
31071
62381
6395
82169
1
100000
31
54007
13342
41593
27559
14968
1
100000
43350
36145
42377
27013
89039
21788
1
100000
7765
88307
34998
69459
14377
39656
1
100000
38081
28713
12357
87634
22549
95328
1
100000
73344
99777
45300
37210
42454
39381
1
100000
57548
74769
5597
79378
41258
3895
1
100000
97675
41893
64905
13688
19395
56423
1
100000
25388
95437
5774
3058
94356
14434
1
100000
81710
35251
82313
46124
45931
24173
1
100000
73687
56225
67447
6385
77871
6591
1
100000
89564
22438
30404
52867
36531
91615
1
100000
39547
65114
58105
47018
81689
50680
1
100000
67405
49757
62560
73155
45407
63861
1
100000
16343
31515
62770
25306
74907
83262
1
100000
25439
88051
71114
75099
19866
42049
1
100000
71408
30323
79123
79900
51669
50850
1
100000
51627
91797
66490
1563
69818
45694
1
100000
92330
88592
9655
11481
83815
13082
1
100000
87214
70159
98543
6523
76941
88135
1
100000
86199
10918
63309
83443
58714
79393
1
100000
92794
68275
7991
5037
53202
16243
1
100000
1587
28825
22796
22650
744
76406
1
100000
10680
90809
83442
71385
33477
87822
1
100000
81421
91327
7991
9394
45903
36697
1
100000
2800
74021
66093
87168
50131
79979
1
100000
36594
99633
94162
18519
26133
84998
1
100000
51394
88785
62366
58289
23538
96958
1
100000
17793
73317
87735
68571
35826
62849
1
100000
76139
33860
19319
37440
23258
87755
1
100000
18086
7957
64934
7279
26254
2569
1
100000
10966
11980
94192
83523
77978
16645
1
100000
1487
37779
35410
64372
79779
33303
1
100000
17939
66544
11493
15100
84073
30814
1
100000
21215
35981
99415
65043
87590
78801
1
100000
35249
84735
14548
78637
79500
55828
1
100000
15726
18403
30471
62454
23902
11483
1
100000
82293
68231
8155
84294
1838
96640
1
100000
50262
43642
26019
30507
67263
98936
1
100000
72021
5852
19216
94775
32623
55502
1
100000
99620
2077
35703
35730
76403
6898
1
100000
60255
32572
37560
94990
40507
95000
1
100000
52792
86671
19279
5066
41398
34968
1
100000
9681
9511
5133
89087
53716
78048
1
100000
50223
32888
77767
85853
19973
8275
1
100000
30845
8298
23824
69776
1932
13240
1
100000
53577
13338
45852
6025
25876
72025
1
100000
47307
93849
45683
62897
96244
68260
1
100000
44690
90295
82363
76337
76614
31131
1
100000
31659
5850
97298
96974
1850
24261
1
100000
57145
86694
56221
49184
34311
25073
1
100000
46540
84356
31522
25947
30875
26460
1
100000
50693
49491
18756
11148
40728
23050
1
100000
20792
46130
38310
11375
73091
26162
1
100000
20126
82850
75916
48503
2465
69744
1
100000
38196
49118
7883
73235
29929
10850
1
100000
87558
31929
25451
14710
53713
10670
1
100000
77723
50351
69791
62099
28889
46138
1
100000
96038
7364
85161
31107
84122
97816
1
100000
17665
37543
91226
27626
4163
63134
1
100000
36458
35498
75442
37090
32962
86632
1
100000
10731
54041
85815
58842
79123
82757
1
100000
52089
72425
85267
27856
33549
91427
1
100000
30085
51504
74126
7647
68491
51046
1
100000
99479
34327
39556
21907
47198
15865
1
100000
72198
24566
51168
77554
27605
64161
1
100000
66924
83257
47951
79079
2584
30190
1
100000
88821
21164
21114
52829
57135
9184
1
100000
63127
51273
86785
4404
11670
4953
1
100000
21847
63911
59537
5701
32137
36979
1
100000
58489
92619
86363
44070
20404
71830
1
100000
16279
11253
84061
57979
89371
20015
1
100000
40219
43009
11076
55599
74162
70229
1
100000
60092
90932
25304
26464
98833
24125
1
100000
23117
72429
68849
19036
10950
68890
1
100000
80897
99491
92081
50258
94106
35398
1
100000
10646
7697
57031
17523
6367
64420
1
100000
38919
49004
9237
81223
77342
71271
1
100000
7822
48793
38323
24916
39716
71032
1
100000
97178
77192
14738
78418
80357
29852
1
100000
92016
79673
10996
16734
40737
25665
1
100000
8889
67521
69065
84642
63835
84135
1
100000
73061
30934
12256
5136
44580
93967
1
100000
87724
75406
81747
51599
14718
45098
1
100000
54768
11453
33097
29514
86332
20482
1
100000
72462
45937
28144
38820
42488
48461
1
100000
81587
93522
43425
61109
35511
13016
1
100000
12970
33554
5917
36599
63979
39546
1
100000
2913
44659
26072
4782
52266
71275
1
100000
17785
65338
58316
52997
51337
80997
1
100000
30940
16148
50631
90185
16444
99251
1
100000
60566
24715
61328
23429
71195
79882
1
100000
58019
96380
43220
36491
23703
84483
1
100000
78884
95640
40323
98273
92047
56969
1
100000
11609
60200
5044
54121
71928
80997
1
100000
74364
58719
85005
54855
37016
81761
1
100000
96789
21080
61580
40269
20668
44711
1
100000
75316
25006
67289
38608
88642
56504
1
100000
61256
28763
94335
46543
70698
59304
1
100000
79639
24439
7843
55032
35379
69561
1
100000
52246
66940
49799
81200
33350
40436
1
100000
80193
11527
85092
77779
4438
78679
1
100000
99122
94806
39005
21937
32556
64663
1
100000
70858
73247
57949
24593
20983
14093
1
100000
32738
83422
20194
79771
67215
86691
1
100000
27049
86486
18375
80470
83229
16554
1
100000
69069
17709
60212
59558
32799
27251
1
100000
33245
24048
29222
58112
41510
571
1
100000
21171
59719
47513
46472
52307
74475
1
100000
12857
86667
38276
21760
72000
93669
1
100000
61222
18507
41657
50459
12162
36311
1
100000
68932
34495
58152
46697
61917
41170
1
100000
99873
38693
94250
81668
50849
83905
1
100000
12702
53587
30345
62647
20502
18668
1
100000
16784
20022
10409
72696
34864
35309
1
100000
64930
16887
88149
9930
58400
86089
1
100000
46608
47158
52166
3246
53062
78400
1
100000
46545
63267
92869
55449
26730
15699
1
100000
54410
58492
91461
73716
54945
85921
1
100000
41956
50490
11647
56686
37091
80307
1
100000
85666
43759
90673
58518
25484
66463
1
100000
34066
1459
24777
4953
62348
71375
1
100000
55678
62048
776
92935
16888
98836
1
100000
26103
66927
66196
67352
51990
44850
1
100000
62471
27369
41448
81847
51154
66220
1
100000
14448
11849
85645
90672
50616
85638
1
100000
43
48407
99797
12589
23659
14688
1
100000
28120
77854
91035
83776
79213
40107
1
100000
64063
95811
60440
5835
44844
44516
1
100000
47675
38714
70644
2417
5326
25690
1
100000
70714
57419
79943
46819
17836
7942
1
100000
15257
28757
46924
90600
37961
52435
1
100000
6356
79541
90105
5091
22353
8622
1
100000
61865
9951
43782
94048
22284
16710
1
100000
97952
92035
53438
48188
51896
7054
1
100000
89867
93811
73291
66242
92709
79208
1
100000
81679
61560
7297
11183
38850
16894
1
100000
5932
14291
51971
67742
74404
58793
1
100000
96830
13117
22592
65054
10319
93711
1
100000
29989
17422
62314
22218
97654
99503
1
100000
68031
46262
32031
72421
25808
27103
1
100000
87041
45415
78761
31251
38154
66539
1
100000
61999
664
49400
67425
94341
37098
1
100000
36761
92272
58852
62748
52521
9181
1
100000
75073
10576
943
7647
9728
87697
1
100000
24709
54302
40649
90633
33644
90437
1
100000
41643
29469
18920
27499
32681
68100
1
100000
31291
69689
42085
88394
35384
31030
1
100000
27169
53026
76855
54792
82331
84727
1
100000
66061
76287
1956
31400
6826
76861
1
100000
66902
69021
27060
36382
57583
98613
1
100000
13615
52973
26105
54987
67436
68657
1
100000
44786
13493
76263
55782
27574
55760
1
100000
62749
68804
47238
19828
93133
65642
1
100000
15698
94080
99720
57261
12109
6382
1
100000
45850
54092
91237
92188
50127
22578
1
100000
59268
67753
50758
85866
5068
76728
1
100000
12151
66632
79439
16246
49432
32055
1
100000
95402
78231
90723
4495
69595
20733
1
100000
32501
87253
50059
445
70391
56572
1
100000
34452
82520
21638
74403
76133
30236
1
100000
23764
82422
35880
33730
40608
21325
1
100000
39084
89781
36955
35906
67378
84560
1
100000
89405
6044
16748
86978
61752
73039
1
100000
67244
5109
34576
77723
10156
23066
1
100000
72971
4326
13346
85884
70514
93207
1
100000
8140
51776
72002
97621
16872
73340
1
100000
9970
99956
28433
10094
1181
81603
1
100000
58279
22748
14805
32755
83803
3736
1
100000
52748
57023
31780
71064
82851
98908
1
100000
30277
76169
42443
51963
99558
64835
1
100000
52556
7067
50898
42709
82064
74310
1
100000
41053
64197
27233
34075
22060
54797
1
100000
39072
50640
76944
89653
10528
30103
1
100000
84102
54598
35919
38522
52628
71146
1
100000
47477
51300
18665
19335
17995
6904
1
100000
78586
18055
52759
56644
71118
3606
1
100000
66273
49330
40911
32928
84671
42174
1
100000
72
97706
59454
65988
23797
36757
1
100000
43737
29518
92256
9331
99299
54455
1
100000
77986
9442
61698
92586
24699
7632
1
100000
19425
90479
79079
59162
20692
52187
1
100000
30641
53738
2980
6675
84932
43808
1
100000
98563
62007
12900
42932
4747
23974
1
100000
37473
32715
95113
68914
6749
38215
1
100000
52306
371
76332
63515
19004
49725
1
100000
47075
69341
85232
51230
28950
70633
1
100000
60936
18790
53374
29314
39179
32878
1
100000
7591
64253
41341
42835
15862
96882
1
100000
34528
60050
15252
34758
42617
52631
1
100000
7073
2286
95713
53731
25101
91448
1
100000
55530
64964
13706
90458
68100
23734
1
100000
92394
2353
13118
72194
32773
69045
1
100000
25048
83872
42144
63015
39877
94172
1
100000
55101
50551
30367
80679
87351
67558
1
100000
7359
39195
16649
66938
56862
82649
1
100000
29512
98533
62751
37097
32707
69727
1
100000
81163
65303
65262
19937
99504
31290
1
100000
64932
29065
266
84248
45902
93058
1
100000
4517
19008
90473
65994
40692
11793
1
100000
86285
44614
72151
83076
78887
73551
1
100000
34548
21325
80782
5562
51915
24342
1
100000
9553
13311
32468
27271
83142
29119
1
100000
42373
71580
67740
44443
61414
17830
1
100000
99060
27519
15928
73042
74600
41898
1
100000
35956
77120
55636
71143
48391
40565
1
100000
56716
92922
9617
47027
53547
12153
1
100000
94505
12775
43437
70151
42211
82348
1
100000
30940
93828
79307
9272
49491
77423
1
100000
12353
14235
33141
23211
76603
54348
1
100000
75056
8633
8223
94077
88628
70197
1
100000
51844
24843
55430
60672
86083
55274
1
100000
6792
44301
95575
76033
25011
51743
1
100000
43713
19172
77311
55270
4605
85759
1
100000
67070
34859
61420
71411
819
53531
1
100000
49748
30905
12990
62008
70315
79074
1
100000
59724
32531
11171
9033
99143
34343
1
100000
84874
8343
36875
74145
88192
61959
1
100000
74423
80227
29986
7830
11817
66952
1
100000
46985
65699
12447
91492
51375
41022
1
100000
48812
19606
49663
65048
20470
96080
1
100000
72131
23546
57426
39907
73379
6484
1
100000
37824
3016
57676
89352
49250
8273
1
100000
22069
69674
93339
54538
63285
56842
1
100000
15961
27426
62194
6039
7484
64819
1
100000
49021
19094
7460
73163
3547
8429
1
100000
34108
62611
16749
84560
6372
77747
1
100000
57095
26460
99687
57948
55664
67561
1
100000
69469
5790
95885
64663
63009
96919
1
100000
93332
24005
97256
67861
50333
36264
1
100000
16406
76152
18930
95474
99673
58793
1
100000
59528
18383
70768
79602
71670
83571
1
100000
18405
2571
36117
2722
93695
96974
1
100000
81090
51872
27558
63966
68304
5131
1
100000
50946
76360
66584
39242
26864
41759
1
100000
34206
68060
30627
52073
52779
10310
1
100000
65166
44834
40558
52700
968
17854
1
100000
49713
91679
3347
66584
72044
42015
1
100000
20131
28098
48469
21363
74047
6105
1
100000
7783
39120
88135
65729
8003
47668
1
100000
95387
37862
12365
18627
44470
77733
1
100000
26781
41119
82100
50734
98539
15629
1
100000
54317
65807
93961
10483
89026
18674
1
100000
97525
63807
13957
89422
66886
62369
1
100000
27342
18897
58365
76482
80810
25814
1
100000
99584
68111
2673
80395
70
13949
1
100000
99631
96329
4136
13190
53857
70437
1
100000
50769
30519
5703
20041
38754
32218
1
100000
40952
50701
23370
18654
45749
20971
1
100000
28869
9076
71857
5201
46445
52426
1
100000
18043
57277
70871
43418
90460
6933
1
100000
69248
62731
58712
48146
26715
5478
1
100000
41097
56389
78045
82969
76678
15906
1
100000
22010
90230
42304
96020
98865
17817
1
100000
68336
50394
67982
96317
9378
16374
1
100000
38698
80254
49138
60653
69023
14622
1
100000
41529
76087
92384
13566
77840
94558
1
100000
12343
39515
93332
31707
90004
90918
1
100000
68373
25999
87182
47495
39364
98519
1
100000
72888
87519
97133
33265
47884
45352
1
100000
40509
59545
80021
97344
92922
29532
1
100000
79315
82891
83911
13680
26908
95758
1
100000
89857
35537
79211
8269
92593
17250
1
100000
84154
62503
61013
96518
27042
19268
1
100000
48316
3566
89604
78434
71734
48512
1
100000
13204
82046
23290
72935
71530
80384
1
100000
90368
21587
95456
53620
48145
48464
1
100000
51041
11131
16026
94829
44688
73386
1
100000
97011
64732
58261
75396
30599
39116
1
100000
67075
9289
64432
37326
1710
53841
1
100000
59105
27898
52035
45820
51051
65473
1
100000
82638
38358
96078
82897
51287
35609
1
100000
48599
8840
92404
34362
41833
84531
1
100000
19349
86227
95064
26550
25732
62377
1
100000
45788
34421
97273
10536
90900
76791
1
100000
79857
75800
9728
65086
98164
45004
1
100000
96842
16200
41625
77371
50859
4159
1
100000
45528
70226
98117
77707
85741
95552
1
100000
46354
97818
97597
85962
81096
17121
1
100000
8907
30678
12605
15389
40943
42960
1
100000
29357
95714
40622
78092
14757
96012
1
100000
99370
36971
29208
74570
79031
84889
1
100000
63941
80565
23222
433
96074
1308
1
100000
72720
14954
86314
62602
99912
73517
1
100000
52837
24640
30466
91055
67049
33191
1
100000
29831
51942
69266
47851
58188
82102
1
100000
42856
72487
44093
41890
44351
76133
1
100000
23391
40699
69059
24335
80355
44525
1
100000
99204
9889
42905
40422
16712
42959
1
100000
21271
77334
95834
65346
46872
14638
1
100000
36121
40058
7169
42505
60282
60315
1
100000
1978
31539
34199
98260
14483
31908
1
100000
41760
39104
52019
27009
16217
13148
1
100000
74846
54004
1655
20736
44074
90472
1
100000
49774
59352
51275
75829
56218
33133
1
100000
27710
41498
34792
78852
68547
94389
1
100000
54252
81909
1452
56582
72577
99653
1
100000
42262
89827
98061
52955
26591
46828
1
100000
67436
11975
4600
63447
4439
89596
1
100000
5687
7472
61732
9646
85809
60264
1
100000
92210
65963
35533
3094
78005
10401
1
100000
25518
22210
44484
83537
1136
52940
1
100000
95016
11018
50137
59600
92148
67310
1
100000
56697
94756
9779
62868
5526
97210
1
100000
6646
91832
84677
73635
11913
751
1
100000
19075
8220
77538
31589
95588
20292
1
100000
11195
57243
66380
98827
1632
38615
1
100000
68333
28305
4983
95473
70737
10879
1
100000
68345
29902
94586
55469
47500
84168
1
100000
41139
60178
73560
34442
5347
44489
1
100000
8808
52667
29703
61432
17931
34983
1
100000
69448
65303
19983
27173
28410
92880
1
100000
27138
51751
42169
85454
17841
56965
1
100000
93321
99606
91906
8927
32988
1622
1
100000
46791
30522
97087
73170
50205
94738
1
100000
48239
97609
44698
72808
35361
90101
1
100000
6110
44470
17475
35825
85998
8249
1
100000
4376
8957
69166
51379
27106
4593
1
100000
80650
85773
49253
35991
48315
26620
1
100000
14535
93928
43938
98873
71465
6259
1
100000
32348
17730
67339
75911
31741
97309
1
100000
29676
4493
34502
49389
88115
90220
1
100000
64923
77876
58098
64151
18610
18332
1
100000
47655
51092
19699
77990
46960
84537
1
100000
87943
60355
94937
93724
74390
33174
1
100000
68105
90964
12430
93479
55748
25673
1
100000
83231
35899
94304
90154
42002
93673
1
100000
95962
44786
71744
66521
23687
46463
1
100000
24572
5266
17946
98282
4958
52994
1
100000
52509
77290
41136
54139
46433
7817
1
100000
14425
43093
3041
78106
23059
43041
1
100000
4497
5049
65417
85001
40711
67953
1
100000
82397
11771
50211
28761
30109
67312
1
100000
36378
53085
63274
13150
11990
64015
1
100000
58972
61222
42713
22770
44378
52368
1
100000
75512
21908
63777
50985
52213
27368
1
100000
77397
53156
79412
40
63204
94806
1
100000
39341
881
15155
1665
12518
85191
1
100000
77289
20453
39772
37312
53898
42719
1
100000
89786
94215
20207
98827
37730
32958
1
100000
79505
65335
35461
97648
5090
70591
1
100000
19060
66543
67303
6820
45467
63700
1
100000
68057
74087
45480
79280
55582
56529
1
100000
46663
91711
86799
19272
14524
32308
1
100000
6601
12451
31967
86252
98164
19425
1
100000
72686
90715
4255
44626
1465
47657
1
100000
82364
93465
26666
41044
71680
90436
1
100000
10211
91036
22279
90393
45806
59791
1
100000
10877
15316
45903
82721
44619
80821
1
100000
33186
83097
71128
35072
66784
55442
1
100000
63679
39543
2392
19731
15200
65838
1
100000
85716
33429
98599
60399
81860
97549
1
100000
44760
55768
79452
10592
51081
84808
1
100000
57799
26105
45821
9413
49653
53445
1
100000
39533
2934
3402
7549
1948
3960
1
100000
53660
80459
58920
32588
23100
44457
1
100000
88688
1274
60524
35958
13111
65684
1
100000
22663
24252
59308
16548
65262
21210
1
100000
80477
29009
10636
12103
1576
54455
1
100000
68997
26001
24817
59043
18942
95746
1
100000
95385
64829
25785
93425
71122
85976
1
100000
24743
48427
60450
13884
51686
16830
1
100000
59765
69278
37197
13232
21509
35165
1
100000
68289
6532
3804
46573
84250
58087
1
100000
54016
25680
88040
13997
13332
69818
1
100000
97210
19112
63563
48389
77301
27363
1
100000
92199
11733
15363
32131
17652
55396
1
100000
7292
48287
29028
22592
98471
7748
1
100000
68988
44575
60129
9896
89421
55443
1
100000
66624
78222
65662
78285
89456
66835
1
100000
88499
30570
78767
78977
27613
16882
1
100000
7332
23871
31205
13878
84329
11870
1
100000
9567
2067
27226
15772
33738
1245
1
100000
83279
36694
25440
41659
13663
19827
1
100000
45975
70086
79129
42473
24598
2207
1
100000
50460
93023
28294
50222
41195
29955
1
100000
31690
88843
87966
74803
81245
53259
1
100000
26094
85305
72295
39837
13567
90398
1
100000
41772
71306
56668
10118
73958
72137
1
100000
84324
78205
51691
3045
76659
68662
1
100000
36342
5794
41467
89996
74663
71406
1
100000
67298
78548
86583
36827
32513
97567
1
100000
14295
36088
75454
60344
91048
5569
1
100000
10995
65834
60671
97238
2503
10166
1
100000
83561
29661
73216
45946
94056
51894
1
100000
67199
72798
66404
42806
11898
94211
1
100000
17101
32199
88849
74829
23393
66656
1
100000
51914
78413
87839
71541
58892
82208
1
100000
69954
29582
74669
27818
63029
33989
1
100000
392
55830
73756
74761
41662
81935
1
100000
43475
91381
79636
50842
80555
5658
1
100000
48896
70064
54654
15970
65476
10845
1
100000
24419
14588
83016
73826
32190
77224
1
100000
67473
53124
3046
14705
79277
70521
1
100000
70341
78218
72654
34747
65214
14284
1
100000
92339
6734
26356
12587
31380
17459
1
100000
35645
87290
59180
39399
97821
49886
1
100000
12871
24767
42299
67017
48120
38721
1
100000
58630
99988
67191
71739
99957
39777
1
100000
84575
2697
20823
77558
15712
14098
1
100000
88755
10790
1923
37187
47806
47558
1
100000
85256
56773
14274
49915
70842
86645
1
100000
22525
93826
5955
5976
29741
99320
1
100000
8231
90638
10090
22799
97878
61916
1
100000
66517
9306
90955
46777
99646
67343
1
100000
63156
47416
655
455
32471
14408
1
100000
7151
34368
30247
53459
51919
51895
1
100000
47193
88661
9650
13026
26652
8640
1
100000
91575
35699
18337
90247
10538
63853
1
100000
1949
53903
62290
23582
81815
83525
1
100000
82914
50734
36846
1766
95764
24048
1
100000
12208
52591
84583
67323
92225
58860
1
100000
21482
35210
78918
79723
50172
60352
1
100000
84035
52273
59481
72336
88679
6950
1
100000
86808
56176
89838
92766
51941
56399
1
100000
38784
79186
89513
16532
35142
92363
1
100000
97997
8418
73644
55670
11052
16381
1
100000
82713
86096
58050
45119
83487
27435
1
100000
45455
27378
38087
56184
92218
16780
1
100000
78373
40220
79763
36918
4560
45121
1
100000
6246
78981
54644
22098
68437
96922
1
100000
35352
55123
53685
97943
61834
37429
1
100000
14756
56016
25895
55925
39249
23595
1
100000
58455
31993
90698
45405
61826
96529
1
100000
19042
17266
89413
78777
65729
81226
1
100000
74591
16774
39607
83285
62053
85114
1
100000
76262
5570
11711
70522
98085
24929
1
100000
15157
65537
78835
93689
48865
49746
1
100000
34393
14436
56358
52724
23402
52577
1
100000
29592
52993
89039
54437
3681
12336
1
100000
68741
24120
12620
75807
34132
10553
1
100000
43844
40224
94838
56630
6673
79801
1
100000
88119
34503
66349
37870
30759
85242
1
100000
56274
45677
81148
23272
9634
45812
1
100000
97387
3085
47635
89130
71865
21265
1
100000
57178
74455
52875
40520
35844
51914
1
100000
74971
93332
16546
90252
85348
94103
1
100000
55180
62631
3870
30687
79605
61782
1
100000
64814
53119
75780
19963
56057
52339
1
100000
13789
26056
41398
64411
94551
77692
1
100000
19631
57164
1689
97993
69793
70675
1
100000
44749
55101
97096
27530
77862
34838
1
100000
28433
21491
11703
35769
59155
27225
1
100000
7642
82419
86767
2845
52854
94205
1
100000
77643
79328
84428
22917
24316
23734
1
100000
76317
2979
57135
37927
86440
57249
1
100000
71486
84486
12452
87299
76065
41455
1
100000
73310
62858
83565
46191
13332
26430
1
100000
95517
34665
34442
27756
88078
57310
1
100000
79917
57811
53137
65662
71316
12069
1
100000
93728
69269
61793
57926
29795
31607
1
100000
87841
96808
74233
417
40559
5973
1
100000
89114
71942
13613
2323
61675
95245
1
100000
43792
62391
50115
81609
72369
89863
1
100000
63967
14789
68860
21138
1009
13741
1
100000
98442
35094
28406
45663
20519
72625
1
100000
89599
64196
22531
61760
78150
90660
1
100000
37437
83774
49313
93747
90750
39903
1
100000
8118
30848
19306
38856
72959
55704
1
100000
19954
65537
92147
14828
20987
79139
1
100000
44232
91492
14378
99531
57519
39832
1
100000
36803
57195
36855
95754
99201
68859
1
100000
71638
59601
58686
46517
99608
51469
1
100000
19087
7758
9542
85849
50080
82050
1
100000
49908
89689
11801
64533
25968
46223
1
100000
42454
5556
89833
25903
65580
95161
1
100000
45441
51807
90193
76163
35631
50957
1
100000
34794
86726
88513
86640
58149
80685
1
100000
73537
26267
82149
56026
76147
66224
1
100000
80787
88465
22484
44549
39152
85218
1
100000
24803
45998
77275
41559
16718
15634
1
100000
44340
48370
71613
49549
18914
55849
1
100000
55236
89845
75240
66764
49321
15647
1
100000
54638
39652
26992
65462
25685
73770
1
100000
54455
40127
69607
64344
54541
53001
1
100000
48036
32154
35386
52339
67276
18287
1
100000
85696
28446
14453
71557
21941
32671
1
100000
33740
61592
65898
99056
39815
14799
1
100000
58345
20971
2905
85790
15118
41768
1
100000
29958
43165
84969
53181
91976
18945
1
100000
28663
61378
60692
38266
81431
43191
1
100000
45339
62168
60053
88723
38361
49048
1
100000
33824
98179
90465
47961
14443
96213
1
100000
80182
65697
13071
3795
30412
5693
1
100000
53663
1184
87347
89603
24167
77547
1
100000
3769
4348
9298
41183
14796
29578
1
100000
49847
25603
26657
89487
34070
56260
1
100000
58415
19444
89362
89586
86398
74859
1
100000
4718
2632
4027
65894
6697
91667
1
100000
22030
54336
87980
2270
5370
53912
1
100000
12873
85917
70390
2454
20275
17486
1
100000
97675
71987
15752
86111
98512
70673
1
100000
72657
62613
42
74703
19027
7908
1
100000
16824
37540
67485
64699
82645
33159
1
100000
65696
61518
59474
41878
31252
24293
1
100000
41194
34172
86536
2759
36341
48716
1
100000
42566
41507
81838
28415
29784
77436
1
100000
82575
17395
75083
21347
93835
44592
1
100000
72875
40176
88937
21183
30385
79372
1
100000
26088
75721
37751
22085
81616
57443
1
100000
99477
74329
71655
97279
1437
65337
1
100000
94760
80201
65187
69502
56229
71610
1
100000
44082
98179
91038
6166
35677
18127
1
100000
65728
46818
21260
49288
2066
87001
1
100000
64215
98396
71080
91089
32934
50274
1
100000
59094
35280
89308
63688
68286
19933
1
100000
68617
13397
42371
93554
10719
45702
1
100000
66819
12966
47490
12800
55234
59165
1
100000
95445
69642
43980
53261
39675
87269
1
100000
3451
88137
37134
28941
98636
96699
1
100000
35089
24103
43948
74500
25290
8290
1
100000
16583
44854
79660
45108
2967
61662
1
100000
73729
94295
64765
56135
34680
32678
1
100000
32519
64954
8216
9106
17225
50109
1
100000
56418
57268
98878
23397
84746
32359
1
100000
16875
7758
56181
81881
85701
62493
1
100000
65151
83528
49521
25841
67936
74163
1
100000
31357
29501
49373
12793
29782
51028
1
100000
2957
56592
12666
55958
19234
89999
1
100000
23329
56041
48380
75260
53760
73543
1
100000
96685
71865
98421
32373
24027
34368
1
100000
35532
21744
79127
59746
21052
81086
1
100000
26825
58081
76043
63601
39445
81188
1
100000
83951
35052
29842
61807
56931
72032
1
100000
9444
27012
86251
48557
46105
32428
1
100000
69211
81261
60641
99958
11109
72917
1
100000
7097
5898
25559
2051
25615
27939
1
100000
95248
57871
86478
4072
98471
96845
1
100000
15944
66771
44813
88340
28486
53573
1
100000
59130
68364
78914
94677
14377
31078
1
100000
14539
1804
92642
71385
63971
33647
1
100000
34677
81236
7983
92140
23130
58913
1
100000
81349
97349
93095
91999
15130
43364
1
100000
58666
23066
74348
5200
22426
35303
1
100000
79049
7489
57298
51131
19013
6074
1
100000
31789
41152
62460
42147
44160
33142
1
100000
69848
64904
95835
75868
82424
93370
1
100000
11647
93576
68139
48146
15614
40566
1
100000
32209
8836
10011
69200
38076
87758
1
100000
41607
43803
60590
53700
67602
36680
1
100000
28559
21690
79113
58523
62214
28378
1
100000
1224
34269
82147
7343
67338
65055
1
100000
81840
96207
12248
882
32059
50824
1
100000
39388
62261
845
56782
78694
30900
1
100000
96342
79660
80355
43413
13464
28955
1
100000
64037
34443
72458
35999
58574
61214
1
100000
36717
66363
33921
97070
67763
78735
1
100000
13041
49145
6329
88376
7267
5114
1
100000
84698
54527
77802
74424
63504
57970
1
100000
36373
57362
94206
19308
61517
81183
1
100000
33531
8415
42447
49853
10287
52192
1
100000
36877
46390
5317
54430
32343
29556
1
100000
90427
26297
47229
19447
4790
65759
1
100000
99787
6736
79574
93379
23841
35914
1
100000
99214
60691
20881
512
40311
34650
1
100000
82766
73311
94283
22032
70107
12792
1
100000
72069
39683
1655
63408
93117
57628
1
100000
25094
50494
33592
59603
73860
34117
1
100000
96383
99893
27331
73400
61549
60423
1
100000
71940
31852
73129
73408
71441
31082
1
100000
12755
85724
41545
69073
74156
58772
1
100000
89498
6906
48979
18410
59139
5203
1
100000
36221
78979
57285
65142
57402
96822
1
100000
39080
63561
86699
3746
24512
36287
1
100000
50987
35218
30492
18214
33636
12641
1
100000
50010
92787
37824
96316
96386
67246
1
100000
5710
41216
97113
98240
63232
25208
1
100000
80441
61775
41869
7177
34078
63216
1
100000
89569
58467
72230
83738
57825
1141
1
100000
9230
52612
20507
24355
76279
65747
1
100000
38272
82382
1452
93803
73911
26411
1
100000
82873
44812
96848
59233
43767
53259
1
100000
76057
27250
92600
38910
55739
80716
1
100000
5564
32935
69148
33597
46429
31928
1
100000
38230
66470
29839
14595
504
37653
1
100000
87728
61865
38653
93652
86260
82396
1
100000
40316
44276
3336
78237
50215
53008
1
100000
59931
13393
71318
45836
4349
87062
1
100000
43357
81153
83784
61310
90618
22410
1
100000
98245
3151
65619
69193
59882
87917
1
100000
1927
11340
5081
28931
44163
4222
1
100000
42602
94787
99236
53072
70295
50207
1
100000
24020
94957
96762
59007
34650
18347
1
100000
94953
51667
5376
82442
98266
40054
1
100000
58621
4395
24622
47362
8483
4003
1
100000
46340
82518
78673
31975
24251
49807
1
100000
41647
58274
26043
84824
92612
55447
1
100000
40371
51938
84440
34330
62079
1307
1
100000
18642
27560
77465
45384
79033
43347
1
100000
67195
34331
34880
10886
4338
13762
1
100000
15951
7367
70416
13889
59786
24887
1
100000
92973
85588
36003
17064
23189
97177
1
100000
65492
39217
8867
93882
74296
74096
1
100000
25520
84006
36102
7575
64305
54200
1
100000
44227
91542
93359
56217
48887
99516
1
100000
28789
88997
83340
38051
79515
52450
1
100000
68502
5436
89628
87825
32089
64132
1
100000
60922
25912
61813
24787
88771
25862
1
100000
22311
50258
9161
49349
70921
93716
1
100000
38668
80619
51850
40054
39703
56339
1
100000
27590
51288
27648
98666
64991
43954
1
100000
8221
70788
26767
92716
4768
89392
1
100000
56640
43972
87617
80043
22389
74620
1
100000
24179
58148
40127
80980
56175
10264
1
100000
89978
11093
55966
24709
64829
66427
1
100000
47218
17815
88925
77782
5033
64413
1
100000
68223
62162
67868
39285
70537
47631
1
100000
58238
52257
46745
8276
38466
44517
1
100000
27796
25467
52933
56090
35335
19069
1
100000
90252
84594
46664
61761
17475
72080
1
100000
91938
15559
74831
22874
12998
28264
1
100000
19279
23561
76577
28254
83819
67429
1
100000
84691
62533
99874
42990
41868
3382
1
100000
66563
86327
98541
91522
73402
25081
1
100000
1173
18419
89243
57341
68738
75515
1
100000
25370
59234
56922
50967
95176
20145
1
100000
67985
15775
35372
93925
95125
57430
1
100000
7839
55503
42199
61268
29749
44142
1
100000
33149
55023
85588
66022
1614
52726
1
100000
46502
37902
70399
56483
31786
93852
1
100000
63380
21801
9
16376
23682
79459
1
100000
67418
96721
57400
21246
14587
53467
1
100000
37732
74129
24657
20023
55414
89067
1
100000
91245
35135
89853
90255
36874
45159
1
100000
76028
51876
38954
15409
46105
10978
1
100000
42438
45955
24495
22390
23532
57399
1
100000
76141
56111
79949
2210
7636
2582
1
100000
54970
96698
94795
13171
69251
56147
1
100000
22505
86689
65929
54747
68309
76847
1
100000
3968
34114
21277
36282
52683
3311
1
100000
40249
96249
36616
40110
75763
54164
1
100000
188
81736
72363
96330
89585
77598
1
100000
96166
93327
68310
34999
22434
75498
1
100000
32121
36923
10437
19006
77647
16259
1
100000
36562
89052
61518
56945
33309
62836
1
100000
58743
60564
20644
62891
35759
11568
1
100000
94517
3427
78503
46172
32891
7655
1
100000
94057
86702
84750
55477
53781
18274
1
100000
42473
59546
55351
35164
23581
34454
1
100000
89150
30665
14043
44546
60601
12861
1
100000
16912
79735
18728
53585
5669
61845
1
100000
92822
68553
10920
79115
76394
65044
1
100000
19671
71273
42744
37703
3588
68181
1
100000
31310
63640
91615
95105
89702
74895
1
100000
95186
24333
32272
13563
78101
80088
1
100000
63906
22628
40332
83415
28592
43858
1
100000
46112
97489
48155
23854
53188
61601
1
100000
46459
52427
43304
39089
81290
18333
1
100000
67602
86486
42624
76507
61366
18170
1
100000
65178
21250
82752
43837
90974
66909
1
100000
87985
82332
57032
65738
96409
28246
1
100000
12049
2117
62075
78602
75719
91999
1
100000
27144
97759
616
52528
65988
63443
1
100000
47492
98576
77294
53196
82734
57351
1
100000
48811
64467
71849
40796
11250
81711
1
100000
74925
49569
98643
86240
62741
73834
1
100000
3575
60534
72487
3349
55233
59699
1
100000
78783
16579
99484
49840
31667
56829
1
100000
79578
16180
72209
88473
69460
46059
1
100000
46829
11732
68705
76420
96794
36301
1
100000
12589
31096
74022
48099
26749
63225
1
100000
7477
44786
20062
5455
77328
79172
1
100000
53620
65756
94345
30305
64696
21812
1
100000
38377
88080
8652
24857
10342
43443
1
100000
38590
29488
13730
14215
77274
11527
1
100000
55758
65895
6435
64772
75083
15095
1
100000
98440
2332
60991
88217
91336
15624
1
100000
30541
6893
65622
19577
98909
10292
1
100000
42859
89957
74750
75513
97564
18278
1
100000
93607
65915
6102
66253
29777
22888
1
100000
92968
17243
35701
54656
80115
67286
1
100000
36436
16171
41548
73731
66521
4592
1
100000
24906
36612
67950
90987
39778
48503
1
100000
36412
6004
731
57609
80411
6555
1
100000
24724
93637
96617
47666
96711
59287
1
100000
92173
13491
13477
62362
67161
94077
1
100000
5155
57611
10045
63640
70886
97356
1
100000
73683
80091
82404
9121
20252
64080
1
100000
49502
69089
61423
82511
85944
80691
1
100000
94957
28536
74405
51347
97973
63067
1
100000
55415
18023
9561
3847
96511
42670
1
100000
64630
6586
78184
61739
50437
24323
1
100000
48880
68571
3286
72441
73296
48010
1
100000
59502
72900
74857
36947
44381
98284
1
100000
43951
91811
72028
10736
20680
93510
1
100000
41668
99781
65755
41190
35321
66742
1
100000
95741
10983
58862
96976
28473
5077
1
100000
91675
27858
40512
41235
7887
41805
1
100000
65082
67975
28609
33206
1291
71979
1
100000
97929
26754
87506
27125
52410
49172
1
100000
37743
7860
54443
91231
84678
4700
1
100000
99602
18774
27217
19790
89002
83571
1
100000
14953
91151
33985
89890
74026
96351
1
100000
51230
56666
68554
90684
20088
37968
1
100000
1375
53031
21443
80544
42959
69036
1
100000
89647
76052
3667
75076
31095
56493
1
100000
57349
98031
66665
20130
98706
3635
1
100000
10550
6901
94789
60644
59378
54473
1
100000
53043
98138
65964
31125
13122
48688
1
100000
5076
94684
56848
79481
35012
63387
1
100000
79089
70445
95363
66489
26884
34847
1
100000
23356
27412
51725
12729
3226
53676
1
100000
65839
11888
66439
85845
56398
17741
1
100000
86149
8897
66554
637
9731
63937
1
100000
91419
47882
39806
16098
97074
4710
1
100000
51632
73651
99576
18560
16620
82395
1
100000
29225
44928
74698
45425
3432
91433
1
100000
58848
91512
29664
87036
94149
17266
1
100000
51753
78559
74657
61736
49265
89030
1
100000
25871
99018
28028
92937
81148
23558
1
100000
56183
18848
86495
26782
69434
99303
1
100000
45000
24793
81910
82163
87179
75615
1
100000
92258
42084
57854
96055
68294
78246
1
100000
65594
42696
50219
26667
73494
82858
1
100000
56424
171
72895
99356
45428
74089
1
100000
9790
91849
28434
10452
37498
61520
1
100000
171
96604
31350
24436
47170
8559
1
100000
43476
48228
94207
63147
27476
49593
1
100000
35727
49195
6812
2546
24734
65514
1
100000
7134
86526
88032
87723
85310
56036
1
100000
35212
34989
46059
27121
94746
42009
1
100000
737
15012
42797
81726
76172
64829
1
100000
60958
4106
39246
68165
75574
63063
1
100000
63475
9408
66647
87972
79751
5754
1
100000
69646
66227
7936
96100
4976
2345
1
100000
275
25668
34757
37580
56011
15960
1
100000
33733
92241
90405
15627
95217
38374
1
100000
12744
2924
69810
3228
27784
87928
1
100000
53488
21928
25376
82362
5499
58605
1
100000
5046
51699
67856
45926
53256
78848
1
100000
23437
76686
48569
51193
64017
65104
1
100000
71348
51090
73787
38598
84369
66965
1
100000
56459
30610
38502
78463
88290
74701
1
100000
8530
76055
18518
41302
27294
45283
1
100000
36570
15559
89411
81460
85812
16287
1
100000
13077
6430
60421
70822
90891
79596
1
100000
53330
19996
95095
25326
35902
25542
1
100000
60448
46695
32935
6868
78057
72838
1
100000
1004
54953
25549
29101
33032
34526
1
100000
4005
94500
63115
51031
42590
37296
1
100000
86579
56098
3208
85991
88372
90787
1
100000
82088
97889
54457
24854
1938
81591
1
100000
15946
78173
10122
41583
8217
86492
1
100000
17090
10680
41980
8731
14748
78158
1
100000
20001
6773
19489
68001
35453
58630
1
100000
3761
41410
98849
40694
69875
76006
1
100000
60287
26441
55751
85770
83347
64592
1
100000
97074
12139
35124
96074
25956
91283
1
100000
13143
30079
30279
40100
14517
16753
1
100000
15402
23919
6610
71452
56343
45135
1
100000
94105
38066
11497
91967
89731
57077
1
100000
60772
15475
78774
52407
89580
26620
1
100000
11519
11433
64349
46451
79746
96919
1
100000
51821
68642
80147
35143
39657
86975
1
100000
81047
73443
81883
14714
88280
86612
1
100000
21873
30922
89019
27998
22637
95596
1
100000
81773
82448
83590
64634
79931
69584
1
100000
51874
72260
28775
99245
9962
8860
1
100000
9277
59592
76233
10653
49288
24569
1
100000
37166
42553
96779
22891
81077
14021
1
100000
57966
65204
57734
24976
6150
32545
1
100000
44062
76270
42775
55663
9914
50868
1
100000
62352
27268
98817
35170
58539
8769
1
100000
41586
45251
36275
5279
25825
75613
1
100000
38835
15907
34690
9290
97341
93488
1
100000
49568
27789
43437
96914
29301
84886
1
100000
79664
51726
82079
14461
84935
16845
1
100000
21534
73767
18944
50367
88179
83066
1
100000
55680
38489
94999
88001
19784
1109
1
100000
58283
11819
92863
76219
34210
42562
1
100000
15192
8308
94580
58684
32929
63288
1
100000
94599
5785
55620
43484
64471
73802
1
100000
99530
90988
16869
34089
40585
34831
1
100000
46291
8614
23737
2678
2738
84012
1
100000
10357
51960
62286
95712
15942
68439
1
100000
61251
30050
84525
2470
90498
50446
1
100000
61116
74288
36948
22963
49128
82874
1
100000
85249
97706
21807
63218
14776
947
1
100000
93841
5584
34701
73944
52157
93810
1
100000
44754
16337
39052
76853
28027
60281
1
100000
6076
27982
45843
34086
5439
18769
1
100000
38314
61225
26195
26433
83346
34752
1
100000
33071
80968
67907
59013
22252
20660
1
100000
8654
50530
79477
51644
95289
51856
1
100000
27599
38888
94139
53371
26203
75504
1
100000
1862
14286
32396
175
37870
44779
1
100000
77922
46605
72985
5500
25489
67888
1
100000
65343
27811
4930
76879
35291
87724
1
100000
93719
99470
58667
72198
92084
60788
1
100000
25512
51152
76137
89644
84256
79048
1
100000
46874
1622
84653
729
20237
81193
1
100000
45030
41924
63067
72553
59997
36186
1
100000
97476
75981
92320
4147
4719
59239
1
100000
30091
74988
20244
1133
45328
35640
1
100000
18668
61691
18824
47970
3706
30752
1
100000
38203
53825
37050
97568
20556
91305
1
100000
69267
50241
49127
30247
19001
44848
1
100000
10223
43305
23057
95561
68169
44829
1
100000
66777
27573
10240
59189
53555
82101
1
100000
13743
93435
14639
76330
81247
97755
1
100000
79907
14910
71297
92971
35652
40245
1
100000
31604
21998
29451
82705
76823
77483
1
100000
55972
73071
15750
29400
73932
89220
1
100000
64830
40496
471
48841
23019
10123
1
100000
10161
56403
51463
11411
66994
10434
1
100000
89253
34736
91680
15825
68287
53807
1
100000
67846
712
10162
69913
49521
57615
1
100000
68690
30335
16326
16953
3881
96005
1
100000
7100
55083
30189
92996
17402
75245
1
100000
32616
1534
96079
33081
83710
23426
1
100000
44010
30754
59471
41962
1126
32313
1
100000
80833
8948
25599
51890
81635
89685
1
100000
14411
96478
4672
63456
52147
53271
1
100000
19946
80290
78004
9885
23602
60956
1
100000
86067
88430
49306
59973
58374
28226
1
100000
8490
62715
16636
1374
73957
33302
1
100000
36422
66540
20138
21598
65611
18102
1
100000
63743
73510
17021
31314
17254
90980
1
100000
15539
66382
8867
16822
69342
17839
1
100000
21991
89661
19041
66853
44010
36836
1
100000
29148
80032
4039
60355
7295
4722
1
100000
96054
4260
82517
93556
26022
76210
1
100000
13198
42087
29996
12920
71871
49927
1
100000
41605
10270
147
45271
46780
16316
1
100000
49601
27708
83261
46806
52854
86971
1
100000
48260
63694
12330
56034
58893
68073
1
100000
76895
25145
89388
53792
2614
60909
1
100000
10459
81574
90959
95510
25039
73389
1
100000
90550
83149
99942
35724
38111
11696
1
100000
12115
39289
46462
14735
19147
77886
1
100000
77553
11840
38070
98212
28973
19104
1
100000
75734
98634
2360
27298
53155
43759
1
100000
49597
56222
38567
39093
58854
25821
1
100000
15399
54472
69219
31540
99603
94554
1
100000
16928
32818
28609
64570
19291
72740
1
100000
66769
4125
15926
67770
96014
50967
1
100000
14287
30690
91211
23844
98250
41423
1
100000
27999
83954
48226
86735
41679
44895
1
100000
84106
6099
34350
22300
53509
57237
1
100000
58427
43607
75510
12600
36279
60177
1
100000
74150
38754
11185
4606
96185
26648
1
100000
54329
31811
36195
2491
54097
66247
1
100000
16183
28433
64225
46037
72589
20366
1
100000
68849
59892
53556
36717
49466
32463
1
100000
60555
63287
20984
55827
81916
36755
1
100000
78669
59177
64552
65325
58712
81257
1
100000
70212
3594
46179
36613
39422
27561
1
100000
36551
23979
10754
73196
4831
23010
1
100000
2023
23020
85780
61822
86876
90443
1
100000
98058
66920
69784
98145
39681
48291
1
100000
47952
53563
85598
9470
40737
39744
1
100000
6382
11022
78452
43373
29963
58323
1
100000
80767
12902
47278
39994
97710
19896
1
100000
8790
67848
83141
56861
25604
24235
1
100000
12101
19440
35056
8710
14782
56191
1
100000
29123
71043
30312
87745
59813
27167
1
100000
88570
81569
31187
4269
43587
87440
1
100000
47731
75307
13818
93299
18689
64823
1
100000
42939
28913
35160
50455
77658
17535
1
100000
21698
88204
17043
11242
77385
26293
1
100000
86291
69209
49616
77714
29187
34582
1
100000
2483
41744
93247
56209
73969
82498
1
100000
55219
98853
7465
96127
40749
23662
1
100000
98263
43798
67326
92786
16699
31835
1
100000
70163
67651
70661
11512
64197
24479
1
100000
55435
17554
14336
28798
10421
60692
1
100000
61780
11190
17743
18650
28812
75477
1
100000
2366
3713
35218
87448
15692
67141
1
100000
86093
85920
22723
28667
51602
94138
1
100000
58061
75574
25789
87587
61644
93606
1
100000
26952
29192
75376
66599
17646
49200
1
100000
84232
43915
15560
15813
39545
3936
1
100000
97409
56404
29003
50619
81916
91977
1
100000
73895
75630
76707
23692
51042
89466
1
100000
37702
75747
8442
79354
23770
38084
1
100000
90043
44950
56915
58532
32990
36057
1
100000
70577
20246
90846
30495
39807
27547
1
100000
66662
7799
51265
92206
55811
5443
1
100000
85239
88064
13083
73958
23123
39497
1
100000
64720
31417
78377
98921
15018
77843
1
100000
17369
9890
72583
64407
9421
21670
1
100000
515
58426
1261
15417
32590
85596
1
100000
28971
36208
65047
44918
29290
1319
1
100000
41769
80004
96765
93317
37808
6670
1
100000
32748
17912
47132
28857
7170
71101
1
100000
1793
58877
82061
53016
59170
66688
1
100000
26902
51821
80791
50554
78413
90528
1
100000
5446
42117
25838
46702
69129
46695
1
100000
74583
21939
55250
11256
59206
60155
1
100000
6001
49321
65128
46655
40739
25037
1
100000
68353
20837
43483
17415
24954
80318
1
100000
94565
93003
28713
45007
40872
54263
1
100000
93481
57408
29497
23658
84425
92516
1
100000
31539
64329
77439
41311
60
14384
1
100000
6625
54153
18883
63580
13225
74831
1
100000
6793
97682
88253
33176
65918
55223
1
100000
97870
18439
11621
44546
78364
21107
1
100000
93007
35320
92277
76692
39291
49529
1
100000
78473
2289
84251
14126
89597
29022
1
100000
65048
8649
3148
27548
81182
39843
1
100000
24194
70834
44
96751
95160
68264
1
100000
18493
11084
45075
74108
27210
68366
1
100000
95390
32563
8312
64299
63705
86839
1
100000
97790
43528
13509
48664
72809
4598
1
100000
18043
45607
33435
18464
32165
18782
1
100000
52425
51021
36593
36396
17040
85150
1
100000
27415
51335
80943
85741
73494
16008
1
100000
48660
24848
82078
61359
70619
66018
1
100000
64727
45670
85373
7275
4666
92430
1
100000
42266
43289
94519
17571
24455
44376
1
100000
92873
2250
37705
68664
84588
83244
1
100000
7060
33834
34695
2379
69783
83808
1
100000
23844
84099
94474
95680
89320
50833
1
100000
81846
5689
12003
18976
21175
91570
1
100000
88172
39011
36152
33475
18275
97897
1
100000
44490
75766
70211
44109
98216
90570
1
100000
14813
70795
13236
28665
4544
65763
1
100000
81556
77256
11535
62555
95701
82737
1
100000
6543
64959
33162
18429
45505
2638
1
100000
27537
9507
76535
47908
17092
15625
1
100000
24057
96332
47872
73217
5577
25763
1
100000
78875
91962
79180
79676
30541
25619
1
100000
137
80641
58620
95125
34734
60131
1
100000
16189
34077
37353
99665
86771
35368
1
100000
42825
67569
2346
50027
38015
73784
1
100000
37335
82876
18413
46720
86230
31218
1
100000
69115
82250
62512
24955
38798
77970
1
100000
61770
72539
83940
50361
87980
9043
1
100000
138
63868
7911
92885
78815
93294
1
100000
68947
88818
51970
5677
54820
63418
1
100000
59701
54265
52689
12843
20794
76304
1
100000
85737
553
99122
97105
30019
60017
1
100000
11618
4626
14204
8529
23635
66440
1
100000
48082
51272
95666
81151
21262
67731
1
100000
35837
9515
34041
77642
94788
62058
1
100000
63871
27143
87301
20437
26401
60058
1
100000
91285
75185
34670
88829
90494
68829
1
100000
8400
15728
95813
52288
23381
41964
1
100000
8358
96864
90347
97806
23704
90529
1
100000
19067
38951
29372
87257
47488
24851
1
100000
36187
21885
57029
76176
81756
8043
1
100000
22077
24478
46223
24636
22961
30428
1
100000
71742
56000
53428
96737
86364
11507
1
100000
43982
83497
21806
52151
73091
68244
1
100000
25689
56445
81902
90305
93162
84785
1
100000
93169
15446
56774
26579
76689
26877
1
100000
83976
74901
12690
49646
74255
36802
1
100000
20517
62724
82281
28845
67747
20345
1
100000
43132
73934
97428
55566
16730
3692
1
100000
41834
29984
44198
32281
80917
13249
1
100000
10699
57865
81194
74269
18588
58951
1
100000
51047
665
16088
75320
65253
90838
1
100000
16721
72802
35309
38230
373
71570
1
100000
83128
94917
14995
81819
69556
75062
1
100000
56371
28107
77433
49994
3283
70110
1
100000
27201
27706
17920
22653
59528
8071
1
100000
84773
6578
31111
69315
2430
47887
1
100000
37002
65180
28909
95224
74906
60328
1
100000
73357
41342
33910
22159
77983
87790
1
100000
37837
83149
30540
21244
52921
38443
1
100000
90012
5019
62543
78407
746
600
1
100000
91272
88516
68452
81341
61165
10534
1
100000
86388
22449
42552
60201
71761
94247
1
100000
18691
13735
97686
74492
51705
4815
1
100000
97815
60861
28229
27225
1220
96683
1
100000
30488
92074
98265
58548
88403
41990
1
100000
34418
49474
34830
76126
827
85461
1
100000
26326
70509
57735
45059
64991
14582
1
100000
31586
18950
87645
87924
41805
4854
1
100000
15361
96516
22446
18941
7847
52427
1
100000
92270
99324
87459
65913
2108
98790
1
100000
99538
54242
7064
82248
35963
69284
1
100000
92748
93989
52033
53495
31158
28226
1
100000
62519
35795
15319
44314
20258
94500
1
100000
74916
33241
83497
7705
24951
14416
1
100000
51972
3394
3500
46125
3291
80255
1
100000
37920
20485
6361
58280
47226
85355
1
100000
987
3575
30475
35355
22772
18232
1
100000
30354
5650
67481
41530
34706
80637
1
100000
72184
72886
5431
34236
24538
72425
1
100000
44817
17247
98925
34859
24970
42896
1
100000
25266
48252
79168
40151
77772
36431
1
100000
65218
61914
57436
32314
66566
69973
1
100000
60717
9208
62682
28043
19644
76915
1
100000
28096
1519
30032
62911
8340
80293
1
100000
91231
92705
82671
73763
9697
99432
1
100000
20030
15942
79272
87991
95224
34604
1
100000
92263
77200
51552
149
9236
20400
1
100000
30484
56598
12236
69865
14297
37256
1
100000
67329
25512
46085
43068
51518
87451
1
100000
55182
19559
52708
47748
89284
68763
1
100000
51124
8746
34722
25955
43236
53507
1
100000
88153
84996
26594
6660
53910
95284
1
100000
22381
30301
91893
71988
11342
88607
1
100000
68287
83281
41325
62546
10287
91893
1
100000
37030
75166
5887
98071
42988
27013
1
100000
26512
19314
53416
34528
15980
97093
1
100000
10947
56229
51225
24328
52912
14402
1
100000
43671
61728
83401
74736
1594
78659
1
100000
34548
85113
14622
32196
96595
39641
1
100000
66914
21762
45589
17791
79206
44618
1
100000
43594
61705
84895
53070
50841
96983
1
100000
27966
41434
82074
28692
58558
18272
1
100000
25324
38755
9176
56471
11340
80964
1
100000
75366
55563
60720
81385
7791
11908
1
100000
88172
56662
70020
69111
72641
81138
1
100000
83319
57956
7498
53743
57986
38875
1
100000
22848
88107
91702
79397
31852
57337
1
100000
62135
21421
32207
94551
82384
97360
1
100000
75453
47559
64959
24363
15446
97555
1
100000
25359
30193
55149
25094
22429
48986
1
100000
45121
33813
71748
97115
40281
68602
1
100000
38724
87217
50761
30474
19705
21295
1
100000
27767
51685
6914
93088
23528
31045
1
100000
99410
60381
88454
12035
82608
57357
1
100000
59850
25153
52091
17432
2653
91257
1
100000
9212
31469
19350
17143
17715
14934
1
100000
93008
6439
71163
54807
50623
4380
1
100000
67798
69805
9452
4603
1291
24838
1
100000
22008
26503
70593
38960
40397
48130
1
100000
96562
71772
13304
20150
3733
61285
1
100000
78674
89642
87018
86546
39672
29326
1
100000
44443
71210
38634
1621
42403
14353
1
100000
45216
86760
88386
84082
10716
9201
1
100000
12579
29990
75586
50095
54670
8258
1
100000
20959
32158
64256
28670
50144
27559
1
100000
69002
76470
82821
69618
92345
91884
1
100000
51456
2180
19479
50556
92145
81471
1
100000
86255
37052
2265
11408
64905
82984
1
100000
38800
79145
52944
19161
43433
95655
1
100000
35821
95477
21662
54583
26001
179
1
100000
20600
40236
86164
2115
70649
24025
1
100000
75897
27306
44415
94226
86536
69192
1
100000
94982
8161
23971
87723
26122
4195
1
100000
32979
97326
11721
5218
79881
14097
1
100000
7353
96262
99519
79148
28853
25190
1
100000
24814
8743
76987
64067
17814
58285
1
100000
36812
48415
89805
52329
83519
43032
1
100000
26880
51688
31469
7198
78989
66382
1
100000
42443
42246
45173
52579
64822
28825
1
100000
4910
43229
63920
26519
38031
45572
1
100000
92874
15361
55773
35768
7421
8065
1
100000
11317
98675
84741
20317
95413
52431
1
100000
82006
1349
86610
16421
11371
63128
1
100000
2064
43010
69762
2147
1838
68199
1
100000
15738
73345
11789
91537
65111
8898
1
100000
23377
36327
26840
49677
75615
7904
1
100000
68400
11918
90483
77830
79054
74037
1
100000
45846
68326
94570
64196
88569
22686
1
100000
41470
37411
48067
18803
93746
54133
1
100000
51527
85826
13166
65354
10508
11925
1
100000
94221
96115
39180
17905
37683
5619
1
100000
33707
1232
73621
87588
65817
64972
1
100000
29018
89113
28821
73631
4235
45396
1
100000
68819
23312
38895
10189
76478
9801
1
100000
90842
76181
75362
3078
87589
72152
1
100000
22487
14415
5186
54742
94190
22991
1
100000
71889
54194
19362
30
96383
16146
1
100000
79735
84643
64870
26364
79279
21746
1
100000
47191
77153
19971
73203
94987
79434
1
100000
54953
32579
64368
34996
29074
58366
1
100000
63020
47350
67694
15871
13304
86449
1
100000
54864
58411
9450
76220
30466
68996
1
100000
19238
74702
44000
55286
35904
37411
1
100000
44990
30172
95463
29414
97886
92550
1
100000
41073
21998
96814
39609
21080
29961
1
100000
652
73445
70863
83925
34929
24394
1
100000
29290
66670
7798
65069
1629
2126
1
100000
86789
29823
53907
26751
99657
1022
1
100000
85880
63899
28529
99287
24954
96481
1
100000
28118
97340
27463
81232
44196
69271
1
100000
70416
47963
45552
16132
27615
46677
1
100000
28252
89148
22413
65791
55526
61826
1
100000
82952
17005
54584
61180
14713
80558
1
100000
66715
66411
30197
30408
39406
19385
1
100000
42086
97772
50659
29065
73202
27083
1
100000
32789
37465
59833
64397
26412
25425
1
100000
56384
14644
87340
30031
20536
17500
1
100000
73478
96307
90682
52464
96619
96039
1
100000
73374
16037
47297
9266
47302
48499
1
100000
46818
75770
3039
95128
10074
68062
1
100000
21252
44622
75552
66027
76604
52579
1
100000
9247
82082
74686
22826
57458
99613
1
100000
52921
45561
15682
46717
73426
85111
1
100000
3567
73229
27403
85217
93370
44891
1
100000
7857
75883
4718
65693
74489
68740
1
100000
5033
26555
1664
26114
93299
64479
1
100000
45999
46379
44068
78896
24874
51080
1
100000
62999
85839
95567
45930
75528
29389
1
100000
98588
69462
24200
89395
93502
27737
1
100000
50657
11393
4452
11304
19126
50747
1
100000
35386
98230
8093
29917
55924
80421
1
100000
98413
32989
25821
48632
38535
38421
1
100000
53863
16571
28500
28232
30111
66491
1
100000
15148
1820
8592
43985
35652
41883
1
100000
18816
39030
75029
52765
69413
16529
1
100000
33226
11160
91334
51073
13745
95237
1
100000
37155
84565
55655
60085
10802
70244
1
100000
98931
10528
15685
98397
96378
49421
1
100000
26896
1885
21317
78324
29623
62467
1
100000
24477
88417
45167
85662
58520
27739
1
100000
68836
739
65338
15780
28937
63011
1
100000
69155
24069
56783
36908
61771
38725
1
100000
42558
12859
85834
89747
89531
35355
1
100000
94045
73122
81024
8606
83661
5336
1
100000
7505
39022
20203
42734
50096
95830
1
100000
89302
32595
23019
64327
79918
7698
1
100000
36962
67319
59546
53319
97595
19460
1
100000
58289
11289
3335
36467
73506
69121
1
100000
27595
52993
58479
3902
18035
63899
1
100000
22524
59378
40150
46611
91490
74832
1
100000
24744
32382
77635
68705
86721
33009
1
100000
36553
55938
16086
53073
47133
29594
1
100000
30799
53905
43611
37862
10438
59135
1
100000
41250
25400
66876
39843
78065
69965
1
100000
29049
6506
12835
80011
41268
62947
1
100000
45934
76795
77092
10860
27853
44391
1
100000
23668
65630
65031
80328
49161
7871
1
100000
57085
65372
6984
68908
98139
89495
1
100000
76781
79074
65087
77549
10367
3462
1
100000
55801
97211
15214
60369
52833
26707
1
100000
87287
22072
90498
74765
39062
28358
1
100000
65044
14400
38803
35822
80500
739
1
100000
22846
44770
7434
11402
31040
95354
1
100000
43938
18475
670
75341
86629
31491
1
100000
46910
32311
56579
59188
39190
16743
1
100000
39686
13090
33089
62386
646
96833
1
100000
47797
9881
82450
73390
12347
7974
1
100000
23421
55550
61542
27732
14607
41700
1
100000
69169
14360
43490
3027
8564
8525
1
100000
21090
5156
93819
67295
15554
35414
1
100000
53116
63010
86744
89651
58251
10128
1
100000
18374
84818
59277
89565
56952
3254
1
100000
67380
93106
11143
28754
54608
98493
1
100000
6706
51355
74478
34924
63834
44606
1
100000
10829
9855
16976
64616
57008
68018
1
100000
91773
68930
82458
54299
71353
47559
1
100000
32133
12017
40271
4036
59321
5956
1
100000
88028
72490
48764
17668
42573
37913
1
100000
77781
19059
67217
43848
38073
81000
1
100000
1227
32470
19872
57193
93582
36798
1
100000
80160
84982
52015
85766
73197
1003
1
100000
65036
42414
12475
38087
49729
47846
1
100000
7761
91151
70312
12604
30001
1027
1
100000
53819
16230
87348
81531
71784
22515
1
100000
40207
9301
25471
99048
61469
39346
1
100000
6495
10419
47674
78066
52138
95318
1
100000
80878
19591
48633
47977
68685
36046
1
100000
84499
75965
55661
52310
1504
48855
1
100000
49111
75284
93200
66378
34341
44247
1
100000
41784
76500
3410
46653
74669
56832
1
100000
72799
69029
9998
90909
93296
31097
1
100000
16111
7070
92518
81616
91729
12950
1
100000
16035
11988
1717
17351
77883
69897
1
100000
7352
19430
90775
83320
3512
82864
1
100000
69736
36945
51450
42480
40495
57962
1
100000
15295
34984
41001
6201
87052
38553
1
100000
60716
56574
43027
16792
9922
36030
1
100000
27250
97979
4800
2228
56781
37024
1
100000
80353
41144
42205
93976
86655
81998
1
100000
97079
29
26412
42221
12056
97497
1
100000
72230
3894
95295
65680
29853
56305
1
100000
59596
83886
58167
49328
34758
88766
1
100000
75428
37219
70659
46879
27857
4562
1
100000
11951
66852
976
90547
10262
33816
1
100000
19237
57407
37229
79576
81726
75641
1
100000
95361
59615
9062
43736
95397
20784
1
100000
36588
71676
49742
89085
65702
21689
1
100000
22412
937
98150
8919
81440
42042
1
100000
93813
8331
97915
99464
34761
20601
1
100000
17428
34914
3350
80599
25150
28524
1
100000
77593
93869
49400
64997
92616
97774
1
100000
58461
12390
93074
50289
84603
48583
1
100000
46159
10660
78505
40712
23632
64107
1
100000
11424
95032
25606
17508
86497
77146
1
100000
40168
93462
28297
29133
18143
23397
1
100000
8339
26445
57844
20468
1202
29775
1
100000
68352
26327
5687
5790
76830
293
1
100000
9389
14555
10680
17391
90029
94565
1
100000
905
19511
43199
30212
42919
83611
1
100000
7864
97061
13179
1550
26990
36705
1
100000
44244
69945
61381
10138
44892
89475
1
100000
56276
31384
21670
21234
71536
6578
1
100000
70427
38068
78488
9791
25008
85376
1
100000
28321
52896
1373
39454
5305
66833
1
100000
11872
94768
90437
51224
14070
93692
1
100000
73043
75827
24118
19242
48719
61256
1
100000
52425
24687
4020
54025
16029
23279
1
100000
15021
30
8073
48467
84901
15657
1
100000
92787
12321
86492
4765
80038
56792
1
100000
21466
80431
65113
7629
90909
36844
1
100000
18749
61813
55646
68010
48737
47043
1
100000
96363
92791
21356
45353
1381
63541
1
100000
7709
8627
28616
89332
41867
34773
1
100000
7393
96191
43563
78338
69403
89322
1
100000
75139
51829
53193
41223
11721
13065
1
100000
34893
32629
40003
13313
23558
68570
1
100000
41465
58658
5185
29958
79997
24720
1
100000
80501
16664
41889
64367
21444
17281
1
100000
25008
1492
63339
5662
40104
48605
1
100000
34927
87383
35508
72506
1217
63530
1
100000
12446
78448
27239
56709
65172
65
1
100000
4523
59815
893
99959
41541
41870
1
100000
68228
65460
96633
4071
31243
15790
1
100000
77799
80916
47889
98233
91096
81844
1
100000
29260
71654
81996
767
2505
74175
1
100000
22374
26687
72524
25696
15184
41672
1
100000
9960
17991
35855
51554
81334
31397
1
100000
34147
54117
50146
20791
17916
36481
1
100000
18906
361
25841
7785
28788
37529
1
100000
21551
91015
10542
39803
94589
57643
1
100000
14701
26404
56395
94610
29091
74194
1
100000
43588
377
98485
49181
71565
64532
1
100000
54793
17237
34479
45243
64086
15470
1
100000
9240
78644
69055
25272
66816
11362
1
100000
57322
65553
38443
40456
50852
92637
1
100000
83431
52123
94628
56194
21202
51799
1
100000
49725
64934
86978
4732
67018
63473
1
100000
17540
63606
95518
37818
57260
36922
1
100000
81552
24645
6310
68079
37090
41856
1
100000
56494
85902
43056
10356
32508
26274
1
100000
76973
13382
17594
47517
93972
69530
1
100000
98086
17975
35105
1334
15618
77513
1
100000
61343
27639
18751
90047
38312
29578
1
100000
34614
95779
86594
9156
99944
70772
1
100000
4989
31827
47159
85346
67666
8335
1
100000
10918
8947
22123
23382
90808
10338
1
100000
17293
23873
99619
65611
62825
2555
1
100000
32826
82657
13891
6369
26677
50287
1
100000
82257
22287
78630
48626
63081
56426
1
100000
46282
28928
65525
83021
85417
65034
1
100000
93880
7499
80771
87560
80178
16969
1
100000
80353
62154
54019
12421
90408
89004
1
100000
2463
2283
38932
50033
27332
7527
1
100000
11782
38648
69825
90793
90852
23470
1
100000
55794
62993
16101
1979
14092
51445
1
100000
81742
94180
48182
40158
94417
47983
1
100000
15905
65502
19480
53798
29807
2887
1
100000
50611
32787
81209
85463
45350
37812
1
100000
57445
91564
1003
43784
99860
86940
1
100000
3199
63306
55393
97189
71071
1816
1
100000
51407
15764
41751
34512
52768
12603
1
100000
44823
68570
61363
87819
33493
80656
1
100000
38378
93989
46209
56318
66681
99393
1
100000
52762
72807
155
2955
5261
42684
1
100000
23737
71902
88832
12061
25635
58952
1
100000
37381
11797
54553
46184
25555
13954
1
100000
50169
37732
80313
24291
99407
99991
1
100000
65959
8019
192
13433
89400
2685
1
100000
99707
27035
70961
10024
92152
76747
1
100000
3254
57745
68969
10711
67039
1414
1
100000
10759
94937
2928
42732
81302
24882
1
100000
37480
33174
51348
20648
13756
23360
1
100000
24899
85480
28890
93898
75677
30242
1
100000
85185
85797
73964
89099
53683
84319
1
100000
36649
10599
90288
23917
21523
71095
1
100000
97496
94351
48052
57805
86432
30816
1
100000
9607
91713
13599
56252
7671
62504
1
100000
39661
91654
71291
28428
18042
68578
1
100000
83206
77551
80346
79995
28283
13674
1
100000
40445
11776
57803
37544
2359
60513
1
100000
67295
29431
10932
15341
84661
1905
1
100000
83392
62315
22685
56110
66289
72800
1
100000
30874
86699
54545
13754
64780
58785
1
100000
49788
44785
89312
47252
12699
49447
1
100000
68593
43241
90350
24850
79802
5507
1
100000
14279
42461
41052
28245
13810
67168
1
100000
58476
8309
19389
77266
3803
57630
1
100000
55467
87012
43210
16658
5376
23481
1
100000
4002
7676
96340
96782
57777
5787
1
100000
64042
44093
85351
33754
48746
89299
1
100000
20575
43910
82394
46407
78393
45142
1
100000
66429
90303
6695
20885
66195
89932
1
100000
31867
29449
55370
38125
23642
52200
1
100000
82144
61210
15396
20244
45650
52528
1
100000
72395
89180
89706
71769
72044
55889
1
100000
91162
76750
60190
64379
38534
5793
1
100000
9281
42089
95037
98848
68588
8863
1
100000
86381
27815
93103
17239
58384
13233
1
100000
83398
41557
84394
62012
61800
78726
1
100000
38642
18218
61674
86462
25840
56033
1
100000
68594
16011
14196
56274
3360
57815
1
100000
65803
31331
15668
38498
59006
65808
1
100000
27646
7612
9360
75512
31633
40324
1
100000
56571
86859
14757
65808
46590
78894
1
100000
47451
19032
55935
64848
57380
36150
1
100000
41018
17810
72825
11242
21156
55748
1
100000
53766
70678
60628
17505
66078
70455
1
100000
79593
35824
13462
44662
82719
59076
1
100000
79154
37554
50727
13521
49779
90043
1
100000
37859
1504
9550
84859
23220
74488
1
100000
34967
68001
96756
838
74347
11695
1
100000
72726
38369
38917
52431
49516
1258
1
100000
91257
89452
5398
36100
74841
18260
1
100000
5421
11823
44718
93063
50216
4450
1
100000
33548
71308
32990
64101
61761
54304
1
100000
62050
3899
20433
44901
14498
87955
1
100000
24455
15910
4027
30330
64275
67841
1
100000
26232
62133
42681
51275
86395
79749
1
100000
24903
80448
78132
8824
64845
81196
1
100000
68624
81608
58702
26379
65827
38492
1
100000
2825
49639
10420
17965
27313
33357
1
100000
56439
56207
85742
43114
15410
86559
1
100000
34933
37582
67391
95969
29785
77798
1
100000
1153
32527
61134
84538
48536
41501
1
100000
18127
64547
64722
17152
70835
98525
1
100000
9836
75995
65130
53074
72905
60650
1
100000
85856
9925
79425
29476
90522
2693
1
100000
99224
52661
68404
85489
10216
40709
1
100000
18318
19553
44413
42957
71825
86120
1
100000
30934
55421
79425
95254
47978
36921
1
100000
69001
49961
39957
17569
75732
80233
1
100000
38073
44990
24827
75980
72408
58123
1
100000
96856
53724
8269
94173
38712
61157
1
100000
47366
94226
55253
29845
96759
37950
1
100000
96180
77181
85828
43546
99332
43990
1
100000
1738
51367
68548
40307
91740
24986
1
100000
89346
19152
44896
78518
83485
28602
1
100000
66807
12426
43994
70312
17307
38912
1
100000
11674
67502
35791
45644
22310
58206
1
100000
60653
16558
6344
93808
32940
72461
1
100000
47592
35790
16752
61527
60161
10610
1
100000
67060
7962
91719
44520
12728
88914
1
100000
65300
43134
3160
86018
89477
70680
1
100000
79841
71219
26768
20188
21219
30321
1
100000
73011
42954
75878
50666
18211
45412
1
100000
23604
63193
70032
99931
69483
26367
1
100000
65456
69499
5637
92080
43950
69860
1
100000
30396
6815
54891
69042
64033
93348
1
100000
66950
31919
87344
92583
13816
57449
1
100000
6400
79476
77115
95971
39266
55891
1
100000
54300
59934
32723
25990
80217
70354
1
100000
38090
34954
2897
26754
96779
99455
1
100000
84131
75739
35273
88983
37000
83121
1
100000
45986
3453
58825
28548
21144
11356
1
100000
97645
81253
98482
52387
59048
42341
1
100000
68274
91239
68025
9068
7122
96534
1
100000
33784
79606
66006
15088
92469
2493
1
100000
34056
46151
63180
45154
57668
30862
1
100000
38926
38562
57418
36196
40117
70612
1
100000
11125
1487
96680
7765
58213
23342
1
100000
83412
50893
47966
85960
43287
44461
1
100000
81442
86318
11902
83522
4866
5981
1
100000
34168
32972
25255
97525
72755
5628
1
100000
60339
47058
82382
97513
63260
18951
1
100000
79120
19170
51917
30265
88724
45683
1
100000
52642
88425
24923
2679
46879
94744
1
100000
8057
61628
51992
26175
10295
24970
1
100000
69176
93073
97586
27416
2008
37618
1
100000
38038
61649
95737
81802
17437
92598
1
100000
14438
19040
55220
71011
47891
12020
1
100000
2628
9919
2010
90281
87580
53599
1
100000
46206
24786
96756
89345
39762
98497
1
100000
76178
12749
77998
63605
22701
28362
1
100000
61800
17973
41881
70016
78677
72899
1
100000
72109
67228
54476
92646
59073
84279
1
100000
58457
92042
95381
72958
48948
5572
1
100000
11316
85441
56828
92994
46549
43699
1
100000
71221
37911
78152
79909
61801
20738
1
100000
76870
74116
87310
60837
33590
41508
1
100000
19955
71135
44420
38245
93214
4204
1
100000
9786
12317
96148
16801
48909
96563
1
100000
37048
24532
94605
91997
9671
98617
1
100000
57645
56422
6957
18178
89524
74934
1
100000
59050
48973
67168
51583
66945
53104
1
100000
32968
25191
34148
33186
77896
35626
1
100000
30717
97315
81618
64477
50562
26559
1
100000
65609
83739
79014
73290
12114
4187
1
100000
27297
28814
72201
73936
20446
15691
1
100000
82304
96925
39815
68078
41030
79023
1
100000
43484
16474
71738
66808
5847
20140
1
100000
23361
18030
63454
42492
99280
51668
1
100000
54018
61758
92495
31570
49441
32252
1
100000
21589
3410
88427
77877
62052
73803
1
100000
639
88132
44478
24366
21992
38737
1
100000
6123
9545
66894
16233
60041
93405
1
100000
15459
75685
18197
38178
97774
33199
1
100000
19523
34927
73276
37917
39911
97876
1
100000
32055
21531
3344
91513
33683
85783
1
100000
61159
77055
5305
42008
36794
57361
1
100000
95233
38295
2996
59213
75756
24471
1
100000
58092
71923
4528
62846
81579
40668
1
100000
63305
17582
95614
55587
57014
20473
1
100000
14173
4178
72813
13213
69723
94306
1
100000
9949
40352
5563
2472
67512
72973
1
100000
35971
69248
46930
45789
45064
66385
1
100000
27043
97165
59471
40347
33263
97145
1
100000
97138
11268
85981
51654
43123
95986
1
100000
32606
42126
58754
4432
55534
53130
1
100000
291
60111
86576
32631
87469
90743
1
100000
72353
26579
24099
49440
6667
77987
1
100000
80690
80029
54140
77180
28195
10634
1
100000
99649
43210
7307
16737
56849
48245
1
100000
44825
3030
83287
60889
94517
1997
1
100000
61382
87598
84689
45293
20473
36118
1
100000
56245
6880
2613
32859
34905
32203
1
100000
22554
12626
81128
87454
65903
72642
1
100000
54605
26802
43821
48565
52845
1241
1
100000
48044
79966
81706
99528
91208
8833
1
100000
60663
65534
73006
50182
16422
42878
1
100000
81118
36615
84639
93553
6281
29668
1
100000
25082
56760
32444
45788
14883
1052
1
100000
59273
39382
57061
69695
75612
76667
1
100000
39645
39355
51730
41786
21221
75359
1
100000
94150
44507
13399
17823
76691
95792
1
100000
31063
17682
38392
64308
69607
83045
1
100000
62055
70003
42259
54028
95460
96480
1
100000
40448
68637
48880
79952
49640
2132
1
100000
11506
55264
3883
21689
96978
93912
1
100000
21231
59552
5705
14054
54834
88696
1
100000
72201
60076
32675
96882
41110
57491
1
100000
28710
16745
35596
80423
56865
61786
1
100000
38325
50060
91706
20918
8086
43909
1
100000
89905
35981
49373
21122
73908
92283
1
100000
77877
33485
13045
54397
19495
47000
1
100000
6447
62580
69042
14779
74905
77588
1
100000
43063
53104
96013
68539
77853
14424
1
100000
60000
1064
42985
60234
94359
51168
1
100000
73724
8549
19325
19069
57460
69398
1
100000
30986
10739
58430
79609
43223
20430
1
100000
62240
85529
98137
5570
59138
56377
1
100000
98765
19812
86196
30452
5531
56762
1
100000
58980
21733
48379
79679
36998
20348
1
100000
5592
44607
24760
82572
70770
51537
1
100000
90433
30819
6295
5756
18752
63566
1
100000
46388
31355
23381
99265
21575
96847
1
100000
84217
55464
27166
61470
5833
28185
1
100000
36801
14433
60154
30620
21804
11886
1
100000
16786
31638
60900
66479
49945
56563
1
100000
20569
17082
55764
16979
16746
60842
1
100000
3108
29632
54160
3041
86911
59969
1
100000
72231
50280
98814
38802
12503
80710
1
100000
5849
92972
95519
35580
54976
31509
1
100000
90373
58005
7384
65810
84951
46520
1
100000
91991
71437
72889
13498
6611
76487
1
100000
31074
2217
23703
73820
17678
1659
1
100000
16780
11834
2801
43450
82629
57983
1
100000
87490
29496
54739
5373
44838
78562
1
100000
47459
28990
78342
42512
26790
39219
1
100000
40973
99352
19620
71197
63644
97657
1
100000
50775
82024
8161
51628
9772
89113
1
100000
816
17520
347
34821
36835
90042
1
100000
57135
25004
47843
56805
77179
22106
1
100000
32826
61527
4994
11307
1158
98742
1
100000
48295
10300
86684
52669
45632
47430
1
100000
1699
98137
26010
39133
20808
60962
1
100000
22777
54104
22509
44561
66089
65292
1
100000
15
47688
96839
38268
81102
4116
1
100000
42273
42068
26632
73584
24121
19404
1
100000
89599
1824
51122
15453
38676
6688
1
100000
97574
46097
33661
33498
82183
95011
1
100000
27325
24685
68208
98538
98790
72308
1
100000
42460
50071
93451
76570
42901
41503
1
100000
12601
72263
15094
30028
33559
87831
1
100000
74746
1445
78116
1903
34072
47254
1
100000
76354
89766
92191
34870
92861
30039
1
100000
98094
57984
712
87004
26964
98950
1
100000
50499
56607
42421
96688
56485
55546
1
100000
6908
26430
53847
46145
90483
80611
1
100000
61319
35785
35114
26684
26950
93437
1
100000
20458
5492
41911
99801
31811
287
1
100000
69515
5182
76003
53649
56906
3356
1
100000
18830
75334
8638
18116
43178
45480
1
100000
10422
81646
97122
52880
44962
14477
1
100000
24300
26338
96833
91619
15684
84449
1
100000
32905
38020
25598
59150
59375
7141
1
100000
47469
72498
49239
53982
79000
91302
1
100000
96317
3538
28982
82401
28987
34055
1
100000
27398
86216
55825
96462
45968
74475
1
100000
57162
24650
29404
50675
43507
46103
1
100000
95735
89246
83282
30467
12716
71298
1
100000
9171
65526
76538
79853
90846
6057
1
100000
94455
7171
60958
86396
2157
88661
1
100000
27573
48677
98456
92767
52906
53100
1
100000
63842
42469
49201
53045
43521
59134
1
100000
61090
88914
49143
33982
41708
22960
1
100000
18961
58816
47568
68221
69871
92994
1
100000
15354
72701
26536
12343
81962
27071
1
100000
79888
50782
9701
55142
32648
42969
1
100000
27089
1336
64239
91189
76780
22965
1
100000
34374
14893
97661
27573
85179
64604
1
100000
30232
91080
37993
93976
48727
50449
1
100000
73949
20597
52621
80230
42036
64559
1
100000
77473
69596
96372
51806
43418
64436
1
100000
18823
39479
20207
14448
31931
72938
1
100000
37605
37501
1861
23324
72885
92842
1
100000
74261
56199
11667
65120
1982
84545
1
100000
14591
97840
76813
42500
47279
92157
1
100000
61897
39286
36669
49538
67573
52898
1
100000
80905
14492
54206
62748
2128
90048
1
100000
85708
30942
87326
65618
94240
13788
1
100000
97984
82279
20450
69970
43759
77781
1
100000
89801
63824
35046
52408
52876
37330
1
100000
19645
38710
9295
40335
1873
32197
1
100000
91338
12637
1899
65308
4428
50727
1
100000
98654
1075
4200
7217
36079
55560
1
100000
50533
18405
37077
76880
13151
95656
1
100000
95045
56426
44444
4914
38049
9101
1
100000
38883
17679
51741
36838
17141
55198
1
100000
91479
19576
20599
5635
67279
26890
1
100000
10871
62665
51982
69407
39824
57657
1
100000
90003
73236
92035
22684
20551
29570
1
100000
43397
14508
88059
21407
26530
48081
1
100000
96767
24602
89614
68963
39227
19795
1
100000
52150
87683
46597
66519
50858
9134
1
100000
81357
27868
81597
11651
31233
79488
1
100000
43335
39319
93928
79656
40773
494
1
100000
51547
62789
15670
34292
10448
41588
1
100000
30807
72612
32209
21144
57561
79403
1
100000
42306
48056
46220
58217
66578
40446
1
100000
3795
46177
38116
32526
10890
69476
1
100000
67789
82592
33749
17061
4963
59701
1
100000
76220
6997
84175
83650
83996
70606
1
100000
23738
86581
85082
15293
41093
58007
1
100000
55842
34309
88951
74666
73240
24846
1
100000
46233
11043
46922
15290
85731
2788
1
100000
354
67234
27503
29937
22157
50755
1
100000
42702
14074
89336
43887
34277
51507
1
100000
504
74902
34442
76942
5837
49411
1
100000
65559
43264
66074
26829
68621
89051
1
100000
86436
15185
32824
66111
36415
8723
1
100000
73303
2897
12246
75694
32546
40028
1
100000
46700
8231
23479
62719
21622
58245
1
100000
36816
94957
58273
1297
87233
12793
1
100000
42869
14215
66008
84688
57999
78975
1
100000
13561
35747
58556
21100
35793
42220
1
100000
29960
53724
7777
43066
69761
33349
1
100000
9808
73670
27793
19720
57497
10844
1
100000
44243
82278
19386
2255
9415
17846
1
100000
9864
91798
10011
722
61184
2450
1
100000
13908
77105
70124
13082
52175
5083
1
100000
36292
64307
92413
19200
26320
48365
1
100000
97214
23816
25634
6371
7655
28432
1
100000
80922
12941
51831
23159
60909
17588
1
100000
63030
43634
96796
70509
83727
96483
1
100000
37556
91639
61503
1833
74674
19883
1
100000
5248
45799
1965
92573
19130
58482
1
100000
74054
93629
38911
80333
62394
90938
1
100000
67159
21322
85381
87048
96599
26185
1
100000
91511
4104
93960
44228
89171
53485
1
100000
18905
83966
95294
95279
38523
56523
1
100000
70128
13076
14480
45851
12579
73117
1
100000
21332
46969
73485
15359
25291
72083
1
100000
18951
86260
99849
1237
86427
72736
1
100000
1843
99106
96686
65751
33698
47873
1
100000
55695
27573
50277
3622
9317
60650
1
100000
84923
55138
3853
27278
37596
71817
1
100000
31155
19777
62863
30484
36910
43259
1
100000
84427
51678
42990
36421
40227
24393
1
100000
48419
90048
70067
65089
96166
4968
1
100000
46429
17771
54473
23495
81004
43869
1
100000
67699
67549
99380
72725
48463
14800
1
100000
31659
75349
96467
77106
27481
51649
1
100000
85818
77865
20131
64649
33276
66350
1
100000
72081
34837
78614
42061
20573
93610
1
100000
38494
95946
84784
46676
47422
61253
1
100000
82491
41262
90980
60849
49285
7250
1
100000
6195
43013
17890
76708
14901
44749
1
100000
33943
97475
13744
78488
96655
15821
1
100000
93906
67802
99295
50881
80238
37645
1
100000
3085
88030
82567
63480
95984
52758
1
100000
65696
32708
23173
52837
88055
75729
1
100000
59651
19593
84058
82995
40487
54437
1
100000
67880
8284
28137
56711
52903
79151
1
100000
51422
10338
45044
84716
57283
33607
1
100000
66252
20379
34251
60729
85317
74001
1
100000
18272
66521
64281
34556
37562
75449
1
100000
40716
4223
23405
17583
74664
77949
1
100000
40988
71504
70426
48374
72647
41579
1
100000
55505
27586
35283
76585
9554
15245
1
100000
50998
5919
16401
26230
90609
85539
1
100000
15956
20753
83501
1977
83541
59626
1
100000
91898
77360
1372
98901
95722
88483
1
100000
49922
14193
24728
88318
63503
75482
1
100000
11133
49845
55829
8440
14392
62701
1
100000
94086
47496
84601
36376
95645
67800
1
100000
84117
79750
32716
11242
51308
1696
1
100000
63795
50446
94079
25278
33653
51567
1
100000
39076
16256
47988
17540
27593
73127
1
100000
2295
21643
45467
53089
81820
39789
1
100000
74765
73878
12860
44168
42033
43566
1
100000
63801
33839
43266
9527
71811
74478
1
100000
4135
75608
9701
84023
35776
69093
1
100000
86799
6902
70362
14273
41351
10567
1
100000
70426
81074
23557
62437
3058
25876
1
100000
51183
33704
60834
46953
98660
166
1
100000
81261
35163
74823
79255
38227
96799
1
100000
92536
70723
25114
61268
63842
62398
1
100000
55540
59277
31605
16154
7516
41137
1
100000
48601
24034
81900
75953
76483
42272
1
100000
9038
51520
3455
40408
53919
97221
1
100000
87606
79478
90932
37221
14010
66339
1
100000
158
2802
61040
55532
71431
10852
1
100000
16564
83000
89366
96662
69526
39569
1
100000
5803
5470
22767
46073
99263
60144
1
100000
88813
12031
54952
1644
82792
76565
1
100000
32372
83831
5191
38197
75240
3194
1
100000
15971
79890
41901
35908
4999
9948
1
100000
11442
71829
3287
38634
96417
77789
1
100000
23568
79123
48270
46572
50559
43858
1
100000
92413
82608
84889
68054
67799
59826
1
100000
54035
34209
30205
20931
51886
23362
1
100000
56812
871
77916
75642
46165
403
1
100000
32757
59467
15978
76289
40849
6869
1
100000
54746
2335
71135
13197
62512
50880
1
100000
10749
29319
35594
22821
78478
26484
1
100000
20474
15607
88412
10934
26019
37936
1
100000
14146
93912
15908
87527
30276
75689
1
100000
25300
52819
15921
62784
77550
40597
1
100000
76036
40858
76500
42969
72543
61424
1
100000
81707
44611
18013
39674
74770
42051
1
100000
50961
83423
90801
65519
97202
10658
1
100000
33235
1348
4362
20932
28212
15504
1
100000
40948
18909
61289
51854
4216
4921
1
100000
88602
30631
60546
4134
32580
84410
1
100000
13765
91089
93502
45255
12386
22661
1
100000
66563
71659
51261
27457
23239
85239
1
100000
82494
22881
10367
75111
8760
48280
1
100000
39120
32450
36407
73954
79564
90652
1
100000
15966
74309
91221
93705
52494
59048
1
100000
7729
84846
29594
88414
12006
33090
1
100000
74316
82017
95604
21750
11043
57617
1
100000
7469
38013
33872
31362
52535
61584
1
100000
82288
5204
36693
58217
69795
81673
1
100000
546
57409
4223
73023
88728
986
1
100000
25224
32375
20277
27997
35151
29089
1
100000
95652
9160
81003
59226
93278
94552
1
100000
26392
216
2457
1962
10613
5641
1
100000
39784
8339
78809
1045
8988
89728
1
100000
87860
68229
74315
70558
56411
97353
1
100000
71432
73404
55820
49265
89015
87867
1
100000
25175
65163
44798
54309
18872
65865
1
100000
57288
9310
10022
13934
66027
56238
1
100000
21893
77378
18128
42118
88101
81555
1
100000
33906
17515
58626
91626
78350
73596
1
100000
33857
17516
47506
23365
89429
56694
1
100000
30407
43755
60127
91853
40118
43511
1
100000
98419
49984
76078
2158
37310
55875
1
100000
63481
51062
33122
50080
42165
96115
1
100000
97046
10659
28870
49928
53868
69823
1
100000
73268
80372
53059
95030
71509
5024
1
100000
40383
46952
59897
29178
20208
86548
1
100000
38257
14729
58735
39155
17923
35542
1
100000
43664
6662
31593
58985
53493
51009
1
100000
95935
17838
34521
13262
7369
10974
1
100000
95190
52823
71987
8388
25067
2599
1
100000
39501
12483
365
78036
72777
14251
1
100000
69407
87999
49561
27447
78620
89875
1
100000
49733
99356
62953
36927
18268
62806
1
100000
50141
94569
66209
22138
28917
81584
1
100000
57820
14571
78027
76924
44555
45725
1
100000
75474
79149
78907
27209
26261
75040
1
100000
61567
99784
68694
63614
16833
16925
1
100000
25562
47546
50640
73633
14915
52839
1
100000
20073
86809
49757
46878
22275
62403
1
100000
37880
64457
7848
42176
91817
87796
1
100000
37718
72981
84262
31326
71432
19170
1
100000
763
47915
4588
90747
25984
39366
1
100000
71317
60790
73159
74291
79837
73249
1
100000
651
66456
29402
24862
80056
30504
1
100000
81766
25253
89832
4582
88045
16425
1
100000
49367
55652
52252
36158
14267
98156
1
100000
80918
24521
1942
24699
44537
19440
1
100000
41515
78851
75362
40720
4208
94839
1
100000
13887
50088
53158
86749
84051
3816
1
100000
40915
62801
52974
59536
34057
76381
1
100000
72329
82284
48130
9452
4860
34913
1
100000
4671
20477
48397
21741
8493
38742
1
100000
72416
26737
94672
24334
3683
18869
1
100000
63622
86433
6801
74059
61182
65659
1
100000
60473
73564
81464
31669
10
44485
1
100000
3471
30441
74531
47080
70912
69695
1
100000
59521
38719
55172
95356
9008
43421
1
100000
75741
84499
89075
1541
59945
82293
1
100000
90581
94179
56985
44305
48969
3096
1
100000
66670
22338
43849
5342
14326
28738
1
100000
72938
46770
28005
96138
8391
34902
1
100000
62728
43180
56491
53665
90331
63429
1
100000
19893
34493
31412
76001
92629
59816
1
100000
58124
13759
99545
49493
63507
49571
1
100000
35853
38010
7968
66757
26172
20149
1
100000
31306
6772
52178
82458
17084
51317
1
100000
52854
21618
16859
12997
92420
40229
1
100000
3274
42539
67393
90070
46207
24626
1
100000
63661
10624
75505
98715
74321
33306
1
100000
10275
84610
26373
64237
95817
33497
1
100000
13254
84066
39858
83212
28404
4309
1
100000
42583
36850
66548
59676
68360
51630
1
100000
63502
42009
46009
69180
12128
48703
1
100000
27389
39210
29415
81341
2489
9421
1
100000
14296
68386
31464
29213
35097
1821
1
100000
4520
90173
97099
16424
63603
11445
1
100000
353
82282
25870
93740
6379
17124
1
100000
42928
13092
98181
76361
31944
984
1
100000
22523
76270
79681
47500
85203
21364
1
100000
36597
55565
53867
51960
351
59396
1
100000
85221
30747
93176
20671
70505
27222
1
100000
71488
77434
29140
76605
14189
62176
1
100000
66388
56464
29050
16950
47162
45207
1
100000
29187
21741
3207
87467
50645
38552
1
100000
29307
15390
75108
89469
66259
50620
1
100000
61223
36184
81926
84080
84249
86907
1
100000
80033
38387
4436
82761
51912
73172
1
100000
57864
60621
31902
33573
19068
91298
1
100000
57132
29286
31614
7780
33081
20900
1
100000
67489
981
97808
34033
35097
81949
1
100000
93896
39934
83689
31749
34273
18182
1
100000
86577
59678
75980
97494
49485
35093
1
100000
53563
78455
82784
19927
39086
59226
1
100000
30255
77869
63758
48021
52522
75467
1
100000
7260
80423
88537
60992
59767
74508
1
100000
92188
77221
60738
85508
66306
18930
1
100000
43575
33036
17795
53046
52541
18496
1
100000
74992
13215
42137
84899
3687
21845
1
100000
65311
88132
1966
24622
89253
50415
1
100000
87773
80444
1044
75474
70053
81915
1
100000
63805
81991
48781
32322
28275
20322
1
100000
42532
34093
79951
67269
93002
72879
1
100000
4214
77653
17990
5600
14867
66710
1
100000
48089
5239
80309
11262
39100
63049
1
100000
35672
68660
47692
21486
84621
69344
1
100000
50382
54864
30260
6119
18602
43209
1
100000
45220
58480
38288
47420
42031
87134
1
100000
73790
40341
52651
94009
81073
47097
1
100000
47659
1999
76797
92068
19605
30178
1
100000
39443
48886
38107
78864
80776
58282
1
100000
74656
35032
95983
82360
53329
43754
1
100000
56773
81799
47810
73034
15148
68795
1
100000
86991
20628
17780
86027
57320
7123
1
100000
76165
86511
91070
54000
25727
66423
1
100000
79165
66043
98561
50612
43605
18753
1
100000
84775
23526
4177
63275
24542
61999
1
100000
22812
3395
35271
68940
79378
32213
1
100000
78337
62692
57333
84937
27080
19975
1
100000
11669
98931
6355
91398
53661
45381
1
100000
27001
46954
47758
59479
50605
31803
1
100000
12675
52657
85406
44933
28499
87888
1
100000
36640
15158
63236
21619
6481
33764
1
100000
26063
13202
94597
4970
19598
74821
1
100000
6413
90662
24387
79269
35482
83148
1
100000
74410
30360
45901
31034
21937
50365
1
100000
52810
74340
26333
87439
77
9968
1
100000
71161
79521
95341
9523
52948
8116
1
100000
64328
17031
96342
53722
75033
82373
1
100000
10194
77624
71787
95242
83856
38017
1
100000
59022
61118
94056
96613
56514
18925
1
100000
7105
92594
57699
21689
31662
40664
1
100000
54463
31705
33741
8799
51634
92598
1
100000
45323
31015
4380
41199
40536
95569
1
100000
85084
5741
51218
84884
21620
68719
1
100000
97644
6131
71519
63316
47620
60248
1
100000
20983
36956
54708
48999
36625
9068
1
100000
65362
64943
30328
2426
65627
6081
1
100000
55786
28310
50963
84491
86623
18460
1
100000
62965
81698
96418
44962
77445
57484
1
100000
43948
44996
49487
42681
63609
23116
1
100000
4868
68838
34659
75346
81222
70977
1
100000
38662
99110
30405
29441
99943
53377
1
100000
29460
78613
56511
10940
15772
39080
1
100000
79748
45567
36361
55218
29046
4832
1
100000
44338
59587
53825
92788
59500
93575
1
100000
32119
33022
29420
24982
39888
56557
1
100000
2063
6383
44107
71671
21159
13644
1
100000
71856
93656
69005
58576
66641
6543
1
100000
5355
34405
4135
95254
26219
93883
1
100000
15573
11226
90976
98390
45660
4602
1
100000
36042
59815
79778
67943
29523
76860
1
100000
47277
72532
3493
66574
68145
28032
1
100000
90183
77402
80045
41377
16432
74634
1
100000
86595
20658
66839
19340
10249
94558
1
100000
91424
63147
46322
16002
47313
75730
1
100000
25172
83120
58927
20553
54322
11331
1
100000
17698
82125
23556
87380
45326
42061
1
100000
71573
25878
85750
83677
28326
37082
1
100000
58785
43452
76217
8147
49415
46797
1
100000
87055
70641
27695
56869
83353
61765
1
100000
30785
2213
32524
24488
48414
42213
1
100000
39204
64741
17599
24962
46790
12389
1
100000
92961
52725
97277
13066
70412
94793
1
100000
39856
93288
68525
40144
7896
1224
1
100000
98188
72357
49505
55453
56034
20798
1
100000
55912
94897
93062
82687
8870
41615
1
100000
64723
75953
61740
3489
95294
33723
1
100000
85225
85639
20737
75535
4724
84806
1
100000
16553
7168
57949
60621
35786
80941
1
100000
98171
75214
71075
32431
84576
47072
1
100000
21081
25780
8584
9003
94754
97777
1
100000
53266
18270
87887
1085
24574
6898
1
100000
155
57716
54229
12156
68455
61231
1
100000
30571
94212
95462
66813
98521
15741
1
100000
44613
62502
14530
94665
17966
97999
1
100000
95031
68859
38593
26524
99874
3328
1
100000
14652
38135
82690
74958
54250
66627
1
100000
10406
54405
96961
53712
8607
88729
1
100000
52721
82425
62531
61715
87257
14279
1
100000
50622
58763
54336
44830
3183
51152
1
100000
77299
35115
24547
1521
76663
69688
1
100000
56022
31644
90508
5273
69089
22721
1
100000
59313
54955
58265
47120
9088
39943
1
100000
74964
99334
88707
27366
5018
10921
1
100000
51802
71744
12587
69950
71306
66780
1
100000
10231
37704
40741
5400
24164
20433
1
100000
87448
12180
97371
71393
46280
33872
1
100000
92095
80130
58880
45599
81785
94863
1
100000
69057
77178
21829
64686
99924
56672
1
100000
9568
74248
49362
69944
30947
17065
1
100000
15620
26470
61219
86322
67426
50759
1
100000
51857
86658
27124
26965
78284
46832
1
100000
37641
86987
83746
37359
84977
26004
1
100000
50728
18633
99720
11438
56859
50704
1
100000
55391
8531
55773
88382
14434
82302
1
100000
36882
625
64064
34706
1707
87219
1
100000
93022
50943
12023
73928
70442
81733
1
100000
17175
95131
14993
56571
2026
10085
1
100000
51144
27536
54760
32409
9786
45022
1
100000
42801
9911
76508
47576
91586
54693
1
100000
63628
58019
18193
31572
64661
81207
1
100000
28659
1709
28450
32719
1882
84255
1
100000
92102
625
67033
67719
33185
36748
1
100000
52854
7580
69371
72487
412
59358
1
100000
41295
57093
54300
24960
63848
44090
1
100000
51084
43788
13347
74795
29990
94042
1
100000
84690
54318
31241
18052
95645
33943
1
100000
46121
27302
83446
31033
31148
22546
1
100000
26014
25029
18663
78670
13705
72571
1
100000
59527
69094
85741
36089
86224
33961
1
100000
28567
61770
73587
13598
25437
2238
1
100000
91606
45539
34930
53146
22732
21243
1
100000
96932
29512
87474
52207
89428
27217
1
100000
28122
83327
60359
86860
79823
70600
1
100000
38859
90310
48328
68199
97054
33997
1
100000
61011
47723
45953
95087
7078
7707
1
100000
28571
78455
73370
52926
69729
44449
1
100000
29071
6080
30444
67390
29400
12733
1
100000
39880
9718
53026
18909
5551
88950
1
100000
34328
99571
8193
38065
46274
96462
1
100000
86668
14722
41291
54537
45964
95334
1
100000
66218
51011
86856
88277
57295
36327
1
100000
37098
21338
40201
52332
28545
10227
1
100000
23915
59916
43831
14220
43696
48727
1
100000
98924
35501
42086
8368
21412
95364
1
100000
51966
10662
72509
30284
50078
72851
1
100000
72300
63222
55214
2954
10302
34036
1
100000
38893
79040
31396
95513
4441
79631
1
100000
79089
19123
50766
41167
57917
23712
1
100000
67155
79614
84048
46837
99322
3972
1
100000
79684
61239
83119
74870
51982
39647
1
100000
53657
95745
9627
27247
61822
79174
1
100000
15189
57392
65537
25270
16892
50494
1
100000
88885
69212
59435
76216
1666
64526
1
100000
807
96237
25448
18006
28973
44581
1
100000
43289
50432
24630
36894
76079
19294
1
100000
54719
94132
6298
83799
43824
39356
1
100000
91099
20591
70068
40487
14441
27008
1
100000
30592
69310
32768
30224
11341
61222
1
100000
57911
74604
34509
28323
15211
20130
1
100000
65579
59106
1969
66119
10257
67115
1
100000
75542
46774
34011
89293
198
80206
1
100000
4956
77519
68142
76591
73508
8678
1
100000
92269
37815
5452
69022
84994
98381
1
100000
73349
14492
60294
97113
68978
51014
1
100000
29094
8567
57507
93250
91319
46850
1
100000
92505
78592
39980
65106
57723
76900
1
100000
97500
52966
63685
62318
6289
5476
1
100000
88268
22526
38925
48766
13817
92564
1
100000
76384
23577
91213
94629
36242
19536
1
100000
99291
65257
2450
18718
76335
22438
1
100000
70813
40797
50455
56222
17789
59180
1
100000
28126
86815
45694
43244
7213
77082
1
100000
21291
17909
1410
605
62234
4153
1
100000
5126
47037
88305
30083
63405
38840
1
100000
41042
43039
30161
95417
25393
31365
1
100000
61256
2409
5010
72816
96308
407
1
100000
11032
96294
11392
6773
46268
24585
1
100000
74352
91132
60873
99779
99510
5403
1
100000
39602
42318
13211
2604
13724
7437
1
100000
56958
62572
73941
14776
59708
87793
1
100000
1120
30386
91226
52837
39092
77898
1
100000
34691
62440
15589
94662
62891
64358
1
100000
10475
66484
90177
86846
67261
46723
1
100000
8637
44313
27718
12536
69995
92651
1
100000
32457
32849
53562
63479
32446
51182
1
100000
5048
56648
52325
14911
67025
4154
1
100000
76919
30794
74354
20952
64364
27442
1
100000
23775
98978
69928
51846
40330
47017
1
100000
83354
94217
58304
20742
76151
12067
1
100000
70431
43115
38960
14431
42151
12238
1
100000
36454
35519
36041
47780
42373
82535
1
100000
47347
20896
2888
82291
89569
57138
1
100000
52861
97622
78656
44905
90594
13351
1
100000
20275
70314
47474
26924
87840
2348
1
100000
89784
37838
3971
56891
81816
96132
1
100000
9373
43557
48447
32454
16440
30802
1
100000
38019
64642
82131
31750
99224
57780
1
100000
6152
23573
33701
71166
98389
33377
1
100000
18054
85696
31099
4636
46775
2278
1
100000
44158
99038
24120
70556
71386
36904
1
100000
80326
87265
32982
69827
61841
49158
1
100000
53332
79353
14115
37036
66998
46338
1
100000
73487
6683
21655
26068
2371
20602
1
100000
82159
78083
80439
68841
70446
77144
1
100000
68147
70025
66374
17339
22631
86999
1
100000
27499
23238
23206
43731
59135
52453
1
100000
16497
64234
31244
6749
3705
83621
1
100000
6287
73023
59870
20730
47366
74085
1
100000
85861
62596
23800
61800
82668
46364
1
100000
98188
66006
35652
24329
63079
17723
1
100000
94888
99490
81739
11900
29196
58344
1
100000
58289
86092
87937
28262
39484
19161
1
100000
10731
42897
5774
63649
8737
36275
1
100000
15468
82359
49328
10044
81469
80651
1
100000
72521
12399
20107
5386
9756
44794
1
100000
55612
8996
36689
52104
2350
68551
1
100000
81772
20013
8523
5805
38818
83023
1
100000
28435
1705
5708
44651
48544
53275
1
100000
9716
17827
74411
86984
60279
19533
1
100000
29517
77738
95244
68517
10139
33300
1
100000
80795
56744
6666
19036
362
21846
1
100000
77271
52052
19977
92711
38903
86571
1
100000
13642
45132
54670
188
75571
53009
1
100000
90541
1808
59565
56683
9461
65226
1
100000
54411
26945
30160
15523
25202
21356
1
100000
46161
31085
25151
12209
99390
93091
1
100000
87231
84833
1372
66526
94326
33173
1
100000
65280
44579
71138
64373
80319
46625
1
100000
98838
4478
14102
89938
14992
53875
1
100000
72822
75965
22596
2744
62552
8311
1
100000
79729
11118
17477
28271
8468
25575
1
100000
23937
37076
69602
93416
91976
84667
1
100000
89767
64653
92970
15907
88271
16039
1
100000
21286
62331
39506
35703
91584
93426
1
100000
90668
14510
32166
87283
59169
40147
1
100000
52023
98416
90929
21922
69217
5684
1
100000
53336
44298
57952
60774
46335
52718
1
100000
74525
72963
47934
78965
55197
99039
1
100000
50580
79591
82058
59171
81445
32577
1
100000
54419
41008
5878
68613
79866
17725
1
100000
9753
24832
35787
37469
97471
33839
1
100000
87090
71993
58534
2691
53200
84789
1
100000
59292
86834
48756
94630
51983
39716
1
100000
78884
19880
47239
6143
79982
13296
1
100000
4526
99073
80366
41412
53230
33712
1
100000
43408
25317
9894
40903
53676
59573
1
100000
39556
25227
41092
33140
55690
11298
1
100000
13843
45616
7942
8599
66144
30694
1
100000
7643
93972
99670
88912
87497
91780
1
100000
72983
99859
55437
38960
31745
90140
1
100000
35903
53964
29609
22620
82621
99743
1
100000
36104
80493
1958
42496
77535
46267
1
100000
33828
28811
42763
27339
69242
5896
1
100000
34958
56900
82736
38631
67944
91379
1
100000
7404
94092
47721
53816
35188
97965
1
100000
63426
18927
30677
6606
19908
68245
1
100000
56776
18433
35448
35459
86879
92460
1
100000
5808
4725
81663
63013
68102
73604
1
100000
68822
85010
40613
97073
97137
15698
1
100000
15963
57462
60388
54540
99841
8363
1
100000
74581
37393
9610
32518
33761
77886
1
100000
82832
68454
61244
70212
45020
52386
1
100000
20488
51289
71514
73083
42417
21099
1
100000
486
66847
86567
65294
1123
8879
1
100000
55699
69208
5061
68252
98972
3793
1
100000
17811
38529
94759
12190
89860
56167
1
100000
58272
74036
94648
35068
45112
9496
1
100000
45181
23757
65656
98663
34612
44799
1
100000
80291
74993
596
91008
28198
16584
1
100000
79439
5907
19741
57538
2398
9736
1
100000
21806
32260
30883
69492
90430
36502
1
100000
55750
46118
53402
17759
45459
36569
1
100000
57955
21092
58457
78357
91288
24982
1
100000
18442
25309
42806
60863
67492
37790
1
100000
34685
52151
20021
7210
68695
21679
1
100000
12185
28540
71627
80511
10847
34756
1
100000
11110
72547
29021
51180
39552
84368
1
100000
93341
70394
25163
8638
47893
86026
1
100000
534
7886
24238
20388
59260
94022
1
100000
59878
17887
92733
5990
12368
73514
1
100000
79475
95819
70898
97375
25312
48714
1
100000
26153
79337
42935
7419
53155
69333
1
100000
3298
94811
13730
73378
30288
16902
1
100000
13404
57537
83407
95561
10432
99153
1
100000
77734
16370
87585
36554
33871
78908
1
100000
50568
37019
34995
22538
21728
15859
1
100000
13325
87593
47866
70005
90159
59700
1
100000
50351
62687
20180
4461
91899
3499
1
100000
79682
44594
239
64994
53254
98615
1
100000
88995
41416
26962
96032
7435
749
1
100000
91767
99648
7619
59436
56727
5
1
100000
2981
31727
67965
97385
59090
6077
1
100000
13702
73624
83283
47183
15770
89850
1
100000
66119
31221
96211
4032
53051
81755
1
100000
64229
98914
69278
74773
99030
50526
1
100000
76664
53627
39041
88779
3628
53196
1
100000
73513
32841
45306
30260
34161
97802
1
100000
89896
40311
26819
97211
83807
43097
1
100000
87743
87531
6228
40920
14267
19646
1
100000
59197
89235
74025
92926
76341
31720
1
100000
30380
8217
61507
23604
89331
85252
1
100000
98363
19854
93564
60996
55002
86820
1
100000
81509
43308
93633
4220
11504
63669
1
100000
18398
84556
60436
34697
52892
88415
1
100000
75684
8677
49837
67456
49172
93081
1
100000
33680
97335
25017
66345
72624
87918
1
100000
40135
29226
82059
92392
62047
92540
1
100000
63334
33929
38702
87549
43792
96892
1
100000
19630
91908
92529
60923
95844
24175
1
100000
88666
31497
65539
80858
91134
76446
1
100000
34978
43981
49243
28550
78864
23116
1
100000
80383
24218
41376
47970
41222
12168
1
100000
16277
1706
42159
93583
88509
27363
1
100000
91319
57749
36429
15270
30907
52051
1
100000
85929
97582
63921
99164
5056
97782
1
100000
11186
46358
80041
58094
42317
8035
1
100000
78681
31303
91941
98952
21128
39699
1
100000
26663
83639
82661
43752
8089
86446
1
100000
35622
53594
11014
67859
74760
75310
1
100000
32999
10635
87410
32503
44682
69957
1
100000
98097
13833
81792
86720
88800
8682
1
100000
23780
43240
99235
98476
71080
47
1
100000
7899
26649
68290
8147
52860
36845
1
100000
21634
17743
4004
82206
68307
48195
1
100000
69455
64189
93843
33768
36176
51833
1
100000
31820
2832
7643
13324
44790
22310
1
100000
3108
50153
30548
9526
89804
9189
1
100000
58900
19096
19288
87683
40698
80935
1
100000
71320
85081
9856
35568
84478
85989
1
100000
12551
34345
45104
96889
91741
99492
1
100000
89530
47994
39306
86656
46849
55546
1
100000
95201
1887
95757
7952
62
235
1
100000
90164
92693
72768
71688
64479
25929
1
100000
58758
15721
66936
62628
46235
7174
1
100000
35498
25908
30115
64922
58388
6969
1
100000
35314
815
37703
16113
20304
66391
1
100000
59893
38868
86797
7297
4926
86652
1
100000
51965
46434
72381
39248
69512
71689
1
100000
16030
79477
97868
54824
99426
63788
1
100000
16843
12970
70433
78214
42058
64547
1
100000
44151
13328
193
5934
74495
61965
1
100000
49782
84131
79527
33656
80838
48840
1
100000
21366
30422
91729
44209
79153
66662
1
100000
98290
52392
56991
94748
48807
661
1
100000
59375
75003
94499
54657
64567
22979
1
100000
11962
44068
16712
17049
61084
20174
1
100000
97706
54447
72526
24840
82242
8906
1
100000
23228
61020
6741
29662
31997
45933
1
100000
86473
48782
97207
39196
2124
72233
1
100000
17173
60174
87659
78992
72750
39357
1
100000
74897
82335
97355
44228
84544
23222
1
100000
69967
20152
55725
9525
68264
68158
1
100000
12993
33943
85096
20090
93828
56051
1
100000
89619
58254
9640
79124
63389
75159
1
100000
22761
50704
43325
51623
61273
87639
1
100000
85099
79336
19572
87840
49132
13153
1
100000
62107
82682
5938
82750
12290
32793
1
100000
89998
72114
13979
19748
56885
80684
1
100000
51069
45839
87458
5377
61244
81028
1
100000
20473
47064
50336
3466
48944
88575
1
100000
55257
2099
79067
22232
42503
15064
1
100000
78091
60298
99848
17267
98225
12358
1
100000
46120
63488
67914
55699
38914
27263
1
100000
50945
92064
50566
91819
85990
21153
1
100000
14398
65038
21377
35950
94407
23711
1
100000
23026
66366
20526
80508
19845
57827
1
100000
53356
48420
75617
89770
44890
61008
1
100000
926
60537
60406
5082
5408
7950
1
100000
95471
51319
65753
74373
21114
5808
1
100000
42475
2278
24355
81801
34139
35412
1
100000
33632
6662
42518
2422
25572
38432
1
100000
18065
18372
27710
25534
45774
49232
1
100000
16338
30273
59029
7328
25058
66445
1
100000
82162
23240
73077
70242
39576
3107
1
100000
49528
88842
60332
39829
43142
37629
1
100000
22014
70408
92612
22482
2821
6775
1
100000
5380
68893
57159
63411
28261
92487
1
100000
58357
70925
16175
4841
72053
93684
1
100000
92345
33379
51303
69725
1526
46179
1
100000
2522
66598
79171
62045
62482
40215
1
100000
87963
90229
30973
60390
75919
2853
1
100000
73411
76545
35066
83891
74055
76859
1
100000
37615
98888
29776
85276
32647
41
1
100000
87954
85653
61535
7945
84211
89186
1
100000
24448
30929
99041
62581
52584
18773
1
100000
60900
94924
83853
7861
24312
202
1
100000
90538
59190
10550
84332
31659
91810
1
100000
54111
33269
82490
23966
35632
27354
1
100000
6475
78975
1265
71224
32786
29547
1
100000
64523
99796
26432
66565
82202
41551
1
100000
52457
37358
31299
35078
95208
44312
1
100000
77284
74172
69464
54165
2501
24814
1
100000
23586
42680
44907
73437
53015
47222
1
100000
19814
37446
94334
64895
69807
69163
1
100000
44086
63845
10180
13492
52953
41240
1
100000
93257
75396
33215
23175
67016
62707
1
100000
18653
93186
3515
67494
1589
9646
1
100000
91426
49358
83371
80507
40725
37454
1
100000
6004
12070
99789
4827
54978
30044
1
100000
75891
61300
58478
817
35938
32373
1
100000
34457
66337
36628
18933
90905
61430
1
100000
27318
2435
11886
93480
55713
52650
1
100000
99324
23526
7406
55528
31968
16455
1
100000
87086
61161
79957
51256
62678
21367
1
100000
71381
64604
88863
5350
42447
47594
1
100000
57466
97133
23681
98604
50379
86622
1
100000
88684
99836
23465
99318
61691
74126
1
100000
84493
80793
30962
88992
51076
31150
1
100000
18600
50414
46872
81116
26554
92649
1
100000
81736
68258
80466
65888
41324
16059
1
100000
36612
91790
13920
32085
80541
67932
1
100000
69795
62286
43060
74581
97019
31194
1
100000
6067
57699
76337
26156
88946
7444
1
100000
42341
56900
97307
98743
85330
98527
1
100000
84596
41278
97583
97356
71627
80785
1
100000
20792
3584
80394
47101
60762
84474
1
100000
69560
7105
39343
74564
12861
88180
1
100000
93845
71709
65850
57177
32866
75900
1
100000
70763
74833
13900
89953
19051
36187
1
100000
98062
28695
33070
4970
39782
83696
1
100000
82068
91836
84637
9845
35348
14221
1
100000
35065
56764
89815
59833
48991
46491
1
100000
64256
94250
1731
91509
62459
76530
1
100000
94356
15447
94978
42442
26163
59735
1
100000
33086
79474
31285
73649
82943
3098
1
100000
28559
34941
13604
51998
6037
67760
1
100000
59636
69099
92661
41152
43450
50563
1
100000
80701
90321
9810
66113
32392
9446
1
100000
10471
13404
91652
87403
41044
34294
1
100000
14702
73415
10865
79407
90942
24753
1
100000
64265
51723
92627
35698
26669
949
1
100000
42432
11104
37402
64497
77938
57247
1
100000
32047
9642
31170
2855
80452
93720
1
100000
5070
52085
35684
97398
91029
68514
1
100000
46933
46243
81863
9885
90783
62967
1
100000
1536
11562
46470
72921
35119
10280
1
100000
89938
58026
77292
79495
21019
64578
1
100000
42807
56075
38916
49479
81705
94753
1
100000
40764
81043
76099
58128
73635
60042
1
100000
98121
37375
52082
64435
54305
38080
1
100000
14496
23687
18012
80473
13340
51809
1
100000
67801
30434
31689
91833
1344
62509
1
100000
16319
88958
70793
75104
94055
19725
1
100000
45805
71353
92067
24447
31300
56421
1
100000
62510
7428
62189
11218
90166
97766
1
100000
71516
91393
12355
52204
40194
45699
1
100000
82474
41341
76148
10898
76667
17553
1
100000
47126
93729
93513
10729
7102
64003
1
100000
11211
72766
74922
81117
86360
76667
1
100000
24000
94760
50958
42851
38607
6399
1
100000
38553
60818
25060
32790
5512
23530
1
100000
67117
14054
85884
98200
98845
8137
1
100000
47890
78853
40667
62744
80815
83462
1
100000
53464
22560
5591
30246
60827
5762
1
100000
52962
74822
37663
80776
61990
16964
1
100000
27887
5499
49701
21966
98490
3860
1
100000
24734
9207
40108
86960
75095
62921
1
100000
65762
44962
19866
77753
35612
16979
1
100000
74471
6017
46136
17147
13558
36340
1
100000
38358
9866
61302
17687
35495
67428
1
100000
11712
72277
80091
84990
8333
75941
1
100000
35307
46416
78091
83648
79841
59439
1
100000
55073
12933
65237
83376
15857
49435
1
100000
78796
44377
61585
73385
35359
55399
1
100000
77432
70273
43131
70456
16925
91077
1
100000
47063
1294
64601
61699
82509
74516
1
100000
75487
10920
76771
34649
38231
99818
1
100000
67075
54007
67300
20239
20462
76534
1
100000
78201
75237
74494
18386
65406
60373
1
100000
8735
2590
44570
34133
80435
49982
1
100000
70188
68040
47203
23648
49912
84425
1
100000
52711
47027
96721
24076
85545
70752
1
100000
59734
97759
57876
8273
32261
65705
1
100000
6194
13554
3741
34324
34299
54467
1
100000
58745
29680
80435
50709
56093
34631
1
100000
75752
96658
37086
71
15576
60241
1
100000
70108
62400
31701
73886
34162
52989
1
100000
54011
84363
64298
80376
31527
16279
1
100000
63641
38058
60834
45597
85622
95847
1
100000
41564
96525
923
44671
34523
12732
1
100000
58342
31994
43239
25445
27003
62370
1
100000
30745
93982
81604
83020
63880
13225
1
100000
2952
49258
96534
17700
43932
94579
1
100000
65777
51149
65142
65640
85556
34154
1
100000
87610
50456
39851
82052
48180
34088
1
100000
33685
95534
33006
66518
47838
79692
1
100000
11158
43526
35390
43979
73674
71623
1
100000
35284
92543
18526
93835
27841
78666
1
100000
5787
14315
24212
4466
72754
32667
1
100000
97055
90967
23301
20733
82149
24500
1
100000
20930
67621
2659
6074
12984
3754
1
100000
65252
30236
39057
35389
44527
905
1
100000
28457
98905
22207
75005
76286
60612
1
100000
63974
12754
79777
89321
96623
15471
1
100000
34523
39627
80089
39504
91032
99492
1
100000
6259
65900
51905
22987
93443
51392
1
100000
59820
94142
58982
57860
43871
18294
1
100000
62700
3675
94570
38480
29108
80849
1
100000
25913
32819
9730
20300
61316
10291
1
100000
39427
95883
62844
9532
52168
52788
1
100000
95315
41763
55406
65682
12207
85036
1
100000
23098
77140
27679
67725
82172
62105
1
100000
36731
24982
79179
48911
3415
12126
1
100000
92036
41932
39699
99501
33797
37202
1
100000
71900
50293
36870
42809
13960
89537
1
100000
22104
89661
45667
50026
97838
85892
1
100000
20012
26244
93774
32720
80304
8065
1
100000
54250
78960
78460
45238
29401
58513
1
100000
25035
15793
31394
77094
25542
75443
1
100000
69700
59634
28577
45542
61835
86701
1
100000
84272
79037
13080
45066
13424
85742
1
100000
91657
88961
81196
29059
10882
96348
1
100000
40387
84969
91746
17323
792
2102
1
100000
500
98916
50089
79776
57036
70876
1
100000
91080
81754
11059
40516
29683
63005
1
100000
57640
3435
97219
28529
74440
93101
1
100000
3080
75303
37834
52454
79327
58906
1
100000
48484
78190
55621
60154
42911
35734
1
100000
56142
5653
36070
79130
37984
34026
1
100000
93605
15103
61363
51111
98824
49201
1
100000
60132
54849
71073
70047
80741
89517
1
100000
716
21252
83411
44966
27455
27292
1
100000
76350
30997
66541
53180
14257
6926
1
100000
16722
5332
83424
1173
92392
75468
1
100000
28551
9960
3248
98187
86651
53996
1
100000
60420
46147
89005
57494
88720
49957
1
100000
7652
5346
72510
13075
56712
98490
1
100000
1247
59147
12798
71373
58889
48395
1
100000
24558
39774
89868
30071
32983
38402
1
100000
27912
85988
20913
53058
54073
44657
1
100000
21499
25969
915
31787
66406
66020
1
100000
53695
25370
8209
82684
31442
31254
1
100000
11557
1944
72853
6811
79972
6592
1
100000
70428
69873
97678
55858
64673
45106
1
100000
90
19809
58833
62315
52295
915
1
100000
28756
35976
16542
41511
49792
24602
1
100000
41889
63999
58528
3270
6453
66071
1
100000
30600
81962
4818
33828
47017
81709
1
100000
29378
12862
14806
48962
67178
90656
1
100000
30614
363
84845
99492
37494
37753
1
100000
67078
50135
75358
57726
30208
49386
1
100000
22206
2825
88615
8267
51817
55450
1
100000
50554
34136
34977
902
74598
23952
1
100000
8667
15448
37599
18488
71528
6406
1
100000
6144
54580
63559
11924
68332
82961
1
100000
78983
48664
1139
1549
68159
73087
1
100000
36315
50161
64309
76185
72038
58799
1
100000
66419
59261
24634
92031
94349
25186
1
100000
29648
65431
7775
50542
77296
13889
1
100000
99980
20543
78872
92291
62972
46971
1
100000
97601
8033
36587
36379
15532
38125
1
100000
76740
37691
55979
35999
14657
6557
1
100000
51873
69440
65931
71855
80176
1805
1
100000
76981
54516
807
71014
38414
33793
1
100000
73332
52451
99358
22015
68057
69958
1
100000
95194
49194
68203
33432
41449
8721
1
100000
74650
80737
84573
50406
50665
62215
1
100000
52461
93192
66127
29612
2021
37470
1
100000
92127
53900
44313
38607
53372
77566
1
100000
39290
75604
25621
59577
6580
81330
1
100000
45890
2182
3232
43735
31195
76377
1
100000
63507
60578
69403
83623
53994
56388
1
100000
17227
87890
52944
30991
2926
67427
1
100000
6055
7705
34231
37529
54472
29947
1
100000
26688
71334
58257
80957
53813
53508
1
100000
80770
89781
2876
33155
62269
12264
1
100000
12127
81689
82236
80553
73572
89757
1
100000
89356
60337
84620
96420
52406
41677
1
100000
83302
36037
53143
47511
97158
40076
1
100000
4428
82960
99607
45779
31716
33894
1
100000
59235
38643
59970
64479
80605
7856
1
100000
66277
92385
46709
44663
26780
2911
1
100000
23129
32263
55251
38743
10756
99772
1
100000
90799
63115
16631
44534
69059
2085
1
100000
44396
51725
43417
87841
23818
81380
1
100000
27790
22847
92247
35046
31031
73725
1
100000
28320
1443
49511
45085
65181
5696
1
100000
37446
67161
11642
60489
78417
48375
1
100000
7197
24810
73395
22096
58543
22764
1
100000
44114
94856
41499
10233
41198
74402
1
100000
40603
76043
94666
32265
20432
80788
1
100000
27176
33886
32715
15959
51634
45301
1
100000
84973
89933
3399
57334
33071
62653
1
100000
37275
46776
28621
3448
23688
13515
1
100000
67865
58371
16897
56865
90556
43741
1
100000
18551
28023
42122
72067
6753
35370
1
100000
42411
36947
69001
47533
45156
48500
1
100000
30871
64338
47351
16865
71509
18102
1
100000
33013
50129
31586
60910
46195
15996
1
100000
87107
74939
85697
80791
85093
27533
1
100000
706
20255
24185
15948
25964
31316
1
100000
60385
58362
15124
87283
43386
27028
1
100000
53932
74268
99121
48486
67493
86476
1
100000
21979
1286
18162
4201
28075
63886
1
100000
20919
65152
66057
15835
23644
64493
1
100000
37087
83024
20360
36297
55232
48738
1
100000
17693
43769
94559
84633
41745
71745
1
100000
52565
65040
92044
4819
38853
64620
1
100000
69269
58141
92242
14628
65006
48548
1
100000
68175
38874
82065
71067
58848
77287
1
100000
99274
33785
74496
83415
65207
89759
1
100000
58009
41143
36853
94108
42412
18219
1
100000
71348
35518
64777
74829
8840
63932
1
100000
39630
14953
33525
43749
93253
58436
1
100000
13381
81442
59509
48348
48163
77494
1
100000
948
50194
14523
13591
90186
75981
1
100000
37270
21787
93850
23035
78784
55420
1
100000
66848
71292
43211
16880
63298
9638
1
100000
38900
60848
46623
24653
19413
51220
1
100000
10461
24745
12950
55661
57816
37643
1
100000
9186
89136
91322
31770
27750
591
1
100000
24766
41034
88119
20423
27518
87962
1
100000
71141
41465
13251
97995
36836
54435
1
100000
85715
81026
6697
24412
24499
16889
1
100000
11936
69776
65131
86594
23698
53732
1
100000
51210
48172
12244
23446
11928
34583
1
100000
32205
90526
1154
58039
38141
58280
1
100000
36551
51717
13038
88572
3681
90918
1
100000
40475
4185
19653
65107
73197
37732
1
100000
76952
94818
5683
95948
9630
36944
1
100000
32460
94455
79105
83033
55069
33612
1
100000
58235
12903
25306
14210
68243
49724
1
100000
29758
2598
63713
7099
56567
48582
1
100000
83771
40344
70485
98615
64263
43410
1
100000
9256
22059
96703
23505
89692
44015
1
100000
67183
32241
65249
23227
79835
67666
1
100000
83690
37992
2118
2152
52285
80980
1
100000
62592
80113
41425
54029
91532
57240
1
100000
49556
66095
20990
75741
45869
56831
1
100000
75089
34505
29874
46086
99963
46044
1
100000
23660
93339
68428
83296
55302
20630
1
100000
72470
28019
93764
6609
60709
99892
1
100000
31539
21410
54725
58540
62049
649
1
100000
67773
33356
31141
82336
83913
11259
1
100000
81882
4655
73848
49562
82650
79517
1
100000
88882
95088
30554
37841
4378
34121
1
100000
17417
17156
80904
84366
68931
68375
1
100000
10493
77275
65028
10133
54178
31292
1
100000
87686
72219
36748
92775
22151
73399
1
100000
40615
56080
67532
66156
66193
33372
1
100000
38032
7705
72814
26473
87498
98937
1
100000
52687
57082
72826
1257
98683
21659
1
100000
87450
39983
17649
47104
34121
73593
1
100000
12226
91376
96908
8434
47534
26598
1
100000
25616
37313
58791
32072
75613
64348
1
100000
63710
67137
51597
57709
78858
35876
1
100000
36666
95608
36804
28695
18192
8517
1
100000
88956
52879
2493
61453
82591
91627
1
100000
84109
72088
44342
60754
16032
18215
1
100000
95393
30991
71145
31786
7258
49864
1
100000
32705
37902
71479
73496
94279
9793
1
100000
75860
51398
71750
77674
6905
58905
1
100000
8214
23875
42244
22475
83091
78734
1
100000
84364
27233
52484
58615
66064
43861
1
100000
45107
35268
21763
18416
58106
71592
1
100000
15120
9272
95616
57406
76571
43976
1
100000
79678
45279
66978
54294
38506
9225
1
100000
65857
67021
57111
53475
15537
81394
1
100000
56683
17730
23063
50589
42020
50612
1
100000
55839
7709
51284
28679
84771
82814
1
100000
66760
93471
4311
62291
6875
54916
1
100000
31300
63277
19677
38983
79311
97624
1
100000
70081
26244
4472
61965
54743
14939
1
100000
90689
12787
33608
30214
7044
76552
1
100000
77196
76628
66848
85182
28622
56982
1
100000
17533
28092
81241
42814
59290
23965
1
100000
24293
71271
27863
47436
36397
77522
1
100000
86375
67485
7836
95323
44153
8409
1
100000
59541
97061
53798
4236
19772
28070
1
100000
16877
97818
6809
30351
37527
31572
1
100000
77643
32067
33412
70414
80989
78985
1
100000
18694
9071
5240
65279
61981
98394
1
100000
87859
84184
97411
6911
37053
472
1
100000
81124
39098
9170
4520
89264
20566
1
100000
14165
41562
93636
26709
46699
12996
1
100000
73720
14021
75164
43858
70340
72320
1
100000
75819
74021
4426
22595
99727
38242
1
100000
92300
35500
33409
61293
210
35443
1
100000
55806
8819
68076
9422
7826
72335
1
100000
8306
27479
72918
28334
84226
82114
1
100000
80070
29320
13860
1767
28278
84769
1
100000
99853
7103
93810
93009
99892
562
1
100000
49277
63961
97051
324
41947
2285
1
100000
40093
48761
62224
16612
89836
87668
1
100000
72158
70170
21755
73004
95851
62791
1
100000
80021
75609
55878
9780
98389
10918
1
100000
60312
69842
59014
90878
11117
24470
1
100000
27019
3248
6248
76147
13462
93185
1
100000
70826
27522
80647
67802
10136
18679
1
100000
92950
25238
44664
14132
59284
26581
1
100000
15667
99211
67361
79639
20507
7307
1
100000
61439
62611
81096
43656
27601
99920
1
100000
49998
80107
55741
80792
7760
91198
1
100000
98119
33783
77229
59651
1423
62365
1
100000
55858
21825
35730
22364
71281
24481
1
100000
38202
60415
44902
7418
52030
37717
1
100000
39890
83809
90656
20260
25670
33380
1
100000
61037
24473
37867
23919
46901
35939
1
100000
38609
73926
83205
75626
43103
80484
1
100000
61600
20915
34551
26774
74221
6920
1
100000
95793
30973
68565
86845
60406
77375
1
100000
29682
7583
87467
72127
53151
73033
1
100000
23672
77973
21850
28863
51915
85716
1
100000
4276
56826
2303
45263
15317
49827
1
100000
31523
71096
16188
31404
59854
96683
1
100000
12919
64048
99281
46433
76408
87164
1
100000
51962
39016
82338
1435
59283
97061
1
100000
13678
45417
56321
57346
59424
28411
1
100000
67097
33402
77123
52941
48281
12654
1
100000
94633
51469
75699
62959
32339
64563
1
100000
9078
86396
98691
68129
41235
61094
1
100000
27796
72743
73829
25273
7069
96512
1
100000
69954
43084
75840
29054
87296
60094
1
100000
64343
59522
90758
23930
12813
64378
1
100000
6232
2897
57337
67924
82087
29866
1
100000
3998
57574
53914
28307
30063
89213
1
100000
99295
36563
70046
97291
380
46093
1
100000
36072
53000
52217
45882
22842
64845
1
100000
21806
58112
32619
6272
22812
9612
1
100000
19274
67855
2057
35636
77867
81277
1
100000
96931
46140
19504
659
48099
71358
1
100000
63380
50228
36728
18476
66579
52058
1
100000
91043
64055
69768
94400
73388
93298
1
100000
67453
26184
55094
20565
58283
52285
1
100000
80621
78808
14335
42472
69773
91846
1
100000
88662
5503
18623
35093
4039
84049
1
100000
26702
93363
52674
58658
9240
99494
1
100000
13872
10170
12520
95071
98884
62156
1
100000
62033
21568
78108
10631
35467
35117
1
100000
10756
12716
87200
37101
25674
99908
1
100000
94244
57167
30462
32279
80415
50171
1
100000
16955
76462
4957
71040
6610
53554
1
100000
29749
12378
28163
2954
96053
78762
1
100000
27241
80018
69236
20360
95482
55275
1
100000
48236
10132
46108
95917
46660
56125
1
100000
26052
98742
859
1629
16307
97484
1
100000
55015
72581
98394
75943
46222
14613
1
100000
8851
57833
71759
79317
89081
22870
1
100000
14527
24729
8066
48189
36486
51827
1
100000
96218
11708
73336
44102
20847
59632
1
100000
32778
14454
44954
84580
2411
86692
1
100000
5948
44110
82818
49707
52649
31410
1
100000
49005
86584
39952
25570
32664
36814
1
100000
99213
61717
7061
69790
58681
71657
1
100000
89462
36132
84295
64590
477
46188
1
100000
10412
72615
18449
84236
85526
15078
1
100000
96847
99429
6585
40551
84195
61249
1
100000
91532
27011
94229
5580
16855
52615
1
100000
88018
689
70318
77427
87230
18804
1
100000
49000
10184
40444
89630
57347
50215
1
100000
23135
62738
6808
43506
71199
23548
1
100000
76783
87896
51549
60055
59227
26835
1
100000
21833
30643
96412
43515
64744
49846
1
100000
50197
47501
82413
20141
70424
12608
1
100000
48735
50907
95832
34739
86701
38374
1
100000
97361
9855
7781
40097
15576
22822
1
100000
47846
66215
93518
5136
19814
69636
1
100000
38838
65791
71906
48027
45940
96839
1
100000
24225
39507
42695
64143
74613
61595
1
100000
71105
25381
52884
98034
43224
29761
1
100000
83449
20671
71231
80679
21868
53732
1
100000
38884
93932
57526
5881
42798
39015
1
100000
86881
59089
10733
9708
70016
36859
1
100000
69320
49660
85493
91312
16619
13167
1
100000
81682
20267
97387
21068
54306
64308
1
100000
27323
71916
16832
100
41962
89354
1
100000
43409
46645
31161
67479
23966
21939
1
100000
28035
15902
22193
20821
13269
11620
1
100000
62522
63404
11526
69243
71737
64861
1
100000
68391
78320
75665
63255
84967
44837
1
100000
41818
5053
97870
14613
67608
72379
1
100000
66565
96503
95178
95215
76389
67033
1
100000
27763
58959
12856
41752
47322
23332
1
100000
40277
47836
63670
68090
13099
67071
1
100000
10320
45562
11012
47625
38359
94703
1
100000
28835
46144
40391
27878
3349
81302
1
100000
69849
69445
87905
96293
47140
47920
1
100000
45818
4596
59705
44961
96792
24660
1
100000
74777
33430
78464
61735
93515
37226
1
100000
92721
92318
34342
6225
63274
26604
1
100000
45761
20017
4240
41148
87850
75967
1
100000
86594
11160
3382
37837
22920
26547
1
100000
48407
66126
80925
36299
94092
55503
1
100000
47363
86873
668
99492
44729
42768
1
100000
84439
41272
53779
3276
62110
5827
1
100000
9784
11728
1082
99082
71581
27021
1
100000
58667
23043
84947
95018
39823
97487
1
100000
33658
25599
84873
50445
7793
68717
1
100000
93754
14878
61269
28417
25767
8005
1
100000
65751
10029
49417
35524
62888
8976
1
100000
25307
15085
88066
73833
42431
79438
1
100000
6888
68656
97179
1659
74425
16745
1
100000
64448
6448
70468
45257
52383
98379
1
100000
13972
88727
39135
10114
53890
62492
1
100000
11154
32866
30016
65904
71644
83085
1
100000
9454
69906
4128
50472
67050
93411
1
100000
97545
523
36089
21192
35544
967
1
100000
49466
42359
77392
26986
44304
95819
1
100000
47009
31483
94534
48585
5775
75679
1
100000
16758
44659
32016
96128
42116
43887
1
100000
76239
70010
42784
69403
77141
40001
1
100000
90139
95016
60027
35270
76583
61031
1
100000
10355
29450
85770
15250
60805
1401
1
100000
77376
14276
6754
8499
10668
3065
1
100000
40593
15848
26968
26074
9792
26232
1
100000
97805
2408
37150
85258
31849
994
1
100000
6410
46933
19118
10099
90292
11452
1
100000
97464
27475
41355
8811
56750
69413
1
100000
83217
10121
4201
93571
19781
65234
1
100000
69060
50740
86215
91
91644
53338
1
100000
6873
69954
89081
11364
18907
10521
1
100000
20580
14678
86947
59798
32934
84209
1
100000
27833
73057
55718
24178
87451
14256
1
100000
43883
44006
64688
39941
56817
99970
1
100000
85897
99544
39717
9873
53743
73982
1
100000
31720
39203
91627
59341
71678
65405
1
100000
90747
29450
73842
61902
26884
61968
1
100000
25982
81162
13663
36111
65093
15613
1
100000
19111
3483
7021
45944
33382
92908
1
100000
53239
45643
57522
29994
35069
35067
1
100000
67794
89076
18152
77431
51978
8180
1
100000
94098
91489
20578
62965
8181
49555
1
100000
21937
49265
47281
10626
69433
42182
1
100000
41009
50096
55555
18701
47581
24392
1
100000
68489
53993
38383
72376
10077
67425
1
100000
80233
65326
82460
57156
47359
71090
1
100000
98455
907
30219
83014
97276
95774
1
100000
72197
8528
85536
24645
64900
52074
1
100000
82012
94945
52734
73133
32690
5936
1
100000
69472
78125
45334
53046
14344
46383
1
100000
82358
19523
87008
5450
79698
32929
1
100000
96753
73882
11851
51553
53761
57474
1
100000
23450
74820
19673
39018
24969
49241
1
100000
5075
29104
3592
22726
31732
9934
1
100000
72513
60430
6905
33416
23019
4388
1
100000
30915
36114
12222
85954
70666
51716
1
100000
5176
76319
94959
10195
69798
4403
1
100000
16851
23104
80691
45286
53615
79999
1
100000
85569
53905
6497
83676
49944
55852
1
100000
70773
74794
26952
86205
53133
80552
1
100000
79504
20630
67722
3944
73091
94792
1
100000
7705
2977
57184
89200
3240
73475
1
100000
94366
10961
64148
3307
35714
86264
1
100000
71035
20144
24003
7354
65195
62447
1
100000
49192
10678
79246
85130
88219
95593
1
100000
47068
70137
28998
33949
233
99346
1
100000
50016
95220
30490
70346
63199
17764
1
100000
21869
46728
55450
37297
37793
46421
1
100000
20502
14593
86050
37760
51943
77489
1
100000
52622
28473
50142
27592
22104
4713
1
100000
96605
21170
93596
29449
40014
63175
1
100000
87297
71681
55482
67273
54720
15523
1
100000
5452
91862
91856
46850
87515
32296
1
100000
23853
45834
51876
16087
75944
88609
1
100000
34676
55531
98679
13190
46123
69500
1
100000
78555
74388
96213
69302
86531
83954
1
100000
42028
77915
73808
92290
70789
7005
1
100000
76494
49
75803
47402
11902
60373
1
100000
18518
34421
98279
88700
74962
79740
1
100000
52639
79414
81535
67970
3048
13162
1
100000
49936
95053
50355
12237
3281
80572
1
100000
93217
3037
69839
36935
28520
15513
1
100000
92538
22708
61964
60912
43460
70948
1
100000
16373
28638
11891
10308
32784
23847
1
100000
33592
68205
20528
37854
26726
51289
1
100000
61058
66323
19654
58336
96018
5413
1
100000
75612
69062
40146
75223
76324
16515
1
100000
37841
87587
24414
4731
58176
87101
1
100000
5480
18139
12233
76830
15622
18913
1
100000
64469
93174
90867
24304
33047
40080
1
100000
55636
19522
42676
60255
61370
61597
1
100000
48912
89942
12591
39658
95488
61890
1
100000
24702
20889
90692
86388
92676
96618
1
100000
41114
34449
92835
19372
27494
99833
1
100000
6088
848
16723
93017
29847
98329
1
100000
35611
98842
9813
40756
97842
4059
1
100000
66123
55875
4589
58381
24850
21294
1
100000
79754
2813
2300
83577
82137
8369
1
100000
66834
80786
33989
99042
12540
52280
1
100000
28280
62152
80567
46435
18305
46947
1
100000
80478
68265
17251
68998
32773
94241
1
100000
11831
29033
57565
91621
89255
13675
1
100000
98373
48766
93899
16558
8212
8517
1
100000
95855
27297
49719
24204
15109
50596
1
100000
69379
22916
5621
49750
73984
72613
1
100000
33001
81716
6974
36225
8794
65508
1
100000
7812
62180
44842
8702
97659
88192
1
100000
74963
85614
96838
40883
55205
38014
1
100000
37201
72365
14771
13709
92992
2645
1
100000
93665
21199
20071
74177
54162
58892
1
100000
28325
4597
75901
69674
45955
54472
1
100000
26788
73961
59094
79358
70142
77890
1
100000
18644
48813
30806
14469
63323
53423
1
100000
725
30066
52436
45603
56684
84
1
100000
85631
4430
41049
41737
22264
3788
1
100000
51987
85438
69684
65215
13482
65597
1
100000
54025
4769
56293
45298
38400
66957
1
100000
52746
35173
31463
32373
22363
84032
1
100000
26970
88365
13429
81694
42454
40880
1
100000
42265
6299
21883
42698
17484
33023
1
100000
95295
68337
14321
32575
66268
76357
1
100000
55028
75023
90346
63383
17311
99087
1
100000
55053
34840
92009
9078
46687
13065
1
100000
27696
29313
43500
51193
67666
68705
1
100000
69266
40833
47218
15855
23657
26321
1
100000
70790
21109
68640
29625
78867
57512
1
100000
61302
217
60641
2419
18133
94213
1
100000
6280
87673
96136
41442
70665
11675
1
100000
28325
11082
14638
32787
28982
83579
1
100000
16560
61815
25257
45803
78336
19449
1
100000
97443
94609
6713
67433
61807
63003
1
100000
19273
52269
42513
78465
70475
27072
1
100000
98885
88511
90670
71254
42638
97298
1
100000
86953
60324
14268
18908
88462
75410
1
100000
69343
77331
53495
13652
4652
72946
1
100000
65370
68066
10958
71250
53338
81952
1
100000
97678
6952
23894
3557
22592
71334
1
100000
99217
41639
54471
43568
18871
76730
1
100000
60198
4779
15943
91104
83896
10081
1
100000
59645
458
64190
1797
47133
47878
1
100000
18598
17115
7339
15106
60639
97560
1
100000
97773
90872
75718
22563
69365
31197
1
100000
58052
24618
79653
35157
43422
94000
1
100000
10942
42038
69796
3446
32355
41401
1
100000
996
26807
58515
95560
8863
18967
1
100000
36386
29392
3907
18651
90379
41684
1
100000
98832
4250
8281
16103
3295
5595
1
100000
75830
70014
30959
82219
89334
50114
1
100000
54821
22940
14025
98572
31238
98032
1
100000
77972
43681
38644
89651
68217
63067
1
100000
70353
90306
18630
10940
153
22744
1
100000
81778
45354
38058
86013
15992
25313
1
100000
99869
93847
74172
82175
23913
4425
1
100000
86763
53240
96224
88873
93622
72530
1
100000
16411
10752
81837
49800
57542
70969
1
100000
86412
849
2818
13356
5291
60475
1
100000
48194
89695
57946
79072
26055
39917
1
100000
41705
28485
95451
98226
75366
95673
1
100000
224
45560
65714
64460
32759
24302
1
100000
95140
7106
99878
47431
60568
14128
1
100000
63593
12745
51801
88886
47876
91941
1
100000
28390
78419
96825
5894
67477
42349
1
100000
40680
93908
67997
19526
63310
10420
1
100000
67784
55557
30473
21903
27209
92294
1
100000
62978
79380
31015
7461
44710
71989
1
100000
77309
15505
22093
68587
5819
29119
1
100000
31454
4418
89489
91733
25316
93340
1
100000
73021
31901
40725
49034
95654
2641
1
100000
90958
62528
41754
55977
47254
40328
1
100000
91627
69741
35998
80503
69310
73787
1
100000
25673
24837
61053
56352
46835
32391
1
100000
22269
53070
71276
27980
8915
2076
1
100000
92963
17006
85902
36029
88628
56294
1
100000
95540
63131
56899
26654
10335
43446
1
100000
50149
68431
83905
80966
2762
42739
1
100000
77862
32386
35856
84176
13103
65814
1
100000
43490
24996
11240
30779
5386
97601
1
100000
74934
51504
32069
44676
53201
8029
1
100000
47054
71891
89305
42489
55027
56027
1
100000
66185
44034
65667
63267
24421
52937
1
100000
55789
62792
54151
83455
85330
94085
1
100000
71434
30161
30089
5052
82883
74733
1
100000
55419
13736
76056
5584
78550
44374
1
100000
68082
54332
19947
57207
27552
82873
1
100000
40785
27953
92523
16661
93620
15895
1
100000
36559
87511
21004
60305
5423
42876
1
100000
33021
73564
35574
11282
76863
49718
1
100000
64385
62798
75429
17003
30883
13624
1
100000
5629
7035
78255
75567
33812
36685
1
100000
88907
78150
47031
69878
45930
37695
1
100000
41388
62034
21979
93990
48654
41085
1
100000
81771
61500
48445
41637
16138
175
1
100000
7943
31831
22443
28704
74998
47835
1
100000
27357
69360
82190
17094
27871
5858
1
100000
32819
87385
93753
48906
20314
15689
1
100000
45776
10042
21433
71331
44163
69952
1
100000
66474
25160
89487
31074
8498
12745
1
100000
55707
59550
41629
18481
64457
3316
1
100000
65176
91828
59549
79499
47484
76774
1
100000
86180
21174
8653
50951
78131
43799
1
100000
53610
41520
54905
75054
77417
63636
1
100000
12393
55724
99706
47978
25663
10273
1
100000
70077
7055
69781
6468
73199
31883
1
100000
69061
87326
19742
24553
36063
48419
1
100000
92301
50529
93503
66519
63350
21174
1
100000
75275
72916
88631
67676
68371
81439
1
100000
13381
1972
91633
20001
19900
57986
1
100000
30622
43400
61585
90229
57871
34948
1
100000
99316
88035
59497
4854
17811
71021
1
100000
85655
29556
7266
29818
99081
12284
1
100000
49872
54690
44771
89126
52370
54451
1
100000
86985
8948
34909
16725
61338
46996
1
100000
92890
35376
32579
9153
55641
52326
1
100000
65384
48645
30018
93649
95775
17103
1
100000
86988
96195
80476
75759
55266
99981
1
100000
67282
68584
15595
13469
36874
38135
1
100000
49726
45083
67932
35211
87383
48348
1
100000
1591
91000
74200
46209
53958
88928
1
100000
51129
95359
35007
61994
7940
77959
1
100000
477
40083
32463
38745
79641
90352
1
100000
55850
93244
97117
8175
1682
11858
1
100000
77316
90200
45330
37116
50795
32882
1
100000
93143
16179
71887
1778
54852
17674
1
100000
25146
71202
73317
92035
59185
48158
1
100000
1041
71695
123
18867
59897
8654
1
100000
29154
93792
63447
18300
98529
26541
1
100000
90082
7815
22606
23291
89575
97640
1
100000
42904
55674
73788
31469
29505
59971
1
100000
62286
65128
28410
59361
32375
66962
1
100000
465
85688
89914
85733
92529
99066
1
100000
41730
10045
74106
56446
43809
39767
1
100000
68520
36953
98766
64023
24916
28973
1
100000
11314
53539
5621
66957
38930
63926
1
100000
25681
61145
92410
84711
24270
37803
1
100000
35997
74856
22372
58513
71025
28852
1
100000
87159
35144
80986
38361
46513
93812
1
100000
32721
75604
1152
55657
50775
12666
1
100000
40886
59961
5499
935
60273
91003
1
100000
8671
61283
14038
7055
63769
46616
1
100000
19432
68231
71172
28737
92296
35511
1
100000
46843
11109
18976
46652
1760
44129
1
100000
79890
88087
24593
15933
50830
62813
1
100000
47233
71400
78137
22991
61417
31927
1
100000
93597
92234
57306
66174
74832
79883
1
100000
4180
76666
11338
28512
81354
8590
1
100000
30843
31815
84725
6608
77191
27099
1
100000
43129
15104
31485
72833
83579
69446
1
100000
91849
15732
52052
67596
55675
37791
1
100000
18843
83672
59111
42354
42815
70309
1
100000
68514
16473
5045
43318
84361
22595
1
100000
53813
63949
9113
5781
2195
97744
1
100000
54458
65436
31109
23273
898
72106
1
100000
51889
45158
24454
95757
38633
14785
1
100000
68070
41627
97802
22886
31502
26074
1
100000
15404
60840
23320
73171
32334
40093
1
100000
32246
23133
26190
97803
96994
66964
1
100000
75663
80407
52733
48435
47123
81805
1
100000
11129
35648
50712
78965
30400
41483
1
100000
89826
45984
60240
94954
89743
23002
1
100000
21108
34451
62928
44458
48190
16657
1
100000
67781
43791
26497
64998
52139
37866
1
100000
66326
58452
77993
68033
49157
71740
1
100000
92731
23509
35153
27595
16202
95880
1
100000
17323
90469
28084
40152
82221
17140
1
100000
11809
66910
1911
6720
73394
21710
1
100000
87781
26283
73602
50940
17851
90315
1
100000
93234
51382
9454
22600
87762
13834
1
100000
5116
28986
94009
9262
79381
35454
1
100000
7412
40048
12460
55865
99405
29853
1
100000
49047
39034
62655
66816
40185
36532
1
100000
34513
91337
46524
59248
1671
83337
1
100000
76693
59832
83803
46906
78289
67323
1
100000
99280
13051
25442
17072
37980
22953
1
100000
50275
63023
51293
27024
80416
99583
1
100000
4935
92737
1726
59283
83045
46209
1
100000
19822
36079
60028
95849
24408
44329
1
100000
16532
17169
91947
74245
66503
25979
1
100000
91106
64927
90829
97061
60296
6208
1
100000
6430
8660
18318
90919
36835
71984
1
100000
8972
77471
92043
75344
2152
49633
1
100000
31251
53518
28358
60925
7200
15395
1
100000
1666
58041
31110
47426
43060
54821
1
100000
72630
61207
33858
39081
34065
29050
1
100000
22588
55227
28951
73414
36431
50516
1
100000
57823
81831
4761
8584
97344
37535
1
100000
81593
55373
61224
64229
27950
18682
1
100000
88656
27000
10946
27583
27673
15292
1
100000
41104
38075
3558
67704
5624
93757
1
100000
826
40892
72895
46418
51363
37520
1
100000
111
67508
7522
71587
83370
30921
1
100000
71110
17539
90645
90157
93512
62180
1
100000
19496
86289
31620
31807
19758
32505
1
100000
91590
44488
62257
66703
73887
69066
1
100000
87582
63758
70873
948
95116
31241
1
100000
98441
42012
71985
76362
38354
38113
1
100000
14479
69659
26322
47743
77644
88981
1
100000
50011
21926
90555
34432
59846
47310
1
100000
94566
34838
80365
31174
30288
38374
1
100000
50184
74456
39371
2864
31762
78388
1
100000
49651
36722
45939
22983
31722
23265
1
100000
48509
48270
49819
81654
29527
38949
1
100000
81859
88032
33519
94343
24634
55000
1
100000
33862
84633
56451
723
53640
37085
1
100000
22526
47063
83953
41925
55141
19907
1
100000
41432
19151
61950
49821
45280
76139
1
100000
82373
54368
70009
54988
26739
73517
1
100000
75503
1195
86929
31915
22185
40639
1
100000
89405
74565
98552
38644
97154
2534
1
100000
94021
50144
53
72420
52020
31258
1
100000
95726
22614
87379
5939
83703
66788
1
100000
28172
27457
22600
22517
19877
66616
1
100000
91549
74516
55170
390
61182
77269
1
100000
53778
37766
60565
47343
5171
36604
1
100000
41473
65469
26979
60070
74844
30763
1
100000
81812
9984
90258
82457
92433
41091
1
100000
95265
75399
82313
13083
81622
33368
1
100000
3333
55050
14175
39541
33598
36556
1
100000
73269
41849
81478
81667
52918
602
1
100000
71619
38878
49439
60385
5849
98458
1
100000
38698
48297
64145
91916
86790
36704
1
100000
35376
85980
27978
31756
74166
13560
1
100000
6061
70794
18397
98332
19881
53026
1
100000
951
2438
97145
4616
34354
2694
1
100000
92122
8001
98128
18934
74140
30457
1
100000
53867
53288
85194
38688
80209
33080
1
100000
84330
14649
99224
21637
86550
11599
1
100000
97461
27814
55795
22049
39758
38443
1
100000
46571
28016
76233
77040
22674
62595
1
100000
24177
24366
67624
98025
85289
96104
1
100000
73273
99669
37748
43536
75129
7224
1
100000
55822
2851
97630
28773
99584
40992
1
100000
71775
11857
18793
69266
16356
89131
1
100000
17355
73520
50704
6939
86122
25380
1
100000
13170
44669
7538
29547
50339
91036
1
100000
55051
22248
10094
84262
28127
28940
1
100000
86510
34999
17385
91906
70400
75411
1
100000
1125
41821
86920
87873
39760
68311
1
100000
45432
20824
42386
93571
69879
141
1
100000
74257
83431
53070
28486
20274
45957
1
100000
10270
95128
89396
10856
2052
50752
1
100000
27723
58569
24897
35123
2425
43032
1
100000
67746
97886
24544
95599
67013
57297
1
100000
18026
51545
57706
52779
58656
63584
1
100000
53938
84243
74611
40388
79213
84696
1
100000
60541
28072
79787
7584
88292
91785
1
100000
45080
88974
50294
57533
16706
92032
1
100000
54814
65052
75833
56435
80036
24271
1
100000
63375
88974
32200
96305
55230
99665
1
100000
80822
94537
15729
70659
68300
25496
1
100000
30605
78556
58420
67435
16006
75954
1
100000
14681
65530
14622
84874
93585
57367
1
100000
60389
54042
83151
51176
46156
17981
1
100000
43940
56953
97349
60735
33710
37337
1
100000
56247
32526
87490
7443
24371
93593
1
100000
61774
28308
93024
18736
9907
90141
1
100000
80134
56991
69243
58811
44249
10518
1
100000
34055
87798
30140
62566
9374
28008
1
100000
35773
23205
8634
16276
67937
27311
1
100000
96117
42883
14196
80671
77185
35825
1
100000
28943
43093
84958
19570
24521
94550
1
100000
82482
1673
80306
72935
41981
45334
1
100000
60891
1478
9500
39832
46577
22837
1
100000
26568
36885
2190
2692
49766
51637
1
100000
6389
93937
90753
98040
83780
89486
1
100000
68532
69479
68818
70405
31949
59404
1
100000
37134
40562
27599
61482
81561
78073
1
100000
20869
38754
58819
34522
48629
55717
1
100000
99586
75189
92624
53507
48752
76667
1
100000
52680
88365
56563
55226
15079
33183
1
100000
23278
29440
68440
10781
487
5848
1
100000
37633
54235
62391
86810
295
3432
1
100000
16494
5638
54291
43346
14426
12318
1
100000
83411
82109
43885
11483
21695
2094
1
100000
51351
58338
4657
20772
92491
63208
1
100000
94041
61222
27770
30102
80165
16847
1
100000
75374
52271
23455
39400
23950
43798
1
100000
89731
73192
57173
22767
95416
34892
1
100000
94112
44832
3254
11288
36562
2933
1
100000
18677
59291
38554
68763
172
42740
1
100000
8788
11584
73499
20235
98122
38652
1
100000
62452
44567
29126
64338
91741
79588
1
100000
427
84046
95426
5361
74745
83178
1
100000
24375
87976
78394
60175
88428
11261
1
100000
65909
75275
74035
3528
16274
93728
1
100000
42279
5614
82856
96955
64818
13340
1
100000
55991
5110
84008
78379
35365
30156
1
100000
86702
97232
74849
96904
673
42411
1
100000
93624
77181
80103
43638
35939
31520
1
100000
57398
74788
41614
22894
69631
4235
1
100000
71922
84074
85265
85129
15596
48625
1
100000
16711
35384
73822
94764
28739
38843
1
100000
51455
7330
61578
2125
81055
64125
1
100000
78927
61816
9070
18343
9132
50674
1
100000
92152
98748
36676
80501
32594
3564
1
100000
16430
48423
51827
72386
98302
37826
1
100000
39946
937
98057
98586
93996
16525
1
100000
26870
34484
89672
79514
77486
81667
1
100000
78718
6888
78937
7480
49534
5243
1
100000
67090
71018
29602
93048
29023
55594
1
100000
68111
8789
91445
95785
24419
62453
1
100000
37036
96391
63620
88810
39705
50632
1
100000
41819
83779
61224
99410
33152
59255
1
100000
42799
8989
36004
2014
55644
90363
1
100000
35528
56481
59576
61517
15703
88120
1
100000
97533
20347
52401
83902
3805
82549
1
100000
44554
71013
55922
4240
66673
34303
1
100000
93549
85991
33555
25855
83204
4329
1
100000
72785
31985
86970
93460
83088
99855
1
100000
97840
18534
48677
14823
47393
52325
1
100000
42537
65713
35701
68183
15497
57349
1
100000
16505
86407
53096
58874
39879
96958
1
100000
18212
48060
63504
29609
6592
1375
1
100000
90013
99870
34248
19271
74149
3721
1
100000
27604
82632
55287
20736
32060
65212
1
100000
97580
12455
22246
10575
11260
2186
1
100000
87151
50375
41957
24104
29450
39172
1
100000
83594
25229
12895
73836
41556
27205
1
100000
46344
21629
5400
42286
52345
44639
1
100000
68782
78094
10151
8228
93985
3524
1
100000
9336
94068
29513
30279
99824
9854
1
100000
62416
28324
62722
4008
57423
98670
1
100000
99329
64747
72891
78076
11731
46175
1
100000
2012
33546
92651
81919
28025
14137
1
100000
48035
7012
46967
31300
39778
54328
1
100000
18636
93957
23085
98106
88892
46280
1
100000
9871
2845
78793
22991
21592
75160
1
100000
75034
56692
47622
69203
3145
5489
1
100000
45058
65483
84971
35700
20230
44370
1
100000
76873
22173
69316
38439
30084
6063
1
100000
39095
84833
85156
79450
72835
86796
1
100000
60497
13748
35050
16067
18825
15216
1
100000
88031
83643
15253
90797
44254
99976
1
100000
9256
67183
44021
26591
4004
60660
1
100000
63407
14029
89765
90547
60532
88518
1
100000
90352
90261
59427
93504
14588
49316
1
100000
49198
51198
32963
34709
36312
81270
1
100000
50699
88929
5881
46058
56064
18210
1
100000
50011
28070
83924
33788
65463
84213
1
100000
79554
87002
60400
4493
79206
76781
1
100000
16392
80455
51581
44635
59356
74253
1
100000
43090
2669
29186
34014
13263
70616
1
100000
29779
29626
83463
6877
71764
14283
1
100000
53321
22646
61848
31402
15292
44619
1
100000
41470
58388
63451
70167
78041
88685
1
100000
59581
27932
58890
79669
74046
95315
1
100000
4021
48742
35095
23291
89348
61147
1
100000
14745
55304
53400
13941
28456
79011
1
100000
21625
51314
19301
83922
90211
19425
1
100000
6825
17009
83595
60025
32809
1329
1
100000
21982
20070
70675
83890
64983
65959
1
100000
24448
40057
41222
17500
12106
71487
1
100000
90872
32441
11659
25409
1314
20535
1
100000
46198
80931
29674
66045
3289
47340
1
100000
63926
16052
66443
97912
94545
50189
1
100000
31352
87544
74713
75163
72257
98090
1
100000
78312
46199
4696
67761
62342
37147
1
100000
83419
58477
88958
43610
44547
33444
1
100000
72658
66495
39730
69077
52810
3680
1
100000
81696
7120
33909
5514
84569
2166
1
100000
57555
44788
87566
3137
38255
9828
1
100000
39893
51349
79054
38778
52258
24388
1
100000
61021
29503
13622
51650
21759
84891
1
100000
21918
66099
69763
2588
66503
41388
1
100000
7856
28894
3120
49495
10696
67470
1
100000
11067
21535
5752
68899
51396
97589
1
100000
26395
5019
50663
2651
68934
5099
1
100000
4539
12373
25597
99140
94290
36020
1
100000
63368
18891
55962
7448
49221
695
1
100000
52846
29946
84434
70144
99073
84453
1
100000
75304
44755
4462
94992
5331
22789
1
100000
94787
99342
99429
52727
96048
87691
1
100000
35424
16427
33037
75967
61445
41048
1
100000
99379
51938
88814
132
62474
23181
1
100000
31153
21918
24516
36925
55141
31890
1
100000
37072
8850
21738
44060
27572
67926
1
100000
38014
45932
32284
13597
27354
75214
1
100000
52732
85230
6807
39643
33081
74928
1
100000
11691
66711
6226
25265
66805
18568
1
100000
93012
10203
47295
32835
14803
18571
1
100000
96717
17879
79166
59423
35899
79949
1
100000
5617
701
6576
66578
31225
43395
1
100000
55479
73078
80413
66436
30756
93228
1
100000
86429
63731
14291
52248
9331
21587
1
100000
14976
71428
57674
78640
91364
45938
1
100000
74560
95112
35248
1229
67935
19500
1
100000
15581
11557
94732
80853
75902
57513
1
100000
22040
3373
11980
39715
16688
52668
1
100000
77567
21801
38822
46509
4835
95317
1
100000
49140
90183
66002
43791
44181
45416
1
100000
84615
60033
73423
39873
31188
65404
1
100000
2133
43968
86077
96607
25529
2212
1
100000
85455
6321
62261
55701
11618
98350
1
100000
73921
64849
93716
98215
45222
92169
1
100000
66403
55663
55065
39879
30681
66301
1
100000
22972
20705
80856
58387
63833
19732
1
100000
52139
3278
8586
32258
71758
17050
1
100000
47851
31637
60583
61308
83509
60902
1
100000
95670
69481
90618
92764
54098
19515
1
100000
54258
99854
9189
80402
74982
34067
1
100000
57982
44451
65963
71282
22009
59609
1
100000
89676
84387
5034
99368
33704
39139
1
100000
6985
23793
53723
12486
45616
47451
1
100000
47295
6795
71830
73120
37349
35008
1
100000
53712
37916
76977
212
69391
20647
1
100000
4717
79791
43431
92989
30894
56146
1
100000
92097
55382
56377
47290
99345
42024
1
100000
59157
34904
66794
75527
11205
26720
1
100000
2211
39848
52754
11708
50808
92944
1
100000
19867
18964
87278
59170
4847
28178
1
100000
70635
34621
86483
29779
72845
26337
1
100000
17368
27559
99316
17945
38434
16264
1
100000
45494
64130
99508
42930
50153
42465
1
100000
61265
63517
4210
89818
99292
14394
1
100000
86903
69206
94048
17605
97992
12997
1
100000
45435
83796
83084
63473
67654
20540
1
100000
89452
39372
67584
40407
63977
24676
1
100000
38327
33264
44264
10840
37832
8210
1
100000
77174
35898
70135
11690
63837
10404
1
100000
82645
84147
47774
79637
28762
52703
1
100000
64980
52819
15573
2694
40801
47694
1
100000
27793
82762
56013
31549
69140
94595
1
100000
87623
52495
5527
36773
78505
6643
1
100000
69258
57906
65528
58749
83546
45447
1
100000
88879
62525
49914
84606
35227
87664
1
100000
57478
34096
34548
2965
80964
3494
1
100000
7728
37959
41721
30819
38149
52577
1
100000
16098
80500
82755
51158
16734
18342
1
100000
46645
20142
40488
3124
90404
32490
1
100000
28241
79039
97298
12075
5057
83749
1
100000
99733
47552
16582
36503
7271
77468
1
100000
20356
12692
69083
3433
73611
55484
1
100000
26692
68605
58390
47146
19961
24671
1
100000
86717
74023
82050
56788
18723
38445
1
100000
11655
11597
36128
42149
99946
33012
1
100000
35906
16392
81935
51580
17297
8791
1
100000
41583
90549
5573
67525
6826
1431
1
100000
4730
88861
49357
4035
50528
65843
1
100000
32446
94031
37831
69872
24587
78218
1
100000
13671
62535
34880
42116
41517
76735
1
100000
45119
55205
40549
6646
5024
9156
1
100000
68441
78873
55164
51533
45118
7262
1
100000
36410
68297
20702
58472
4326
4580
1
100000
10276
2361
75136
90278
17119
94163
1
100000
5828
76253
63670
47611
66093
61954
1
100000
39391
3748
45555
76083
55510
15941
1
100000
22482
13954
64316
73576
19398
67872
1
100000
56088
96628
43452
9807
36061
17360
1
100000
68506
24622
22710
6988
21063
24252
1
100000
49147
75378
91740
64470
60177
99671
1
100000
18650
18839
95490
63317
84630
23623
1
100000
62384
66286
90445
54956
74077
43662
1
100000
39260
7178
45728
79248
85014
46631
1
100000
96538
68048
14536
66961
25360
78360
1
100000
52274
9014
6648
92263
93459
94294
1
100000
31959
63709
38128
52773
41601
12883
1
100000
6091
13784
94480
57763
32528
98632
1
100000
62702
73280
64549
39155
52244
41742
1
100000
82865
22467
13634
85231
44601
34824
1
100000
20692
87113
94018
38161
94792
13649
1
100000
51678
80163
47203
40845
27966
50626
1
100000
65311
48738
5292
31803
66802
84765
1
100000
14735
82162
46121
65015
49405
69512
1
100000
23914
67583
84068
84384
39837
1164
1
100000
25305
44002
85862
36809
13864
29265
1
100000
26872
44914
44891
60815
2037
79407
1
100000
89751
72730
58654
90453
87486
21358
1
100000
36622
96367
72768
59405
78952
15538
1
100000
71909
11127
534
25909
88034
53994
1
100000
72829
67088
31509
57483
92393
1241
1
100000
92652
73503
54214
80542
6121
52348
1
100000
6025
98343
22920
39487
17866
91382
1
100000
20046
16513
34146
58213
21048
32992
1
100000
4134
25419
58869
67256
27752
43900
1
100000
80769
87448
48940
55786
71169
64197
1
100000
75422
7982
64754
80838
75356
22654
1
100000
98411
38148
41688
23176
89921
4265
1
100000
31698
47271
44208
39799
39074
41740
1
100000
40755
6182
22364
67766
45657
26008
1
100000
98132
49181
39590
55058
2616
6567
1
100000
86836
13840
73672
10083
47236
82072
1
100000
79698
54783
11161
14415
53698
90155
1
100000
96516
45043
46692
54257
22923
71393
1
100000
98358
38443
46448
89524
26206
67513
1
100000
85201
21951
91192
77263
91980
60036
1
100000
23131
84176
35339
93656
99573
24177
1
100000
62636
89289
74713
97069
90822
90718
1
100000
61458
25607
73377
97187
53769
98512
1
100000
57769
36118
73919
42053
9127
17604
1
100000
50948
14181
36851
58129
19562
65301
1
100000
14981
17007
59783
98758
95825
59492
1
100000
46391
81412
75307
14102
58122
41979
1
100000
59488
52212
7401
89617
92144
73233
1
100000
81832
7862
45824
77254
2303
93680
1
100000
53141
63926
94263
8702
6271
29790
1
100000
37754
13429
62330
21307
89692
26686
1
100000
30724
52206
13813
23341
73826
75807
1
100000
97019
44732
11416
33823
74798
50535
1
100000
22861
75590
34383
9666
45465
67526
1
100000
2209
90102
45546
90388
17821
87266
1
100000
17360
37789
35782
89364
40730
73189
1
100000
64714
28674
62801
42827
67511
17200
1
100000
8470
14120
62842
39631
80132
73687
1
100000
13830
43654
58566
54966
96417
34429
1
100000
80105
40629
70568
93224
52988
23170
1
100000
69175
25629
62746
10679
17155
94514
1
100000
34499
41570
18901
42348
61310
12611
1
100000
57366
87973
42027
57673
8360
39040
1
100000
58055
4551
43144
3555
20321
85201
1
100000
19911
28998
50904
21458
67638
17195
1
100000
61593
87417
82664
20571
45118
20776
1
100000
17394
25803
92677
62780
86522
95850
1
100000
31909
37257
63322
68109
95299
36312
1
100000
84769
26992
92253
74684
22025
33798
1
100000
76660
94235
61807
46912
41047
59198
1
100000
71164
36500
4660
91919
70472
20003
1
100000
83940
81422
57318
97346
28577
72563
1
100000
62879
77513
84014
26828
26875
67259
1
100000
1889
11798
86101
37582
24342
13271
1
100000
12020
80498
91435
37815
89410
87010
1
100000
92691
24276
96128
50085
86682
80297
1
100000
5119
70029
43375
4203
89318
87925
1
100000
48724
12051
81197
33236
59209
35549
1
100000
27579
38473
92295
69411
7847
54486
1
100000
65808
25284
76778
14346
87812
36603
1
100000
99177
44750
70263
3049
73876
57403
1
100000
1106
54111
81716
68907
53260
90101
1
100000
28458
43901
35194
41599
85747
51091
1
100000
30916
32819
81461
72048
12184
70300
1
100000
7379
860
46655
12842
79230
26301
1
100000
8571
9473
79808
22796
64633
17425
1
100000
96142
81334
35433
22178
78884
85787
1
100000
44901
45941
12184
26698
58180
77116
1
100000
99739
76534
30985
11532
12133
91601
1
100000
86189
88724
28349
66368
83376
38393
1
100000
74742
79458
58941
92806
66143
10525
1
100000
16590
25788
1308
9490
53075
39031
1
100000
32713
54112
12893
69777
36014
91619
1
100000
75067
41192
63659
70278
78993
50472
1
100000
33297
49767
96482
18231
59083
77303
1
100000
13403
15473
61154
72806
55918
20664
1
100000
85437
3332
78501
2787
13212
3336
1
100000
26449
26440
99814
65859
94492
39476
1
100000
61208
25133
20097
85968
1212
21120
1
100000
48963
9944
69742
37643
30830
36726
1
100000
3461
13333
87559
61978
21036
72286
1
100000
68772
62242
48401
69796
68538
32525
1
100000
25561
64124
75475
74970
8800
17708
1
100000
6249
28496
45352
64774
79461
60069
1
100000
80187
99449
68746
33745
61285
22586
1
100000
72351
11280
59035
6970
62750
12659
1
100000
10151
81732
85584
60442
52870
23259
1
100000
3498
32751
43156
99734
96850
73685
1
100000
86681
97779
43529
17096
7530
97352
1
100000
10312
40432
85327
82775
4958
97317
1
100000
56570
35042
66691
86100
57928
51384
1
100000
86154
89584
2665
51915
40074
89252
1
100000
57387
40553
92090
48123
65303
12624
1
100000
27652
53036
23763
10122
52216
9411
1
100000
55589
33057
61608
43763
46782
99008
1
100000
3183
88805
20907
95766
14828
50454
1
100000
83107
78192
57574
10780
72013
22779
1
100000
41966
9426
15526
2447
14674
66690
1
100000
58900
22162
4058
74014
87429
66247
1
100000
46495
89659
79165
8898
74513
88334
1
100000
31875
97993
10099
64566
49507
92804
1
100000
99364
35942
75701
87195
16771
5760
1
100000
16455
89208
66462
391
60093
47981
1
100000
76468
92643
14918
30020
32193
8534
1
100000
58021
33432
89716
28286
15410
94874
1
100000
52004
28575
86406
30778
49015
76519
1
100000
32153
93064
86192
57350
44911
3020
1
100000
23932
27894
98151
41795
88740
75875
1
100000
91310
16007
13869
5464
41020
4821
1
100000
53937
57784
10956
16201
96993
74462
1
100000
87416
27275
92565
46180
34452
53505
1
100000
1859
58037
11511
52494
31519
18031
1
100000
96906
48743
11658
16361
82570
17240
1
100000
61278
47804
32303
7345
14761
78411
1
100000
94969
66172
57668
12931
71613
99444
1
100000
47051
5442
44018
20724
28815
61726
1
100000
42083
89715
11741
3373
49173
78866
1
100000
37621
43734
75745
34050
3256
82738
1
100000
72242
43092
74705
14296
67909
77636
1
100000
66096
47313
96450
75795
32021
42078
1
100000
59382
23538
23405
26978
80438
13261
1
100000
44689
36815
81432
99603
15019
46639
1
100000
53142
44271
13390
50634
33745
13511
1
100000
5333
32134
54079
30272
7175
95543
1
100000
1090
43593
14883
20124
9974
20875
1
100000
5752
67469
54846
19605
62885
19238
1
100000
56209
74252
24664
26313
6547
38504
1
100000
7969
86102
75941
40016
53415
48405
1
100000
94826
38892
89429
30110
74408
94701
1
100000
96686
85769
56097
76460
26433
4601
1
100000
35286
97764
78640
20434
3895
59802
1
100000
95647
78873
58241
59047
80666
79271
1
100000
22594
70586
97503
12798
3020
33900
1
100000
36804
15960
24002
31274
81189
34948
1
100000
10800
76738
86454
19075
87253
73328
1
100000
26460
27620
8174
71322
29211
81783
1
100000
17037
98303
41097
16197
95054
99978
1
100000
32062
99818
54567
70978
72848
90158
1
100000
74053
64442
46268
56685
38797
40781
1
100000
92878
47217
34962
6748
64529
60966
1
100000
11684
52948
49481
97634
26899
39468
1
100000
52450
64794
32589
82084
12296
86486
1
100000
75174
2802
41673
4748
76039
9256
1
100000
54383
71348
4380
32661
60333
12623
1
100000
40113
24575
97698
9663
83187
56725
1
100000
2474
99931
55437
41904
32967
33337
1
100000
17269
11071
51962
95248
92344
14235
1
100000
24114
55158
95001
45424
65639
60079
1
100000
13216
92353
41455
31965
91874
7225
1
100000
84609
86619
62928
76825
72249
54215
1
100000
7155
90830
18413
29681
78285
73919
1
100000
61846
93000
32356
54435
49473
56805
1
100000
35372
71265
38412
14057
76630
96283
1
100000
37194
30551
62606
2758
24580
30547
1
100000
11460
23307
63699
49874
75144
51742
1
100000
80567
69379
29877
53264
19055
36182
1
100000
46716
26081
46373
171
46075
89386
1
100000
76695
15390
71560
23454
52703
19333
1
100000
12140
61571
69056
65532
37752
24151
1
100000
89882
19013
89193
93534
39399
57950
1
100000
46752
74838
71556
92319
26723
18099
1
100000
55030
77464
40924
77845
98250
78921
1
100000
83732
81863
12452
3891
81448
34656
1
100000
64816
99778
55158
26652
83800
44470
1
100000
77746
64826
65672
67519
81189
86267
1
100000
23063
53407
66442
83846
51742
49005
1
100000
61724
61857
2479
90355
66957
11458
1
100000
66438
20578
90281
58828
82337
41833
1
100000
66444
8142
51275
34855
53461
8006
1
100000
43122
56727
9108
93541
73016
41383
1
100000
53321
66109
58192
58957
87521
8633
1
100000
50159
5770
71044
41305
42178
10569
1
100000
49591
87263
40887
74141
62424
23780
1
100000
81796
50947
96988
32922
62429
6866
1
100000
15942
41600
37687
30998
1226
80887
1
100000
85657
94621
18901
33597
57324
17997
1
100000
32984
43805
71241
87960
18857
1625
1
100000
31403
19114
61278
67500
80725
46206
1
100000
50904
87465
63571
90682
99561
97782
1
100000
81778
65153
29426
51681
97868
47076
1
100000
8330
8498
96252
41774
33982
85384
1
100000
36579
78101
12702
32670
22371
96431
1
100000
17243
1939
49653
44903
84328
55247
1
100000
75424
94848
53667
37532
56948
62026
1
100000
64221
47118
72182
46825
87920
57455
1
100000
36036
34687
95468
57466
75568
61261
1
100000
41785
89946
19984
53682
88183
45394
1
100000
51011
18124
22987
39897
58771
65378
1
100000
84497
97794
16205
70168
75328
69754
1
100000
29665
21334
39000
54220
80827
58087
1
100000
77366
45959
24069
69002
93409
75865
1
100000
48658
25985
63711
91714
50214
42187
1
100000
21777
49049
31522
91149
58784
63809
1
100000
18486
35620
99200
59114
10964
43146
1
100000
42734
97599
13638
62845
25943
8482
1
100000
90159
80892
30573
84446
40027
69723
1
100000
81397
58130
10158
20446
96222
98409
1
100000
39929
56155
9316
58511
92939
31245
1
100000
98077
7087
92000
20805
38298
89888
1
100000
27355
93359
7843
35768
11717
49557
1
100000
71067
82213
56659
80319
8299
9968
1
100000
57628
14889
26316
63838
25174
59289
1
100000
56893
35360
48947
55589
60583
95383
1
100000
57724
2737
98712
52543
42126
46265
1
100000
45032
86427
8435
5867
38999
30557
1
100000
36784
35433
31532
97232
55471
71450
1
100000
47998
61231
26611
5153
82778
85632
1
100000
32844
7330
27822
788
47117
26685
1
100000
14279
9931
32590
55648
67869
16827
1
100000
49706
10807
780
31592
35240
3040
1
100000
32131
81912
81264
47172
95529
97308
1
100000
77489
36096
56102
76865
38745
86616
1
100000
48436
4264
38806
85174
70262
6180
1
100000
86813
58798
14001
63824
95066
36965
1
100000
84980
49516
17747
95805
28904
5502
1
100000
44885
92882
49616
58941
32781
14062
1
100000
49436
70143
74670
14988
63849
85041
1
100000
99143
2653
64098
13232
92298
4795
1
100000
29965
17855
89449
72503
72704
38082
1
100000
94384
73184
54728
85923
74032
53125
1
100000
99069
97580
2980
73145
84886
70486
1
100000
18524
13596
52061
89694
30860
45561
1
100000
37733
17384
66533
64667
79531
62843
1
100000
94598
61417
3618
14818
53835
75019
1
100000
99534
62859
56851
7247
55930
4476
1
100000
3192
58627
26321
75553
2168
41972
1
100000
29520
59864
32953
75034
88261
83479
1
100000
57542
71084
89006
7569
52318
33907
1
100000
10043
26902
23888
47638
39469
35451
1
100000
81974
19622
90842
71449
85890
54587
1
100000
74923
58102
77748
33323
17937
84919
1
100000
50030
78572
48658
61718
88579
8821
1
100000
15795
71467
8262
32180
68180
98710
1
100000
89690
8733
176
75736
81328
76473
1
100000
66720
87895
15175
60331
4120
6940
1
100000
4889
12033
28639
1490
89155
20553
1
100000
76323
82925
59421
48965
2388
96981
1
100000
45480
14371
62088
18593
30747
60929
1
100000
75037
81452
38089
66983
40662
26819
1
100000
64060
17505
67602
28207
52317
75758
1
100000
83232
33008
71102
33928
8004
45013
1
100000
78328
99404
25688
67293
49809
93761
1
100000
55474
49378
89083
19917
70673
60110
1
100000
64729
59733
98022
14990
31794
47106
1
100000
85116
52150
56605
51571
14735
1872
1
100000
69394
17890
46843
87384
68233
63683
1
100000
46032
34425
73360
84757
94136
22598
1
100000
97689
75500
53015
28532
97833
98809
1
100000
40491
69840
68017
16165
65407
85618
1
100000
24027
17661
43078
73406
2132
40470
1
100000
89411
8718
37268
6477
88855
15771
1
100000
1464
16281
74925
79162
40446
23336
1
100000
95006
65681
75489
5032
77631
99371
1
100000
62341
26313
79075
99680
68922
96908
1
100000
75744
79235
63126
60116
76784
64306
1
100000
83516
57025
56456
75027
63468
8479
1
100000
48273
94373
89904
67876
58084
99779
1
100000
22111
90452
88328
96984
46280
4425
1
100000
50344
75773
73395
97366
64212
45817
1
100000
83908
24941
57366
65783
32589
90694
1
100000
16401
21666
93037
28086
48993
24940
1
100000
48314
76649
18768
45325
31746
16356
1
100000
70049
88955
29262
12184
14508
50356
1
100000
39163
11737
62831
12709
15810
1466
1
100000
88653
50926
17574
81361
12469
33078
1
100000
52010
60214
97222
47592
37913
84165
1
100000
10531
33819
88796
89320
74716
86950
1
100000
73597
56132
73973
630
32679
51860
1
100000
86272
46298
15450
1832
64162
14667
1
100000
3599
15393
19182
4106
12605
46757
1
100000
46436
28826
18704
71574
62058
43242
1
100000
37564
13481
34002
57248
265
31784
1
100000
27471
84226
86506
86587
51494
2908
1
100000
21382
30315
44374
6088
98833
80924
1
100000
89406
39034
50712
86672
64426
21406
1
100000
39256
71955
78186
98047
60378
80141
1
100000
46336
36779
70905
8472
69833
99683
1
100000
34461
54780
82794
19234
36811
59706
1
100000
91562
91706
48351
45516
83524
52453
1
100000
93232
52449
61075
88600
85496
14854
1
100000
99250
89785
98176
32136
7648
58489
1
100000
27559
29464
31210
74009
69761
40325
1
100000
8193
14118
67370
493
36065
36485
1
100000
86800
44355
87200
92768
57410
85090
1
100000
27875
68794
21094
72921
11342
90898
1
100000
84206
58471
89286
19628
21420
98354
1
100000
45307
9196
95474
40474
65580
19265
1
100000
18711
91767
32301
37158
71745
37896
1
100000
69344
8096
9481
76162
20170
46054
1
100000
45795
83097
28732
14162
14749
17710
1
100000
39634
35786
62435
55393
84164
77839
1
100000
17012
1153
36059
40384
84180
97590
1
100000
86581
12914
42591
8539
25046
83047
1
100000
82091
14177
79712
71636
26551
25361
1
100000
65248
8489
72122
94386
29323
4596
1
100000
57871
89684
34684
37908
93630
86897
1
100000
51009
168
25230
86868
97791
66100
1
100000
38231
26669
47333
82064
55585
231
1
100000
69021
77921
19698
2164
2984
12204
1
100000
3405
52188
76753
85204
83344
17391
1
100000
27499
46195
53781
42059
18601
39333
1
100000
39503
64383
94148
97758
86008
45952
1
100000
17104
2346
90738
91264
48740
30321
1
100000
24276
56624
22761
81308
15068
45691
1
100000
42883
76119
50127
90712
90788
76675
1
100000
33367
96671
98120
61409
11020
70022
1
100000
9771
81321
93843
24891
50531
14805
1
100000
32013
24867
80353
86186
40884
69363
1
100000
30128
97331
35775
88217
9785
88088
1
100000
10042
45989
34753
72931
22860
34829
1
100000
10243
30593
92745
21249
98826
34521
1
100000
93763
97569
18223
22046
93569
20785
1
100000
9360
873
42326
90373
31985
7563
1
100000
35331
36158
55333
8863
55442
25709
1
100000
77751
6702
54817
47904
41103
20236
1
100000
80928
12395
56782
10242
38344
28592
1
100000
84759
27871
47701
69861
18636
90800
1
100000
37577
93153
70369
48362
65556
82267
1
100000
72046
10222
570
37412
75984
94660
1
100000
12043
13014
93613
8241
5471
67787
1
100000
94987
30027
13627
76350
54689
57545
1
100000
67338
77848
23881
80495
11819
57750
1
100000
58975
5190
55958
87160
18776
95093
1
100000
33559
26136
53557
71261
4391
20207
1
100000
40067
22501
11483
88608
4843
71071
1
100000
57573
6143
65112
51991
77041
83012
1
100000
87975
89022
35848
6639
84116
18186
1
100000
21833
12915
17803
89545
53309
57105
1
100000
13394
98634
34079
87329
11442
12520
1
100000
532
92062
65387
12617
74459
48746
1
100000
11702
30004
48517
8662
53786
43892
1
100000
21660
44820
28098
85645
98922
86060
1
100000
96819
68912
66835
96002
27912
34489
1
100000
52594
12350
32722
13304
718
82333
1
100000
86320
99654
46202
34358
69735
91026
1
100000
23903
43331
6020
64433
94805
70641
1
100000
30657
90845
37349
65984
15619
65651
1
100000
61514
7921
26840
46760
19366
49102
1
100000
85573
88611
46115
43872
28682
33347
1
100000
74920
90395
46344
32298
44903
15746
1
100000
16872
71643
85451
10334
84063
33775
1
100000
78208
42328
85035
7351
89165
16771
1
100000
46634
98506
34170
62885
15071
89346
1
100000
99833
11849
53831
13074
99231
48203
1
100000
62780
72895
93157
3265
46373
6559
1
100000
12417
40740
9722
29336
98130
58028
1
100000
87531
16984
74083
55166
20470
89674
1
100000
63163
78974
14554
44161
31469
92671
1
100000
82024
89268
79825
91216
57678
43409
1
100000
33525
50475
17844
74217
70315
48243
1
100000
40624
63549
32439
60640
77979
7577
1
100000
74810
35803
81320
83568
89722
98674
1
100000
35136
4116
78661
58968
93321
59776
1
100000
97290
17713
91411
97464
87106
31471
1
100000
55633
47194
33346
53694
39146
1797
1
100000
84536
91441
76661
94478
42228
10353
1
100000
41062
70787
95016
70628
83899
3161
1
100000
66533
85822
16902
96984
79756
36398
1
100000
91242
7404
1199
82718
19963
58085
1
100000
94585
27906
61834
3566
55621
50927
1
100000
67082
23011
77567
3030
48727
16413
1
100000
56123
80274
50711
9624
85426
97517
1
100000
64935
99530
58894
27436
97341
56956
1
100000
5816
85691
99224
8240
40447
5882
1
100000
85410
68012
66490
24801
4631
86522
1
100000
84197
13160
48706
61770
55959
43293
1
100000
10524
55103
78925
95212
92949
4606
1
100000
22603
86005
25687
45422
45807
22697
1
100000
43340
83672
90831
29778
69822
27147
1
100000
77943
67979
68510
23067
82163
94509
1
100000
22902
91064
57238
46213
68461
66323
1
100000
3677
59232
92833
56052
95322
52927
1
100000
92114
65528
42227
14674
33530
80246
1
100000
32645
71596
87868
56738
84141
16997
1
100000
81277
55504
13461
51330
8788
86373
1
100000
91711
45678
80966
8434
63141
64701
1
100000
62609
97000
77368
59811
540
31001
1
100000
27685
69566
56113
36902
84827
22384
1
100000
12799
52300
57273
30386
32530
74089
1
100000
53093
60170
53965
23763
60986
74854
1
100000
28262
71138
82402
26740
83280
19896
1
100000
76978
2014
15719
14854
91341
44269
1
100000
82456
74215
66195
32129
86483
28548
1
100000
39409
16386
35590
94752
77341
47380
1
100000
32188
78959
58547
72446
96993
88946
1
100000
70885
33248
91727
41968
41876
62830
1
100000
41662
34384
23861
47342
69485
23379
1
100000
30670
15834
75893
65628
2923
52639
1
100000
68069
96263
84757
95561
59368
7197
1
100000
78564
66344
750
65720
26562
29143
1
100000
50325
10397
50702
81904
63236
9860
1
100000
67777
31887
50486
55835
80819
37254
1
100000
89629
98263
29730
53332
11805
79742
1
100000
81908
37887
44188
90254
20284
36182
1
100000
52788
72415
90147
60587
2792
87219
1
100000
74039
2279
12594
40237
4265
3418
1
100000
69886
20261
41844
55313
57951
31857
1
100000
29822
15655
98488
62352
35694
57600
1
100000
81992
28183
81249
78205
3245
40589
1
100000
75763
35289
66530
26610
44360
94659
1
100000
62954
87554
15987
65071
22309
87174
1
100000
97764
78740
22537
79244
4060
28897
1
100000
3046
41176
18023
69536
37289
25785
1
100000
75499
17991
55990
1974
81109
47730
1
100000
8493
54491
70386
66135
78041
28207
1
100000
42249
63341
33114
8160
11572
55463
1
100000
92765
49487
63093
52372
55369
21941
1
100000
69579
2788
16959
4844
6517
20898
1
100000
26323
41390
79354
26911
19458
4791
1
100000
97162
75998
60630
90460
85543
67663
1
100000
12072
68747
80117
11406
11263
13449
1
100000
57188
72729
76018
51641
49227
4971
1
100000
52904
93135
17110
39361
98365
93852
1
100000
29905
17282
40577
95487
16938
41954
1
100000
58274
91247
81285
8819
96124
46878
1
100000
79931
55000
85410
62173
17036
14055
1
100000
65788
47120
25826
40092
72608
6886
1
100000
2499
70056
70304
62020
61459
34089
1
100000
54644
36132
71638
40697
98366
8310
1
100000
2789
45111
38772
54298
67632
59721
1
100000
33342
55278
66026
6230
70613
91380
1
100000
8559
87410
36204
38163
25088
25313
1
100000
13536
19654
64786
34922
48276
13482
1
100000
76559
89356
19761
30051
35336
1115
1
100000
26584
24414
22843
80126
94801
95588
1
100000
52956
74339
28448
21960
51687
95044
1
100000
76092
38346
65540
3816
40928
30904
1
100000
78815
17428
29528
45954
55316
19416
1
100000
92768
55804
36399
55434
47259
96258
1
100000
13570
43332
14042
33924
31385
26946
1
100000
94252
55685
29706
12215
35551
30742
1
100000
80026
30393
81598
1081
79490
34322
1
100000
5768
98607
17982
69224
33847
95462
1
100000
33358
28572
23953
8467
34093
91836
1
100000
76844
76139
37244
46510
16961
56389
1
100000
66208
96769
28505
98689
16665
15537
1
100000
45521
33360
83093
60077
20879
93925
1
100000
61873
66213
63588
90479
33904
42354
1
100000
87980
39039
68884
84872
58664
60894
1
100000
68125
35812
62520
19563
75900
66996
1
100000
46280
18468
95324
44576
56660
26840
1
100000
41621
32630
32031
59894
70076
97294
1
100000
19943
85214
87932
13151
33236
39463
1
100000
53154
58341
83893
58268
76711
44378
1
100000
61477
11530
28937
10817
25582
51461
1
100000
39851
30653
16491
38481
13560
63795
1
100000
10432
80181
88236
60150
22869
17605
1
100000
35956
54243
10513
18434
41000
59852
1
100000
2939
94507
90638
47792
29318
12123
1
100000
97835
88571
8220
96794
60030
95821
1
100000
48443
18776
34602
58305
95284
92205
1
100000
22602
46349
44713
16428
86463
70521
1
100000
80436
64917
66039
75639
90060
25287
1
100000
57436
98439
81683
75375
5129
80000
1
100000
99123
96709
11234
40513
95766
6928
1
100000
62885
838
82362
63346
82431
22550
1
100000
41871
97747
9967
9587
59238
97983
1
100000
6433
56172
18108
51023
36776
109
1
100000
7817
91731
43443
99148
150
49145
1
100000
62030
78365
59938
31316
43400
97973
1
100000
99934
7262
94064
16524
78140
31751
1
100000
80825
24579
54296
95494
21913
4003
1
100000
74556
16047
76693
43505
77268
13634
1
100000
58032
49170
79771
74483
9356
14066
1
100000
6497
61033
47872
65394
15573
87547
1
100000
66854
78578
25232
79623
63990
88145
1
100000
30584
16370
29525
6155
77084
38719
1
100000
75277
86355
86875
77836
20667
58432
1
100000
73615
41951
44442
40003
28161
17785
1
100000
32400
76932
86696
66708
68455
91294
1
100000
68228
31947
98696
64708
75333
63476
1
100000
67595
63440
77193
25980
20930
84730
1
100000
66355
64700
12710
22610
20887
86726
1
100000
4454
69798
31607
32714
23822
78396
1
100000
27292
86074
64354
89564
2538
628
1
100000
26192
38431
3950
84132
65669
94496
1
100000
80747
10795
25761
64324
34346
1026
1
100000
6820
82320
75333
30727
39485
83085
1
100000
67037
34908
64264
68823
32369
26783
1
100000
66587
76824
96489
91162
56508
82948
1
100000
58152
57430
51419
54240
54757
4519
1
100000
6889
40104
15030
25999
53879
19243
1
100000
62701
44421
43636
8990
76453
64294
1
100000
24213
91969
78391
96149
62217
69286
1
100000
36452
54849
60166
26453
14203
75895
1
100000
94371
72420
47107
30988
9560
38187
1
100000
76932
20895
74968
61462
19938
74218
1
100000
38939
77595
51637
9501
9343
16771
1
100000
60699
32921
55323
35853
1775
87237
1
100000
92922
9710
39455
77470
26611
55947
1
100000
88849
79262
94285
10679
19071
36380
1
100000
9840
60086
10678
49128
39530
30698
1
100000
8378
1751
28051
69782
41982
94160
1
100000
20617
18212
70656
45751
53184
45122
1
100000
19357
95576
33461
80757
73810
1438
1
100000
79116
33559
54353
19933
53295
70699
1
100000
68594
81624
38034
81453
46631
86622
1
100000
24844
57589
39879
27453
43673
81244
1
100000
86347
91238
88765
72286
17908
66071
1
100000
69150
38386
81111
37365
39267
79411
1
100000
31977
85153
62355
88931
9903
63896
1
100000
48279
36608
89731
48701
56512
17391
1
100000
34762
64381
54427
6902
26446
11461
1
100000
91365
57748
85401
64966
23751
54547
1
100000
70841
23393
62679
34729
83148
27174
1
100000
54355
25966
71179
41855
33948
36036
1
100000
84724
43323
93160
54117
9319
52182
1
100000
58604
82631
28623
79508
99955
18714
1
100000
55953
72557
38791
97974
33121
39764
1
100000
87708
44750
17629
92744
18150
54504
1
100000
50370
98743
30049
91807
11126
59626
1
100000
91993
29179
30115
6139
89489
47355
1
100000
21682
47918
28154
93134
37477
37315
1
100000
34109
92628
15910
69895
67804
67380
1
100000
61681
70354
31614
77145
59038
61804
1
100000
96721
33157
86204
64727
67091
46226
1
100000
22725
59552
68448
89168
6890
21360
1
100000
14784
78634
51803
19657
35944
41041
1
100000
9372
65832
73734
10223
88986
32086
1
100000
97327
20552
90399
34080
9994
42154
1
100000
88934
25989
90986
51001
55585
83484
1
100000
14750
97067
38695
85136
43033
99855
1
100000
79714
4747
11743
9359
26607
54317
1
100000
60684
83893
10073
97157
46953
16872
1
100000
10087
69298
69410
28995
7283
47132
1
100000
37730
5497
14393
98262
64339
75200
1
100000
82020
17932
7882
5367
91583
99838
1
100000
14623
31693
69565
2658
39477
69866
1
100000
40302
54896
61276
11892
83512
16482
1
100000
24842
72961
10583
62535
76783
83087
1
100000
85073
90527
51324
86843
9103
33488
1
100000
83169
9516
94642
20985
20103
56455
1
100000
67370
97956
59678
81863
51636
4310
1
100000
19915
28862
58796
83388
56574
75966
1
100000
80203
71648
8445
66835
72857
29310
1
100000
51244
94425
5956
60288
36238
98859
1
100000
18598
10503
38717
26607
81579
83406
1
100000
89827
92560
25033
1025
42705
55792
1
100000
82395
29157
34509
64352
30800
82379
1
100000
11132
37
11386
79726
11015
67497
1
100000
57475
47826
23820
22015
93815
30421
1
100000
48289
54930
67433
88707
39163
91255
1
100000
50831
36103
90510
85357
30751
85599
1
100000
89755
71517
89555
99514
84487
38503
1
100000
82395
6162
55441
39320
89199
43362
1
100000
46800
17049
20703
13091
16981
92337
1
100000
32123
20411
98133
24506
2280
99562
1
100000
94130
12517
51109
7047
40442
64302
1
100000
33006
93477
50492
56124
24825
23959
1
100000
24816
6209
26624
9829
75219
23449
1
100000
70958
289
91390
26194
32682
15125
1
100000
36132
12388
84207
80058
81546
34677
1
100000
81986
80278
57112
47890
19741
17676
1
100000
18165
15263
16606
71762
46422
71975
1
100000
99961
21891
13025
77301
83541
65872
1
100000
84960
86354
80474
83611
354
93482
1
100000
93508
91011
22021
65444
56100
26020
1
100000
85646
74181
67644
65385
81368
82099
1
100000
41941
65791
3671
40319
48852
14842
1
100000
91080
15237
31907
29254
44831
14792
1
100000
9181
6277
16069
67414
32769
89138
1
100000
28351
29174
3317
36643
2780
17111
1
100000
8592
41250
78147
40869
97708
77563
1
100000
50265
10915
84483
84771
40445
12756
1
100000
19780
65068
53102
33520
45477
64916
1
100000
74282
46664
8801
17732
69843
54419
1
100000
44250
24687
30946
93166
61039
92616
1
100000
17555
80703
65266
44584
26276
47406
1
100000
3258
21495
94782
18409
22993
71998
1
100000
64392
6998
21116
54689
73563
21158
1
100000
19896
28673
50922
73291
41842
65636
1
100000
79343
10377
99953
10664
82578
33932
1
100000
50741
96131
15638
2401
29377
35429
1
100000
16739
30124
40413
22827
65556
32405
1
100000
67424
88709
73373
88978
31126
17413
1
100000
85051
1855
59318
72252
30981
41280
1
100000
59696
51076
35930
56649
83957
66194
1
100000
7047
73630
46287
66702
38283
11611
1
100000
96271
23587
91478
42679
58184
81928
1
100000
20186
19330
98300
43760
38105
36896
1
100000
64939
95690
10024
76527
21750
97113
1
100000
91163
94931
89610
27373
85793
53149
1
100000
99530
58274
72963
57878
75171
84092
1
100000
61710
19007
47148
42701
89903
13116
1
100000
67195
11617
88540
77233
42379
447
1
100000
80631
41565
3073
5482
63596
18032
1
100000
73653
25321
64311
69465
691
57820
1
100000
25096
72185
44273
16092
68175
38136
1
100000
11350
62625
72542
61048
39507
93614
1
100000
38324
58403
58697
65893
63557
79463
1
100000
82558
92362
83022
30603
30341
15706
1
100000
19152
2501
4569
76475
90980
61860
1
100000
48095
23306
37469
64372
33764
39576
1
100000
55836
35533
97341
25194
52689
53831
1
100000
10503
16626
42518
14091
5382
39106
1
100000
68731
4083
75359
44198
27112
38887
1
100000
92939
57358
55505
70408
70601
75788
1
100000
79855
82517
69883
37112
7116
80896
1
100000
6349
80491
54179
65384
74237
81917
1
100000
78723
29095
92719
3849
52314
67237
1
100000
1013
62917
90753
17178
51528
18037
1
100000
85410
68811
61455
93436
36901
96408
1
100000
76234
17599
14681
27763
42275
48432
1
100000
82044
36764
88844
25221
24650
97130
1
100000
39389
86736
19031
13503
20697
13082
1
100000
57675
58702
89454
50440
44048
53211
1
100000
54478
43091
33841
59591
7906
7594
1
100000
77664
5930
19299
98452
39004
75728
1
100000
182
35407
58786
84880
48838
33264
1
100000
66773
73573
52780
76966
33222
83100
1
100000
32031
82016
10942
10400
95883
61203
1
100000
30191
2292
29177
47245
89044
75184
1
100000
45710
72814
77048
35891
22283
23209
1
100000
10029
5109
23007
91837
87527
29656
1
100000
33679
93432
71678
86594
45894
40201
1
100000
78909
5718
60746
1972
47423
359
1
100000
2942
51642
96125
95492
86595
42652
1
100000
10939
95261
61035
3277
94567
6082
1
100000
23636
81853
55752
51583
64345
27047
1
100000
75569
88950
97914
87611
74421
41441
1
100000
39103
52751
27363
18807
79095
56885
1
100000
68389
83357
31280
6885
17491
7774
1
100000
48232
60648
26096
25560
37496
81669
1
100000
81487
22605
95029
20605
71959
19373
1
100000
21295
10992
52389
69728
40781
83975
1
100000
73617
28645
59117
88111
76442
25977
1
100000
4261
34172
39532
59972
76767
57462
1
100000
46414
5020
38873
28191
42281
43375
1
100000
13412
61965
20818
31175
80289
52478
1
100000
15678
65260
47473
73280
67818
33997
1
100000
26702
22915
81077
1729
603
21312
1
100000
63614
48291
11118
76610
79284
20135
1
100000
21884
97467
37056
57489
52642
18635
1
100000
33510
2407
89108
39639
20167
42995
1
100000
73937
49662
71806
374
49063
81057
1
100000
51219
4258
36916
44432
90127
71152
1
100000
95753
97446
41842
95886
78453
17223
1
100000
59622
53174
62325
65594
97614
12690
1
100000
97045
35532
11836
89343
72425
96692
1
100000
90826
16808
51250
50244
30292
13720
1
100000
43429
19580
35093
53889
56133
98425
1
100000
28881
28015
40817
9216
12602
47232
1
100000
7420
35077
93340
17397
75042
8216
1
100000
63816
96469
66348
174
27168
58804
1
100000
46678
60683
30138
56266
82007
61382
1
100000
54272
43078
66172
38026
30897
99429
1
100000
49800
93310
81191
7316
9570
43901
1
100000
38545
17840
71109
92987
15748
24653
1
100000
5909
64803
30161
35743
39973
15128
1
100000
41362
39716
44232
72872
71748
29782
1
100000
96958
77532
85327
11791
28445
43126
1
100000
13607
87406
97102
23657
43587
82201
1
100000
78589
2548
388
79577
53977
62952
1
100000
52712
2535
86542
37674
71230
85692
1
100000
37199
95513
17709
48983
44170
86592
1
100000
14490
60964
64713
8075
86248
17409
1
100000
60600
63911
95439
33451
35368
72268
1
100000
42827
17236
22110
38096
64263
31489
1
100000
13510
75818
13944
59232
28532
54506
1
100000
38956
41208
26504
75040
3866
70577
1
100000
21437
99774
34491
62589
43677
60849
1
100000
17987
2704
33872
6722
69094
14955
1
100000
40989
26101
26993
52812
73972
25214
1
100000
8856
66993
73055
80357
83731
2718
1
100000
6681
94922
37465
22467
49292
6663
1
100000
72423
97246
85751
56598
12075
78743
1
100000
51386
79594
16101
74901
46948
93798
1
100000
37536
39863
46097
62135
41359
11598
1
100000
16682
39122
74480
90231
99234
82096
1
100000
9413
35496
84080
4146
82488
70945
1
100000
99756
21399
66159
13717
18449
65378
1
100000
75677
41881
4517
41032
30236
2885
1
100000
34699
95151
92317
82121
73257
52609
1
100000
4051
98333
77644
63092
19004
44441
1
100000
31024
61472
41050
94096
78906
42654
1
100000
68604
73533
78217
54655
47805
41790
1
100000
36408
85311
84484
65236
57220
24147
1
100000
30606
81235
98923
123
76861
32742
1
100000
83107
30412
35972
56129
78732
94467
1
100000
45029
17310
62327
71763
3671
79053
1
100000
43257
20608
41123
7904
84729
8494
1
100000
40208
80758
89402
80494
82424
39810
1
100000
54572
16576
27166
62638
64189
44342
1
100000
55210
11424
72372
49801
1340
82471
1
100000
4386
84188
84106
99159
13047
59655
1
100000
89019
94157
79479
10289
32360
73527
1
100000
74420
12009
48944
47557
50180
89682
1
100000
4610
93170
84811
75009
96456
49067
1
100000
32585
46350
62012
57333
37962
65080
1
100000
49587
56621
70769
63228
35932
49679
1
100000
82026
20244
72613
12062
65067
8006
1
100000
45512
69088
83190
65135
26955
25583
1
100000
69311
62551
48511
54736
82457
23936
1
100000
46535
70586
84292
91844
37907
58506
1
100000
68700
51389
17263
37642
95701
21539
1
100000
31305
39792
89953
53065
71763
55833
1
100000
79241
82920
65198
2075
59943
81362
1
100000
35613
30118
12483
78196
56278
92050
1
100000
11604
32679
38933
65829
61352
11701
1
100000
66962
43669
30929
68792
73652
38039
1
100000
9074
55695
66519
66227
1330
51244
1
100000
71514
27587
66476
48652
87497
83547
1
100000
82924
5531
40469
94253
53629
19545
1
100000
58849
48377
88341
87976
36686
33132
1
100000
59291
23327
91979
3515
82632
43210
1
100000
31074
67773
37116
72144
92765
93778
1
100000
82319
687
76424
27858
52940
17030
1
100000
15678
77851
20360
96030
76243
63249
1
100000
61554
94775
36709
2015
45561
14301
1
100000
28356
99696
84710
17792
23406
39280
1
100000
77869
15702
81831
82750
95434
76244
1
100000
55367
83716
1829
90288
49313
57332
1
100000
95538
22209
98003
2182
28065
2845
1
100000
2163
73775
87917
6091
73959
39127
1
100000
79544
73572
10626
68979
31727
53014
1
100000
51679
58521
83403
39644
99073
9870
1
100000
69401
81365
61107
50448
36487
80190
1
100000
11640
76770
4600
90401
10638
92261
1
100000
99815
82652
37502
1566
85557
89145
1
100000
92871
35931
74103
7752
22933
38354
1
100000
84128
94373
84093
9971
27316
38798
1
100000
26738
61409
66016
37460
93938
80491
1
100000
53019
68043
58261
16819
28097
97242
1
100000
73865
58408
28350
48777
12360
22994
1
100000
66143
41749
46572
36007
50235
10456
1
100000
12766
62364
98550
24099
47139
94822
1
100000
72860
88196
71465
4317
57404
76049
1
100000
51313
11757
32698
94464
14898
55504
1
100000
16469
96851
14518
7327
73562
79257
1
100000
5890
90148
54870
52582
20727
13804
1
100000
5923
61703
81310
15648
89401
89979
1
100000
13707
73610
50246
13001
63661
72777
1
100000
803
65375
88874
90089
72673
83378
1
100000
30491
7433
74192
64235
77008
61003
1
100000
27744
57189
28011
70736
19956
64599
1
100000
21679
86955
48839
25500
63204
17133
1
100000
84641
91044
73136
14122
6502
9174
1
100000
58414
8313
75135
90234
1704
60309
1
100000
7070
20001
77035
50674
84019
19680
1
100000
73367
14455
64912
75475
3756
20273
1
100000
47457
28011
92470
70760
36042
45149
1
100000
87229
96991
34808
56476
39763
48690
1
100000
1767
80723
34873
3653
84715
42535
1
100000
843
46071
50316
63148
87407
73261
1
100000
64365
34522
57612
63935
33814
21308
1
100000
59780
80061
53347
35272
74611
68432
1
100000
62435
82912
71578
84152
17601
56551
1
100000
82261
70251
99402
23983
87949
5762
1
100000
83292
42741
86756
31625
89772
22030
1
100000
95145
92011
214
77820
17929
14027
1
100000
65642
83342
57957
23044
37333
83756
1
100000
70034
6589
85008
16473
97384
32979
1
100000
21549
30597
86075
22425
7100
37802
1
100000
65339
73985
43837
19791
78385
4792
1
100000
45679
36474
97686
64405
33185
35562
1
100000
93818
947
47519
98367
46085
43969
1
100000
38360
73424
11176
26841
66896
63362
1
100000
1102
87119
82850
17611
43705
83012
1
100000
79775
75280
11481
50037
27176
5907
1
100000
80731
2394
31625
44926
57298
19577
1
100000
19597
92935
8844
77718
91779
32562
1
100000
68257
63096
21769
31665
56742
33956
1
100000
83445
13287
75089
75230
85167
41760
1
100000
25995
59771
55131
70728
76049
25161
1
100000
56007
38649
22281
87346
35819
93469
1
100000
49166
93305
65393
14759
65224
28052
1
100000
64415
51864
62065
18071
8528
28456
1
100000
42177
91538
89775
96724
50815
22069
1
100000
96308
52898
76105
55254
64746
5858
1
100000
56413
11262
93117
80514
36824
77929
1
100000
53696
74044
15292
14658
89195
70613
1
100000
6773
85135
20115
93380
79910
39335
1
100000
20165
57548
83739
1768
45600
14057
1
100000
83841
25524
82603
28423
1986
64913
1
100000
28977
91645
70460
60273
59841
12508
1
100000
23900
13795
55050
18022
37101
79024
1
100000
48258
7456
3033
5852
54519
3989
1
100000
25881
840
78394
35656
71822
45199
1
100000
6014
33924
16537
44318
49516
57103
1
100000
81265
65672
65749
38792
63193
21024
1
100000
63853
99213
16269
55411
48744
90788
1
100000
57417
8164
63635
196
53450
25142
1
100000
94007
99316
18270
43422
87932
28685
1
100000
86368
87681
22084
10989
55600
36961
1
100000
88896
98340
97824
90969
50101
89020
1
100000
4957
95943
86461
82079
26504
48596
1
100000
27047
16213
33110
33249
57551
89504
1
100000
94828
9684
94922
26698
22759
94365
1
100000
81892
55771
74573
95236
8144
13288
1
100000
15941
58452
71172
82798
26085
26961
1
100000
7321
69527
24275
86958
13920
44581
1
100000
58058
76929
49956
54508
88612
74402
1
100000
57195
41409
10686
23997
5049
19501
1
100000
85726
77149
53564
52117
77834
17225
1
100000
64393
37881
34948
92921
55788
55443
1
100000
64421
98140
16808
39310
2613
16329
1
100000
96244
24483
78985
12927
89293
37662
1
100000
38696
45242
3586
44832
84303
14983
1
100000
70769
75596
28345
43829
87088
11445
1
100000
79867
46104
44657
34006
4262
43646
1
100000
85227
74474
68507
73537
71796
81519
1
100000
25790
27097
74504
54150
336
4529
1
100000
3392
84198
34966
26211
63245
24609
1
100000
61128
24138
41892
48644
16814
97637
1
100000
92219
49722
79915
12873
71416
40324
1
100000
70102
61403
38166
59861
79399
86599
1
100000
62694
81254
31485
6152
99190
6092
1
100000
33421
93831
13556
61484
23464
56259
1
100000
88027
92039
56780
25274
67587
41814
1
100000
12315
7301
39334
64684
13773
94525
1
100000
6128
25365
29260
86749
40659
55866
1
100000
53200
25466
38724
86075
49211
11687
1
100000
99304
94638
99763
72734
50665
30333
1
100000
68722
64059
30311
4708
88010
9455
1
100000
85666
41406
75051
38765
69863
38841
1
100000
68271
61231
30337
94736
26539
39350
1
100000
44810
2738
82389
98592
80274
95795
1
100000
7614
97403
22786
99372
57182
18435
1
100000
32008
52922
33585
85661
88938
40748
1
100000
29029
6325
65471
34711
62576
5248
1
100000
84085
19332
37441
33064
44281
8342
1
100000
12278
84693
8937
54846
78725
27931
1
100000
33930
34629
1975
17589
62731
90995
1
100000
95960
23272
55301
34895
6919
6496
1
100000
39875
74808
98887
38662
27419
29484
1
100000
40175
29949
88025
66256
19409
80734
1
100000
16775
90769
86
49695
91678
93187
1
100000
27958
12308
27172
57197
6437
79086
1
100000
47508
60865
55983
37257
8963
77502
1
100000
17700
76109
56338
47056
84906
19725
1
100000
23822
71925
70648
81211
53146
25767
1
100000
74292
52032
96033
69544
28706
30359
1
100000
70357
87269
68008
68314
62616
29927
1
100000
50970
95228
74690
78933
9258
14129
1
100000
8554
88024
45336
75893
67278
28330
1
100000
46180
79142
2681
99157
23078
10074
1
100000
90412
66310
35382
44431
59131
56785
1
100000
65215
38439
85731
20605
93364
35783
1
100000
17591
10351
31735
43382
25662
28741
1
100000
36581
327
93591
74667
78609
73350
1
100000
90064
11612
95303
80242
90120
61299
1
100000
65899
23074
57846
42545
29349
80750
1
100000
82734
75828
30608
45672
96146
23722
1
100000
71733
87688
4151
3625
54347
931
1
100000
78092
7007
70491
95294
70004
31396
1
100000
23851
99894
77380
25458
86964
95249
1
100000
72309
62808
79968
49838
88737
89080
1
100000
8101
7611
67768
28041
18557
34190
1
100000
409
22884
75303
81258
14344
70551
1
100000
36082
44835
377
44854
96241
49730
1
100000
1645
4149
44570
87808
67081
11615
1
100000
87623
24121
58265
45697
98682
77032
1
100000
52574
42358
13509
66133
80060
53626
1
100000
88292
60513
66013
47034
63096
70643
1
100000
65849
46832
79547
81293
62901
2256
1
100000
10650
8752
90997
87290
42236
49880
1
100000
56441
67399
73737
91891
49861
82744
1
100000
47164
88296
28868
32867
31474
62867
1
100000
17736
85282
47546
9651
41497
66276
1
100000
28085
8388
98816
65744
99267
82016
1
100000
96266
12317
91505
47639
49584
94399
1
100000
40591
13126
15222
55412
79352
22808
1
100000
90520
32652
34427
29938
99509
7564
1
100000
39461
9635
42112
29321
17807
26615
1
100000
42347
70491
78356
52965
66186
98525
1
100000
80086
98679
48888
67687
68140
47936
1
100000
76489
6715
97237
62475
49342
33254
1
100000
90140
3230
48232
37062
7282
19055
1
100000
22629
41161
50752
61068
92961
28674
1
100000
9479
71059
9382
69027
90882
85058
1
100000
8991
10222
30949
97660
9662
89563
1
100000
19839
55502
57288
88021
37961
54084
1
100000
21585
43914
40095
75925
71797
42598
1
100000
37728
57152
56353
21687
23810
79452
1
100000
36145
25812
90060
60674
29920
87204
1
100000
74286
63472
71990
70535
77854
50286
1
100000
31017
75775
13447
4125
81220
58112
1
100000
79438
79604
3338
58028
8734
79796
1
100000
29698
20420
99200
50304
52252
23318
1
100000
26099
26722
82612
6926
53357
22492
1
100000
6900
93494
18410
18831
15194
2683
1
100000
56113
35219
79398
88299
10847
58231
1
100000
31674
70868
64812
42273
59986
63164
1
100000
30588
72048
33285
8173
68039
19111
1
100000
49308
74301
46524
5524
36465
28186
1
100000
40453
69759
16771
40241
52007
93846
1
100000
11866
70667
34780
20356
56935
42341
1
100000
97416
82697
38237
46069
86287
1678
1
100000
21854
27664
60174
27394
77527
62785
1
100000
81798
96504
48768
55572
51092
30713
1
100000
64604
58213
41980
47864
70025
97542
1
100000
61074
98437
39981
13346
4884
71137
1
100000
27932
64141
96068
88148
66951
88373
1
100000
55591
17454
21810
44219
95691
1455
1
100000
91068
37687
98301
39653
37353
19251
1
100000
36182
71337
46987
33501
7743
68679
1
100000
47887
11464
39850
9343
31018
87054
1
100000
42904
12376
97323
85891
48407
24290
1
100000
71872
70834
23277
10272
9031
36450
1
100000
24241
49465
3534
94867
57362
42549
1
100000
66185
57848
83723
75769
87042
60275
1
100000
65533
62354
73462
28451
92536
39777
1
100000
19782
9766
15712
47719
10375
85752
1
100000
28562
60829
625
34930
65768
35011
1
100000
91615
79462
93858
13532
22479
13541
1
100000
78888
2825
1110
24526
53969
63090
1
100000
68481
37406
93631
52836
39765
51735
1
100000
72408
18806
57417
19525
95820
47040
1
100000
39740
10643
41134
960
71617
42373
1
100000
3458
16706
78983
62825
5509
46601
1
100000
48837
52912
43478
14307
85196
74872
1
100000
84236
64841
52888
11946
8869
95526
1
100000
49576
25394
36569
57568
95923
1967
1
100000
31898
52883
93212
53550
72258
55049
1
100000
13275
82629
60102
40934
8743
61350
1
100000
89537
98809
87948
66121
68267
86147
1
100000
50553
83337
76981
35059
41613
75941
1
100000
2780
81991
80370
99261
64669
15149
1
100000
78386
91749
60159
93333
54405
49810
1
100000
61201
5680
12308
54879
25865
44060
1
100000
84100
19767
80529
58974
1873
81689
1
100000
78446
59168
91866
92951
3835
8503
1
100000
89396
52254
42283
927
12290
3830
1
100000
69402
56241
6301
23594
74634
82191
1
100000
56631
36940
39815
55045
2152
98648
1
100000
50280
2788
93453
12604
40480
61828
1
100000
1663
48492
20863
19728
71988
91573
1
100000
3071
43460
6144
29318
27104
91719
1
100000
39859
29592
39515
24566
66201
74920
1
100000
20372
18904
93082
86076
62216
87578
1
100000
89301
34357
58315
42277
59366
18112
1
100000
24321
81709
55940
77394
53855
999
1
100000
46505
63903
83346
7097
56425
50812
1
100000
57128
68628
9054
7567
63956
62064
1
100000
8271
58170
71854
90260
52808
53101
1
100000
71086
25884
65686
7375
88934
4334
1
100000
34426
90611
10752
35777
48446
46352
1
100000
43525
41913
3801
72869
35272
51847
1
100000
19231
90399
95033
91893
49733
16011
1
100000
1525
1564
25474
55425
279
51390
1
100000
9734
47574
19244
5613
94310
44321
1
100000
60823
75133
5865
94953
24724
20746
1
100000
73232
77911
38149
52801
2759
79013
1
100000
15735
49142
63054
23660
5179
45384
1
100000
66101
2204
94297
46460
61625
27410
1
100000
80740
3592
52810
8208
85250
11278
1
100000
2534
70543
74686
15145
34355
49309
1
100000
64257
50453
94075
78815
44420
28176
1
100000
45571
29702
35553
50438
72363
1643
1
100000
69143
39754
29374
79429
13211
69235
1
100000
46123
99092
33436
43750
84945
25492
1
100000
24519
21385
93985
3113
75653
69693
1
100000
40146
49050
61493
43455
46821
13983
1
100000
25873
45234
827
96312
17202
93206
1
100000
18600
51443
49670
83651
45268
74402
1
100000
31816
90588
60476
6191
73732
64599
1
100000
44341
35888
81358
10624
35255
78780
1
100000
21464
20817
4577
90661
6859
93248
1
100000
23963
62355
6250
16104
55974
47811
1
100000
74549
67299
63467
45259
47577
91091
1
100000
66737
91040
78102
62302
39026
41872
1
100000
23164
75941
53708
20688
15639
20106
1
100000
56378
93043
74738
1120
38033
41331
1
100000
35473
42861
32572
46691
16209
80560
1
100000
95225
60972
43459
58556
11131
40309
1
100000
44155
97521
68380
42217
53233
67732
1
100000
72293
52001
44915
19970
75979
41054
1
100000
65655
16765
11675
40317
95631
49881
1
100000
47873
38899
59382
14877
13397
35251
1
100000
37627
60168
90067
30681
20985
59954
1
100000
48053
4908
63889
72044
91655
32151
1
100000
44731
1933
75290
4950
48903
78458
1
100000
57583
28405
79167
48015
61914
93954
1
100000
57877
37017
9764
27364
9121
6073
1
100000
25681
89251
3531
46054
37417
75982
1
100000
31929
74659
89103
94747
93119
14420
1
100000
3904
51115
17561
87076
77417
58182
1
100000
61955
29638
58290
57798
25196
67286
1
100000
71118
68880
24338
86242
41427
99187
1
100000
60263
88370
94994
728
67956
8596
1
100000
82739
49559
34063
49079
72180
47479
1
100000
70660
24998
30195
66533
5024
61994
1
100000
97308
92141
73793
58226
43242
82344
1
100000
1215
25306
19969
40766
395
11948
1
100000
17234
77967
83789
30055
72376
65489
1
100000
49788
26344
93762
58462
65243
82685
1
100000
89046
1212
4210
95557
46599
10413
1
100000
54565
42848
26138
26305
39100
32771
1
100000
85854
91553
99830
60171
51357
56801
1
100000
91914
42772
56977
37139
64023
58202
1
100000
83406
43660
60957
90499
6839
39905
1
100000
97389
21253
86901
82851
84235
56960
1
100000
74427
33032
91901
44917
69912
49348
1
100000
98914
69472
86026
16923
1001
2301
1
100000
63041
53269
80455
83155
42058
37153
1
100000
95006
80035
47897
18104
83713
26379
1
100000
34548
70722
37285
52678
99383
16630
1
100000
54718
43671
74731
85271
38815
87607
1
100000
29713
50707
26741
89964
52085
38922
1
100000
61089
12156
13959
59818
63014
93545
1
100000
96543
88191
42131
38549
44253
96896
1
100000
83403
55975
63340
9653
95184
87776
1
100000
9283
65792
46702
76175
86945
4809
1
100000
19592
67343
24331
73044
81702
36784
1
100000
83794
49445
20453
67485
86410
66915
1
100000
46929
60683
33645
93352
21815
9851
1
100000
89854
88051
43657
50690
7163
6453
1
100000
40391
36951
98094
50636
8538
28077
1
100000
32956
12813
99456
95444
75169
88618
1
100000
72335
84807
56989
13364
12669
57663
1
100000
51255
67996
61116
98726
69081
60896
1
100000
50723
41988
85557
19477
77997
1117
1
100000
40175
11592
75485
11481
76134
62523
1
100000
38453
26145
84320
8523
61143
97659
1
100000
42164
3217
17347
62720
79167
6264
1
100000
51799
48230
96631
98626
20048
28705
1
100000
64543
57862
7411
42965
57264
2856
1
100000
88163
64754
12066
86053
50760
88338
1
100000
79
33776
74098
67657
83336
34839
1
100000
22743
89899
72537
3128
10524
95019
1
100000
96511
7949
71882
48729
59387
52949
1
100000
87304
94382
37630
65958
73183
34420
1
100000
21795
43867
884
6054
81086
38880
1
100000
63981
802
31240
55608
16652
82210
1
100000
35869
88835
59027
23851
65015
20232
1
100000
48694
42142
86003
257
63694
67591
1
100000
64556
49691
16751
44127
6631
62834
1
100000
4337
99297
50673
44174
88348
58886
1
100000
55221
63248
18168
86384
14458
10160
1
100000
40236
42988
91286
44535
7042
37975
1
100000
55382
6981
35129
31050
42548
7374
1
100000
73608
71857
47598
16469
18300
62855
1
100000
4655
75049
90984
70497
30504
11510
1
100000
43808
11239
85361
80513
99291
98098
1
100000
29058
62562
1731
5152
58242
80627
1
100000
51678
29094
51112
80963
33400
30152
1
100000
2292
69369
39568
51357
8945
29722
1
100000
89106
83016
89401
22900
29678
27749
1
100000
54734
41023
33048
12539
43359
17957
1
100000
75653
60158
3917
28477
99893
49741
1
100000
52450
54783
63180
71533
90153
95057
1
100000
99540
69189
84728
40561
33389
51263
1
100000
64272
32700
62701
58981
21980
72942
1
100000
54655
12135
9633
20402
66660
31267
1
100000
4023
22054
62197
51826
4960
7892
1
100000
1127
47742
19636
1856
40391
19040
1
100000
7192
49005
77803
55302
23520
24401
1
100000
21875
13974
51271
17738
85415
3775
1
100000
59940
80562
32937
49427
8161
30749
1
100000
79214
33606
72666
47796
17421
40180
1
100000
56400
68218
32432
73487
66552
76434
1
100000
95490
17282
29506
97357
66105
20115
1
100000
91186
47604
38786
23678
12810
45685
1
100000
24373
15460
64749
32650
50433
26861
1
100000
73712
15656
4134
45501
61180
38270
1
100000
70215
98734
93743
16452
61113
41637
1
100000
15728
79350
95199
681
57174
13145
1
100000
84506
69705
62254
15763
42609
70810
1
100000
71525
26923
31258
78550
10707
31675
1
100000
42498
1096
15062
76019
28290
63476
1
100000
93992
715
3780
62699
13709
6083
1
100000
38187
93949
79403
43562
28406
89245
1
100000
15500
1990
38392
79217
38308
10322
1
100000
1109
96819
90678
17878
2246
87123
1
100000
69854
29753
8498
86298
74013
14023
1
100000
72113
58930
15675
38030
37591
21114
1
100000
40631
16386
7207
53136
71889
63700
1
100000
58871
61201
95310
23319
76621
97476
1
100000
5733
47241
539
86240
7089
29958
1
100000
10662
66602
36948
91881
9385
40927
1
100000
30481
94464
87430
78672
15284
94575
1
100000
71760
34261
58126
77171
7320
10411
1
100000
420
15945
86199
1462
14962
35202
1
100000
38685
60309
6739
25227
68632
92299
1
100000
58338
81849
61537
87130
4182
34521
1
100000
46654
40997
10779
96127
1508
26271
1
100000
95935
98764
11604
40431
5650
59299
1
100000
92625
47273
81035
15459
51745
99731
1
100000
81502
36038
37691
89127
76460
67403
1
100000
41784
66668
63378
29763
22722
53403
1
100000
43165
21147
9075
31808
44304
96476
1
100000
41039
2715
27007
9610
23665
31817
1
100000
19950
52431
41891
77920
35073
11833
1
100000
76904
64655
78679
23035
29890
69415
1
100000
64844
35300
17283
53887
45096
60211
1
100000
25452
30626
59656
11434
889
50663
1
100000
48250
85709
74800
78411
13055
85503
1
100000
22476
50580
44917
35683
67797
55860
1
100000
71100
77102
84527
48378
89218
85941
1
100000
14272
13703
13444
56802
31373
43003
1
100000
63223
31762
85023
20850
90815
43263
1
100000
63075
72146
93009
94181
76785
52070
1
100000
6210
49217
55788
76609
70140
14418
1
100000
65328
30979
84327
71928
33100
12432
1
100000
42050
42502
66384
18583
93834
64090
1
100000
5577
89365
51446
61930
96331
63732
1
100000
70353
50277
57763
48430
86933
39712
1
100000
71480
17179
22252
88879
54868
48489
1
100000
9940
87396
62498
70068
26451
34616
1
100000
32074
46784
43304
49411
62647
13569
1
100000
58170
19758
14684
54037
10413
98138
1
100000
52823
87807
63026
27073
59791
30022
1
100000
96582
41956
29861
63457
64602
42009
1
100000
64784
40858
5795
9545
14492
98482
1
100000
31247
81677
55461
78823
31460
4483
1
100000
66130
27290
57810
61236
30461
42225
1
100000
39646
87822
87266
5349
94887
35228
1
100000
46502
24341
4892
7960
38101
8688
1
100000
93307
22947
70847
28943
28760
38203
1
100000
71397
83944
35650
41029
9560
56365
1
100000
955
49436
32738
91372
76007
70605
1
100000
60293
52189
16771
63427
12146
20702
1
100000
98205
89023
79299
27622
72723
99898
1
100000
76603
45
18950
22541
10621
59786
1
100000
44675
74023
99216
14375
54145
15791
1
100000
93881
97588
18508
74001
15706
42063
1
100000
81643
43999
79925
52735
41351
71927
1
100000
83393
8676
72852
33216
84306
432
1
100000
17960
40484
86890
22135
85450
27098
1
100000
67030
11
85569
19468
12131
17880
1
100000
72302
81390
60327
37198
58271
88762
1
100000
38556
75457
2417
6242
30822
86309
1
100000
24176
78369
72146
74896
89747
34906
1
100000
6841
92838
79982
83434
59390
14306
1
100000
23517
38455
53424
72494
10296
16541
1
100000
32642
47351
98399
76330
21232
49019
1
100000
98524
2277
2084
53014
62294
40682
1
100000
41404
4678
37950
73105
23404
74033
1
100000
38658
62884
9840
41011
96035
89296
1
100000
70365
77261
62919
7091
23685
66637
1
100000
45342
39141
64202
34619
23724
22729
1
100000
57507
72095
64344
21703
16706
25227
1
100000
45054
77149
69334
4775
34960
91663
1
100000
61965
42144
14076
81636
17496
40276
1
100000
19734
10423
29881
32041
57845
53123
1
100000
7310
96854
16046
89662
60783
20827
1
100000
28316
26409
56618
46415
89638
82059
1
100000
25413
109
46414
24033
37373
31638
1
100000
33773
49483
31905
31688
20450
59463
1
100000
10816
465
81405
80150
22136
45560
1
100000
799
39395
98530
19549
6507
68767
1
100000
98350
62498
66140
42942
44562
83380
1
100000
53668
50141
77759
50464
32519
87883
1
100000
23510
1322
89851
70570
39134
61834
1
100000
11510
22091
90626
39394
36677
48859
1
100000
74607
38179
71196
41512
30180
47322
1
100000
18556
74928
62278
23679
52307
82630
1
100000
62640
23607
19493
41776
80800
43010
1
100000
76652
81597
87126
11949
9845
19261
1
100000
88629
7233
54076
52546
68268
49951
1
100000
78951
29329
47571
81100
2620
99161
1
100000
67975
50950
35634
97362
33205
97019
1
100000
12560
43367
52295
17535
46038
63916
1
100000
29092
52945
15856
87830
10709
44856
1
100000
60142
90071
46940
53429
38553
77018
1
100000
6225
19518
19879
64007
53969
83788
1
100000
51800
79172
22449
26452
11232
50737
1
100000
41228
65806
50090
77098
45184
17017
1
100000
9741
5196
71810
92210
43830
10940
1
100000
31846
19000
44688
35052
17033
14809
1
100000
10683
32455
72181
7593
30782
40499
1
100000
33092
32162
95391
50302
60310
74457
1
100000
32000
40222
78504
74316
92254
84640
1
100000
23650
84462
75614
56889
5292
67983
1
100000
34118
2499
99813
35773
7918
53198
1
100000
61930
84572
95941
79469
25383
71190
1
100000
54110
74170
11652
71674
78525
67608
1
100000
4960
83859
94605
11436
30463
73366
1
100000
26500
5000
51108
84318
2151
30494
1
100000
36020
150
65289
86547
25859
23202
1
100000
22501
27646
72189
83548
54977
6249
1
100000
22277
86849
56421
87175
207
37561
1
100000
63382
95085
61915
29919
38207
72284
1
100000
80670
43799
20268
59452
35554
32723
1
100000
74332
28168
65804
90461
47846
20260
1
100000
52624
97548
87025
91912
39244
89574
1
100000
33444
99894
82648
49109
94935
11376
1
100000
16043
988
61038
32690
14726
51733
1
100000
2870
25754
72925
55388
36390
97010
1
100000
73738
77709
69656
71061
32731
82135
1
100000
83827
51531
36665
15799
93406
15437
1
100000
35264
15368
11361
46728
32518
82417
1
100000
46974
60417
20175
12262
78963
77637
1
100000
10677
33112
13551
84015
12649
70742
1
100000
6906
4414
80073
47780
94660
78515
1
100000
72334
66041
7366
84224
59616
73283
1
100000
4375
1819
47613
76073
13619
80783
1
100000
52393
64367
38699
57558
19059
34747
1
100000
82418
71134
66678
31398
212
1619
1
100000
72592
20155
37470
54549
80427
29257
1
100000
93849
99432
76077
24162
44509
38076
1
100000
88372
77324
95454
98306
94523
26293
1
100000
28929
47075
1935
21554
25676
1532
1
100000
12231
21313
55835
65266
29456
59368
1
100000
90965
85831
13126
80253
29131
96311
1
100000
85362
75065
20280
85865
72655
37632
1
100000
2274
48679
29486
71325
32490
29450
1
100000
91497
66710
22554
38351
49498
70948
1
100000
52567
16552
29083
98409
24750
81816
1
100000
15042
36328
5087
70500
27264
21604
1
100000
36532
45363
93570
65055
43043
30947
1
100000
24052
57106
62713
1366
21949
74850
1
100000
58300
82738
71551
46499
50856
96969
1
100000
37548
70484
414
58845
52015
76241
1
100000
70242
26293
21775
78134
95022
96592
1
100000
72424
4692
53788
42769
229
2113
1
100000
93629
70189
36137
74743
58543
21756
1
100000
26360
50827
29453
75357
34315
13
1
100000
85663
41
79623
85546
78024
31263
1
100000
5853
8543
13741
55341
25005
69457
1
100000
31926
78704
3264
53138
81566
25118
1
100000
92289
19891
3902
12400
61749
3064
1
100000
82708
36392
5983
7803
21371
54290
1
100000
51192
87077
47955
319
79315
65266
1
100000
52615
30367
73859
26722
80124
9116
1
100000
92287
69509
54778
80048
53705
78625
1
100000
15365
66098
15908
21423
48993
12129
1
100000
75164
82474
57049
65548
55194
4915
1
100000
85943
21263
73130
33683
11165
36923
1
100000
60523
76026
61874
21436
43767
51202
1
100000
82111
4692
3646
57801
51936
91634
1
100000
64511
2127
97275
97057
9672
88455
1
100000
83288
82617
84745
84340
35344
1933
1
100000
38293
61756
23215
79122
46556
35232
1
100000
52702
38325
62825
93221
5429
58826
1
100000
87426
20051
44283
42087
12058
83883
1
100000
52750
11359
41783
23772
84691
61854
1
100000
27381
80485
85216
8571
26958
37171
1
100000
86566
50044
96439
65862
95228
63949
1
100000
4786
205
71404
40018
48292
18149
1
100000
96249
15583
27385
11056
62902
65352
1
100000
54742
13127
23286
73745
31137
12462
1
100000
51856
68947
52009
95578
97945
90938
1
100000
67696
27521
18954
90097
88267
26569
1
100000
55321
81602
57076
31006
11978
1703
1
100000
39837
70528
72277
10351
92079
62810
1
100000
95107
92410
49450
8032
11307
69321
1
100000
10869
6562
58579
68240
90509
16825
1
100000
96691
38528
61112
84573
39609
91843
1
100000
29157
32014
88295
52439
50949
16341
1
100000
8468
82313
46600
68381
30971
8615
1
100000
13765
26274
26781
47106
24687
1330
1
100000
53322
3218
67620
13399
43558
66437
1
100000
92582
79463
98256
1592
47355
41510
1
100000
35895
13504
72751
72432
76631
72090
1
100000
67432
41493
55472
50991
73030
58841
1
100000
29115
85998
49284
47044
51438
82496
1
100000
17433
69591
82999
53455
30991
42169
1
100000
209
65512
99506
38037
44420
63281
1
100000
96244
80937
111
33851
32241
19580
1
100000
9222
46519
90702
57344
56847
41497
1
100000
32749
76922
21030
97486
66990
79584
1
100000
1304
69287
31744
76059
96844
16901
1
100000
180
66836
48758
50984
55225
87249
1
100000
53349
94735
17174
66654
55393
22841
1
100000
95580
89013
11541
38932
97108
9308
1
100000
12173
75364
14078
69932
25316
82895
1
100000
57575
53367
92636
56911
35951
76255
1
100000
57777
47268
69974
38982
29696
75487
1
100000
48950
45265
45245
99242
24935
12352
1
100000
73448
25160
74758
7798
79371
37849
1
100000
22178
13593
57394
65657
18777
71290
1
100000
53755
79021
37294
36179
44102
53772
1
100000
9785
52335
95951
49899
51449
62673
1
100000
34294
33863
29073
14328
93066
2842
1
100000
18338
10877
74293
77727
93229
42061
1
100000
55444
69995
83523
62485
45428
23353
1
100000
2324
21148
18085
29859
20545
8187
1
100000
25576
36283
65655
54950
47959
3269
1
100000
33406
16428
50689
66591
36359
72542
1
100000
30753
49095
79803
35583
60944
69286
1
100000
21051
38653
20390
14308
92872
82507
1
100000
2157
40800
84966
85631
40169
58844
1
100000
31333
50189
5482
41870
93534
18806
1
100000
2194
72367
90830
65653
1802
32406
1
100000
46689
76703
52765
1096
71907
86856
1
100000
36571
50985
38256
3900
5885
96391
1
100000
98812
24821
55096
64509
92903
11524
1
100000
59982
97513
94347
54384
23047
31847
1
100000
25867
25251
53428
21722
15091
61757
1
100000
29588
76997
98961
98740
41263
39084
1
100000
93229
46569
87369
73727
54598
45939
1
100000
19049
22283
55782
96098
27917
46097
1
100000
82289
49168
24515
3262
92127
71733
1
100000
44574
54146
17145
4609
23754
67306
1
100000
13029
56115
92835
75190
52041
65177
1
100000
5155
22371
7240
66051
64825
61465
1
100000
85598
65903
66747
38426
34530
38086
1
100000
6389
89087
77166
10760
77402
87005
1
100000
32688
12513
95439
26516
70761
84120
1
100000
39212
53898
90231
84984
86417
56847
1
100000
43512
91894
79205
71735
10580
96681
1
100000
14799
88701
64225
42578
42904
68703
1
100000
4414
98802
96627
8742
8313
66294
1
100000
53945
97341
91374
61787
49042
18207
1
100000
28058
72104
25109
13593
63719
13003
1
100000
66316
96501
66573
13823
38687
71854
1
100000
31003
83767
6310
9150
69004
68712
1
100000
23672
94904
4671
97565
59658
77629
1
100000
47472
9049
37657
59838
95024
15926
1
100000
2476
37482
41621
90627
39225
31599
1
100000
76751
2443
62066
9183
13467
63128
1
100000
37612
97217
27180
81249
46056
65807
1
100000
66978
46851
584
24375
29875
54299
1
100000
75532
98389
14072
96426
60162
60615
1
100000
45632
95205
68239
77180
39942
97873
1
100000
97954
99176
19893
66834
85100
55264
1
100000
17958
9731
10901
5414
86783
58016
1
100000
53405
24962
62072
44960
25628
11687
1
100000
73825
38700
15644
38387
88096
91422
1
100000
43769
92459
303
11414
24156
59373
1
100000
70406
18485
83404
40262
33379
75006
1
100000
87721
8084
99519
70254
43056
17960
1
100000
27477
32041
32317
23482
87558
87800
1
100000
70047
22864
3114
43437
49418
8645
1
100000
54731
54044
89673
61108
9039
18753
1
100000
81152
73257
67307
31705
91800
40855
1
100000
44082
74125
662
34862
49348
13327
1
100000
13185
8637
47458
27466
90875
83239
1
100000
68075
47020
20112
30373
70426
98295
1
100000
67699
30628
82742
17905
56502
1894
1
100000
47992
40116
59473
56673
82176
32837
1
100000
14998
40456
56704
63635
48692
55410
1
100000
68490
31653
9849
25405
22275
1456
1
100000
95813
88596
67710
32492
22492
46364
1
100000
97877
79127
72598
17500
8822
28357
1
100000
9651
60181
85208
87433
14098
86700
1
100000
68932
45940
15082
53285
67848
24875
1
100000
25539
73645
5430
92255
52568
2030
1
100000
2761
56053
25683
43580
60311
86425
1
100000
74178
40805
98953
48078
9700
76096
1
100000
39010
53817
81695
54373
49896
50841
1
100000
86596
1769
17670
2832
87804
39190
1
100000
78215
25641
76650
54198
3438
43304
1
100000
22672
17766
15891
99462
79233
93188
1
100000
42654
74083
90478
12800
49378
90227
1
100000
83323
22994
89130
48854
12669
48016
1
100000
17801
23395
77064
72598
19603
75826
1
100000
87561
40177
49209
91834
9591
2737
1
100000
59174
88585
568
47173
60993
56947
1
100000
20496
73501
48756
9213
22147
62170
1
100000
92497
48509
60132
85102
3396
16609
1
100000
40539
50296
36335
99726
82949
65446
1
100000
35020
16579
43487
41736
11791
33319
1
100000
35077
65267
93827
1893
95431
14862
1
100000
4609
38037
55124
33405
50835
10018
1
100000
11546
38159
97526
28831
86197
41692
1
100000
39559
34537
47467
70160
45875
36691
1
100000
64151
3574
27115
46117
15623
48266
1
100000
9126
55842
12221
52126
27685
8736
1
100000
87660
51829
57981
23194
16507
36272
1
100000
69548
58530
23935
51004
48265
17550
1
100000
27140
21018
15085
43028
37467
56851
1
100000
55054
38057
52766
43887
66860
30028
1
100000
13207
7859
94817
9181
95435
31543
1
100000
21463
88892
38786
67551
66043
57418
1
100000
422
27904
74492
13292
72933
44889
1
100000
27164
87051
40433
99963
29141
23955
1
100000
47759
51176
5647
40754
95612
4257
1
100000
56515
42650
54979
36708
75717
88269
1
100000
21039
53502
14218
48283
22436
16482
1
100000
28841
55247
77133
6363
26469
94191
1
100000
96824
59754
98205
99920
77482
8524
1
100000
27308
8887
63611
70357
63174
22077
1
100000
34523
44569
18985
27317
57768
95610
1
100000
74448
96009
22181
5530
19230
95425
1
100000
36967
53161
63342
6255
49660
14229
1
100000
84061
57454
3645
53485
22288
57551
1
100000
96047
94457
97287
47173
15378
81131
1
100000
78767
54945
8778
62886
78184
1
1
100000
88932
43603
62690
34783
18496
19894
1
100000
79680
56969
55213
65098
42725
8001
1
100000
71815
29116
69210
84770
66462
11163
1
100000
56048
58012
96982
75048
3522
48554
1
100000
76860
40175
456
35998
32833
92617
1
100000
12915
9543
4676
47713
52110
45838
1
100000
33191
17617
64471
88002
42756
26682
1
100000
31423
26324
45675
52550
73391
43485
1
100000
95986
54020
16829
63460
75681
87259
1
100000
65409
6271
45373
55353
12396
6385
1
100000
46726
13754
41436
55046
27635
98745
1
100000
46153
93927
56261
6974
99530
51235
1
100000
34962
18123
97527
52152
75344
31633
1
100000
75056
73548
16931
94850
67380
3342
1
100000
23584
13892
80948
53825
20792
82907
1
100000
64075
91522
48757
69214
17444
56855
1
100000
49648
11249
17237
20188
34145
65597
1
100000
86804
6224
97041
39390
33820
38162
1
100000
36598
41858
1798
83035
69847
46843
1
100000
6901
61695
92008
80472
32747
32543
1
100000
64005
48461
47727
53056
89214
48475
1
100000
9673
99702
69176
33314
22382
3682
1
100000
57091
82772
27384
39580
91098
91129
1
100000
39225
85408
53893
86717
46268
40286
1
100000
8797
74990
37209
8220
43613
90363
1
100000
30150
12264
59024
81467
13523
78298
1
100000
38552
72160
23590
65878
67019
57447
1
100000
36777
10864
7234
16409
23180
12476
1
100000
27044
31795
60946
2771
73184
59053
1
100000
86816
68994
52963
13546
57476
33909
1
100000
15891
41029
53803
26678
77615
19661
1
100000
22479
81911
56640
76665
30085
95245
1
100000
56569
3721
47179
46902
17795
31008
1
100000
42681
84120
51005
96742
81272
67903
1
100000
40422
86122
7482
47283
24486
99781
1
100000
91668
92555
19105
99879
71407
12107
1
100000
27873
30650
82747
38009
65326
66082
1
100000
19703
13684
78145
7617
84006
73565
1
100000
5668
7296
11775
90268
20852
62428
1
100000
28603
38345
93268
97050
96690
88296
1
100000
1209
74262
75223
31681
74705
74994
1
100000
37897
74305
11273
68007
18656
99002
1
100000
25793
91349
99588
79031
453
41145
1
100000
21806
64413
32670
9820
42991
86398
1
100000
77450
24242
38678
83945
54278
95395
1
100000
27205
85203
58160
45174
3185
82813
1
100000
12314
47449
73
73202
2449
86542
1
100000
87783
48450
17579
34868
59688
64956
1
100000
76224
17586
86265
29811
13386
28332
1
100000
22739
87079
32773
12457
8270
57486
1
100000
16080
15104
17375
95891
65725
91560
1
100000
4950
1469
41009
128
91492
97617
1
100000
41081
17434
71982
28760
50701
97362
1
100000
7185
78829
12103
74112
57533
18793
1
100000
43512
44408
47870
4586
6734
868
1
100000
46503
5918
99299
96006
2852
19232
1
100000
73499
86374
72577
25649
27936
72826
1
100000
19421
6326
24428
16548
61009
93782
1
100000
69475
43155
49361
79391
73047
58962
1
100000
65954
70607
26856
92243
72321
19187
1
100000
1779
62067
84811
51623
56141
3119
1
100000
15209
54189
12355
16533
25353
93612
1
100000
36570
74642
48000
47305
41583
63367
1
100000
58466
24403
64184
70616
54708
17479
1
100000
11096
51975
46590
77257
37129
30420
1
100000
50172
4349
94583
86143
25114
88292
1
100000
46271
9831
44449
87128
73394
49675
1
100000
17797
90194
35252
3244
76544
87940
1
100000
81369
64752
55319
93562
28026
4914
1
100000
94792
1913
12463
76378
8401
24796
1
100000
46609
45974
6951
94154
58685
82127
1
100000
91654
9084
35553
85169
52620
50855
1
100000
23102
54426
79004
89659
86999
81594
1
100000
46514
45785
39838
21353
2869
94223
1
100000
14543
55732
19395
21596
81944
56469
1
100000
31933
61058
33730
67525
97769
29382
1
100000
22042
30676
67087
40729
22216
8007
1
100000
58768
17276
96488
81721
34042
75893
1
100000
40024
69214
25868
88952
63365
31414
1
100000
23518
13538
21903
80893
39195
97095
1
100000
79003
80372
90463
56012
97948
24421
1
100000
64610
34224
11467
78123
10845
4875
1
100000
4059
37911
83534
53252
78629
81828
1
100000
38754
34101
51335
5177
80681
50394
1
100000
61199
54912
11997
60532
65717
12576
1
100000
79314
16094
58311
83401
79871
60829
1
100000
57687
38002
8591
74198
44545
44143
1
100000
40461
7098
18583
94329
96316
54577
1
100000
6425
62899
72023
1767
43354
73648
1
100000
76736
67627
33234
21932
64221
59507
1
100000
58133
51412
34478
71934
44550
12649
1
100000
80160
49996
91357
77205
9429
61700
1
100000
29735
23083
73849
50626
86249
72254
1
100000
20783
30435
29915
56593
87459
65794
1
100000
11619
83277
14034
11549
81715
56394
1
100000
44595
89338
20209
19852
55988
93354
1
100000
52429
66858
43644
69962
33793
80157
1
100000
90264
37052
8297
434
85557
89695
1
100000
75085
76088
5925
84294
77122
92723
1
100000
72514
5241
91860
1752
46949
68371
1
100000
75840
93304
73608
34121
7581
16412
1
100000
15038
74450
49391
44758
79868
59920
1
100000
76268
78777
14050
62632
34234
57586
1
100000
42745
51516
13712
52396
58213
50861
1
100000
65256
19432
87382
1288
74787
50530
1
100000
7925
59423
74109
80349
49913
7219
1
100000
11369
41544
66018
14696
80945
93502
1
100000
798
28284
91028
8387
71030
65963
1
100000
34293
82075
4675
85671
59409
38958
1
100000
41965
4915
86398
30074
63159
81218
1
100000
90397
45481
93796
19624
66378
4430
1
100000
27350
24010
17733
94191
19858
17699
1
100000
97365
93908
79513
92589
9362
71727
1
100000
64209
41189
71738
40492
25627
17244
1
100000
20355
35839
86679
27153
87220
14091
1
100000
16672
60895
87525
62563
69578
91013
1
100000
53565
3
32320
20766
87805
39394
1
100000
72161
1236
50854
70928
14305
38654
1
100000
67086
47784
46958
54066
72956
95140
1
100000
57110
14830
16505
76395
13388
61717
1
100000
24995
51510
99892
54113
83948
32109
1
100000
79169
47789
29929
60542
50226
48196
1
100000
41041
56624
77928
98409
35701
37366
1
100000
60124
2775
86342
12063
32700
6949
1
100000
19872
78224
65957
79709
49684
79674
1
100000
40623
77111
64092
72281
66343
57116
1
100000
57218
31314
44053
17362
68523
4163
1
100000
6393
19429
18891
27388
85299
55130
1
100000
9414
57292
93286
76615
36006
59353
1
100000
76375
9784
94774
39540
60470
54480
1
100000
17057
97640
74969
96919
12321
36537
1
100000
83302
26859
43168
7145
64207
35234
1
100000
7721
11721
52888
57751
58310
69569
1
100000
75894
72479
50105
83498
52981
65704
1
100000
63438
31429
2078
69769
48882
16415
1
100000
56431
54937
50911
38636
85857
90275
1
100000
82116
76438
32661
97362
91269
31328
1
100000
61449
18536
15038
70559
47371
97013
1
100000
37331
15202
35016
8659
85156
96657
1
100000
61299
56266
31094
21129
58858
25995
1
100000
65303
71469
80556
20620
57256
69151
1
100000
10135
45244
90260
9874
94146
1842
1
100000
50160
27265
36981
36066
97865
36471
1
100000
14275
16219
15373
5032
27984
82397
1
100000
48883
2196
51003
89260
62838
87961
1
100000
44953
19919
79999
13650
60323
59294
1
100000
75904
80835
97802
54375
79104
11340
1
100000
22058
29024
39831
42595
5650
32297
1
100000
40874
39442
29111
66765
3584
3000
1
100000
82095
9170
78924
33439
93936
83070
1
100000
61381
1423
8606
39175
83080
88269
1
100000
39019
26261
69721
35055
44660
85610
1
100000
28523
87127
1390
16828
9913
68597
1
100000
43460
68649
29410
57421
85371
642
1
100000
78253
58388
64117
54451
59779
52608
1
100000
73944
20584
97501
13103
262
89254
1
100000
89646
74940
56901
49705
11022
25295
1
100000
12806
16038
66807
63563
66324
54747
1
100000
52434
37268
84097
2576
63665
75895
1
100000
37761
42961
38632
32076
52918
73867
1
100000
11307
58522
99368
77533
48967
49042
1
100000
961
69694
56343
31497
56688
19892
1
100000
51230
54063
78021
70881
24059
79044
1
100000
47308
66046
84284
63342
81234
18372
1
100000
18406
65829
1988
18876
23681
83480
1
100000
94771
25658
73293
9690
49443
34382
1
100000
14889
91097
21554
37276
96391
95973
1
100000
51195
59455
58238
17229
79981
4008
1
100000
75268
57859
23959
11913
51076
37560
1
100000
73875
238
46278
18545
43714
21644
1
100000
3432
96901
13889
10911
97302
37055
1
100000
37381
4292
13657
68997
41288
89604
1
100000
53628
17357
33868
27315
89451
70967
1
100000
13640
17244
54699
89600
32372
53125
1
100000
76585
23631
82949
90304
39111
29905
1
100000
47016
58784
49571
82005
29748
96098
1
100000
16686
55521
67527
52314
92095
84755
1
100000
67597
57004
45973
46043
9418
36656
1
100000
90675
16351
18891
11115
94188
92168
1
100000
75112
93996
67475
39576
57246
41632
1
100000
13215
65309
20232
79506
19067
84573
1
100000
18806
57210
18226
57756
47808
59454
1
100000
34440
8759
49531
56455
22293
90481
1
100000
43666
51876
26103
24612
56015
89917
1
100000
15283
146
40734
80066
66469
8954
1
100000
56871
24554
19528
5622
11552
15633
1
100000
32620
58847
20525
37524
96794
2535
1
100000
96237
94489
48408
57561
70004
79203
1
100000
55208
99545
56001
90991
13566
32816
1
100000
30764
22214
21781
18648
98623
26927
1
100000
77031
80134
28252
67733
39553
10808
1
100000
93080
40473
48314
40645
5617
91676
1
100000
69719
75913
10152
89900
24661
48932
1
100000
97108
2840
48080
76813
34133
94112
1
100000
15784
68108
87136
71907
58547
52144
1
100000
80319
21530
46784
24359
30554
96528
1
100000
77739
35577
27808
40639
38709
27594
1
100000
87812
23053
34807
77597
92643
80942
1
100000
11453
63359
23651
63093
30784
43054
1
100000
76729
41508
76113
8842
98495
82083
1
100000
97070
44582
49272
56554
61418
51280
1
100000
18950
50767
33920
1064
28908
93153
1
100000
74500
99262
88890
45457
25167
81436
1
100000
80292
99443
87976
72919
68968
45232
1
100000
62098
82871
31232
40028
47340
65263
1
100000
96608
63465
73100
85769
21375
29916
1
100000
59575
22849
42945
59216
19528
497
1
100000
75008
77297
16677
75574
617
12377
1
100000
14760
82277
71195
20578
16898
15137
1
100000
66005
19194
82086
83292
32847
53103
1
100000
90384
5380
24801
99845
35509
459
1
100000
47894
62129
20975
64282
36900
6481
1
100000
27713
43506
53353
18642
83966
16791
1
100000
68263
75287
49848
70437
15139
16661
1
100000
80272
52998
32907
58008
15864
40291
1
100000
13739
81559
22019
21245
80800
83463
1
100000
70965
65336
16606
17538
5711
20824
1
100000
16699
40873
20633
33827
64554
9203
1
100000
77655
40366
68744
69867
8629
31357
1
100000
73601
86062
1268
60928
79192
88359
1
100000
3721
93673
73515
14992
39277
42505
1
100000
93514
17270
16850
33831
84192
50771
1
100000
92945
81916
16075
51209
53286
43864
1
100000
67992
74730
23330
44246
72525
57438
1
100000
98341
24875
19892
8916
71578
23518
1
100000
95790
12515
28941
57803
92799
15264
1
100000
14450
42387
29264
30047
7267
12693
1
100000
55252
89113
87126
34224
1152
99600
1
100000
38773
64206
29440
53771
45257
75141
1
100000
16963
85675
27127
31892
52285
45753
1
100000
38398
45215
77120
83890
87030
14819
1
100000
12817
84486
5672
20509
1713
82833
1
100000
85086
34169
29931
32046
96085
56601
1
100000
49864
31258
7568
59878
96784
6560
1
100000
46730
7579
44125
79403
20685
41721
1
100000
69518
26160
46684
64444
83626
73298
1
100000
11973
42961
56034
24950
83786
28194
1
100000
51432
77662
56759
10960
11507
82397
1
100000
78324
17370
44819
35360
85650
12042
1
100000
87272
70818
97363
69716
2675
37305
1
100000
8232
24466
82613
75419
97626
444
1
100000
14126
65596
25884
14214
3246
407
1
100000
41660
63576
18941
90198
52572
42319
1
100000
42794
96572
80620
68304
40508
9546
1
100000
43991
97609
14787
42353
78915
62421
1
100000
73515
29441
14862
42713
73563
19258
1
100000
11739
9577
45353
87015
74200
68364
1
100000
95187
44572
81646
99895
3057
49950
1
100000
8311
8654
8626
42423
16831
23375
1
100000
39211
30198
90473
76634
49361
39862
1
100000
12405
98612
14399
50992
67285
62766
1
100000
53155
45939
90015
7554
47144
38228
1
100000
72018
63311
48263
10315
94194
65138
1
100000
7301
10698
72755
68456
7442
88856
1
100000
48277
38875
89139
71426
10164
76612
1
100000
47216
59194
8602
32422
36519
50908
1
100000
85524
80073
65839
39794
18990
89710
1
100000
15559
82037
68811
34165
59506
92138
1
100000
27791
62682
49398
5568
97645
10624
1
100000
1283
24027
83009
1536
71034
60779
1
100000
56428
24796
15276
85325
79936
96043
1
100000
30059
22281
43889
94243
45959
77789
1
100000
41431
54384
65726
56551
61170
9370
1
100000
46295
70271
6368
35616
4218
52365
1
100000
72238
93229
24789
69856
81205
89394
1
100000
48716
40877
25807
31789
68992
3723
1
100000
42282
53322
51397
18916
38503
5445
1
100000
90746
40555
67841
30322
66204
22223
1
100000
45364
37844
50466
45239
39955
12646
1
100000
75213
95978
455
45636
31012
5586
1
100000
19074
5897
21499
51214
35430
75642
1
100000
42115
92388
50212
44873
71254
17907
1
100000
29136
19740
25269
44260
64515
26431
1
100000
17308
20808
73644
97114
1975
73995
1
100000
69651
59069
89476
49237
95425
72441
1
100000
29063
69098
92555
40965
16632
65379
1
100000
10240
7779
97843
71664
67900
3275
1
100000
36998
33649
31750
46123
82641
46507
1
100000
51587
82087
81628
48316
9281
25568
1
100000
96622
52826
13278
68680
584
35445
1
100000
1579
71710
48298
28569
42620
86852
1
100000
92840
30624
54126
12146
13276
43629
1
100000
94131
66840
47791
42402
57109
92083
1
100000
97040
86552
99224
53695
78752
13270
1
100000
33633
83881
91617
79840
48664
39660
1
100000
2133
62274
91589
6395
78451
66972
1
100000
78028
41256
84117
2249
563
84837
1
100000
55606
57427
69653
22441
8489
29539
1
100000
14587
38449
34876
11706
16604
49504
1
100000
42989
70890
67131
63055
15283
80049
1
100000
13780
61432
64739
24068
36268
40875
1
100000
98600
64110
95668
20869
81270
24648
1
100000
10363
917
73567
56499
94657
11311
1
100000
40458
3032
99750
24771
17363
19902
1
100000
14481
79005
40953
48768
78480
31893
1
100000
18498
52399
87094
80056
23676
61464
1
100000
4069
83664
52729
38757
63153
43172
1
100000
48075
42440
36868
20735
9616
11230
1
100000
45887
78797
96173
83819
32761
43355
1
100000
182
70743
28299
25815
79709
72928
1
100000
85829
42825
23495
30387
46430
38960
1
100000
88334
26027
19988
35686
93180
36985
1
100000
68149
77797
98925
83221
62741
3605
1
100000
9073
20533
77620
94957
31723
94269
1
100000
99137
30425
17994
58519
92523
4963
1
100000
96494
35013
22791
23112
15189
37595
1
100000
86701
67763
11613
16851
14727
20315
1
100000
50438
42042
60728
75709
67302
85602
1
100000
78743
41640
47124
24083
58363
96523
1
100000
68364
65031
88236
29867
78993
21943
1
100000
88177
23597
68252
76830
75629
24964
1
100000
39134
88329
59164
13706
30713
40602
1
100000
55310
76122
93328
93413
34499
39973
1
100000
99826
79541
61588
27220
28634
13089
1
100000
4717
88270
99182
11374
51686
45234
1
100000
89898
60619
36056
67292
59464
93911
1
100000
37997
68206
73437
28622
80973
69194
1
100000
84884
42053
52012
80489
29506
86412
1
100000
41953
32698
81736
83557
92929
41321
1
100000
60224
48120
95159
21830
14729
42322
1
100000
75257
4481
93505
79197
73467
19737
1
100000
53948
99503
94073
8999
60318
94447
1
100000
68654
90841
76398
7801
98816
54236
1
100000
93719
54493
64572
71422
1491
50569
1
100000
50863
24055
12176
15663
61717
36558
1
100000
35181
42058
37999
3967
21826
54916
1
100000
82177
11120
60274
83322
15533
68990
1
100000
44199
64771
97845
71440
91737
64530
1
100000
73775
30739
86422
76874
327
76987
1
100000
5859
27613
87267
48320
96056
38970
1
100000
50554
41028
83964
65746
904
20175
1
100000
56541
2412
8001
51963
10740
51995
1
100000
49290
62124
58007
96526
56638
46835
1
100000
65989
60354
13495
90013
82126
77517
1
100000
33783
52083
91853
67917
7452
34027
1
100000
86218
26860
95255
77200
42171
72135
1
100000
69967
21140
53134
25842
6067
40138
1
100000
23302
91720
34306
18715
6232
15919
1
100000
3021
63562
34943
63864
55938
46499
1
100000
38768
35762
95663
78485
10313
87045
1
100000
99927
7145
1134
5969
94787
71487
1
100000
5565
51619
53971
80026
98154
82405
1
100000
41494
85508
18535
97969
55478
28137
1
100000
2583
39134
54555
14067
92985
76368
1
100000
99223
56540
98512
45697
51891
64487
1
100000
48450
24842
46886
18785
45747
38915
1
100000
2132
25655
49573
24742
57646
7111
1
100000
88942
27605
92943
43802
7668
94014
1
100000
23602
58423
63911
1462
97059
67848
1
100000
42038
42586
48244
61253
48990
73475
1
100000
59837
83527
55211
61939
61888
81481
1
100000
98899
48313
49649
57858
41508
33370
1
100000
68039
70538
99088
8315
54350
6094
1
100000
47626
97933
5666
90155
72492
67733
1
100000
17033
13686
57609
65028
30493
48088
1
100000
30848
62222
8921
43502
19090
35325
1
100000
40138
96630
14155
87056
152
88269
1
100000
1574
77885
46316
71371
85511
96197
1
100000
42998
49913
73860
39216
15834
68206
1
100000
25790
58269
57325
52200
70436
35960
1
100000
29131
47426
81046
13864
6719
77105
1
100000
76964
38075
7568
97318
12657
90282
1
100000
60086
50247
23339
31192
36526
698
1
100000
50833
27667
48810
51100
30310
33963
1
100000
70177
28564
20419
22335
925
52407
1
100000
66965
63347
38297
51985
40276
11285
1
100000
61799
83098
78350
87959
25383
49829
1
100000
50935
43663
17632
79506
36531
17390
1
100000
14479
38721
31153
67123
12063
45146
1
100000
95070
80983
45681
53804
41986
52757
1
100000
21759
18204
27412
327
43752
48478
1
100000
58202
17529
61239
36750
53865
65052
1
100000
82644
60201
734
91750
97233
9252
1
100000
13376
62964
98537
21992
42938
60132
1
100000
95337
10894
44312
35751
67842
69799
1
100000
31775
77135
58437
34142
37982
58592
1
100000
11044
4651
4965
78007
43177
28043
1
100000
91886
50780
26349
49274
85875
77868
1
100000
3945
55768
35298
56293
25464
28693
1
100000
10262
56851
49603
87317
38771
94543
1
100000
55326
50977
2024
72664
99728
41008
1
100000
31782
79386
20075
83815
14654
19430
1
100000
49785
69036
98451
4761
34119
50717
1
100000
52685
64196
99484
88297
67219
1621
1
100000
48513
99010
33335
37172
90494
55371
1
100000
41020
46767
86164
7680
32298
50896
1
100000
24569
6010
70393
86373
87077
9815
1
100000
93171
10536
3888
86460
19577
38444
1
100000
34440
42207
1842
54650
55998
68114
1
100000
69021
54417
39482
82899
14036
2429
1
100000
49460
15802
14593
13596
14906
90734
1
100000
35036
41929
43689
4719
80169
28893
1
100000
94754
87906
44092
93259
28920
17233
1
100000
87747
86852
27600
89709
78754
27783
1
100000
12395
1945
99519
37171
35955
55709
1
100000
24751
91707
10789
13227
27359
26300
1
100000
11771
24486
96501
92047
40840
31822
1
100000
20851
7295
84208
33121
4154
45821
1
100000
41685
37902
42418
74989
31430
93073
1
100000
60622
82315
53149
30715
56699
40123
1
100000
69297
91325
63699
46759
81215
28683
1
100000
69072
66874
63376
67595
26032
11061
1
100000
38310
28797
15307
1433
71376
34142
1
100000
6052
94650
65478
25392
71408
86396
1
100000
99586
8019
94378
3603
27284
37501
1
100000
43321
3979
10091
64543
14666
88163
1
100000
57873
85889
1186
67733
28632
11104
1
100000
67671
51027
10563
45822
16128
47639
1
100000
74418
7716
99032
94644
85759
64727
1
100000
92127
317
78976
31346
48454
70866
1
100000
21544
78832
19306
91375
38025
80262
1
100000
55627
93773
25248
23759
40387
21514
1
100000
16549
69601
31043
24250
73243
46710
1
100000
65168
24590
33194
58249
80056
46251
1
100000
62031
11757
97616
25367
59903
6879
1
100000
23614
19078
87291
76233
79016
48219
1
100000
11493
16167
39302
88849
19834
63400
1
100000
68579
32413
49109
5159
26815
47952
1
100000
81118
5592
11018
11784
65486
53568
1
100000
97572
94303
29060
19557
81317
43540
1
100000
47066
19127
20963
61655
11832
26775
1
100000
10036
17240
15595
98106
42027
34850
1
100000
23766
65717
61290
87291
40156
33484
1
100000
72685
49963
99674
86233
24526
75391
1
100000
57086
80285
7414
19880
78212
68294
1
100000
66871
67526
87634
92162
41985
65174
1
100000
94344
68024
72707
16140
17598
63095
1
100000
65800
72816
1062
39678
62088
19111
1
100000
34368
73022
34704
23175
22695
3129
1
100000
36172
75771
9191
94604
12388
48709
1
100000
21389
27740
66546
36625
69762
69978
1
100000
91001
47639
76212
5499
67244
67250
1
100000
30435
8595
98333
42725
72413
91178
1
100000
32476
82982
78453
65459
37992
94157
1
100000
85416
12683
11729
51235
30790
39615
1
100000
9988
50660
19177
18778
26014
60927
1
100000
75518
20967
44957
8876
72365
84781
1
100000
15409
75784
75627
48089
79955
77367
1
100000
73130
62697
28528
6968
6129
9598
1
100000
70521
39280
54417
8920
16115
71173
1
100000
22659
14291
32629
42922
96292
35760
1
100000
42705
59609
72498
52981
13817
81943
1
100000
56144
69343
50108
88320
29019
22136
1
100000
16945
18555
61045
87088
56728
55155
1
100000
11428
82646
29542
50688
72556
21238
1
100000
42226
85778
42046
32825
14866
24608
1
100000
17020
20296
87547
40534
52057
13147
1
100000
10844
16371
57077
74845
89491
88074
1
100000
62784
69114
48251
47362
67152
37980
1
100000
31265
7442
53741
60195
28417
73383
1
100000
57303
30751
96881
44496
16290
580
1
100000
91146
58858
99244
26995
66005
16077
1
100000
6619
7539
4823
78403
82891
35120
1
100000
64871
19528
51712
36750
28932
52212
1
100000
21371
81136
27161
41882
99890
77043
1
100000
45823
8211
23984
15776
61202
82858
1
100000
98264
20724
13374
14339
6586
54194
1
100000
50657
73572
67295
11260
29896
51354
1
100000
64709
49933
121
18359
31044
36110
1
100000
31358
2681
42522
72334
59392
34844
1
100000
35889
46775
9875
44539
80952
75612
1
100000
67919
90149
22436
351
50781
98976
1
100000
75737
13937
41199
52008
76793
6294
1
100000
11083
68139
31257
66888
61696
82529
1
100000
6519
47517
18070
5143
80914
87847
1
100000
92026
81494
80147
27923
28442
44441
1
100000
78770
4772
53610
48953
95692
14191
1
100000
88031
59384
42840
3616
11240
84740
1
100000
90571
53448
21334
24199
46424
59191
1
100000
46880
42308
25531
6725
7718
48436
1
100000
9143
1140
44162
51867
46524
91654
1
100000
37475
10758
20669
74864
60826
69119
1
100000
3425
32618
95542
85656
74388
30205
1
100000
89985
41535
22879
79941
98202
1762
1
100000
54197
5353
55730
41611
94250
72387
1
100000
10274
60910
4
52245
55054
59958
1
100000
61856
37839
46903
28712
28168
69579
1
100000
98353
10920
319
37888
15239
18155
1
100000
59291
41645
57117
28608
4900
70625
1
100000
14373
89260
42444
25900
12613
64033
1
100000
24950
74569
88911
78641
45515
28319
1
100000
58424
63867
4012
84194
24019
63150
1
100000
41130
31047
48288
94823
52904
98892
1
100000
33763
21084
98938
99306
37887
22292
1
100000
35948
84817
4309
19252
47128
89043
1
100000
73695
44672
14949
51157
15989
62901
1
100000
85160
16322
93789
39992
23001
43283
1
100000
20577
22733
99808
54428
95519
35238
1
100000
40580
66945
94169
2916
2722
11574
1
100000
83478
21894
43383
26768
97174
79954
1
100000
96652
6696
84436
82888
63014
43105
1
100000
70116
71420
1047
98855
86413
11825
1
100000
61606
11840
63028
54881
24466
69591
1
100000
49389
61021
37721
2502
74544
29016
1
100000
79233
30330
42295
25064
5635
29244
1
100000
34365
54340
86556
90146
70422
59010
1
100000
48498
5532
96215
65601
4232
44736
1
100000
74159
30065
18367
90257
46343
43828
1
100000
90786
54669
50929
78245
53125
13970
1
100000
39845
90227
54076
69625
13463
74814
1
100000
69535
69101
6303
14989
75910
70603
1
100000
64163
27508
51237
36915
81685
66064
1
100000
16049
5516
95763
35878
18559
93176
1
100000
96589
66674
32563
74276
70061
25743
1
100000
68688
83695
82336
2820
53581
41427
1
100000
70494
58076
15078
24061
38054
22867
1
100000
35691
73671
44952
8395
36623
14192
1
100000
91950
89797
30669
97375
26072
71687
1
100000
655
94411
13419
72187
68622
54612
1
100000
80544
82668
46080
36358
28026
19691
1
100000
19196
44208
69533
65945
44015
79203
1
100000
75715
21631
64343
44035
43320
94783
1
100000
12936
47149
9289
27991
42486
8726
1
100000
80280
98576
71600
20457
21142
22878
1
100000
73162
2457
17300
83407
47225
84126
1
100000
14612
60199
5483
60303
67021
86936
1
100000
64807
29325
23207
78348
29251
54464
1
100000
56572
18510
90663
90925
11645
6499
1
100000
20871
21109
55593
48920
10731
74644
1
100000
2952
80183
26945
21055
34309
87581
1
100000
12556
73087
333
10779
31272
14299
1
100000
16463
27557
58228
85342
1555
55197
1
100000
63749
75247
7564
57757
17160
27572
1
100000
91848
3834
31653
13308
76494
35616
1
100000
414
53697
37738
62793
60398
74680
1
100000
41811
86631
77739
44546
93677
17756
1
100000
36059
68520
74706
26971
79367
94054
1
100000
90013
67701
17112
96698
51405
76686
1
100000
52249
86587
2614
13272
35004
93040
1
100000
35025
81493
11269
45527
17945
85701
1
100000
6013
65994
6688
23280
48989
39534
1
100000
90322
64841
43779
95477
24994
93557
1
100000
19640
43160
31347
11686
12282
14450
1
100000
68711
56724
95372
80678
69432
76782
1
100000
78063
87743
60390
27963
63606
79443
1
100000
14932
1164
99334
90914
96842
51951
1
100000
85643
90437
81320
57614
81041
76939
1
100000
87899
69782
24211
12943
65618
50219
1
100000
98850
59093
89314
70514
22403
64259
1
100000
57860
11096
13755
94245
56731
64465
1
100000
57768
81181
81852
3665
77100
18329
1
100000
23226
32506
54681
3054
86405
76645
1
100000
38418
20281
86986
81795
22956
37393
1
100000
43784
17455
43776
83495
55347
32053
1
100000
75209
6056
92698
37093
95803
84193
1
100000
25895
68467
54345
4237
76826
34852
1
100000
50131
56379
11694
56127
51614
19314
1
100000
86294
74746
47130
45185
52662
86797
1
100000
88418
34789
53340
40828
67028
23867
1
100000
44606
58619
64877
36593
6626
66832
1
100000
95486
74574
87439
30275
56770
79634
1
100000
15875
8479
89057
35668
33860
49564
1
100000
83771
11951
76081
26431
57302
67727
1
100000
5489
12272
97336
54653
9163
91738
1
100000
17369
96981
51432
66620
98802
88901
1
100000
26778
79009
44956
14761
50139
65543
1
100000
82796
74594
565
60391
67672
98259
1
100000
70907
96915
4634
23283
90990
43449
1
100000
26049
66835
33667
90474
747
23099
1
100000
80680
68119
82173
2906
56028
69376
1
100000
86761
91945
71559
58728
19910
53743
1
100000
94958
94186
31153
74750
79175
13727
1
100000
12482
54816
66525
35233
72605
53844
1
100000
62150
58498
17327
28005
87225
63765
1
100000
9953
80140
66166
66003
64286
18308
1
100000
50001
69612
76701
67789
12353
1343
1
100000
76041
8688
23229
93082
59747
63366
1
100000
31571
30414
71750
17086
20357
66636
1
100000
71911
71366
60060
32965
3064
52137
1
100000
90126
16735
75492
95025
32553
65051
1
100000
802
93137
1133
57253
31447
11227
1
100000
3779
32521
49103
82692
95953
36518
1
100000
62938
2463
41570
70256
69117
38043
1
100000
93686
50895
27257
60634
52092
9150
1
100000
4068
90880
56937
11687
481
56088
1
100000
12755
46391
72347
35104
38093
99756
1
100000
57244
19319
10241
63447
37263
68460
1
100000
8131
22766
13618
52404
16999
54222
1
100000
77343
50446
2758
50061
60363
2387
1
100000
4244
85052
55878
74620
98859
96125
1
100000
56011
25894
92767
47958
94216
5907
1
100000
39923
37812
85626
78886
97103
79589
1
100000
31433
40540
18064
69771
55582
82356
1
100000
15914
99973
79327
89948
57783
23844
1
100000
50774
93721
16125
98558
41907
15371
1
100000
85601
9342
59107
74956
74088
99475
1
100000
25992
79349
79095
43043
10168
11597
1
100000
71351
52853
16504
90963
39864
52214
1
100000
11240
19038
94680
46646
59107
46891
1
100000
93223
18328
13394
76143
98294
58144
1
100000
94845
35243
51069
64047
93207
60549
1
100000
45600
6607
92489
6863
7853
6872
1
100000
82186
78987
56704
78249
83515
64998
1
100000
95037
72616
13401
96295
18374
92858
1
100000
94612
46828
29698
23986
37957
98010
1
100000
85764
76756
23130
37832
31245
3255
1
100000
85296
21176
88288
62753
99462
59565
1
100000
86678
59050
58221
16921
91960
74397
1
100000
57832
73321
98519
30561
75306
59236
1
100000
40083
94498
66418
46569
72582
16019
1
100000
20092
47864
69188
54503
61027
38228
1
100000
11223
27811
80077
14946
56094
94377
1
100000
40612
56425
23305
89975
78307
54206
1
100000
22444
76622
27349
55160
98028
73584
1
100000
36787
64299
39267
97103
119
95057
1
100000
8420
24551
95883
36648
56818
40589
1
100000
69504
33267
33693
30846
77218
94864
1
100000
61140
59211
3727
65837
6502
17621
1
100000
94412
75147
70672
46650
88418
52662
1
100000
55933
61588
72519
8465
19004
18198
1
100000
58343
84431
73016
54539
81906
86723
1
100000
9936
56888
7204
58827
72979
62520
1
100000
15478
4322
7903
47136
80072
10768
1
100000
80066
67470
61359
27299
76886
61397
1
100000
91475
59679
13551
22488
1349
31214
1
100000
48847
36072
10086
57330
79632
35880
1
100000
2960
45522
46756
11666
19033
12847
1
100000
30695
13797
11855
29451
83839
50310
1
100000
62513
24338
11692
26270
7059
12515
1
100000
24324
15947
65594
40965
11603
24222
1
100000
90908
55567
10977
63148
16066
67494
1
100000
23318
26594
98611
29508
42363
27982
1
100000
61039
86188
83629
200
24043
80835
1
100000
13831
23992
62546
13499
66701
29957
1
100000
45297
89519
95865
40860
65525
34004
1
100000
53990
47001
56347
77879
50264
24471
1
100000
65798
125
84127
53731
11173
11735
1
100000
71903
59013
70285
46559
78775
4886
1
100000
47615
58157
6347
58379
10986
72571
1
100000
52273
77729
79477
73286
87698
79564
1
100000
84926
97384
28047
72335
99090
4834
1
100000
43398
66201
48466
86002
41079
15643
1
100000
74647
44894
53774
66523
81237
19253
1
100000
73518
90274
14442
34267
17706
87892
1
100000
90134
24387
81534
82664
53876
99171
1
100000
73055
33912
9738
67291
9458
39719
1
100000
92288
80142
571
7476
81160
63051
1
100000
98868
37760
84783
11276
1777
22687
1
100000
86124
53656
70966
17429
96340
96917
1
100000
27699
78220
228
27435
59402
88638
1
100000
86119
32213
30501
19979
99399
47529
1
100000
44672
39314
9504
55790
42595
50338
1
100000
59699
99921
32072
95948
37436
87149
1
100000
72091
99522
47535
60502
81983
97423
1
100000
71113
88611
36810
57665
93507
84915
1
100000
11508
18457
27781
97544
43371
94940
1
100000
40833
14553
50050
50851
83439
7687
1
100000
52749
51735
72648
97645
25868
67930
1
100000
35883
68861
58922
21324
79989
27216
1
100000
21325
83632
69135
87547
53125
32813
1
100000
92577
54881
63500
39874
14261
48712
1
100000
28451
1030
38574
81796
55551
75897
1
100000
54260
31130
28383
12958
88378
39755
1
100000
39591
30393
35563
1536
76208
63582
1
100000
98662
73091
71346
8120
36048
64984
1
100000
59910
61879
10063
35564
85984
95297
1
100000
61565
3738
77804
8599
43003
68602
1
100000
55937
14311
68397
17600
74817
63240
1
100000
65448
22002
2696
9772
61713
47236
1
100000
40881
85393
19013
59518
42603
5879
1
100000
23901
40812
782
75473
17920
22662
1
100000
49920
38281
37568
34983
40052
49964
1
100000
95866
29088
78347
82829
62184
10639
1
100000
34613
66463
43331
94156
24946
95883
1
100000
92106
57956
34116
79
59157
5496
1
100000
76453
69154
5516
62220
3729
2109
1
100000
82413
70939
22596
22106
8319
40419
1
100000
8624
188
87527
89068
95426
12788
1
100000
49329
13117
14382
73895
76344
24866
1
100000
69967
89160
90440
4147
33875
63617
1
100000
67820
35371
83941
1525
68035
28738
1
100000
14813
56537
41285
4182
66992
29945
1
100000
66735
19450
83352
19208
69414
16365
1
100000
87391
64324
84500
20697
40648
80216
1
100000
29566
11768
83003
88692
31538
20247
1
100000
3613
96200
12456
47835
31680
61057
1
100000
70070
99730
12556
86970
75180
27349
1
100000
69187
63552
78565
19335
31787
62364
1
100000
63786
76625
9128
48296
42786
79296
1
100000
31369
11883
76614
12855
57461
73470
1
100000
14198
43043
34978
56455
51773
83868
1
100000
64014
30581
90295
90479
29598
39387
1
100000
58374
84797
71513
89911
28256
9104
1
100000
17465
74189
51724
31152
20235
36248
1
100000
58299
68109
50990
33398
36736
70569
1
100000
3161
49995
71364
48407
99457
54727
1
100000
93875
17634
59688
41952
74214
30391
1
100000
96692
92526
31706
30690
32895
44376
1
100000
92999
35380
58952
47517
86497
6901
1
100000
48259
43879
10989
24921
41031
66170
1
100000
45916
12462
74680
15506
4350
83450
1
100000
73666
72271
36858
29081
52544
72032
1
100000
75977
42675
10557
82408
64991
79871
1
100000
49569
460
73049
45609
12118
93384
1
100000
46668
48181
29559
20204
70582
7678
1
100000
97637
83728
99878
97266
38676
93640
1
100000
62890
89245
53769
30203
23854
13914
1
100000
83541
2823
71139
84945
32889
86526
1
100000
57739
65177
37276
62410
28389
10609
1
100000
32381
27050
20117
34095
31089
40047
1
100000
87128
56730
22465
63994
86937
39655
1
100000
62951
60255
49095
28233
17100
23294
1
100000
91623
82100
26720
68275
76096
73281
1
100000
69287
61257
50069
48673
13692
83675
1
100000
4344
13337
17650
28681
92253
97242
1
100000
76259
53918
35988
76694
60845
8355
1
100000
17430
90879
73935
63542
24993
63417
1
100000
85155
19660
21046
74931
45434
49468
1
100000
43821
53350
62382
74344
36881
39658
1
100000
77219
59067
28190
13375
65699
19626
1
100000
79799
54587
10875
70761
43317
76646
1
100000
58030
88776
48365
28074
99909
324
1
100000
74131
76609
61773
3936
86171
61934
1
100000
10886
89213
26823
19422
40272
28234
1
100000
16242
22208
88924
7412
89451
26506
1
100000
40880
50687
42868
83838
4094
20682
1
100000
14074
33465
11631
61504
62371
80966
1
100000
92772
1789
18058
21801
42413
61050
1
100000
31825
43640
50813
55526
40121
86492
1
100000
2301
6754
80580
17092
42095
30462
1
100000
93658
25136
47115
45386
8688
89590
1
100000
92012
10586
7056
49108
31453
73938
1
100000
78847
1208
99109
91746
85935
37515
1
100000
87223
54110
15044
62681
68195
48006
1
100000
41320
88863
44988
68102
30754
98285
1
100000
55314
89762
91163
1696
51840
91540
1
100000
88356
99732
50726
65571
87912
555
1
100000
61699
23897
62876
95828
25551
21299
1
100000
44021
37203
96982
1275
37477
57083
1
100000
78990
75657
86919
20747
31622
41560
1
100000
20988
61296
96377
9189
18419
891
1
100000
99312
18363
70428
50381
35878
41398
1
100000
55495
15537
69865
85634
56354
66895
1
100000
99905
40699
55012
11399
80407
86076
1
100000
31567
25650
99166
26084
43950
51248
1
100000
53987
80379
97904
74759
54641
73105
1
100000
36238
4704
86165
70293
40611
43000
1
100000
54704
4977
38004
85683
33086
77178
1
100000
96228
44958
20467
43759
68641
74422
1
100000
66298
48283
28172
44199
13445
50203
1
100000
22476
72330
17188
15279
44255
66792
1
100000
63754
81053
9448
93228
34156
22162
1
100000
3464
9091
47435
98231
83969
751
1
100000
84992
8706
81860
10089
14293
31506
1
100000
33578
19280
88048
66144
71387
96833
1
100000
16660
86171
69807
22280
65180
37507
1
100000
42014
65825
52605
93332
48845
8970
1
100000
68819
93937
21159
32883
85519
16614
1
100000
89881
11319
58593
78955
69008
77316
1
100000
29919
69412
97301
11832
38145
85937
1
100000
50122
53274
55517
13939
60166
61588
1
100000
66386
61766
94442
83486
72413
93331
1
100000
43527
60664
13374
6751
67767
84553
1
100000
11149
76222
23195
40669
46979
7916
1
100000
71269
18421
99336
51324
63224
82086
1
100000
43680
77684
31192
18966
7244
56310
1
100000
92412
26435
69142
12253
36740
88065
1
100000
35746
29025
59172
19269
57179
21692
1
100000
1999
82431
84855
93054
94565
56373
1
100000
49549
77876
65158
53874
33711
27507
1
100000
14717
15526
67053
39630
31593
59609
1
100000
22403
64144
15616
71673
99512
93941
1
100000
30938
68088
11262
86705
60057
69352
1
100000
60654
62405
15346
61890
18512
32530
1
100000
56446
14002
42241
6562
1181
23641
1
100000
97542
43930
63161
27114
63591
22615
1
100000
95595
89262
58199
69732
6379
93532
1
100000
34960
85566
50544
23402
22187
22553
1
100000
70704
32016
47009
84473
51617
87975
1
100000
94847
3052
81857
51104
1190
9638
1
100000
49750
3584
22750
76465
24172
64002
1
100000
67823
23316
3756
3464
72046
13220
1
100000
20637
2615
1452
19750
59434
94220
1
100000
31601
2795
33607
9634
985
53856
1
100000
27068
70805
84652
97530
91730
35963
1
100000
20017
24484
52261
59469
5895
85860
1
100000
89888
1081
27287
60247
51534
98455
1
100000
66560
71198
84057
843
63382
34380
1
100000
76640
14653
9386
7423
15348
15167
1
100000
39368
78491
85498
58016
90224
67279
1
100000
29654
54267
11262
54418
60846
8266
1
100000
72145
35793
57835
21657
72594
93177
1
100000
45625
36374
28534
70692
28556
39600
1
100000
97332
76058
69034
78230
59130
18949
1
100000
47164
25678
24000
51563
18852
98870
1
100000
39620
6532
15371
54613
69560
46045
1
100000
82735
15475
25588
87855
65009
36789
1
100000
55289
82287
55284
77802
62064
90036
1
100000
82324
4985
63574
93627
91925
77046
1
100000
43118
60266
6813
7635
75585
66335
1
100000
36228
83956
37057
89222
5818
62040
1
100000
24531
79320
47513
6972
91639
33726
1
100000
9808
22537
99117
46196
48883
88698
1
100000
52342
13623
73596
85368
29629
26638
1
100000
46358
5555
75981
2319
24832
17292
1
100000
4494
99840
90484
33510
46707
40573
1
100000
59317
8966
59435
51128
9902
71118
1
100000
5502
93800
8946
90053
61340
66080
1
100000
45255
95462
15391
63995
6013
93102
1
100000
5504
90598
59588
50935
73258
91238
1
100000
68569
84344
25138
94660
75576
7895
1
100000
80733
76200
67878
27359
52904
62822
1
100000
12903
752
95473
43624
29212
42000
1
100000
15535
30062
99846
39508
76690
36684
1
100000
30152
41945
18267
70691
83419
10626
1
100000
96194
43864
85143
59842
43559
38779
1
100000
24629
78385
92984
57192
11962
11098
1
100000
31644
85504
2050
38078
27209
93862
1
100000
58604
81910
95504
62850
82679
20831
1
100000
58482
91103
2978
23359
21802
8300
1
100000
19354
20426
11513
70845
7800
93948
1
100000
43193
6209
77831
21899
20270
15190
1
100000
83001
65028
6022
26167
50758
96639
1
100000
48115
24638
49506
23865
84776
7359
1
100000
12725
5009
64761
61857
67400
9684
1
100000
77698
75373
42515
77022
42213
46429
1
100000
57088
47995
83729
78724
12177
38779
1
100000
60216
42672
47371
12034
53847
43600
1
100000
17850
63341
32642
84293
45177
57397
1
100000
64263
27958
16430
90625
2861
50389
1
100000
50254
22625
44230
74176
41548
83363
1
100000
66291
21365
22199
63207
77453
61939
1
100000
41058
32259
83082
904
80809
61717
1
100000
80460
51178
98958
98133
93985
70147
1
100000
25511
22741
86328
67707
27523
27246
1
100000
32999
82708
67621
24920
16201
46992
1
100000
40358
49532
46242
52694
89666
97204
1
100000
72270
33861
25486
86768
95150
20786
1
100000
20654
27311
73412
51935
7786
78848
1
100000
59285
39632
58314
20864
56701
12429
1
100000
58696
63586
6558
36508
1684
82752
1
100000
499
17632
16612
7260
74190
6188
1
100000
50104
69971
70530
1268
1241
47407
1
100000
28841
31941
70216
45827
33551
40985
1
100000
54850
31759
63506
28032
14566
51525
1
100000
45590
99614
90266
11360
90508
40093
1
100000
77284
49375
1272
28571
70523
13844
1
100000
43337
47993
16062
89352
94619
5243
1
100000
1427
31598
88019
68307
77950
14413
1
100000
97234
35257
46585
9029
54142
40987
1
100000
60956
45895
30219
93500
67582
45845
1
100000
68975
35166
34959
96916
25010
65981
1
100000
98586
80100
59777
88435
72958
41682
1
100000
41005
96504
4225
82643
31862
13540
1
100000
25775
69025
77713
75870
94195
21882
1
100000
96301
66614
36613
80964
51817
20438
1
100000
61102
24377
58516
19709
57330
49844
1
100000
34565
36009
14849
35720
74551
69369
1
100000
3442
2248
63280
66853
22877
94783
1
100000
88639
7271
65217
31087
51668
57696
1
100000
69976
49406
69730
85365
46022
81670
1
100000
34654
15835
32192
57379
3249
62179
1
100000
71396
60743
98750
65295
85536
59642
1
100000
66017
20281
37683
2671
45072
30177
1
100000
73027
16636
48876
89415
60557
98694
1
100000
10290
82634
99735
56006
80511
22083
1
100000
23255
39817
61635
71415
11018
22099
1
100000
77005
35145
22810
60291
35361
80713
1
100000
33582
61052
75211
86350
50407
25944
1
100000
87616
13908
47225
76448
23936
64628
1
100000
88846
26906
6773
52380
94957
27832
1
100000
15778
23373
70597
16158
51140
99301
1
100000
90937
98919
16685
79115
15625
71895
1
100000
98003
73766
22936
39824
69881
12609
1
100000
92766
73885
92603
73019
45425
27551
1
100000
26167
96719
28682
17839
4284
91357
1
100000
12697
48374
37586
6865
83661
22539
1
100000
66838
809
77599
6953
36191
36214
1
100000
8697
49620
6786
83857
95216
7730
1
100000
14738
81016
30938
66089
94405
2848
1
100000
85953
8271
95187
54134
74596
27636
1
100000
78720
96010
64150
7751
35362
64037
1
100000
65709
42895
62676
49679
37475
21001
1
100000
40272
12638
5028
71966
65189
22481
1
100000
43176
79427
12182
9980
30992
87699
1
100000
16334
70219
83566
20678
22975
23084
1
100000
88489
83434
47544
41216
40455
92395
1
100000
80450
30612
32961
30310
82620
18617
1
100000
71253
52101
16903
48575
91397
95780
1
100000
42755
8289
66812
67356
93855
55975
1
100000
51256
42149
83845
35357
22
84756
1
100000
95185
45404
71151
52090
3899
63150
1
100000
85631
49588
85489
11884
60423
54302
1
100000
26151
22840
93118
96530
26292
68692
1
100000
56113
54614
38324
64026
14007
21206
1
100000
81217
10504
59907
18577
2056
86167
1
100000
54821
27220
43334
11381
70011
75361
1
100000
71930
53284
20603
349
56413
1353
1
100000
47631
15884
67782
47884
18442
66667
1
100000
93262
49954
2233
94558
44222
39485
1
100000
42047
14325
40054
53053
75694
22057
1
100000
19769
3373
83757
93124
78040
61116
1
100000
58380
67617
38549
892
57894
35889
1
100000
79234
94308
91873
82919
1846
37285
1
100000
55893
27509
84286
47070
19908
60115
1
100000
46270
19403
97059
52047
77925
55104
1
100000
21068
73234
70568
59342
84444
75649
1
100000
13158
78225
49133
50860
45586
76146
1
100000
78983
26556
90230
91248
37958
37737
1
100000
82915
76458
34964
460
18378
36427
1
100000
85308
15505
41782
62873
80956
81705
1
100000
47101
94901
70462
29342
61486
68293
1
100000
13581
69253
70873
21891
58224
10784
1
100000
40909
71525
27179
38694
23854
53764
1
100000
99065
79955
58996
95249
42009
2539
1
100000
33729
74421
18037
57403
34147
76612
1
100000
42157
80215
35012
13377
89690
527
1
100000
56189
76138
22806
24023
36994
32281
1
100000
94373
18047
69628
6112
60173
89316
1
100000
90365
73655
96504
7192
48653
62837
1
100000
83851
49701
5311
33459
97165
22744
1
100000
94977
69630
82722
6600
67486
34217
1
100000
65468
42697
34872
20299
53072
17762
1
100000
81856
20022
43759
85551
42637
94407
1
100000
52146
65689
9365
51651
57646
66610
1
100000
37835
38467
49160
84098
37337
14051
1
100000
8217
32107
39037
44783
53689
16062
1
100000
6505
6947
62685
27112
66877
25134
1
100000
94442
25247
74756
32948
52109
34186
1
100000
54500
62715
79531
96919
45049
754
1
100000
57713
90460
44690
48986
41157
53987
1
100000
45001
89895
54844
54005
64002
8061
1
100000
43124
36019
58703
73051
44935
54691
1
100000
91641
36120
19600
53211
5849
4870
1
100000
5724
31805
45548
5901
99650
75156
1
100000
20252
47417
32150
69624
59805
50629
1
100000
10386
42650
79035
91848
2957
58059
1
100000
84714
81049
37167
17394
39550
36918
1
100000
3774
63777
29282
76954
49344
76392
1
100000
20616
80077
65058
47515
71530
3307
1
100000
1943
99540
78363
44018
63926
19030
1
100000
99392
36623
4050
51062
80031
4542
1
100000
61632
61836
2822
7766
82369
36151
1
100000
9242
11628
92405
17638
40600
59785
1
100000
63922
92627
75165
80368
42752
16959
1
100000
4615
50008
72661
20937
38099
7417
1
100000
52084
35213
2051
66726
5380
15740
1
100000
85784
36096
22958
86444
40860
55750
1
100000
3388
9498
73715
50731
99525
87853
1
100000
83546
12409
19495
83681
30788
76533
1
100000
16595
79325
91963
42355
37130
75457
1
100000
77025
18627
34098
64756
96685
76826
1
100000
37311
79635
87820
30990
49218
83578
1
100000
769
57939
45910
10770
95278
89728
1
100000
446
43871
61294
60609
48803
90167
1
100000
20556
9731
70061
10527
99917
57752
1
100000
23716
16118
19561
8528
43103
66019
1
100000
30742
17294
89917
82400
86110
82132
1
100000
4074
67290
52165
53619
6197
73748
1
100000
87110
91746
68639
56244
46923
88726
1
100000
11857
19165
70364
97981
95748
43142
1
100000
27509
93026
73093
46926
92663
72157
1
100000
38678
36468
71351
76913
5212
38905
1
100000
62032
28812
33436
97819
45390
22829
1
100000
58106
41129
11495
75243
5430
86040
1
100000
33004
91983
78463
75589
1523
73904
1
100000
51832
92302
34733
98482
65771
4660
1
100000
8542
67524
42010
80287
77130
3344
1
100000
19381
10777
44710
73194
34398
42211
1
100000
89177
68404
70575
55753
66435
24487
1
100000
93777
89210
26849
65166
46406
48347
1
100000
73852
30316
98061
88692
33365
84793
1
100000
76947
28943
12525
77207
83007
491
1
100000
72631
89892
56647
92605
65636
20167
1
100000
37872
4800
20987
77562
60041
4576
1
100000
83329
31329
9461
20784
63970
12318
1
100000
98099
24798
75245
48751
89320
47167
1
100000
6283
75032
40832
42536
90264
17673
1
100000
26530
99480
26405
16764
89209
93255
1
100000
52390
3089
54908
49293
96310
39927
1
100000
737
90092
85257
94023
97191
41333
1
100000
27407
36705
83843
55195
34327
50521
1
100000
51505
32491
5661
40586
90698
24849
1
100000
90861
31228
89932
38280
68115
33157
1
100000
49372
58470
84678
25644
82822
39141
1
100000
80053
64568
25142
3249
92440
30956
1
100000
35915
56525
48526
89403
62868
56366
1
100000
17481
80530
61097
96568
17582
78182
1
100000
92158
59415
70838
38398
74692
24854
1
100000
67014
76620
52693
5626
49952
59314
1
100000
62469
21526
35502
64201
66554
57639
1
100000
10954
43552
51558
54942
53718
35510
1
100000
69475
15103
96689
6789
36356
48757
1
100000
63109
26641
15718
87961
12189
77848
1
100000
9436
78044
86706
19021
15859
79767
1
100000
49035
18715
54992
48744
49848
84025
1
100000
34113
66055
50698
36909
87878
25052
1
100000
7896
50253
27348
82229
57915
27173
1
100000
88734
96072
92309
50576
13345
81605
1
100000
2050
19208
44104
1812
75932
24317
1
100000
48486
374
49596
45582
61862
56814
1
100000
44251
51033
23289
53314
79291
13125
1
100000
20690
1270
34786
17979
47945
51
1
100000
279
67061
95635
95668
18961
46527
1
100000
81530
7
27083
87639
25775
36535
1
100000
32515
32139
2967
61430
40121
57662
1
100000
7483
72453
71391
52448
19019
93262
1
100000
75924
96180
86304
56216
62699
19810
1
100000
58300
29961
966
67296
15407
13544
1
100000
21505
26610
11470
37081
72500
16495
1
100000
38725
92869
2294
73479
28000
61001
1
100000
40276
37756
56013
1355
80911
93965
1
100000
57590
27343
44290
30985
67215
87735
1
100000
46068
63046
79950
52594
45433
66410
1
100000
12050
24397
53328
86947
71077
7655
1
100000
59641
75489
50977
8363
69801
52131
1
100000
83690
30543
33471
28759
68311
46601
1
100000
57202
85866
81795
80035
19932
2063
1
100000
18232
66636
24914
33510
65859
39605
1
100000
90909
47148
20447
50872
17682
42284
1
100000
30151
84874
78384
99322
35525
71083
1
100000
57886
69383
89209
86037
45642
28957
1
100000
29378
8069
28316
27944
2403
29389
1
100000
75571
33487
38716
82176
53334
38870
1
100000
53047
5682
18637
13380
84494
90996
1
100000
11072
9453
65332
17380
34837
63064
1
100000
84445
79478
92744
65645
31843
28808
1
100000
57485
22267
63034
43331
19327
58570
1
100000
38660
22373
55297
63276
37532
77928
1
100000
60637
21453
55000
89879
26154
30829
1
100000
55041
45247
50777
38243
183
49930
1
100000
40182
82242
82375
24131
42463
82321
1
100000
54426
30270
51673
74940
98866
99958
1
100000
6971
40901
77565
97947
31176
8831
1
100000
9445
80257
98088
94667
88988
21177
1
100000
59239
57529
95495
80870
73898
33830
1
100000
55173
53628
31570
9679
80403
20404
1
100000
96168
68805
86851
7220
96694
24414
1
100000
45665
44107
52584
98623
52531
32998
1
100000
57353
80495
22114
49175
33525
44513
1
100000
45095
74662
98547
54542
94853
25554
1
100000
30733
5762
41218
40622
28056
11606
1
100000
18620
41146
64678
75436
96084
24367
1
100000
3324
29201
36798
82411
73663
35808
1
100000
70952
75585
2189
3068
54846
84119
1
100000
70854
4418
42476
62353
15495
96221
1
100000
29245
23886
76287
68248
97989
65740
1
100000
69182
23327
72814
62830
31649
54448
1
100000
55623
26179
5605
79932
63169
760
1
100000
3230
85926
19368
36611
67705
97000
1
100000
76939
96800
26071
8761
45884
94659
1
100000
38544
66909
62244
49999
20551
12028
1
100000
90373
60797
32298
38756
88804
30187
1
100000
85865
67472
2585
72824
7480
94339
1
100000
37738
78660
81815
15717
32935
69764
1
100000
28027
89918
91894
65167
33513
45046
1
100000
37791
19072
64312
7319
14507
97870
1
100000
5409
76937
72729
8270
1028
95750
1
100000
52480
43091
40799
80281
46273
44583
1
100000
39841
77803
9640
87168
77060
96930
1
100000
78133
82529
48469
88025
67745
69671
1
100000
10459
56319
49692
3756
88997
79265
1
100000
34132
50845
9651
7502
82431
12445
1
100000
54828
17932
44368
21570
85856
70622
1
100000
31415
98129
92559
25461
5642
30227
1
100000
8265
68361
48028
95659
83610
88175
1
100000
92308
16864
83067
72538
67925
57411
1
100000
98280
62053
8899
11583
73546
85363
1
100000
36392
94721
42745
33223
42555
97674
1
100000
2528
96060
46552
99569
66302
88180
1
100000
57813
14264
37520
19083
51597
70686
1
100000
60610
75341
61745
30604
98297
97711
1
100000
98400
67182
71135
71607
2226
61905
1
100000
36526
89557
56272
75428
44817
21758
1
100000
27230
29933
74691
48983
52401
90060
1
100000
46732
64108
24088
45371
34302
64891
1
100000
20400
75702
97966
98650
77799
36041
1
100000
90470
66404
13399
7456
13374
87335
1
100000
25048
65485
920
46207
19720
77972
1
100000
90806
68199
57451
50830
69902
52701
1
100000
55945
85625
84642
32068
12244
1294
1
100000
79302
45164
56517
73392
47638
7744
1
100000
80358
59111
1719
61430
97585
10115
1
100000
33043
68659
98422
64424
38917
65606
1
100000
7092
10267
70892
6603
82630
7649
1
100000
17794
72311
43447
6168
21930
96831
1
100000
68264
94248
24147
38176
56692
29217
1
100000
55718
94983
95770
36983
52964
34781
1
100000
769
10231
70471
42951
63383
69840
1
100000
31765
51157
17469
42216
18970
67843
1
100000
77266
51643
81315
38619
18602
55270
1
100000
84614
17429
77958
29271
73417
44655
1
100000
10820
10491
28832
93609
93518
23181
1
100000
89681
65477
40229
24238
93182
67073
1
100000
6225
49282
21732
95227
18869
57727
1
100000
32768
2358
77326
86066
35077
58738
1
100000
94354
71894
13803
74114
67069
14814
1
100000
23659
43953
9949
69539
95466
79972
1
100000
87483
11753
6049
67833
37692
87287
1
100000
73972
17633
34885
66444
21617
9912
1
100000
67349
92958
84268
94936
12995
76722
1
100000
26519
19538
23963
92863
70118
93390
1
100000
66008
98017
52204
63751
75580
28347
1
100000
32471
44916
317
6534
31000
70541
1
100000
9113
93409
56603
35820
77058
52354
1
100000
30283
89760
6846
27790
5637
97001
1
100000
41214
26417
7317
81444
63965
12338
1
100000
32736
65825
48644
44592
55987
82297
1
100000
430
43517
90018
84628
19216
25556
1
100000
7119
89251
55206
32944
64391
15443
1
100000
9430
28731
48006
24210
39084
75078
1
100000
90393
42670
10320
30617
72679
35037
1
100000
36453
28622
12417
79438
95705
79731
1
100000
87531
69238
71707
41656
30726
936
1
100000
71845
76896
89173
47652
23464
78723
1
100000
72578
23307
12222
86538
23802
2572
1
100000
7010
66943
37096
58535
9755
39841
1
100000
76529
48897
17229
62083
81051
59241
1
100000
54677
86286
86046
33679
359
19891
1
100000
66289
40251
70602
44050
43193
58726
1
100000
79267
40749
76143
48395
69984
90282
1
100000
14326
32502
17253
45855
89128
37896
1
100000
72643
72524
22147
69100
39005
18917
1
100000
20828
72223
47780
96949
61781
45093
1
100000
86124
59776
19508
32866
30476
48800
1
100000
26938
20245
30057
67280
15038
33867
1
100000
45727
85872
59884
33712
90819
15672
1
100000
47163
22411
35626
57748
20739
13187
1
100000
93786
2452
25411
35433
32683
13696
1
100000
32955
79463
41038
40062
59814
92373
1
100000
22351
11536
24216
7721
78004
99784
1
100000
12144
92844
63591
23059
98011
52831
1
100000
25062
58999
35970
58951
46026
41051
1
100000
54458
81820
56505
71008
72057
28285
1
100000
70838
57730
14624
37450
81349
36338
1
100000
87410
86069
60740
90171
89183
34034
1
100000
82276
44168
26590
14425
31894
46489
1
100000
62331
10279
26252
15648
15851
78049
1
100000
74334
42325
17849
4616
31477
53833
1
100000
70184
75510
62149
67456
18464
95060
1
100000
41333
53767
15192
9009
41806
98853
1
100000
99105
97470
7685
32972
42115
31050
1
100000
66010
99139
87012
98006
78462
26328
1
100000
75655
40655
2764
9162
70064
20236
1
100000
28372
78756
10752
58929
76267
15616
1
100000
60208
16433
29665
60907
22494
87562
1
100000
90385
87371
5499
35119
9709
34312
1
100000
51427
48652
97665
63617
33127
40136
1
100000
58437
61808
85777
69396
52354
62055
1
100000
29810
22558
32994
75513
87481
19554
1
100000
40335
20989
84033
10719
42333
94741
1
100000
79648
96968
71207
36429
86834
19615
1
100000
68513
16389
35884
4713
67870
20746
1
100000
800
12231
87673
37198
41853
44140
1
100000
61298
36314
61672
50668
88589
80248
1
100000
57650
17361
41217
19989
14465
6314
1
100000
88997
63211
47987
56408
62171
57341
1
100000
44940
43742
14512
46910
45055
30848
1
100000
10178
24114
74887
3231
9431
37441
1
100000
86080
76805
39380
1788
42376
97760
1
100000
1592
22044
5775
33798
98624
90020
1
100000
70959
1950
81116
15062
71384
27820
1
100000
74445
68835
84069
72712
4288
50626
1
100000
94871
32510
9661
76896
47047
76601
1
100000
33906
35514
22916
61294
4445
65718
1
100000
52144
77663
9601
19344
42908
5414
1
100000
61714
52895
50244
55084
30941
60239
1
100000
66742
62238
55843
96946
64894
40609
1
100000
706
48641
98266
43445
25678
32931
1
100000
35667
11073
11908
51180
74215
28491
1
100000
42888
4269
59281
70193
77901
78828
1
100000
37243
81120
28027
26459
76202
74208
1
100000
3447
78792
43144
95819
79761
58307
1
100000
3031
79482
60024
79547
81923
78309
1
100000
58420
2354
51537
71243
35820
56385
1
100000
48631
21343
51289
40299
32563
4209
1
100000
53939
63439
12932
6124
1920
49081
1
100000
75014
90190
17455
70969
43124
40547
1
100000
72556
75455
67458
14412
20807
20582
1
100000
57754
61482
92332
89273
69971
54422
1
100000
65528
97954
30652
14987
49944
93210
1
100000
65718
78681
27345
74649
33673
8647
1
100000
55032
22333
2297
71290
40565
39581
1
100000
60908
52580
9728
91483
47817
67655
1
100000
25186
34585
58796
98254
20810
14349
1
100000
48130
70332
68283
64392
57292
32291
1
100000
51488
22942
32865
58275
23598
25986
1
100000
21416
25599
47106
88144
90475
85968
1
100000
82017
99555
41071
99377
83490
7612
1
100000
27050
93839
62998
45502
28174
20744
1
100000
25930
2976
68941
64036
39449
19181
1
100000
44272
89280
71075
39308
69272
51696
1
100000
29017
61550
935
48744
26879
53007
1
100000
71701
65689
2808
26487
346
65846
1
100000
56794
5939
14343
50896
67266
75097
1
100000
5983
66240
18345
76384
54360
14816
1
100000
32744
365
82158
77041
4585
3286
1
100000
77365
26756
2712
10688
36963
40426
1
100000
44216
72449
74943
60811
23448
61057
1
100000
3608
37868
32127
56757
75809
10214
1
100000
81261
25581
97725
98185
34757
37404
1
100000
34927
87087
65284
5444
94150
94800
1
100000
20393
46842
76033
26155
82263
96559
1
100000
56051
35616
51275
57275
9428
69591
1
100000
89592
75519
52628
39595
62871
82352
1
100000
38710
5619
59130
97087
33157
93504
1
100000
4910
54780
5368
78287
60284
77448
1
100000
33342
26061
3863
3921
78992
81427
1
100000
36350
84207
43206
91230
2477
62455
1
100000
79958
62704
20657
62274
51854
89470
1
100000
10492
20905
56569
43907
5895
41041
1
100000
37117
65943
46315
17251
24110
32560
1
100000
99575
50303
48175
38283
68483
70322
1
100000
37706
95613
1323
665
72721
36331
1
100000
13444
95890
87053
64400
60262
30728
1
100000
52845
65627
29189
35072
23154
49872
1
100000
51374
83825
60147
58116
18195
14307
1
100000
31138
51842
9023
29078
7401
65611
1
100000
55621
75060
57696
68497
33693
63181
1
100000
41919
71483
91646
81896
21994
21284
1
100000
88824
86863
64191
64356
33041
96065
1
100000
83140
29328
77296
25039
75346
5696
1
100000
18169
23397
64136
88142
31076
66102
1
100000
75700
99416
46535
24401
45026
9665
1
100000
40431
69467
56491
81971
68556
49724
1
100000
98548
59035
60675
57439
98427
2687
1
100000
25393
6885
88947
79122
10394
8476
1
100000
81786
29942
4380
985
80450
33751
1
100000
88671
75458
81941
67759
4857
57949
1
100000
10657
58015
49876
18677
93965
51272
1
100000
50968
73762
77618
82161
52228
16454
1
100000
63120
62467
82631
86008
76802
21388
1
100000
24443
18554
89640
77558
56500
56181
1
100000
67383
77464
26292
85729
24882
21636
1
100000
26450
18800
63087
30661
49122
23723
1
100000
89535
90873
27187
94044
49805
47048
1
100000
15304
86450
41420
33902
43697
72658
1
100000
21552
48388
18987
50077
42060
45314
1
100000
53831
31503
33314
20644
73873
42342
1
100000
40511
87485
76134
3694
90750
30976
1
100000
90319
49466
51248
13307
92221
88620
1
100000
57006
22199
69808
30209
33403
38107
1
100000
96520
77870
51910
42113
64398
48725
1
100000
9719
86366
62477
75629
9090
29024
1
100000
84947
8746
63316
76793
21351
10748
1
100000
55651
25063
64192
3174
41971
65261
1
100000
96291
12316
2300
90931
58770
69399
1
100000
42512
42068
28891
16648
76419
50485
1
100000
64288
90751
98133
53912
76453
48915
1
100000
28725
85912
93888
61252
71737
59950
1
100000
40797
18024
44402
72796
45063
21586
1
100000
53669
86794
16307
26930
64717
78415
1
100000
73111
38550
13939
1740
42388
85442
1
100000
89924
95193
17070
99279
52101
82041
1
100000
19349
8720
13694
50621
1649
80206
1
100000
81080
66589
82043
78967
66998
49320
1
100000
29201
48466
42706
42948
58518
19344
1
100000
93049
68330
80723
70962
16898
51129
1
100000
21389
68438
9281
59234
28115
39002
1
100000
78654
41484
78993
12368
70104
51604
1
100000
9282
79180
40086
50851
96674
46303
1
100000
23787
96451
68397
71270
31845
1098
1
100000
94894
36803
11085
18232
61356
49362
1
100000
37884
93554
93334
83939
62302
67694
1
100000
77882
65996
36865
25730
93016
21688
1
100000
67979
25598
95049
24326
80285
38897
1
100000
23478
38739
13265
12137
73375
96534
1
100000
83024
46587
28944
79881
13648
41502
1
100000
19771
40022
16652
10767
3905
70505
1
100000
56918
14099
50229
78660
99060
32534
1
100000
73891
6514
75380
99590
74347
57222
1
100000
80899
9331
40330
1837
25579
69005
1
100000
68928
74688
51685
51132
29527
73617
1
100000
36452
13134
68247
79014
71703
59993
1
100000
64139
35823
44059
26642
14362
34256
1
100000
89867
17048
11412
11576
26883
80401
1
100000
40751
27347
45521
42368
62710
38437
1
100000
73656
98555
1693
2922
71144
51322
1
100000
91371
38669
33048
22677
104
28308
1
100000
36374
26728
93857
40413
10390
83769
1
100000
29522
73465
34423
36526
18387
40259
1
100000
26164
28195
75198
11985
26186
68734
1
100000
42355
10650
9812
22529
79992
90277
1
100000
26978
69898
59024
18600
57733
77469
1
100000
89948
91096
64484
10090
66484
85145
1
100000
25788
50060
46922
65753
36762
65516
1
100000
50047
15142
40426
31078
53369
20689
1
100000
40509
19281
63433
88612
70957
3196
1
100000
24960
58155
48965
55333
28301
8551
1
100000
59820
36892
713
89363
32182
48262
1
100000
77584
95707
20625
7746
20768
24058
1
100000
36597
62190
77038
77261
36145
42061
1
100000
5869
43134
47228
72846
93460
63982
1
100000
80462
82740
53533
33832
40172
65579
1
100000
84427
4655
95753
2887
28201
46146
1
100000
94732
28694
90223
56606
91199
76568
1
100000
10329
32994
50301
19428
36695
53992
1
100000
46996
75253
75327
46666
1674
38850
1
100000
96655
21037
44682
49922
52139
54760
1
100000
37159
90860
20000
83454
41190
37567
1
100000
9564
22078
64449
99744
8277
65114
1
100000
60794
65482
54497
4411
4165
51297
1
100000
97020
3278
78031
81825
61613
5785
1
100000
86442
77853
97061
42248
66012
16087
1
100000
44609
12715
66149
67487
44429
69139
1
100000
96669
95505
90058
75406
10740
61693
1
100000
11365
32886
17557
93356
5742
38847
1
100000
14577
82402
50437
53085
16269
991
1
100000
3061
93986
67361
48673
62341
349
1
100000
6283
74581
47762
347
27678
68111
1
100000
85850
73641
70436
72191
91748
67929
1
100000
28432
53820
22165
843
18793
60082
1
100000
28341
61116
19636
95556
92350
28535
1
100000
55444
75680
58011
92229
62250
9075
1
100000
21808
98289
66942
83857
76668
43467
1
100000
41294
68079
59229
49983
49831
88599
1
100000
33773
4284
75019
97968
94990
93643
1
100000
75449
2000
77056
73113
428
32706
1
100000
16253
11642
85767
57335
37579
56460
1
100000
56188
86606
80175
82033
6403
90941
1
100000
31985
50147
8687
64643
5320
70492
1
100000
16048
1184
82209
65319
83954
40903
1
100000
76009
67557
18098
26268
73274
8707
1
100000
96321
83784
8901
85965
70712
17022
1
100000
78190
74025
81306
74219
31473
90968
1
100000
71815
85516
44298
19444
37031
9017
1
100000
22536
75433
80341
42480
38879
82459
1
100000
21429
10487
39553
28363
43169
33008
1
100000
5245
76989
31406
31822
32127
97226
1
100000
1148
97706
15390
43552
15384
16228
1
100000
56743
77426
75100
23785
42707
96213
1
100000
81812
49717
49565
8012
33383
35654
1
100000
57044
40715
39501
81783
56711
71296
1
100000
27902
48720
12425
23214
76061
28067
1
100000
21464
81114
48026
581
30936
58254
1
100000
38228
11403
5075
76854
54227
96753
1
100000
36849
61830
99203
63142
51609
42284
1
100000
27978
78373
79128
89414
4067
54708
1
100000
51454
64036
86131
59227
41832
2702
1
100000
61005
27886
21387
52600
1111
36900
1
100000
29177
73889
72804
73509
87632
81723
1
100000
4153
29033
33569
49051
45308
45631
1
100000
70864
69384
79622
75453
69752
59808
1
100000
48467
76017
33022
13889
17475
72573
1
100000
63911
39839
14426
2503
76408
48491
1
100000
40496
55697
75440
90514
27789
40941
1
100000
62301
16586
75905
64656
3606
89454
1
100000
86254
61527
95337
98499
16957
5081
1
100000
67021
48603
57284
42261
39390
37399
1
100000
86663
64614
79777
69375
9790
41812
1
100000
43092
60311
16734
94826
54629
58131
1
100000
25433
97840
45121
57461
84170
22205
1
100000
98664
71751
38256
1834
18335
78288
1
100000
46026
40013
72303
68318
58089
43100
1
100000
82522
78892
70379
77005
65094
25934
1
100000
51573
82103
29726
63240
95995
53596
1
100000
94280
65871
5454
63402
16959
61363
1
100000
86922
31624
23187
30430
50882
35844
1
100000
50414
15761
27796
15189
4658
2071
1
100000
26346
54700
54717
74155
88602
18899
1
100000
60506
96922
72936
33086
46570
76699
1
100000
48317
28317
78131
67961
21360
93325
1
100000
94618
95502
98216
14780
33426
53106
1
100000
11875
24362
32160
84669
88562
52222
1
100000
52806
3990
63860
55733
96642
18161
1
100000
28673
69679
38555
79461
2213
34953
1
100000
76750
19864
68752
20956
66551
17099
1
100000
96539
23965
70461
16536
57894
96734
1
100000
22286
7677
46626
29570
97666
49122
1
100000
98898
14214
77513
59530
6546
39109
1
100000
52242
45168
59083
70547
99472
65413
1
100000
2242
40732
51537
99666
94571
39549
1
100000
64843
39255
30587
24526
74247
20088
1
100000
36504
84073
28694
84240
83176
5090
1
100000
50479
36669
26954
68223
33702
4937
1
100000
35207
29788
77684
26322
30282
72822
1
100000
20083
46730
53407
27355
76834
40614
1
100000
39093
22692
5871
99034
55472
450
1
100000
8228
26893
93789
91597
2788
65376
1
100000
41186
75644
97740
3312
87285
82397
1
100000
46290
42119
42057
83406
74117
46949
1
100000
14573
27686
89883
94758
16613
57919
1
100000
73693
64863
84160
74466
54393
83921
1
100000
17447
48489
46456
64022
83313
82411
1
100000
4555
26055
80274
58167
16761
20888
1
100000
65333
46697
39000
79797
69864
4313
1
100000
66425
86711
81871
18502
10315
36140
1
100000
96181
70720
24267
85255
90320
75924
1
100000
3934
33716
13240
67782
86625
10895
1
100000
29565
41351
70318
34452
62020
4772
1
100000
71966
81014
51567
94444
68309
84595
1
100000
34970
63475
18714
68970
21093
80485
1
100000
8102
93948
3905
23347
34607
34700
1
100000
1693
40988
23250
39729
29861
96594
1
100000
94508
90592
45179
72543
91493
74924
1
100000
30805
97693
56933
45894
69937
94769
1
100000
78333
52269
89714
67746
28295
53077
1
100000
67731
4051
84097
42982
56078
68009
1
100000
36561
58851
34730
93318
71059
6069
1
100000
32314
14387
54469
39299
22596
79356
1
100000
62203
20762
6253
81414
15710
84556
1
100000
77456
43530
32747
73030
76213
66167
1
100000
13076
96277
92886
91571
52346
21203
1
100000
36452
39897
712
67981
51796
91590
1
100000
38871
74720
78506
78483
42910
33327
1
100000
98640
70549
76842
36914
96973
33631
1
100000
66914
78057
72124
83393
64428
35193
1
100000
18195
81224
43449
2151
5030
93025
1
100000
25621
87579
86085
93496
85982
50639
1
100000
18637
71769
65738
58967
70315
67243
1
100000
51229
88033
30611
99239
24874
93214
1
100000
37638
4269
81030
85359
21930
44182
1
100000
56188
15575
47411
28657
53568
99076
1
100000
43634
54802
59356
62155
42250
90740
1
100000
54905
28389
92026
45038
96151
71885
1
100000
93793
17552
1351
10892
11064
56326
1
100000
63828
25289
37172
24647
44370
97561
1
100000
87194
49204
20308
37847
10031
83237
1
100000
29934
45430
37363
61556
30265
31928
1
100000
81189
6425
98987
70937
67243
76441
1
100000
7271
43319
28903
49498
91915
11038
1
100000
90809
91692
37059
57025
9646
16961
1
100000
9343
15800
55091
90970
18801
58636
1
100000
41031
1954
97693
26667
82172
87672
1
100000
86886
88368
84671
53027
65499
17269
1
100000
5390
74198
1349
32305
37619
41854
1
100000
74037
49009
79414
76479
57868
48238
1
100000
66
76003
75098
91391
5494
72632
1
100000
28571
15200
89235
22183
47289
94775
1
100000
80435
2532
13868
24709
3625
98728
1
100000
55207
98771
28573
24062
12001
46498
1
100000
52952
76885
35425
30951
89931
58770
1
100000
8354
60159
53529
95962
91447
58176
1
100000
61885
10393
13917
11913
43650
44604
1
100000
60383
90635
90998
81461
78302
72213
1
100000
392
92674
22222
53857
22366
40500
1
100000
28386
38159
58822
95711
18978
13419
1
100000
74494
53419
50974
69117
92206
68652
1
100000
17194
73316
50661
73550
85883
45249
1
100000
50385
44115
56951
92823
47463
95031
1
100000
80431
89933
19566
78059
55105
51592
1
100000
51723
1793
4998
91682
67897
28650
1
100000
13683
52320
51930
57356
69991
33249
1
100000
40363
33187
64325
37118
94753
38268
1
100000
7108
44587
67985
80183
30429
1469
1
100000
92941
93786
34571
25851
87360
97052
1
100000
2913
96133
91074
30832
16593
32229
1
100000
74717
73075
90408
44171
27984
13316
1
100000
89593
92982
91530
8798
51547
65631
1
100000
19547
1317
35583
59708
14690
52269
1
100000
46645
90592
86648
17908
81393
20097
1
100000
38591
80198
517
70668
25041
63563
1
100000
4647
13062
82188
55703
22759
26843
1
100000
96409
62100
10112
82334
53740
65363
1
100000
11686
22110
88276
87193
4254
49434
1
100000
31240
93776
88184
49173
37834
52955
1
100000
80306
86995
16740
45965
75577
64681
1
100000
3602
54124
26983
79809
30169
89440
1
100000
42825
7196
28414
31002
77442
89474
1
100000
23771
73940
88854
42138
1528
49894
1
100000
94235
73271
3650
81174
83112
71239
1
100000
48475
89039
18782
43765
9625
39038
1
100000
4718
60695
303
80635
48455
88383
1
100000
2118
1571
33029
33284
92511
69909
1
100000
50667
24110
34383
85560
25977
22464
1
100000
26194
92924
7842
11350
18988
6089
1
100000
59071
58613
19308
59690
56351
71723
1
100000
44297
60502
88211
13226
49946
78995
1
100000
47147
51108
9767
29572
423
20088
1
100000
58038
87179
92118
1518
76414
1289
1
100000
30856
20233
88334
82813
88073
25734
1
100000
5451
83865
67284
21259
3846
83875
1
100000
84164
86993
78292
79765
55755
52002
1
100000
58162
32179
47558
47150
89906
88308
1
100000
65235
35053
60049
51405
51068
85063
1
100000
54241
34626
48424
35126
74589
81313
1
100000
10871
59629
30376
87796
75926
14832
1
100000
17130
93812
38393
99318
9275
57731
1
100000
99071
69121
57670
73811
25789
96425
1
100000
53430
88166
39514
18744
38224
2907
1
100000
22095
9092
85449
516
2385
96735
1
100000
47501
22217
45621
59951
24375
3212
1
100000
60812
34145
68264
46721
42290
41127
1
100000
83304
6385
67316
24417
40794
2069
1
100000
27258
59646
18639
76498
13433
52250
1
100000
65396
33586
72137
71527
63609
90410
1
100000
91638
38610
77218
80572
2432
43482
1
100000
79348
56605
62022
68890
1991
45092
1
100000
96888
70862
39112
47582
9467
94572
1
100000
91662
84543
9294
22859
66560
92019
1
100000
69343
84149
36992
37768
27983
75360
1
100000
66348
68207
72421
82855
24493
28553
1
100000
70343
84284
16437
59607
63572
31220
1
100000
69980
90220
34939
19766
61171
33437
1
100000
69684
23549
80073
46477
14019
65922
1
100000
60675
23084
74864
3810
78901
67731
1
100000
52849
69831
82884
6288
1270
6788
1
100000
87447
22779
66173
1558
67821
8092
1
100000
85186
19216
57310
34109
23711
35951
1
100000
82431
66592
84423
44935
84247
73958
1
100000
7887
9125
85482
63055
86386
22846
1
100000
94557
34601
64996
97037
78187
61329
1
100000
65077
9444
63802
78405
98504
30830
1
100000
64840
38639
69050
28858
89125
23696
1
100000
83963
43061
59374
39603
86132
56177
1
100000
1712
25890
26295
93541
68244
4198
1
100000
48789
12847
40867
25683
44023
64962
1
100000
47754
11963
64098
26265
81917
91660
1
100000
64257
81409
86612
20792
61005
3241
1
100000
44485
37205
66842
32380
36640
41926
1
100000
65307
88841
12047
4659
62626
77477
1
100000
17784
65053
95948
24425
52395
63873
1
100000
86490
15243
88175
91039
90596
15897
1
100000
41837
34935
38745
17496
69118
10534
1
100000
11734
64112
31892
71351
88547
82017
1
100000
67584
20061
99274
65345
5715
25537
1
100000
95860
33094
34342
2367
779
10758
1
100000
26380
14776
3882
38662
92056
41171
1
100000
79496
72435
4757
36798
84285
24586
1
100000
62300
59474
37572
67449
30125
52647
1
100000
35206
98634
79381
44140
98373
35447
1
100000
66822
55248
50090
20554
33998
76393
1
100000
82932
45977
26276
52606
60499
84577
1
100000
25951
65967
63648
14606
7110
62008
1
100000
74790
94082
2834
35156
87927
29741
1
100000
36888
65796
25611
90191
3481
69330
1
100000
50869
82902
95656
26197
82877
28758
1
100000
17879
41261
45749
95951
61197
15071
1
100000
51309
8225
34834
24921
33727
95528
1
100000
6144
48178
52588
5238
21459
4955
1
100000
71953
98678
28281
97315
93740
92380
1
100000
24563
88347
16402
54190
86111
24188
1
100000
42559
19452
61040
28810
41973
23239
1
100000
27913
68365
36104
99914
96722
94037
1
100000
20059
33109
83177
71125
22715
77458
1
100000
50487
80299
9293
17044
94951
60872
1
100000
59961
83322
47676
37405
22829
71680
1
100000
95193
17569
94168
67371
1706
93021
1
100000
50328
90413
18615
13599
62118
33868
1
100000
35174
97853
23822
87414
1612
31030
1
100000
65698
1984
90967
13432
52054
15171
1
100000
75024
8617
3758
72173
55467
55914
1
100000
73139
83851
21248
90169
2860
26753
1
100000
62789
62687
47695
84745
10717
54656
1
100000
73393
88042
80806
70807
15728
48184
1
100000
98174
52392
55536
24516
44534
16532
1
100000
64930
4716
45809
84013
80915
2515
1
100000
55072
49314
69428
97511
3256
86809
1
100000
99880
8835
35900
34264
12104
94475
1
100000
13088
39229
24995
62025
55080
66045
1
100000
53466
84118
68148
32094
66240
89770
1
100000
90868
33363
49276
96766
23968
23366
1
100000
69241
78006
95933
66025
82494
88026
1
100000
14393
91963
53623
88919
70960
59673
1
100000
37950
22789
59959
69536
33750
88852
1
100000
11576
39379
57594
98315
72138
63703
1
100000
36816
14211
357
94097
72404
17247
1
100000
37826
61925
5877
15811
53375
49368
1
100000
16319
6098
21019
51272
51865
80135
1
100000
6730
93087
33493
72139
86260
8493
1
100000
20160
47120
67095
78224
77329
95697
1
100000
26703
37294
52663
10616
80237
81488
1
100000
47966
14882
89690
28164
18817
12306
1
100000
61778
67397
21584
74926
29473
90207
1
100000
94291
9757
93393
98706
28736
66552
1
100000
5024
82500
44241
15472
58558
3563
1
100000
46137
40862
76313
78594
55580
50097
1
100000
20141
72105
11281
6
27895
6706
1
100000
7936
62869
30108
33388
22137
65377
1
100000
97407
97192
48894
47109
96301
41470
1
100000
92158
50464
44461
47263
28303
84780
1
100000
68526
32500
31044
55152
62448
20667
1
100000
91186
78769
6459
50467
98610
69100
1
100000
3045
59121
63608
29929
91393
37104
1
100000
38291
67472
70420
41689
96632
49163
1
100000
49605
16096
85668
56146
87310
95224
1
100000
45693
85549
65583
47319
81810
29889
1
100000
1111
43567
36823
78651
76898
59504
1
100000
61934
42557
18190
3483
79901
90798
1
100000
50916
76445
80879
20237
53336
1050
1
100000
10085
67815
58011
90627
19992
86168
1
100000
59079
40318
55177
95665
42090
95554
1
100000
69625
61135
6656
86254
39551
72456
1
100000
5968
38847
50597
64024
89821
4885
1
100000
82488
77337
9756
40770
84752
66480
1
100000
55791
9568
36584
8516
41822
95767
1
100000
13859
54964
44349
31617
92250
36080
1
100000
42069
11159
72804
42143
24857
67857
1
100000
80016
60820
96823
36003
68330
5080
1
100000
48264
49677
93868
69579
77133
45568
1
100000
59576
30204
76417
49806
34147
2676
1
100000
19016
46448
87601
41490
19243
36956
1
100000
32611
25741
22375
20505
31058
80762
1
100000
8910
62756
59138
68779
5288
38549
1
100000
72630
12389
70049
30773
914
24928
1
100000
57019
16236
39251
62795
4883
43038
1
100000
58212
52113
80608
4475
87527
45348
1
100000
51772
21340
98419
78888
31953
52627
1
100000
78561
55445
93279
12369
49121
30282
1
100000
45275
43282
29141
62229
13199
48213
1
100000
35674
26873
8158
74341
64784
47536
1
100000
60165
99658
39631
49598
59351
97662
1
100000
51959
61691
82079
4550
34219
15884
1
100000
74846
51986
59997
37533
94757
60465
1
100000
42698
23082
10986
63731
34443
41265
1
100000
315
62939
57558
98056
27625
91978
1
100000
80514
20118
47286
98258
45734
19512
1
100000
71285
31775
36544
40827
8058
46907
1
100000
65965
88844
16676
31033
54872
81712
1
100000
13482
48856
7154
27228
88584
27405
1
100000
15566
26514
46019
22528
86333
79626
1
100000
15302
46399
21331
57179
82882
50944
1
100000
86760
41763
83421
60338
18681
43049
1
100000
41345
82485
1063
48940
98291
13343
1
100000
27621
95737
51725
70499
50985
65601
1
100000
59617
92650
25581
42882
33905
61522
1
100000
12291
28305
19744
92905
6840
13851
1
100000
30451
95656
83828
21835
88043
22024
1
100000
51936
84742
5834
47334
76091
90614
1
100000
91093
78360
96755
1208
69500
85436
1
100000
94223
81625
47481
76951
79336
1670
1
100000
97236
1416
41942
12725
12716
57840
1
100000
92096
46059
93392
19214
65673
54342
1
100000
74076
53238
25815
44347
33050
25118
1
100000
42415
78211
17270
73370
41023
53100
1
100000
7508
4315
8388
70709
60740
97961
1
100000
6097
13039
83771
34364
94715
5456
1
100000
57415
23785
88388
11437
698
84100
1
100000
47324
62034
25129
18070
74433
5891
1
100000
2757
63713
91415
67287
11823
43181
1
100000
63020
80518
75560
40500
3950
13466
1
100000
95807
2736
55041
63777
96542
84211
1
100000
72017
66991
67039
86586
77056
37750
1
100000
31700
4920
31223
15934
38840
15150
1
100000
64305
38270
9767
38667
22741
79328
1
100000
82166
79880
24388
37507
11513
20835
1
100000
22377
3961
11749
15778
49113
69856
1
100000
78686
75903
18902
59721
86480
2513
1
100000
77212
2220
4004
63889
12786
77109
1
100000
3315
50687
42236
72111
65952
228
1
100000
753
8715
60975
28451
38741
55433
1
100000
78325
98709
79663
79304
74799
12423
1
100000
97644
21942
29647
95217
5482
29809
1
100000
56593
32500
83602
52525
64691
39978
1
100000
30352
61965
27518
84584
13955
13595
1
100000
5010
47940
10970
16029
13148
52044
1
100000
66517
79172
72855
91674
69977
70505
1
100000
51437
16198
57452
20448
88853
68393
1
100000
87575
78604
75895
17526
32291
92603
1
100000
19478
87640
30704
92466
78778
98505
1
100000
96294
94297
33864
79577
9043
37182
1
100000
16600
67292
18045
61609
21623
88147
1
100000
53538
50485
93816
92933
82846
53435
1
100000
49113
84355
1796
97962
23364
68349
1
100000
76699
1331
41503
45628
36320
86890
1
100000
56194
431
87
58598
48280
42611
1
100000
65023
19593
68240
7552
34510
30270
1
100000
62421
79057
46574
47148
66889
74357
1
100000
14627
51853
98627
70856
44465
84353
1
100000
67290
48044
81961
84402
15416
36122
1
100000
88498
56427
76022
44431
90831
86799
1
100000
41819
99470
21580
1989
497
68714
1
100000
10073
30107
68852
27654
92959
45296
1
100000
51933
48761
55141
82020
44072
86435
1
100000
90599
30134
11020
37026
15500
96413
1
100000
43898
67579
62482
790
76155
61745
1
100000
55790
6265
21406
72382
93268
49459
1
100000
39751
44524
12828
11890
13424
61190
1
100000
34098
70014
41869
78138
95371
25412
1
100000
64968
52749
37151
91561
6138
29108
1
100000
40595
53967
49450
19183
64944
49573
1
100000
38235
17990
80489
55670
4322
56061
1
100000
52674
71577
75539
29515
18991
83701
1
100000
71957
18517
28146
9561
74114
62046
1
100000
57118
906
93901
8959
61158
78725
1
100000
75845
63633
73919
24704
90317
72971
1
100000
63482
14297
26289
73179
76715
67760
1
100000
22222
98229
24798
35113
3496
32797
1
100000
91886
22993
78838
33608
49016
85075
1
100000
14457
13318
45737
45915
61275
18502
1
100000
67447
74618
29310
2718
9878
43748
1
100000
93872
399
51126
33412
22111
79519
1
100000
91401
2788
81594
29026
77339
8347
1
100000
57641
6822
11319
78169
37278
69578
1
100000
71327
81854
63128
77499
51875
303
1
100000
67481
92159
20352
91197
45469
2309
1
100000
11243
22417
99371
70887
71569
19139
1
100000
34732
86386
54031
39472
34563
43772
1
100000
48253
81868
86985
37997
41138
47247
1
100000
83178
79041
48808
22282
21665
60226
1
100000
64734
924
42774
81931
41312
35809
1
100000
44009
42098
56652
24638
5955
15930
1
100000
95224
76562
20580
38766
43610
7627
1
100000
66634
53258
33414
28795
30016
96492
1
100000
46455
66870
99502
68580
93490
99251
1
100000
10148
72562
40180
60271
4657
56798
1
100000
10911
66841
85930
63469
92731
11064
1
100000
95087
45361
43689
74924
39188
13904
1
100000
94621
51354
13564
18767
71560
1389
1
100000
93564
97206
56602
80281
41166
70856
1
100000
39544
43703
88780
67753
25668
11400
1
100000
47954
32409
72217
85684
67078
94437
1
100000
10520
74224
38094
98615
16610
73122
1
100000
97065
41295
28369
30899
56999
98347
1
100000
69386
50995
49001
75410
16178
30239
1
100000
32330
71105
60463
87628
20195
58603
1
100000
46407
6022
28126
76187
96479
91467
1
100000
61604
91035
38944
30111
21584
15261
1
100000
46571
42054
25211
30277
66971
63320
1
100000
88020
47541
18413
73755
18412
56372
1
100000
27100
21622
15756
7170
72181
75550
1
100000
24923
64232
75896
89288
66780
49140
1
100000
7070
72662
15540
88959
73160
73439
1
100000
57847
66105
90990
45613
93181
50841
1
100000
95471
45027
13889
71902
70461
52761
1
100000
30904
95443
34208
7163
32775
44307
1
100000
8531
10233
17778
34364
22975
9705
1
100000
10947
47884
14043
64586
10402
93032
1
100000
46549
5251
28814
45023
81980
58045
1
100000
1304
27275
27939
63832
54830
55429
1
100000
714
15406
46582
31119
75421
92681
1
100000
58038
77132
42843
97663
43435
82887
1
100000
80821
2131
63243
77292
2916
41120
1
100000
71176
96679
46209
90715
53018
3086
1
100000
60523
23943
34968
54001
47843
36219
1
100000
81021
36699
55069
54291
40551
8527
1
100000
53495
87372
9155
95156
43442
66236
1
100000
89357
39591
770
40976
46644
44099
1
100000
93700
3210
46042
89676
60079
67357
1
100000
3339
44189
98908
61491
97969
23490
1
100000
59465
81504
38023
43472
66853
30420
1
100000
90019
3067
54635
70999
43545
10312
1
100000
6869
16654
27893
47509
45453
70499
1
100000
40023
13644
58360
2594
47675
99967
1
100000
30414
28759
27221
67660
22349
29194
1
100000
52255
54836
17553
72133
35257
60747
1
100000
22568
25972
27616
81229
76354
29762
1
100000
64885
65146
33094
4646
38581
14842
1
100000
48677
63195
39293
35928
71060
54865
1
100000
57096
24979
13346
29324
26217
41836
1
100000
65882
31175
1069
77169
50403
40811
1
100000
83771
89768
92924
94505
2981
42774
1
100000
33726
63234
12978
28678
31922
57090
1
100000
1505
38273
71515
27115
3939
34398
1
100000
84564
34151
40608
6914
80854
38272
1
100000
14904
43790
41452
35093
13200
17725
1
100000
9080
293
40419
56014
59180
12518
1
100000
44079
12368
43338
22513
9716
30684
1
100000
34269
49721
88990
48590
43002
16705
1
100000
57884
38852
37898
54702
81930
17093
1
100000
99760
77011
46948
81764
17567
83935
1
100000
21080
61637
27740
56436
54492
62471
1
100000
17191
51425
81910
42757
22320
99384
1
100000
61263
46623
28216
68622
320
39031
1
100000
72836
45952
42806
51087
52584
44778
1
100000
34320
40667
97177
14344
17001
69139
1
100000
84810
41282
95651
86887
97153
10139
1
100000
81192
89058
80395
190
23053
56970
1
100000
34217
23950
23524
24536
3684
32186
1
100000
80794
23789
55030
62475
52358
97315
1
100000
21572
60417
64558
47079
6723
38664
1
100000
8300
24436
18613
38481
24279
6825
1
100000
93529
65327
60410
24293
55962
18413
1
100000
5951
47596
42051
84026
34105
2120
1
100000
26004
6926
9311
45895
92037
43696
1
100000
26567
70891
73823
71565
7439
80335
1
100000
9565
35472
13484
72719
3104
69895
1
100000
60659
40154
66655
82816
1061
18144
1
100000
50757
8186
78122
83520
30145
38413
1
100000
75522
3862
32853
48285
94322
64882
1
100000
62925
6609
14821
22012
35628
67892
1
100000
91577
23931
38466
88227
19445
56290
1
100000
76771
29568
37525
27258
71202
44515
1
100000
23919
25510
95697
33249
5862
2360
1
100000
36463
75843
55924
63071
2932
53169
1
100000
11138
1043
19100
38171
35859
36870
1
100000
99090
90659
31814
60939
6052
84668
1
100000
11806
77187
82455
93865
1965
93718
1
100000
17643
69219
70773
40271
73545
38910
1
100000
53366
13765
37252
63896
72272
83605
1
100000
52461
98349
62477
61150
30322
62931
1
100000
40328
50724
66944
88579
40105
89644
1
100000
37535
66039
43151
54858
52247
22446
1
100000
22486
90059
69862
77214
73470
88450
1
100000
80657
44185
79514
35931
42693
17378
1
100000
31279
83306
47519
95892
2568
68648
1
100000
90200
48094
80688
94261
45096
20933
1
100000
75490
71320
38389
70642
3511
56235
1
100000
8404
69986
79853
26332
61724
73736
1
100000
75855
80784
60181
75338
47385
87351
1
100000
87405
67294
30041
42371
82420
61292
1
100000
72297
71170
43576
47299
38013
76619
1
100000
11094
47733
69093
54300
96039
17285
1
100000
88444
6466
52019
1925
47587
83983
1
100000
32110
94849
80436
66700
27103
68247
1
100000
30557
40507
24861
75631
91934
50406
1
100000
5004
31710
15
9468
54133
15076
1
100000
38921
38197
69031
56633
89392
38678
1
100000
24643
26045
82301
40823
37757
59548
1
100000
61581
45241
37352
21771
31455
5338
1
100000
52385
61653
18926
71765
13807
42640
1
100000
31406
21477
40230
26030
36782
62145
1
100000
59201
1094
41869
26050
60706
82127
1
100000
48417
19397
46446
65135
58907
97844
1
100000
68444
84691
91772
97196
57721
36748
1
100000
72158
88835
93761
54905
95456
59121
1
100000
63010
57229
96836
62570
95472
71000
1
100000
39343
82141
80879
75549
70425
12766
1
100000
52780
85523
89608
68983
2645
45070
1
100000
36144
47842
3093
53078
40477
498
1
100000
90450
22687
97308
51901
3520
47039
1
100000
16946
35886
92944
49515
21312
35833
1
100000
5496
85558
59414
737
94516
45010
1
100000
38134
94983
34006
51476
53739
90933
1
100000
34330
22743
4354
80293
66274
31179
1
100000
99657
64332
10957
39553
52348
22706
1
100000
17192
85338
43140
60140
3352
75407
1
100000
19796
69064
24881
69271
72190
92808
1
100000
59597
27086
5603
75140
37413
92897
1
100000
59555
67395
68836
19925
79307
65653
1
100000
1151
26252
73168
69155
60936
317
1
100000
8003
29897
42513
16430
17593
36037
1
100000
80614
44411
45221
45623
85029
17759
1
100000
16230
39875
61983
25534
85784
96762
1
100000
36649
90953
33232
99217
52393
96393
1
100000
9959
68371
50663
34838
60586
30345
1
100000
12516
97781
63679
29506
71574
52171
1
100000
28470
51828
5222
45878
46471
87388
1
100000
33096
49126
67593
66687
86748
55492
1
100000
64631
63420
7172
56650
97521
87868
1
100000
54635
12122
24931
59176
8742
35311
1
100000
22969
31060
61918
94074
75683
79870
1
100000
38455
80381
93028
86425
47326
17581
1
100000
31225
24341
51591
72208
49868
99948
1
100000
36111
73164
12816
17542
66740
26640
1
100000
36876
44456
83741
7148
27646
2513
1
100000
28478
44192
50573
58839
36989
67407
1
100000
29135
64325
38820
27791
21748
33811
1
100000
38927
7377
81932
77481
46525
36894
1
100000
59014
85709
56623
37878
67535
18699
1
100000
40168
17829
14303
14821
26728
87295
1
100000
51789
54325
40119
38479
34902
32998
1
100000
27070
876
99035
49492
34649
65333
1
100000
29113
5416
17634
53333
74087
77603
1
100000
29675
3146
75963
36060
89163
33616
1
100000
60214
7505
76824
7754
58271
42109
1
100000
22355
45136
70292
97437
96180
85899
1
100000
7781
91856
63426
52720
40496
50523
1
100000
39500
50598
71092
99539
32731
99103
1
100000
25360
36086
77705
55294
61363
29847
1
100000
1131
30638
42269
88779
62531
10025
1
100000
44693
85326
28037
32013
98496
91877
1
100000
10061
15251
33378
86937
9961
70776
1
100000
64153
5847
17525
99060
63330
61214
1
100000
50605
35724
508
59792
24406
86164
1
100000
48173
22675
23167
39705
40806
12831
1
100000
99270
61715
42172
20633
17989
92678
1
100000
61621
50441
89887
54543
68291
47847
1
100000
79751
9372
43866
47232
97738
36723
1
100000
29670
17455
44419
4840
68167
3762
1
100000
37826
81154
66771
27667
57788
91921
1
100000
32053
14646
83101
88839
68432
66021
1
100000
98565
17506
16471
54538
26475
38863
1
100000
66934
935
46331
61101
65333
89444
1
100000
34363
35509
96808
70275
12611
64647
1
100000
95585
82291
17885
9734
38773
7484
1
100000
77801
9803
2138
47652
61909
6911
1
100000
26621
86010
2652
74575
26361
68798
1
100000
88561
46851
81299
70001
90337
3722
1
100000
84176
82528
19555
75430
37514
85434
1
100000
78403
67071
95254
25607
93896
82035
1
100000
20751
39210
23323
98818
85811
37877
1
100000
36401
11632
66607
87986
56033
54980
1
100000
27011
34690
80236
50585
93765
7322
1
100000
75635
36546
27751
96030
82524
96945
1
100000
16385
64112
66279
49960
51665
95320
1
100000
45685
87497
46342
41980
4637
3810
1
100000
55559
7425
1440
32454
11971
76642
1
100000
98915
1613
80376
34522
90354
95230
1
100000
71453
58161
57164
74528
9376
596
1
100000
4314
16308
85725
59590
38018
62998
1
100000
67958
67255
891
33410
35118
47444
1
100000
41693
72200
16741
90006
39698
80337
1
100000
93099
92036
37151
79954
45185
65661
1
100000
30744
11809
27647
90630
45826
54584
1
100000
58163
33887
55938
19635
24122
67374
1
100000
89619
63468
8975
12674
58305
79029
1
100000
71771
62410
9338
47678
91898
94886
1
100000
28779
38138
64840
32020
54150
61778
1
100000
26535
19125
69576
4505
51529
76499
1
100000
38929
43550
2940
82315
29016
89698
1
100000
63678
38539
72119
61293
44984
99635
1
100000
31811
38643
80175
19481
96066
26034
1
100000
32337
81226
1949
71530
1261
66156
1
100000
17468
28590
75844
31460
50022
36239
1
100000
85504
65894
12504
3467
70813
85042
1
100000
41685
61935
53359
41790
1684
48484
1
100000
97448
20080
88754
96078
52999
19335
1
100000
86219
52913
90620
29925
57007
39428
1
100000
17314
10075
47767
44718
6137
66219
1
100000
90698
98127
1462
3280
4016
314
1
100000
68055
8746
50687
27737
62676
88467
1
100000
38492
64702
72558
72985
70446
52114
1
100000
65819
37106
56285
98580
62312
61687
1
100000
99615
82812
88644
35373
28979
93244
1
100000
49776
75916
56177
57431
91544
3787
1
100000
56852
31727
61371
71447
54184
35148
1
100000
7077
44170
37008
900
6089
81242
1
100000
50881
82707
90603
13099
16454
77136
1
100000
41822
84203
62662
50292
80319
83883
1
100000
31927
49151
12070
88066
98718
78729
1
100000
17437
31845
98662
33994
83379
45518
1
100000
78300
19566
86133
88003
52413
21367
1
100000
83957
37971
40924
30153
98615
16390
1
100000
23326
65094
26183
69242
49562
89842
1
100000
97576
93446
97414
49922
98932
27747
1
100000
66169
31024
40461
96874
56868
73704
1
100000
88083
56380
94067
77695
94081
88428
1
100000
79699
62549
26564
511
43812
70976
1
100000
1679
27270
87578
73962
62114
13551
1
100000
71476
38479
64608
28284
71834
16220
1
100000
5001
77252
73750
28990
60400
76937
1
100000
4141
97374
37793
1240
96567
80773
1
100000
41175
56512
22559
90564
92913
41780
1
100000
73162
2994
1363
75001
86887
74699
1
100000
43645
93239
98009
68431
2067
82297
1
100000
47071
91417
45216
93091
49163
37844
1
100000
91402
970
59145
12282
71240
29327
1
100000
30183
30910
38941
34851
41741
38891
1
100000
34600
95137
71387
25072
41605
46423
1
100000
9340
7348
14613
12875
6615
27854
1
100000
10211
93210
86063
36067
28588
8848
1
100000
71190
63100
50376
80471
73383
80418
1
100000
72715
52033
49037
40702
97125
57390
1
100000
16924
8819
40608
49975
28117
3528
1
100000
67895
67705
54648
11911
11327
70312
1
100000
37976
63296
74988
20769
75480
326
1
100000
35611
56018
59711
55025
93675
81583
1
100000
53298
40234
68163
21263
79438
62757
1
100000
10497
12860
17608
74262
70187
82264
1
100000
44281
89698
58842
17078
71780
34061
1
100000
2488
97659
43391
36179
85905
67103
1
100000
79247
10758
56814
1712
14396
40661
1
100000
28088
67862
54159
64417
63559
68146
1
100000
70699
56745
23521
57380
75484
69024
1
100000
11091
22323
34213
16628
92011
53341
1
100000
19592
81614
81295
40369
32143
25626
1
100000
97473
12026
19581
19200
96561
19449
1
100000
9595
79120
28652
81550
915
90536
1
100000
54811
71173
84210
82436
38126
79418
1
100000
65692
21384
82167
68486
63634
47891
1
100000
52322
688
70845
2666
60055
57432
1
100000
92373
15500
35173
43258
83876
59017
1
100000
78674
43033
53124
77755
93445
79482
1
100000
35092
89094
15984
87192
87791
8297
1
100000
17093
85591
52821
76657
42535
50883
1
100000
53912
50761
32129
33855
56311
43215
1
100000
15318
25090
26387
33437
80488
76025
1
100000
28687
92739
50839
46701
67064
82449
1
100000
10062
84336
28009
1412
47504
49181
1
100000
67450
28698
26122
70796
18998
16260
1
100000
6918
87476
35282
36266
35483
28676
1
100000
37211
48113
21441
84437
5267
68209
1
100000
82377
43362
35806
34307
52540
63567
1
100000
71877
79488
94456
36721
3711
27354
1
100000
70449
78139
87467
26897
16278
36822
1
100000
18142
81974
95356
92757
55653
62016
1
100000
94491
90708
52710
95190
25097
18662
1
100000
81615
54355
99381
47041
90874
85407
1
100000
20902
13496
13642
69007
90662
13374
1
100000
48958
48366
15073
48753
74872
55591
1
100000
94065
40301
86121
66816
97838
27887
1
100000
56230
40678
52487
93393
62528
52621
1
100000
4945
45567
6180
35025
92258
44248
1
100000
84153
55593
31529
38281
62876
3080
1
100000
59175
43347
4638
49325
74880
84116
1
100000
21182
23817
60752
80439
99813
19461
1
100000
40337
19806
97470
84368
25894
77642
1
100000
80698
45594
67749
45761
1418
93140
1
100000
69371
88736
35940
99700
88319
73534
1
100000
10545
69670
70856
28258
12751
46487
1
100000
37938
21739
90587
49943
12951
62666
1
100000
87924
91373
61862
34497
87353
59363
1
100000
7753
19137
20050
76727
52510
20974
1
100000
87459
89633
4123
38640
36562
44091
1
100000
69969
94121
24349
68367
22505
67190
1
100000
72296
25219
41831
42948
33125
14491
1
100000
5540
94311
75486
58030
10429
41762
1
100000
98349
60792
78263
41777
10734
66755
1
100000
39161
86111
78849
21694
94823
21962
1
100000
6670
25080
41866
29665
8295
2106
1
100000
3248
79128
62792
51108
50366
11938
1
100000
95175
52280
79494
53506
34365
64917
1
100000
91207
32412
73966
39147
85841
13184
1
100000
44240
793
33146
59750
86469
5909
1
100000
22356
98646
78749
79626
32007
74998
1
100000
73953
17263
89107
13659
6672
62959
1
100000
70016
63165
36800
20352
32825
89145
1
100000
25005
13211
45443
88211
50917
44506
1
100000
51142
63370
65193
87926
49377
66333
1
100000
97292
77173
61687
65109
23514
67176
1
100000
30800
99892
46474
63182
61938
73228
1
100000
575
77381
36033
47607
41857
35699
1
100000
82091
25215
90411
93101
78675
34103
1
100000
1937
99360
1018
33566
72664
80367
1
100000
29478
73121
75996
9350
63427
32357
1
100000
70100
95994
97698
91051
23491
20696
1
100000
58569
75507
83582
90120
61084
3243
1
100000
44798
62736
42638
1112
27077
44632
1
100000
74252
8210
6787
63506
68019
80224
1
100000
17774
85129
10228
27388
92058
27909
1
100000
50538
97935
89561
57273
44534
20091
1
100000
76592
52200
37712
28871
78200
89346
1
100000
27403
33690
26438
58806
69701
38356
1
100000
33276
71536
39397
35176
4087
20486
1
100000
15348
63819
38024
53206
52078
27523
1
100000
48423
18918
71961
85769
3793
23370
1
100000
48040
41971
53324
165
21932
48266
1
100000
36277
34921
95046
94104
73054
36878
1
100000
47869
96187
16772
29548
6667
97618
1
100000
47035
71624
1224
76171
90079
13241
1
100000
48207
89165
5512
66555
24443
29582
1
100000
87029
61897
50174
69467
89952
12144
1
100000
40310
24885
97670
18555
39512
14742
1
100000
77891
59257
48326
78917
5803
92421
1
100000
82790
703
9701
48921
77972
85897
1
100000
86122
95926
66114
24983
95537
67796
1
100000
4617
47125
45988
75836
93905
61109
1
100000
27351
9331
77752
41613
59904
29353
1
100000
30542
91103
93305
6752
94197
38168
1
100000
34290
13200
63640
15282
48885
54736
1
100000
69612
73209
11214
97209
49687
53813
1
100000
67090
8800
58570
74414
98194
1360
1
100000
56092
21448
48309
19995
44496
83421
1
100000
17332
98823
25132
66448
88384
2000
1
100000
65601
17673
8018
87957
89824
849
1
100000
33311
17029
45476
21309
75286
72339
1
100000
77306
61733
65731
5239
35272
44819
1
100000
67980
22595
86844
40805
16389
78663
1
100000
8354
50521
30606
19197
97778
32780
1
100000
36945
99300
96587
31432
36235
43641
1
100000
9180
68619
60911
39750
51415
33716
1
100000
34924
6689
44558
5704
40929
22595
1
100000
77990
65002
72732
33177
63690
31910
1
100000
3360
35444
40483
29960
24805
28796
1
100000
98100
61258
73629
30808
9495
50635
1
100000
44057
48102
56490
45050
9787
38379
1
100000
91249
50850
88620
10247
85230
41400
1
100000
42426
32584
39551
2940
40920
50983
1
100000
70499
92754
2716
91449
31995
45732
1
100000
36591
75510
12970
5766
62042
72636
1
100000
44049
87749
50125
48586
74404
84580
1
100000
5913
99736
30820
93988
56145
72918
1
100000
51002
18607
32432
68332
91274
95908
1
100000
12096
55802
56854
64914
95702
75414
1
100000
30359
16312
17320
88719
22633
30647
1
100000
19068
61300
61400
20596
43938
29793
1
100000
93308
39349
74993
20615
73951
18251
1
100000
74229
71562
51642
85294
37527
70872
1
100000
95755
2284
74631
9426
12583
8399
1
100000
324
12170
76520
72669
31359
35499
1
100000
49419
58529
61575
23283
68542
14642
1
100000
85721
57826
91395
30433
48140
21987
1
100000
70323
28834
82508
95511
55554
27536
1
100000
20801
285
93192
62587
766
6235
1
100000
5200
73484
52211
91600
47429
28466
1
100000
49269
5496
84133
96368
93363
53492
1
100000
44317
34987
50714
18200
93170
40388
1
100000
13961
73495
25087
97849
21491
86562
1
100000
64829
28276
12894
64264
94339
93675
1
100000
51779
72558
83578
84509
53222
44514
1
100000
27761
25078
3018
27510
97535
77250
1
100000
74057
22247
1736
26603
77602
18549
1
100000
86906
36520
18039
74597
21449
78032
1
100000
52202
22653
11430
12118
38663
46312
1
100000
62151
11534
93151
54662
64256
99763
1
100000
36666
6231
98173
38549
49073
22461
1
100000
80121
44010
12024
8566
44263
91010
1
100000
36102
2807
84493
91263
56376
22087
1
100000
58492
57092
3949
84112
15950
53098
1
100000
56972
12464
23963
1709
25810
58982
1
100000
1007
6956
44075
27634
91720
46454
1
100000
16353
66935
38923
28071
78710
53359
1
100000
57104
11666
83770
81707
86968
65077
1
100000
96064
43082
12347
93946
90090
91038
1
100000
30235
71508
76466
89726
68104
19372
1
100000
23466
82782
15520
47706
95814
2157
1
100000
15075
31983
79159
63571
88802
85383
1
100000
3063
94516
3523
1934
17084
13600
1
100000
66440
3220
7103
17192
17223
9964
1
100000
96201
39392
60031
21461
81421
71000
1
100000
35259
24843
40333
49313
77978
22228
1
100000
1884
55361
12197
38160
57149
10628
1
100000
14115
43628
59495
54716
50032
36879
1
100000
38316
47123
51527
46691
84086
57164
1
100000
76409
10875
62880
83304
43143
41824
1
100000
78028
16435
15976
4906
3201
56736
1
100000
51824
43541
83850
23782
35668
70411
1
100000
9459
78184
59719
26359
29329
44321
1
100000
73454
89847
10295
85194
1319
14540
1
100000
77226
72271
15534
95106
22780
73028
1
100000
50106
94930
69974
87044
63519
15287
1
100000
86701
75097
7427
6643
73384
35443
1
100000
74690
28043
58113
25352
6774
42832
1
100000
13737
57074
31531
23466
61825
43190
1
100000
81823
15784
68070
33472
74972
12889
1
100000
54376
81225
37403
689
37058
75601
1
100000
33004
31788
24364
40050
80490
90826
1
100000
37388
18952
98208
41443
49732
75
1
100000
41602
30809
64712
94493
83737
48360
1
100000
56738
40427
29092
61952
73685
11219
1
100000
25120
36875
89534
63088
43777
73492
1
100000
49607
90370
30728
30598
66291
16917
1
100000
93003
88455
69843
86659
72207
66395
1
100000
45222
24572
54048
27174
52870
24099
1
100000
29838
799
49656
61893
9841
19679
1
100000
74429
58914
64893
76393
67938
53885
1
100000
41923
55062
64336
19210
1138
17341
1
100000
55182
11770
86356
67357
34632
44039
1
100000
98943
70005
78824
54604
11948
60464
1
100000
14150
77265
62507
73521
27743
68477
1
100000
97081
9095
52175
95806
53653
13771
1
100000
96847
28248
53033
29045
46303
33197
1
100000
24822
39163
95136
59829
34516
95401
1
100000
5153
78481
30752
59536
25819
98268
1
100000
20039
76294
24496
17284
69656
49059
1
100000
98479
34602
78047
3050
54917
21108
1
100000
39579
2582
59525
26636
84127
38384
1
100000
18925
25584
24148
45024
46269
43586
1
100000
4306
14433
73029
77104
3954
98738
1
100000
79995
68554
17384
35683
85417
69618
1
100000
78201
27745
64011
58922
56369
99736
1
100000
70055
17766
14675
89002
95406
82079
1
100000
15517
55686
99169
52299
29245
80783
1
100000
6928
63253
59890
70625
73497
59353
1
100000
28144
46093
6970
18141
24437
18499
1
100000
48632
71726
29931
42790
45894
48601
1
100000
47653
26909
97971
59911
6507
65036
1
100000
10684
79799
58171
97822
70901
5719
1
100000
88955
15426
70899
14389
2712
76795
1
100000
83369
90369
40807
20496
57520
23965
1
100000
61682
45284
48535
32266
72869
10905
1
100000
11053
68665
20402
91992
8259
57221
1
100000
57422
11838
39950
15440
2578
95824
1
100000
60855
72182
72672
61888
32258
70037
1
100000
5162
38132
44077
84385
65048
61960
1
100000
20266
86190
81727
18589
85160
18071
1
100000
67800
74263
85654
40096
50185
75643
1
100000
51187
73285
90268
60639
3823
57514
1
100000
82363
49164
68281
35265
68090
5949
1
100000
49611
92118
40963
99537
87690
4601
1
100000
74840
23280
24066
86016
67356
79806
1
100000
78760
15456
28364
4624
92253
19626
1
100000
99561
90705
76681
68596
33032
87567
1
100000
2667
94651
77150
41464
20763
98616
1
100000
25984
75582
73745
52469
35386
34143
1
100000
85082
41662
24779
91773
86709
67695
1
100000
60326
14466
21726
99868
30571
27778
1
100000
46392
80418
25354
32640
17152
69186
1
100000
51682
49552
54566
63223
82658
92915
1
100000
50269
39150
99934
1534
32161
19673
1
100000
58730
36154
39204
73308
46858
54664
1
100000
61170
39603
38489
47460
55987
10110
1
100000
9904
88108
2787
89856
30462
83999
1
100000
84999
15536
35487
71422
51087
88473
1
100000
46751
24643
73677
86224
46240
39247
1
100000
78001
96452
88757
54409
71522
51025
1
100000
14846
41279
79684
82061
98478
52453
1
100000
44127
17708
49840
29789
145
12081
1
100000
3062
7480
69747
3440
64873
33048
1
100000
83199
43119
49205
77533
35596
21856
1
100000
76010
82268
31951
91244
49327
56895
1
100000
36405
49467
91797
60128
34027
70305
1
100000
2489
98303
53866
63338
66744
22963
1
100000
38147
24467
23385
50711
35518
73768
1
100000
65197
95805
13451
7638
98279
69146
1
100000
40251
51778
6417
4507
71352
55697
1
100000
50581
81885
79463
36888
50982
32106
1
100000
27050
36914
33018
67350
45916
41857
1
100000
6963
81886
86210
26602
65360
83358
1
100000
29053
52238
93752
79223
43900
27927
1
100000
72238
97785
70473
97180
2284
2942
1
100000
64247
28697
60944
37510
51506
60053
1
100000
75585
60509
5022
3839
93035
46176
1
100000
84808
44354
69482
16735
63493
55598
1
100000
95961
21450
2020
14744
86173
11002
1
100000
10045
49506
1878
16706
47130
9034
1
100000
71549
44398
62362
18764
20734
62573
1
100000
2818
17053
99564
39057
37961
40853
1
100000
52993
5341
53744
66117
96984
67526
1
100000
17741
91951
50071
68402
74574
82239
1
100000
43763
46301
62940
63792
26093
72078
1
100000
81033
46225
59572
61789
10344
59146
1
100000
634
44700
8299
86257
31367
57904
1
100000
62044
12773
24203
2504
7017
11432
1
100000
66006
88366
84103
28157
84717
4668
1
100000
76009
54508
77142
88054
89106
19953
1
100000
70221
20344
72106
24148
33455
69257
1
100000
59443
65484
78631
33055
93847
39945
1
100000
25346
21370
70232
51067
27041
64758
1
100000
86755
21412
71047
58160
54188
89776
1
100000
27075
88126
99953
29538
53740
14818
1
100000
12753
40982
80575
58291
32706
27082
1
100000
70622
60597
25643
7416
33703
84549
1
100000
78501
23298
73783
79964
16757
62818
1
100000
76791
67396
79049
38598
44320
4273
1
100000
24168
59693
38791
95798
76584
7305
1
100000
50341
98189
94074
24576
34325
10040
1
100000
53127
88697
18557
33539
11119
53738
1
100000
27611
4708
31061
44399
39749
38081
1
100000
15325
74797
12356
74894
58601
18384
1
100000
69144
85826
5227
63059
78602
73328
1
100000
60163
59697
29168
30241
21031
14875
1
100000
85309
54553
1761
81923
71856
10142
1
100000
66852
29312
96506
72176
52558
91456
1
100000
72743
90634
83017
68740
91412
93687
1
100000
45441
15488
38355
31146
48650
31914
1
100000
35824
44745
25728
95062
71735
20392
1
100000
64405
95876
85553
67579
88315
57641
1
100000
78208
93002
44983
97471
79867
81596
1
100000
67652
94027
69266
92351
85975
71245
1
100000
13001
62524
39443
2950
29250
25029
1
100000
89464
88720
71774
93742
44505
22694
1
100000
58544
28512
38956
9679
29683
43339
1
100000
28873
49101
58961
9328
64992
66118
1
100000
55822
67824
60438
4557
48035
22772
1
100000
3851
86190
91479
76941
87293
4135
1
100000
89630
77602
6765
75491
48603
99605
1
100000
14800
77924
29763
81866
80517
5380
1
100000
36242
28987
10409
57475
24776
3722
1
100000
91879
36639
96692
86552
51620
49203
1
100000
18244
55143
5050
25463
66668
44789
1
100000
20879
41265
62503
50011
38767
14401
1
100000
12283
27204
40405
41036
33791
41288
1
100000
77014
38557
57986
12177
32062
1811
1
100000
51807
15888
71548
66978
62924
33456
1
100000
23000
82853
71587
61731
73681
72066
1
100000
44227
56607
77567
20446
62372
58340
1
100000
77068
98030
1422
97359
27110
85445
1
100000
38371
49263
19129
82647
99846
23521
1
100000
43595
88633
14105
49205
77059
84567
1
100000
21719
69442
33271
64576
77272
50343
1
100000
72782
7390
7286
43644
94363
96943
1
100000
39524
70442
14845
47528
99399
41941
1
100000
44452
14636
25202
68722
61281
64752
1
100000
69236
99730
24381
23410
46694
62999
1
100000
78384
69367
29594
24591
37033
80532
1
100000
26393
43171
89650
54529
78868
26417
1
100000
91619
13233
64724
35722
95286
65169
1
100000
99067
74911
4153
56366
45125
78060
1
100000
70823
284
96692
50448
40330
63436
1
100000
37705
18739
40093
6859
67968
31428
1
100000
89604
91982
41056
49116
24426
62173
1
100000
98891
56926
88842
9735
46311
57274
1
100000
32356
81657
21242
98820
84176
4716
1
100000
23004
62422
94615
14569
95070
42352
1
100000
55743
54082
16351
63868
31882
42312
1
100000
45664
92156
37264
10051
385
141
1
100000
32266
5166
9336
80791
30187
65876
1
100000
52973
58403
80724
73066
26469
99725
1
100000
59312
34378
39993
98404
27533
78619
1
100000
5693
77048
60787
30209
58462
82133
1
100000
30700
75824
59364
12230
40522
89858
1
100000
80057
69248
95408
76446
71051
37204
1
100000
75048
69582
71745
43868
42115
97576
1
100000
52034
77706
36447
41314
71131
95154
1
100000
87794
22361
2060
57444
4426
9526
1
100000
67797
93676
78849
95063
45756
60325
1
100000
37366
82152
22128
69311
40070
53063
1
100000
38205
86109
15648
46841
43562
93703
1
100000
96196
51114
87826
93525
33135
19869
1
100000
8857
24513
51385
8398
48515
91846
1
100000
44255
71428
7121
54020
71721
62858
1
100000
60413
81715
94081
80808
7048
8129
1
100000
91313
44793
28642
55789
33690
38944
1
100000
30929
4131
93838
26903
29499
83138
1
100000
22663
65149
22198
13180
95072
72352
1
100000
94633
67157
14349
22052
94838
32929
1
100000
28020
56793
39235
64134
19735
93668
1
100000
80521
3443
8448
31144
98024
40749
1
100000
84469
658
97285
42220
62369
6899
1
100000
77872
19082
39378
50566
40032
28238
1
100000
86069
50068
90600
53782
37627
68388
1
100000
35859
45817
50195
1359
64458
94234
1
100000
83988
64004
42194
31471
28499
91983
1
100000
9825
94671
96815
88166
60755
69207
1
100000
84563
43598
94193
49046
60454
43434
1
100000
13152
46473
79089
27496
73157
33699
1
100000
20605
15129
9743
46946
23437
80092
1
100000
3133
18300
84871
58134
58854
67200
1
100000
79133
13232
68631
1369
59724
99682
1
100000
56434
99924
34007
42394
57181
54719
1
100000
77305
64121
32455
38175
60121
74830
1
100000
58397
68165
43137
40115
42783
9198
1
100000
73505
60202
26587
27025
59616
53462
1
100000
20219
14581
37929
96689
13985
96073
1
100000
28146
80004
3490
62114
43902
82902
1
100000
5595
31733
93042
99361
52663
69771
1
100000
38940
22237
3131
69432
78080
70579
1
100000
92043
62289
39618
8582
17072
94573
1
100000
73714
63072
66549
12505
79719
54675
1
100000
37879
49262
16704
17563
70954
88129
1
100000
66874
8449
4750
60290
27685
63270
1
100000
73855
748
34329
27792
55869
5182
1
100000
39560
58153
64768
68492
9563
10132
1
100000
21100
24167
5183
81588
84972
2115
1
100000
25913
44880
16239
48597
85438
73330
1
100000
87150
53199
70980
16168
73720
97729
1
100000
60812
61413
51947
3212
22761
86209
1
100000
80092
40951
433
79100
67366
19899
1
100000
12028
11352
41156
54624
62875
92648
1
100000
27839
1892
76007
32083
32647
44750
1
100000
47834
41361
87087
47540
11392
8714
1
100000
29726
1464
66139
15299
16285
28071
1
100000
65125
14628
89742
22900
87912
74813
1
100000
19574
33147
70690
89772
66260
19051
1
100000
37057
50177
36763
77167
12388
51647
1
100000
18628
39857
49498
85066
20018
92176
1
100000
18654
69465
49487
7586
25170
83279
1
100000
15439
71585
82116
76367
2975
76740
1
100000
51348
88320
61774
36325
69430
87366
1
100000
73850
85157
25663
24108
80806
74186
1
100000
11061
70162
61425
10777
80227
57258
1
100000
98103
97363
84002
47236
69201
27919
1
100000
10502
10670
45189
23076
46198
30618
1
100000
2260
21480
7090
12944
73012
67177
1
100000
60965
36689
54462
61564
21220
76901
1
100000
71571
66108
58940
38154
83734
30897
1
100000
97650
57605
17743
66291
38740
48568
1
100000
87501
67223
43018
56495
5372
67133
1
100000
33062
34242
88696
47693
55061
19174
1
100000
90458
66530
58194
42523
68050
69049
1
100000
66602
18890
52372
20816
28645
6465
1
100000
85326
59163
3538
87076
79129
15561
1
100000
7101
24415
67027
74625
46337
35355
1
100000
7294
64894
5094
70202
79007
29810
1
100000
97818
95137
39456
58921
31119
83077
1
100000
21181
84644
18558
2861
58983
29226
1
100000
48097
68405
66402
94658
26631
97675
1
100000
85989
60120
26147
5119
34390
8531
1
100000
76706
66468
88841
34
43581
35249
1
100000
33018
1600
97537
42927
52925
92797
1
100000
85642
69878
9280
36388
85935
34527
1
100000
72873
77445
45164
84525
11356
54358
1
100000
72162
30180
28642
62885
70512
10550
1
100000
46263
4363
31283
27487
93111
68429
1
100000
24359
92818
11448
28483
98623
78960
1
100000
96402
51751
24201
5546
3349
97372
1
100000
22866
18277
16062
70361
96152
49665
1
100000
61202
4913
40095
11970
50880
7365
1
100000
29061
46511
28333
11604
4830
21944
1
100000
59680
98531
1641
93036
86714
8639
1
100000
24741
95323
89584
12435
15387
68883
1
100000
91453
76872
70821
43419
42465
77310
1
100000
98443
64788
29459
28012
47088
56059
1
100000
12906
48264
46958
50355
20581
12467
1
100000
73829
23059
5812
9014
74987
98599
1
100000
88008
87878
29716
41032
85722
33868
1
100000
59490
70275
37948
16014
29136
557
1
100000
15437
50041
41800
70069
21512
11900
1
100000
70105
24337
26516
14118
24241
14915
1
100000
88736
44928
17106
66499
84252
81344
1
100000
89323
96010
70523
87767
56245
93364
1
100000
72269
10716
14482
86756
88880
43019
1
100000
97751
17206
99181
87920
43413
33717
1
100000
81012
78210
94288
67761
43591
90389
1
100000
96838
51969
87992
34939
85331
25817
1
100000
43517
16364
52895
49598
59390
55505
1
100000
30603
85775
34406
73984
43425
26087
1
100000
53363
25302
50963
72639
81253
89267
1
100000
92578
50504
27323
33659
80152
98436
1
100000
36520
67610
67056
727
17064
45466
1
100000
80209
22373
44617
67800
24223
62048
1
100000
42600
78073
57673
90337
34172
70787
1
100000
86587
91896
34272
74725
56374
97676
1
100000
97499
60000
81490
14709
21564
42738
1
100000
42078
49489
25935
64599
70193
32099
1
100000
34684
87130
20213
59689
95645
99083
1
100000
44938
42034
18761
79347
17330
1155
1
100000
80433
22195
37036
83165
332
76922
1
100000
7073
34735
75776
15300
90359
19587
1
100000
19123
25393
75700
4886
37340
9895
1
100000
53582
7417
88432
7162
79740
14708
1
100000
20691
45007
26678
55984
47112
32192
1
100000
50189
29800
83021
2597
74433
5865
1
100000
88540
55660
9687
31435
58079
97506
1
100000
84011
39222
24466
13342
8720
91754
1
100000
9910
28775
57735
33279
48934
4653
1
100000
41470
769
64005
36692
19468
99764
1
100000
21524
44469
8792
27443
87116
65488
1
100000
10240
20524
93466
56886
21508
23963
1
100000
48755
97422
50794
86321
17302
26499
1
100000
40776
97711
75390
83381
17746
78197
1
100000
28885
36881
8637
88293
76859
23128
1
100000
88512
35921
99769
26437
24663
52537
1
100000
80029
72186
59469
53340
93248
84872
1
100000
41739
47879
52687
23135
28637
82374
1
100000
92197
87528
77361
16391
30379
47141
1
100000
41059
73648
81999
14316
29667
82038
1
100000
9730
70249
67611
66127
56848
52064
1
100000
42796
72771
8798
96167
99184
7074
1
100000
3685
91572
44967
80996
93133
98996
1
100000
30412
28932
69167
92975
10166
4110
1
100000
9387
30661
83329
1262
80840
49567
1
100000
3576
24669
82480
92416
88627
58695
1
100000
92262
69218
95065
92755
35611
41896
1
100000
52681
90091
25154
57956
52718
3401
1
100000
79386
70663
88908
49560
45298
8024
1
100000
58200
9912
38630
92539
4488
33745
1
100000
27811
56533
77793
19502
83254
48281
1
100000
23721
23281
656
69758
8094
49422
1
100000
42213
9230
2556
92280
77991
58126
1
100000
69956
94391
55635
77974
28866
32074
1
100000
56960
78090
21027
84941
41502
95558
1
100000
17017
74598
58139
38947
90398
53521
1
100000
80265
48845
4072
53094
370
5223
1
100000
43100
51953
80817
14425
30237
1
1
100000
77935
25271
20707
51231
50204
89089
1
100000
37824
65223
48391
60337
10035
76813
1
100000
86836
11306
87284
78979
4491
30295
1
100000
64967
97972
20085
42945
1034
94636
1
100000
12453
48134
18960
13362
60645
29698
1
100000
29394
23459
45083
40085
67301
50655
1
100000
10644
21168
53787
20003
21630
26451
1
100000
39560
75660
6725
64654
66370
69000
1
100000
21687
39262
56473
63588
22414
56756
1
100000
12403
38408
2988
51652
82301
75826
1
100000
99904
51586
3501
48829
88622
59646
1
100000
48064
39913
65056
20166
53986
97884
1
100000
20633
14791
65253
26864
80743
16046
1
100000
58183
71626
61104
44047
11940
5495
1
100000
28875
42428
42106
20771
50043
83317
1
100000
5236
9197
52322
26622
52714
56979
1
100000
32950
73704
94570
65473
75259
91833
1
100000
29475
1342
14583
87579
51950
44201
1
100000
79281
28681
95513
27433
22475
87082
1
100000
84069
7780
72955
28716
32889
7403
1
100000
10225
79578
14886
15030
41125
63588
1
100000
20419
49923
485
80147
36562
69404
1
100000
62043
38648
7410
54086
40599
46125
1
100000
55746
10539
38545
41925
59395
54278
1
100000
3454
35963
11414
14033
84248
48387
1
100000
75766
22998
27649
35748
4847
1396
1
100000
93069
98948
9382
74933
16447
92324
1
100000
78785
52424
58233
19117
55395
29323
1
100000
50923
80819
55476
58507
48390
59104
1
100000
62397
63518
37822
50661
19239
99739
1
100000
87745
75485
70788
61754
2813
92912
1
100000
20990
24765
8962
46192
43966
52165
1
100000
46619
39778
80729
47975
36460
41872
1
100000
30105
21535
34597
83686
68848
20657
1
100000
83509
21174
5782
24813
73658
90823
1
100000
69873
97884
67180
4015
50781
4983
1
100000
83106
15339
87709
22435
37027
1435
1
100000
19753
54562
79260
79451
12977
35110
1
100000
43379
25709
47806
85721
38831
30176
1
100000
14998
45131
76219
53216
2781
987
1
100000
82141
28809
81072
18192
42097
34412
1
100000
56341
54370
15981
91278
57391
82799
1
100000
73426
59295
68619
80351
65456
30956
1
100000
75854
52951
3252
33291
12565
97030
1
100000
49032
34930
95931
48503
88475
9758
1
100000
74651
33153
69591
54216
18046
34778
1
100000
56452
6902
42708
18386
99717
56815
1
100000
64566
79049
26019
76768
20636
60944
1
100000
93408
29589
92096
33611
67862
98416
1
100000
9883
49107
25078
2993
25543
4844
1
100000
32757
46010
50264
94994
13972
84694
1
100000
20973
62899
39262
17187
58694
68943
1
100000
79677
37123
7469
45438
91531
84979
1
100000
80006
30302
17133
94320
79367
65013
1
100000
38567
15562
73339
54693
46835
73016
1
100000
85499
64903
76181
71668
9741
51986
1
100000
48375
71071
25415
89969
70884
55312
1
100000
86011
51607
92607
75271
81764
35962
1
100000
1221
89855
77149
74051
18533
51205
1
100000
841
70980
38165
3258
38691
14121
1
100000
19377
32900
63137
65112
69097
13503
1
100000
9046
95823
23675
78276
61836
30379
1
100000
43409
77034
96461
27468
47852
96292
1
100000
54617
95976
97285
8205
92523
12315
1
100000
74006
7957
36174
93077
71665
87645
1
100000
61009
39516
29597
40824
36762
70537
1
100000
13926
40674
32376
12916
70742
46970
1
100000
49545
16052
55599
17219
45407
79354
1
100000
57430
55256
8688
44731
5498
95522
1
100000
84140
96957
29218
36860
55146
72512
1
100000
64862
15854
49252
48418
7785
75195
1
100000
67132
31119
44045
4879
46943
32277
1
100000
85411
21503
62577
8853
81001
14494
1
100000
58510
9073
93554
60060
72987
83549
1
100000
38754
30556
18555
77890
73699
90242
1
100000
15576
10864
53553
43774
16369
31818
1
100000
35179
38518
70232
64617
54860
25747
1
100000
80115
41179
68999
27613
39142
13565
1
100000
70797
9671
90803
17374
53326
26383
1
100000
64517
9646
35236
63889
61199
32650
1
100000
20475
42160
277
33786
5963
581
1
100000
92610
6257
653
57324
43260
54597
1
100000
96843
42046
69098
46175
12564
24090
1
100000
20260
32990
54019
48216
33251
46108
1
100000
5568
60841
37190
23060
91917
16318
1
100000
16664
99733
99784
55389
53351
26387
1
100000
41070
88552
30630
54891
74093
45348
1
100000
1852
45717
62068
90577
99785
2894
1
100000
91025
51895
29129
1027
63266
20429
1
100000
50151
69240
6952
98663
90517
67592
1
100000
2362
91537
15101
29140
41653
77229
1
100000
44433
60053
70012
39251
32690
87914
1
100000
78454
45252
3926
72484
56884
75303
1
100000
49542
63564
84271
72711
44320
46591
1
100000
42622
10718
6465
30970
13044
38710
1
100000
83362
30627
78374
26591
1352
90842
1
100000
44397
23327
11037
21247
45231
82677
1
100000
95492
90557
44413
79261
23380
55932
1
100000
33534
38704
11584
36341
58818
34409
1
100000
90112
85016
45194
15849
18266
8027
1
100000
39232
98440
1072
7834
59145
18879
1
100000
73932
60321
49478
75402
52854
36058
1
100000
99640
24793
2155
50982
50974
9561
1
100000
32450
11103
83038
48733
42805
51126
1
100000
98668
68071
788
49647
7141
66601
1
100000
83906
65285
57884
69430
19739
68606
1
100000
39255
18930
17025
85081
7513
52388
1
100000
12855
11827
97041
38704
35727
49916
1
100000
86041
76737
27533
68104
81380
34559
1
100000
66896
74963
68912
26974
88784
46093
1
100000
80039
47213
38832
46177
77771
83129
1
100000
16551
67616
85269
44752
59476
54447
1
100000
38147
19017
20214
98741
57684
4576
1
100000
69150
34548
19361
84259
65578
40448
1
100000
59313
25589
71667
50646
16595
47633
1
100000
17070
89905
39866
70682
18695
3041
1
100000
60087
48931
44581
14603
67705
86622
1
100000
84738
32434
72938
37578
94488
69118
1
100000
61028
66062
75438
8894
47141
16632
1
100000
83249
33444
37627
80375
36009
43678
1
100000
59362
37833
83957
62769
26631
90540
1
100000
36075
61173
87796
27572
28396
39262
1
100000
28324
41523
57088
42128
77359
62235
1
100000
84895
90886
96911
52923
52965
92254
1
100000
11480
23953
83741
60811
29297
4682
1
100000
53480
2506
36369
10485
87650
93863
1
100000
33943
53302
52883
62925
21146
67297
1
100000
67004
51090
10306
43535
83388
96017
1
100000
63281
24646
2167
56086
72050
83772
1
100000
27339
65780
59527
95844
86708
9389
1
100000
86381
89411
54891
94101
29199
51712
1
100000
54140
1027
94902
37503
95469
19197
1
100000
960
28776
75598
27393
89267
98133
1
100000
45780
98370
58680
6997
75450
63632
1
100000
30292
25125
67388
22875
60392
5692
1
100000
52176
4915
83071
56393
62603
3341
1
100000
51574
73267
52412
19378
34364
86573
1
100000
3316
85298
62804
97953
50242
15417
1
100000
39638
98516
97874
72740
73059
34181
1
100000
88099
5620
14658
26060
75763
52776
1
100000
59819
33229
50546
9718
56581
64250
1
100000
71993
25187
53713
17617
96552
40034
1
100000
47677
43877
99013
99472
92871
82308
1
100000
68934
31246
30850
96691
30079
92898
1
100000
63204
67988
68987
88495
7128
8478
1
100000
17540
92952
42728
70194
82745
47860
1
100000
18999
80259
90355
76458
97319
61491
1
100000
47346
75157
14005
13295
5554
94871
1
100000
17265
86018
55795
52285
86442
29365
1
100000
18910
11800
64369
50279
30930
71698
1
100000
30609
99457
79939
23424
20892
62867
1
100000
34648
33939
70727
56429
28832
59410
1
100000
78780
43590
69525
22612
66252
26048
1
100000
91198
78200
17157
34943
21095
56638
1
100000
43457
81047
73237
25835
7431
93261
1
100000
45217
65317
61229
85405
22152
8667
1
100000
99954
82824
17994
33311
87464
31786
1
100000
52961
63018
51818
46974
58756
7705
1
100000
43624
301
24624
78633
50101
44546
1
100000
53379
11189
45847
96538
75538
9730
1
100000
86367
51074
69679
57153
32397
51297
1
100000
10697
68618
96021
27651
80048
37568
1
100000
30372
48255
54500
99569
23840
81726
1
100000
15322
33882
92514
44937
46331
31031
1
100000
29458
74652
4356
39413
87650
34564
1
100000
58306
79399
96119
99320
85859
50327
1
100000
64985
17585
26753
71402
23183
14757
1
100000
29481
77309
22719
97785
18790
99278
1
100000
91498
63309
4173
50437
18809
79276
1
100000
72632
73402
30754
57154
89814
99342
1
100000
2803
33033
21969
22626
70147
93408
1
100000
50284
53946
42504
24289
79731
23492
1
100000
15362
7532
63284
88235
59626
92282
1
100000
2238
30422
42338
73597
67618
88364
1
100000
95168
29975
38204
8500
96416
64607
1
100000
27769
93124
69331
35977
44979
7670
1
100000
5123
61615
94690
65485
45759
19867
1
100000
65903
34929
78899
31036
62682
53168
1
100000
79768
30712
89965
55809
70391
27003
1
100000
81444
83015
96619
90480
76160
48892
1
100000
29791
52682
51729
33364
9328
16340
1
100000
85493
28184
81212
36411
40759
3196
1
100000
38199
85940
98978
58173
17551
99063
1
100000
71642
94326
65233
36120
90122
19295
1
100000
3255
34368
78858
47699
34763
75672
1
100000
56712
52009
1202
87466
35371
27008
1
100000
52675
13249
95119
24249
90698
69094
1
100000
22331
51527
2670
9338
82117
47310
1
100000
96449
16369
29533
21614
26668
9394
1
100000
56450
74316
33243
18455
81490
19345
1
100000
70246
111
4263
76080
13575
80735
1
100000
32710
53406
51806
46523
27860
40570
1
100000
26322
18139
40577
27888
62530
35261
1
100000
14766
97319
38175
74497
84409
32649
1
100000
63995
51605
92648
73612
22906
86365
1
100000
28296
33605
89089
33821
8724
1741
1
100000
1887
6469
11757
30377
19830
7864
1
100000
48268
10890
97459
5247
6792
97979
1
100000
15066
7441
40242
25386
9982
98247
1
100000
64252
93259
36862
8764
74086
91405
1
100000
37191
87249
1818
93836
60488
5920
1
100000
63272
25352
51224
65231
17460
27224
1
100000
78841
49959
27349
68113
40276
31688
1
100000
58740
92028
48202
79670
11096
37674
1
100000
71378
62206
36742
60187
91954
33325
1
100000
9093
18440
25924
77875
6214
56286
1
100000
56813
80989
72688
10361
89751
8200
1
100000
60680
64907
71264
90737
48223
52060
1
100000
50155
44471
63002
59092
70857
90602
1
100000
54458
45727
1154
20223
58125
76106
1
100000
98114
18627
74737
61054
29305
80162
1
100000
46573
92008
50599
14405
73180
12842
1
100000
12561
95279
30538
74529
54818
18233
1
100000
69003
8185
35106
38418
94089
74213
1
100000
78951
91278
71423
67194
46401
18877
1
100000
67620
14397
24644
57334
6890
26070
1
100000
57439
72112
43908
18365
29857
86707
1
100000
91108
39027
87430
72860
44451
85494
1
100000
41188
77341
32423
20507
80714
67104
1
100000
43130
59700
32212
73805
9466
97358
1
100000
18958
15938
96205
35598
6712
21119
1
100000
36745
68478
84437
22712
38074
44250
1
100000
25378
74108
87633
36053
84157
98032
1
100000
84366
74983
79939
11455
19145
21996
1
100000
72744
95338
24500
87443
55184
48945
1
100000
47213
91939
40265
16059
22031
6619
1
100000
12839
48146
17845
57158
81046
85777
1
100000
9674
68517
76566
30983
90480
28290
1
100000
23016
51816
10786
50925
96333
62705
1
100000
1977
23352
77359
16305
20629
78128
1
100000
60209
40002
91333
38610
39728
99553
1
100000
19570
79940
17060
85847
45682
19154
1
100000
75683
46345
98701
26999
48613
2199
1
100000
33129
94787
28365
68784
94143
53209
1
100000
647
8684
85411
54396
16199
72861
1
100000
63642
46986
46781
27816
68253
33751
1
100000
20083
29344
84720
44803
27022
71307
1
100000
8922
5594
79072
93973
66351
4669
1
100000
63101
82235
8456
71629
3322
56790
1
100000
66544
35971
82320
30546
9302
64704
1
100000
98856
31649
71792
41498
85527
88217
1
100000
79373
20552
70048
2916
64583
9141
1
100000
11311
50593
92784
34811
22332
7742
1
100000
64209
71529
13195
44930
43009
24495
1
100000
60951
87147
13712
32887
18936
58074
1
100000
69068
14194
25420
84601
13557
63603
1
100000
5505
17591
26383
56703
78863
46257
1
100000
50066
5495
64230
61525
62825
93585
1
100000
69398
56629
81095
945
6109
70209
1
100000
60152
17652
29742
71025
22677
71478
1
100000
52277
28300
65435
38234
69022
3366
1
100000
42307
28733
38801
46780
19310
2652
1
100000
18283
41338
70462
48966
9889
44052
1
100000
73085
88777
64008
3108
43566
60786
1
100000
72320
79579
4001
37585
98272
85362
1
100000
65361
44550
4380
91716
1967
13089
1
100000
93274
34503
57816
941
89366
35400
1
100000
86892
30125
49158
1311
59717
28551
1
100000
15726
12025
16102
15236
46262
94713
1
100000
49419
72101
56576
57783
74733
7551
1
100000
82703
64413
562
22775
51585
57314
1
100000
92513
93039
15512
39664
50806
8004
1
100000
74986
6324
45089
17825
45829
30151
1
100000
34646
69981
26329
49499
22328
31233
1
100000
88868
32387
34233
59845
46295
60894
1
100000
62801
13330
36152
10013
13320
87693
1
100000
25682
44725
27553
91967
4501
55716
1
100000
69250
16916
81589
80615
26757
27527
1
100000
1099
76231
74342
37563
3584
23057
1
100000
34978
8845
5592
77764
47942
58883
1
100000
12618
70525
90663
10444
71358
71071
1
100000
35500
57181
68358
81339
23736
79115
1
100000
4260
9020
89455
22219
79287
27837
1
100000
66477
53411
45571
36783
74062
31741
1
100000
48192
64052
33768
13768
9445
210
1
100000
63959
56761
49218
72376
28614
65343
1
100000
19661
81316
92194
74078
78276
29502
1
100000
84035
76492
54741
51672
27099
70270
1
100000
22375
7465
33041
29489
73696
62396
1
100000
8134
58232
60124
28192
45583
60999
1
100000
81307
30607
15558
18657
49690
1340
1
100000
20343
97412
4816
4000
26288
42066
1
100000
25435
1505
91355
58142
85442
84461
1
100000
28510
15190
3417
37298
66839
79871
1
100000
56065
42021
46792
3486
99920
7955
1
100000
10039
9638
21217
45661
57903
33157
1
100000
86517
26647
33620
47603
39896
65330
1
100000
23343
94005
26465
78305
95995
80370
1
100000
88252
97151
36441
45872
16128
1111
1
100000
62795
23086
11981
84769
76686
9731
1
100000
26041
1030
63689
129
45953
98851
1
100000
17673
5086
84028
13282
66962
95903
1
100000
39305
89414
84351
33200
82870
83763
1
100000
81304
75510
14309
30727
31531
98957
1
100000
24932
81688
22090
35991
26323
2964
1
100000
68855
16203
24088
85094
50097
97318
1
100000
60031
24132
83304
88117
24845
48160
1
100000
51971
71121
40708
95780
10328
26122
1
100000
42075
85576
68300
93782
43652
28685
1
100000
92131
61750
54868
61174
84707
71435
1
100000
30161
36202
31679
82544
24430
92075
1
100000
44387
27733
58488
83656
11851
56408
1
100000
13013
87919
86205
48992
84428
26848
1
100000
92797
44594
68550
64844
14287
4249
1
100000
4953
82657
80416
58482
2402
25639
1
100000
40646
57253
48710
27044
39084
89591
1
100000
17607
99933
42894
97414
27286
72016
1
100000
19006
68059
68895
50779
51139
86738
1
100000
27449
90088
35853
22801
24426
89986
1
100000
84076
70996
44824
80175
26059
97417
1
100000
135
69213
5815
3157
71064
23442
1
100000
43933
82086
65885
47622
43712
52113
1
100000
91866
52270
69884
89198
4084
23272
1
100000
32931
57482
4592
30194
21438
10467
1
100000
52698
40876
83705
7696
12557
76651
1
100000
17245
77514
78933
81365
32281
15235
1
100000
72612
2343
68534
58536
20591
5936
1
100000
89357
99763
75540
23502
59564
74524
1
100000
58713
24467
21861
13984
71650
56415
1
100000
5320
48348
97269
9711
31030
77145
1
100000
79566
39407
38427
49883
60109
49180
1
100000
91014
84570
16380
26828
27168
88034
1
100000
99404
17339
24247
67543
60977
8515
1
100000
31916
79864
27317
98627
27506
88836
1
100000
7259
41237
75958
30418
93568
16178
1
100000
86000
32369
84898
62373
58805
975
1
100000
37070
32527
68813
81605
85406
82231
1
100000
6685
54615
57260
6847
28398
82322
1
100000
39312
98527
58347
97717
67724
64410
1
100000
8453
54359
86636
42506
99721
77804
1
100000
79721
35992
37328
49331
44543
56231
1
100000
8593
96216
50600
89843
44520
96263
1
100000
76320
35767
37936
76512
71261
97434
1
100000
10829
10693
91371
73058
12722
62361
1
100000
75644
78874
48877
6257
17860
49810
1
100000
65163
95669
96663
6929
15647
52839
1
100000
6299
4357
85657
52820
89719
3756
1
100000
53128
38789
64953
11066
28413
16237
1
100000
92667
77044
82491
76535
736
66265
1
100000
15735
80572
64374
3317
56050
4210
1
100000
10006
64959
76876
2806
87976
8460
1
100000
68895
78980
83043
51634
13955
77239
1
100000
56090
55916
19660
79147
42162
4220
1
100000
75404
79048
88149
20243
44178
81012
1
100000
36809
13224
59222
6257
41533
87256
1
100000
34640
55465
58918
46756
83988
5740
1
100000
28041
71533
910
77838
502
99323
1
100000
19456
98220
2051
47421
91865
9407
1
100000
27880
8723
79917
75195
86757
37565
1
100000
61634
93022
25953
76532
81859
20106
1
100000
98282
5585
47334
98924
52052
18535
1
100000
23986
11711
94975
55702
17955
96979
1
100000
4165
8719
38151
1724
41724
60999
1
100000
46217
24697
5680
37743
22220
80797
1
100000
94430
88368
21972
91857
86728
61595
1
100000
75191
73467
78158
85691
79771
39008
1
100000
23851
69598
69091
65916
78790
40679
1
100000
89485
82082
65584
29004
69508
5107
1
100000
21662
43521
90801
29971
30566
99165
1
100000
68539
60705
90068
49159
2071
39947
1
100000
40861
45414
71070
72714
68450
20944
1
100000
2968
97762
15872
45470
27605
6372
1
100000
4932
41183
29561
66133
8997
40480
1
100000
68211
55276
98122
48107
83630
55716
1
100000
9867
46364
11915
76743
11580
88882
1
100000
71191
6203
45723
46008
16939
61851
1
100000
60249
87445
88073
71167
54215
72538
1
100000
30066
88217
6096
54812
98677
96598
1
100000
84129
35575
86737
75870
15603
24122
1
100000
18069
18205
47608
15298
44666
15741
1
100000
24624
94373
61146
81002
55378
67027
1
100000
1827
50324
891
31292
57122
24984
1
100000
16691
8747
96030
35368
34552
66843
1
100000
34809
18917
43437
99190
6461
90006
1
100000
85975
52332
18284
7075
9076
70653
1
100000
39250
17837
15043
35320
78193
26039
1
100000
61951
37708
74439
27598
73236
73247
1
100000
90678
40086
58118
94494
21683
91883
1
100000
12573
83728
1778
27503
49243
56633
1
100000
15879
46296
83006
4081
49853
70869
1
100000
93063
20877
53175
5093
95708
79206
1
100000
16005
53641
76056
49935
3439
43487
1
100000
15949
2229
88725
85362
3021
11516
1
100000
63304
1801
96527
49657
88574
76768
1
100000
76842
17062
41602
42342
13619
71905
1
100000
68234
27594
54267
51313
55126
69046
1
100000
52038
38001
72240
25022
22934
67136
1
100000
14528
23334
45173
36419
11171
43273
1
100000
7311
54337
2555
28784
50080
97330
1
100000
75694
20747
53913
63085
96274
56025
1
100000
84611
95546
50597
4475
61779
54492
1
100000
19472
63745
16150
51614
21306
23511
1
100000
73055
92863
32817
40434
34328
2294
1
100000
60324
37983
15250
13453
34922
69747
1
100000
51219
9781
32370
92550
63279
74962
1
100000
18718
45074
26173
36610
61213
6152
1
100000
25449
68920
86199
47641
2599
82135
1
100000
3481
50845
45287
76335
93150
41531
1
100000
45044
30027
10755
99149
1334
95688
1
100000
60703
14235
58862
2446
50947
41520
1
100000
41138
82755
93015
13058
1422
47809
1
100000
96779
19152
33744
66922
3910
52444
1
100000
56373
62600
66624
88359
66069
68001
1
100000
99839
3259
75422
49508
31583
47060
1
100000
19061
85474
42530
27688
47697
45558
1
100000
38120
19870
36208
42513
67590
89475
1
100000
11726
12497
33909
79673
23087
92249
1
100000
69908
14136
80529
96293
44990
4651
1
100000
66241
66631
88956
32810
45831
15126
1
100000
14147
49606
57572
80322
47378
41071
1
100000
49082
66493
8546
72933
76306
48216
1
100000
85328
65115
30844
38150
45935
28063
1
100000
28197
33246
79898
66663
77746
14657
1
100000
87785
9943
5291
96527
83477
60081
1
100000
10139
14073
46572
50943
78896
1575
1
100000
28910
15707
24264
32351
17357
2219
1
100000
64555
13185
76214
15073
74600
58487
1
100000
8775
88617
16011
31159
66333
44788
1
100000
33156
43806
42088
10065
15615
75394
1
100000
34868
59276
90294
66370
82740
39749
1
100000
97626
61964
93394
37027
80204
30329
1
100000
70379
39485
95644
21437
63880
17214
1
100000
95701
54073
13710
77427
77445
2425
1
100000
35520
59892
56288
96411
37209
66937
1
100000
59725
51753
46583
94136
57590
82053
1
100000
80856
44490
48558
28887
80879
96927
1
100000
95275
559
34652
69331
88364
26626
1
100000
6649
35200
72252
6484
33083
80009
1
100000
7118
29066
36570
13355
83649
40860
1
100000
29566
91999
18513
58475
11426
27540
1
100000
81672
70810
90609
75760
4673
26346
1
100000
84035
24833
5967
46432
16143
95358
1
100000
38622
23881
64274
43247
89465
73662
1
100000
57570
15435
11952
24412
53433
38334
1
100000
71971
36040
44223
12653
3652
52074
1
100000
98165
32234
41299
54879
44576
71050
1
100000
29127
47524
32824
87807
22259
76287
1
100000
2457
34876
52473
64918
65552
58489
1
100000
21913
15612
23922
26261
58965
56525
1
100000
91074
15203
82258
42337
54080
5261
1
100000
72603
11333
68287
3773
6567
59358
1
100000
57915
59213
81444
47678
28765
86291
1
100000
25540
47967
14939
48711
92012
11660
1
100000
20785
48516
79858
90929
54310
49057
1
100000
25143
56863
51354
59410
11921
96869
1
100000
18725
1124
42611
57172
25009
95404
1
100000
47730
39874
63623
91803
29049
32204
1
100000
95332
90265
498
36778
62304
15552
1
100000
80736
65825
51879
77674
54022
7844
1
100000
47402
84003
20444
32733
58074
83591
1
100000
80076
6951
1482
56177
66671
37534
1
100000
10132
51547
59365
18944
55051
31069
1
100000
10660
66929
72623
71569
25355
48413
1
100000
74561
81848
55590
46760
99665
17592
1
100000
92115
80985
6942
32359
28583
97851
1
100000
56967
73518
60724
40879
51360
67415
1
100000
62655
66869
89088
54880
99746
75976
1
100000
57176
14975
39917
90317
26459
43346
1
100000
20690
48474
7994
80877
83081
55012
1
100000
33879
36608
56221
31111
88690
19181
1
100000
62727
60161
73036
562
48846
73061
1
100000
71619
77373
7328
59480
28422
67551
1
100000
76078
9525
69538
88132
49178
93422
1
100000
46922
33661
33689
86592
34147
4757
1
100000
33174
89156
36962
18952
41277
15844
1
100000
82468
42263
53107
10778
81309
68723
1
100000
28818
71711
37417
1201
19118
12323
1
100000
19827
2082
12039
61428
4106
16193
1
100000
34791
41081
53648
2659
72599
29395
1
100000
79867
50380
41927
5240
62208
22154
1
100000
89778
46
91138
10319
65357
6734
1
100000
68734
38307
26961
50688
85851
7652
1
100000
40831
839
88007
48253
24123
61456
1
100000
80601
89008
55387
26343
17821
68820
1
100000
93538
9836
39544
99918
44878
75845
1
100000
19951
44323
20466
4002
61651
68136
1
100000
31348
52735
96119
74279
69963
76277
1
100000
54778
81651
25540
5687
31021
40579
1
100000
82191
70312
71583
85000
47268
61341
1
100000
72363
51891
67967
26862
44520
64460
1
100000
69377
44385
42217
94766
56784
47677
1
100000
76300
45213
81215
99410
25951
58352
1
100000
13129
45146
4994
57096
98983
44284
1
100000
29212
45567
26053
21322
7333
66661
1
100000
79483
50922
85126
95923
83560
74979
1
100000
29935
19773
71115
22406
23759
62578
1
100000
28396
7868
38546
66079
78218
32042
1
100000
90611
36615
9591
58146
67160
47644
1
100000
4634
25936
18039
28082
35204
72560
1
100000
13692
73219
8391
38690
1113
81209
1
100000
22865
9274
22608
26577
73595
40594
1
100000
58147
67829
60449
88142
44077
44806
1
100000
7883
4174
22657
55246
80878
70515
1
100000
54862
93278
5720
93751
11572
78689
1
100000
25053
65003
31094
9050
2822
71790
1
100000
73091
78819
90475
4344
38507
39308
1
100000
47797
99667
81579
31465
72981
2807
1
100000
81406
51931
72497
51065
49683
33399
1
100000
33388
72065
84661
18742
55542
52089
1
100000
94220
17782
18620
214
68148
54521
1
100000
37526
2157
55150
40689
41006
81590
1
100000
65239
73968
94370
52714
42347
93407
1
100000
41857
25455
43325
57718
62266
87444
1
100000
8202
89007
17596
88747
34291
92067
1
100000
39030
56701
79305
92728
31676
86658
1
100000
34978
80648
16099
28752
79036
65211
1
100000
42479
78285
50423
95645
18020
25327
1
100000
80972
98732
72578
99984
56901
51613
1
100000
75805
46055
61864
2256
42810
29897
1
100000
22914
34035
23138
49985
29411
58864
1
100000
42369
43440
61948
96562
34842
7256
1
100000
94701
58174
85561
69587
96074
57417
1
100000
56132
256
86404
97608
65120
49401
1
100000
19102
37074
84104
17776
95673
85513
1
100000
10564
189
10316
51154
66683
71569
1
100000
82074
93211
4367
88988
53047
67626
1
100000
14353
95797
77053
2457
80576
37705
1
100000
9159
77171
39751
23826
69316
98815
1
100000
86268
36636
19877
3797
90569
6449
1
100000
77773
26293
30617
10176
95705
56120
1
100000
81390
45328
46757
45328
82971
80733
1
100000
26523
37589
87014
23735
21535
44484
1
100000
82681
21981
83585
84167
86533
93153
1
100000
32519
27409
77299
90383
75904
43872
1
100000
99783
98269
17737
58415
63429
78867
1
100000
17886
56279
62846
14047
13484
34842
1
100000
17048
26916
71037
52810
10424
72917
1
100000
90124
87361
12683
463
78749
52247
1
100000
41131
52521
28696
81333
65847
73030
1
100000
63915
40246
38217
75134
78136
4403
1
100000
27943
16917
3648
968
70239
29948
1
100000
33644
8044
13660
68879
90139
80457
1
100000
89792
74036
10487
54262
86907
58813
1
100000
87259
49489
267
51531
64113
60560
1
100000
68509
91474
63946
30516
17018
64940
1
100000
83239
49858
5830
23859
84718
16260
1
100000
58308
12389
62929
72910
19676
82772
1
100000
86454
6418
3840
47281
34266
52207
1
100000
52799
17363
62881
43485
30311
27826
1
100000
45578
95525
65840
68762
97132
910
1
100000
34264
22434
9522
94156
55932
8691
1
100000
72478
7074
11476
80183
95973
62666
1
100000
59865
8645
83574
47570
20411
56446
1
100000
19709
73248
98871
2736
50419
49873
1
100000
85456
68198
4202
90389
95891
34391
1
100000
9304
13333
22675
67900
70831
88806
1
100000
87927
52112
8562
82951
59332
4672
1
100000
15695
64804
83643
69654
96285
23233
1
100000
50828
89000
13606
12741
1735
22438
1
100000
32348
24602
55034
63061
80328
36016
1
100000
19243
33855
16574
84144
21698
1956
1
100000
88318
12607
10993
35564
16714
38070
1
100000
74951
10446
12815
72319
15365
40731
1
100000
65764
77426
70313
77553
96711
90365
1
100000
58369
72129
35559
98078
55197
28734
1
100000
47917
77031
22945
49957
21747
14305
1
100000
48309
24646
3240
89820
26326
81091
1
100000
82545
44978
16282
92345
64302
66950
1
100000
84767
60814
97536
16066
56662
89051
1
100000
48082
57940
76779
31995
81411
53204
1
100000
19617
48091
97043
76338
43251
19249
1
100000
8224
36756
86759
8052
34706
49559
1
100000
10147
64901
12919
21439
15967
89640
1
100000
1651
66102
62272
81818
14235
16054
1
100000
88534
38394
16831
89924
83638
68814
1
100000
42151
87562
4531
18537
61082
10553
1
100000
51797
38748
42073
87777
55488
47524
1
100000
69887
55429
49018
45489
8402
61700
1
100000
31606
29391
81765
16635
36222
68346
1
100000
26727
48247
83561
76443
49911
57559
1
100000
10973
64342
7577
65876
40041
18552
1
100000
39306
15623
33887
58045
65120
74130
1
100000
62702
28114
19298
16392
98691
44172
1
100000
99690
39452
32515
99809
45855
65034
1
100000
68990
57857
45792
43515
60834
67509
1
100000
28081
60822
23192
47266
89676
15910
1
100000
68776
8966
36646
90243
40350
21493
1
100000
15203
90313
56025
98320
86721
79783
1
100000
7002
89881
79262
56382
92626
60064
1
100000
35038
39678
93548
94179
10156
47224
1
100000
9309
14209
35399
98896
99367
64935
1
100000
39294
14418
67263
62555
46781
79451
1
100000
21745
6012
58138
13269
85319
90614
1
100000
93216
29831
83485
40854
68512
92198
1
100000
24155
52376
39099
84216
91462
84668
1
100000
1873
85606
1552
86649
5746
78078
1
100000
43611
53441
9274
14352
70082
54249
1
100000
50719
81686
26291
49511
36734
26863
1
100000
64103
13536
76271
58923
81021
71080
1
100000
56117
78298
8843
96717
71841
29766
1
100000
32935
13846
7925
9948
90607
32107
1
100000
74383
97025
63876
50514
43283
81957
1
100000
69276
92925
69913
29171
19988
26710
1
100000
91846
14744
55903
80657
57505
62891
1
100000
67560
89397
44661
59706
75038
11317
1
100000
90567
65368
75870
19271
5373
51976
1
100000
40603
37096
89923
81383
33481
1858
1
100000
14453
13083
17282
33411
85249
22390
1
100000
49728
75476
52138
11091
29563
3338
1
100000
25868
21102
25425
55293
56839
93396
1
100000
47664
43297
68685
55815
96842
50160
1
100000
67701
5685
76558
33150
17720
53306
1
100000
19430
17384
74561
5769
6154
41565
1
100000
27958
1745
13427
14600
69380
91486
1
100000
3881
76402
42566
36638
51937
20960
1
100000
52196
17541
82052
93681
18009
6001
1
100000
626
70499
53773
55036
49379
14994
1
100000
83913
73367
53016
82203
28985
31366
1
100000
82263
40434
20750
65621
39028
61003
1
100000
23151
17756
82088
83195
69101
25359
1
100000
91153
70184
49426
26955
3596
23095
1
100000
45229
5654
5590
16676
71859
61021
1
100000
16738
27666
25210
99260
83877
45183
1
100000
48380
36713
1215
25199
51887
59226
1
100000
59226
9094
31452
12917
60136
15112
1
100000
86304
21480
85256
4476
40556
22784
1
100000
1832
59394
47524
65347
41711
49970
1
100000
40295
67741
68450
81564
41567
2770
1
100000
53635
64946
99155
78408
81591
15780
1
100000
5246
86370
980
51256
88959
77567
1
100000
97015
8104
27598
24178
38666
91405
1
100000
10114
76602
40555
94540
77505
77190
1
100000
52016
24446
59467
92637
64228
54905
1
100000
1451
19165
38732
31451
52819
75853
1
100000
47868
45134
70382
88782
40639
46661
1
100000
68048
88925
72925
51385
83975
6572
1
100000
87675
29361
15900
11737
37456
24642
1
100000
34260
56972
48299
99977
48624
18859
1
100000
58098
5628
2450
1479
53027
86147
1
100000
27753
80908
60321
95644
55232
15112
1
100000
61113
55888
99414
16034
5104
61563
1
100000
16178
11714
55213
54901
32653
99763
1
100000
64286
92455
74565
19618
39779
69440
1
100000
10156
67079
4216
90782
69862
27465
1
100000
44389
20490
79163
86683
96005
63937
1
100000
7641
55452
94663
89549
3041
8084
1
100000
69224
45085
97371
59005
9265
6926
1
100000
55703
21491
64359
59712
53814
57843
1
100000
90436
71276
81888
39981
84451
66514
1
100000
18859
72516
61901
76977
54815
57156
1
100000
62397
89884
98961
94126
40373
14230
1
100000
48889
26995
9323
46946
68767
86896
1
100000
89066
69112
53730
75028
89844
2042
1
100000
29495
43060
92298
79201
92763
12677
1
100000
30514
31634
78814
79520
45196
21230
1
100000
13155
98888
41183
35938
81854
2513
1
100000
16301
24042
92095
38814
87969
69949
1
100000
35862
270
22286
14621
54756
98109
1
100000
34971
4932
27188
80516
35665
9821
1
100000
31618
41918
91711
80725
58539
33381
1
100000
35107
48348
20299
80407
15937
95186
1
100000
45035
16830
12827
1873
79286
16359
1
100000
73614
60836
40544
16535
30240
1636
1
100000
80799
56234
43195
42811
44892
20082
1
100000
49521
31265
15053
77933
74755
30554
1
100000
6851
66211
96593
47467
6423
17900
1
100000
5043
13998
47643
13372
7586
26725
1
100000
48259
20170
65827
85885
14171
97711
1
100000
2463
79513
72721
32516
11521
94874
1
100000
93886
4728
85999
34502
20277
59804
1
100000
50701
81148
82414
74608
40757
46021
1
100000
68836
82329
98753
60760
42530
9305
1
100000
2264
23979
75807
1599
21362
3090
1
100000
73428
52289
74995
61885
55756
91388
1
100000
463
61514
46776
75923
88760
69110
1
100000
66440
9690
68880
12559
63291
20461
1
100000
54588
62250
24239
234
19197
79010
1
100000
28966
57689
81140
75648
37363
52518
1
100000
16606
59180
185
2224
33233
51065
1
100000
73844
5438
98602
58890
72326
54689
1
100000
3668
23731
46623
16117
70488
3726
1
100000
80391
8374
66675
87590
77851
8098
1
100000
32663
85399
80994
29515
66483
78853
1
100000
34293
93792
63797
58279
71096
98655
1
100000
16490
1333
71471
71997
83242
6370
1
100000
39828
87705
12222
20252
58987
66074
1
100000
1715
81736
24508
39621
87869
85728
1
100000
8835
96157
743
70841
57643
38370
1
100000
88467
19502
10003
95627
17086
62347
1
100000
55586
15462
93075
80827
36124
73898
1
100000
32009
88055
70978
514
71963
84338
1
100000
84326
46879
16157
99219
96835
1558
1
100000
13289
10305
92013
55043
99337
94340
1
100000
97033
41326
59034
41851
15807
74630
1
100000
32351
21798
20895
20208
50409
27932
1
100000
79913
58105
16611
39887
71948
12617
1
100000
21405
99
30044
31956
16999
81434
1
100000
41342
82297
36522
7430
69352
78703
1
100000
47310
3079
50334
10374
56564
17625
1
100000
12261
57412
13826
29788
23143
27593
1
100000
71081
22555
63480
55712
82812
84275
1
100000
43357
25916
89751
5228
62389
94439
1
100000
31917
33606
41028
80331
70730
48782
1
100000
48481
6036
43193
13472
43699
57373
1
100000
59722
61693
2495
96010
64339
63162
1
100000
55874
10875
6429
9627
97961
9154
1
100000
33803
6547
12151
7751
39481
42491
1
100000
61200
27985
10255
60688
59317
90528
1
100000
8197
31731
29144
42723
88458
21444
1
100000
52730
10744
67031
51914
79802
58632
1
100000
75375
40981
39293
11459
8339
3833
1
100000
89511
7039
83663
55328
95918
81607
1
100000
65830
25091
84893
88144
39020
55657
1
100000
18113
62066
83942
38841
65937
26756
1
100000
82336
53305
31790
98004
14253
49592
1
100000
12461
70852
77062
35332
54240
63870
1
100000
37794
88353
21012
70821
27506
56537
1
100000
70659
58438
62545
80486
38749
34010
1
100000
63969
21687
69169
52187
85121
69162
1
100000
75727
27252
12993
70277
45773
50101
1
100000
54088
71001
64778
76148
21228
92998
1
100000
34263
45666
54624
11282
69708
75924
1
100000
14053
48786
67147
31399
88206
77777
1
100000
68694
40529
96983
25301
66389
14491
1
100000
15422
93586
13870
53377
45935
21853
1
100000
16597
14110
72684
17062
99946
57028
1
100000
58200
63276
22955
13833
13279
40894
1
100000
36452
7733
80597
50454
85650
22172
1
100000
81652
77541
28920
1003
2969
86496
1
100000
85643
87104
68507
81402
94382
50600
1
100000
44465
60704
10895
82277
7799
33105
1
100000
10913
13958
33167
69903
94187
98923
1
100000
7785
55193
61795
21297
76528
538
1
100000
38866
69085
46378
11233
76175
5508
1
100000
33848
48706
72003
97444
30641
51544
1
100000
25631
59272
34370
92712
97016
13761
1
100000
59989
4511
6310
52348
19851
25175
1
100000
20104
23593
23124
16884
31192
66412
1
100000
16226
12481
51456
38954
73077
14203
1
100000
50524
16960
8103
80570
89297
3462
1
100000
21277
81909
32960
98568
76171
74857
1
100000
33402
7750
36178
9607
31912
42699
1
100000
89507
40212
58592
43521
22710
56606
1
100000
82451
30644
21407
26491
84649
82109
1
100000
43017
76447
46684
57477
95879
35858
1
100000
97112
90074
6771
31034
91956
71754
1
100000
49806
65835
50129
42927
46917
94848
1
100000
72405
66312
41099
56199
45962
94613
1
100000
21631
38313
5751
83633
48041
61434
1
100000
94996
75312
34443
35786
52942
79268
1
100000
39884
40206
95664
74339
98535
56848
1
100000
80695
77470
4190
3340
29906
53803
1
100000
89143
34009
22242
27401
87033
13122
1
100000
64276
86700
83251
85378
6291
75589
1
100000
39841
79819
85805
2099
10056
66470
1
100000
49021
33458
59746
96248
61984
73868
1
100000
44895
92302
91324
70967
93884
42785
1
100000
70161
66687
50121
13982
19628
84293
1
100000
41814
43337
67464
7208
66944
97119
1
100000
38990
23830
7761
91832
44774
56984
1
100000
38408
58496
43969
51940
43528
40749
1
100000
93265
15326
49096
2272
45176
19719
1
100000
14633
54222
66111
33436
30136
62509
1
100000
62217
38305
84724
74245
29457
44735
1
100000
29180
23447
58880
31799
59081
73430
1
100000
62569
82850
52293
74967
72039
95227
1
100000
96825
92040
29280
44237
74157
24303
1
100000
89500
92036
43423
89239
32806
90976
1
100000
93830
90757
89789
96832
64399
10121
1
100000
2917
41710
82905
46773
3267
38446
1
100000
14242
20993
88860
61938
33216
74648
1
100000
21918
50568
46529
58146
87395
51842
1
100000
76553
98757
49928
34876
6528
98866
1
100000
96273
62146
28458
22989
3734
47094
1
100000
54630
83118
2333
48431
34420
50808
1
100000
93659
30846
63147
16917
88792
96536
1
100000
60705
91028
48965
95177
51039
31140
1
100000
12025
59726
56428
75688
84331
89924
1
100000
43541
23471
51716
72462
60048
16677
1
100000
51265
48747
66060
36207
24372
48100
1
100000
81424
30861
90291
33615
66686
29951
1
100000
30219
43983
60676
67589
50784
51333
1
100000
39862
65823
60167
31293
27545
98455
1
100000
78850
88355
2924
48584
24133
64723
1
100000
41633
45407
46100
3692
66767
75473
1
100000
18244
22109
20686
30374
45309
72870
1
100000
27764
96126
95702
79901
27849
52084
1
100000
19417
94814
43976
43058
57517
663
1
100000
76567
46118
25873
61267
27902
13661
1
100000
72795
41221
2546
64527
19359
34644
1
100000
4231
83558
57759
58970
73840
37695
1
100000
4114
55234
702
47011
66567
87400
1
100000
92954
57128
84505
19671
94496
44061
1
100000
59451
81086
61314
85445
46191
91730
1
100000
45463
18685
23140
16281
82156
76794
1
100000
33313
23763
5413
49180
38945
18655
1
100000
24845
97068
52302
92347
30051
22798
1
100000
77916
31379
71317
72256
67831
64393
1
100000
79222
43989
15513
9166
9168
30267
1
100000
92354
9204
50887
75475
84017
96881
1
100000
93510
1630
75971
57449
77956
16034
1
100000
85844
86982
6462
21997
83700
25907
1
100000
34864
77209
62348
46701
30987
18795
1
100000
22425
15632
44974
61726
47381
72374
1
100000
31383
11135
22950
59358
22746
99004
1
100000
44097
42254
13791
76955
67023
65401
1
100000
2884
58328
47732
36853
99157
88630
1
100000
96201
30508
63660
49215
39522
84506
1
100000
48924
77404
96593
46772
88794
23872
1
100000
48976
56736
39535
80746
78829
88443
1
100000
72160
71244
8854
80245
60857
74956
1
100000
17339
78832
21699
90633
767
15555
1
100000
27124
31502
58543
21645
66102
84624
1
100000
20117
47483
82690
29228
92206
47379
1
100000
48780
28275
86027
57748
15727
8882
1
100000
30315
19036
55309
65327
29346
67134
1
100000
97725
64189
50764
31489
15054
72859
1
100000
13588
39623
67427
38432
65695
6972
1
100000
12028
32294
50778
36214
96613
58236
1
100000
47533
166
93914
10378
23819
60835
1
100000
58240
34739
35918
93754
96962
9120
1
100000
452
18416
28491
64548
17824
68200
1
100000
51569
33481
10641
29369
74554
6028
1
100000
57788
69565
10041
82933
94413
49053
1
100000
8671
72082
43672
52864
5960
26167
1
100000
81231
28079
81536
26570
87415
54709
1
100000
95665
71697
77801
93835
22102
36159
1
100000
43200
62754
17944
71454
79929
4853
1
100000
78812
16031
1023
79077
17631
35057
1
100000
21548
17958
36468
47436
24720
82390
1
100000
29363
13712
51501
60889
68869
29786
1
100000
54607
59016
15731
33366
13288
51864
1
100000
91923
139
37956
47826
6099
89937
1
100000
81020
13650
51042
40394
3621
15253
1
100000
56718
46520
53849
54094
23762
41525
1
100000
63589
79316
95504
2233
7993
52622
1
100000
63554
37990
85845
65007
21598
32761
1
100000
23115
55575
19747
1795
14129
22258
1
100000
58565
96873
37151
1355
22995
67182
1
100000
81878
76
13195
51380
39828
91821
1
100000
272
28844
28063
9665
6603
16605
1
100000
58177
88543
64392
94397
5232
66784
1
100000
15547
64804
4121
93548
79330
41860
1
100000
81434
98263
71292
91062
82552
96913
1
100000
56149
2973
72118
55501
28409
41351
1
100000
25305
51357
20965
27229
37244
28706
1
100000
91713
6360
29612
9755
9445
45775
1
100000
86391
51157
69636
98252
49626
18339
1
100000
83835
21418
52885
22211
15408
48381
1
100000
68593
60083
9835
8915
57788
46587
1
100000
40475
73817
20146
92061
12740
78104
1
100000
62568
95296
93674
50148
61548
8055
1
100000
32187
41408
25044
49077
4163
11226
1
100000
52104
47945
15149
83980
54442
93691
1
100000
33276
37253
61024
37689
64223
52933
1
100000
35631
56763
84967
85846
16718
54213
1
100000
92351
726
40336
8655
51773
77886
1
100000
15525
41853
23553
73218
6128
26029
1
100000
58249
84751
94121
1184
21852
76209
1
100000
89768
16388
97471
79944
34262
27898
1
100000
21462
70880
8575
42987
85755
31284
1
100000
84189
99753
20570
3853
1696
21251
1
100000
19410
99788
57880
74907
91009
42557
1
100000
27426
74650
84648
74032
70506
32545
1
100000
89770
52653
76109
37406
6156
89591
1
100000
85359
64673
44666
86436
85798
3566
1
100000
32100
87121
64478
67019
13595
33220
1
100000
41988
93529
40370
74653
48091
27289
1
100000
12019
1565
9039
24225
55724
52387
1
100000
46553
82826
37019
39353
61567
27466
1
100000
68739
38547
67774
95608
8513
66124
1
100000
61643
88361
30793
44204
9950
7889
1
100000
46652
624
65756
49118
6810
95296
1
100000
76714
39722
57079
74305
96500
70353
1
100000
72212
89808
53673
44729
24547
24704
1
100000
85004
65903
90499
26836
85884
86739
1
100000
63176
5416
88617
80948
50782
22713
1
100000
5546
17334
16979
15855
25582
15014
1
100000
69587
60436
75640
43851
78515
66967
1
100000
40328
86392
56868
29624
6056
72650
1
100000
8225
59360
13224
73686
69681
91110
1
100000
82242
34361
52123
57174
91648
67543
1
100000
68718
57672
69775
49487
69636
98898
1
100000
73549
55045
43201
4981
7206
43091
1
100000
84585
13522
24088
37718
28695
69094
1
100000
9402
33220
62358
74221
37895
15012
1
100000
87939
50291
62175
78095
56719
20490
1
100000
89274
91831
62964
89643
35572
77205
1
100000
22739
58214
42067
70888
45909
35430
1
100000
1247
28207
27567
37040
7880
33344
1
100000
17693
92618
87872
2535
65636
44545
1
100000
43109
19714
68371
47796
82015
9361
1
100000
20633
1749
92255
83576
5460
46251
1
100000
47783
45311
80723
69178
907
86217
1
100000
33052
3879
13835
71987
19447
37402
1
100000
29848
69299
72241
99130
40208
66919
1
100000
31249
94528
72363
41125
67858
88612
1
100000
84953
85620
9986
15629
72470
66854
1
100000
60141
59509
58468
71954
46361
22223
1
100000
9447
69421
76861
91722
14386
46542
1
100000
1934
68908
49248
22039
57706
26042
1
100000
19667
54673
80896
69058
43381
26730
1
100000
19915
75654
424
54430
18163
94644
1
100000
30779
1373
17699
78096
6920
58817
1
100000
90067
16082
34240
91704
80418
76145
1
100000
32994
70005
87849
4528
66486
4759
1
100000
86803
66178
33150
80307
77300
31435
1
100000
630
99705
72260
7831
31799
28818
1
100000
56119
83146
75713
61613
39217
11129
1
100000
23954
70893
60893
81192
94592
16675
1
100000
93888
54496
36891
61600
8123
79146
1
100000
34911
7971
36149
68989
80232
89381
1
100000
92200
68763
14963
65500
72152
33752
1
100000
42210
14291
67605
41550
96286
2677
1
100000
27126
56732
95517
11827
16022
85858
1
100000
10585
47868
42522
23344
62908
92165
1
100000
71041
75411
76285
62542
46443
2168
1
100000
66283
25914
63404
62685
48500
12767
1
100000
26371
95729
48674
8557
46521
56021
1
100000
32237
21365
23097
14172
52806
29946
1
100000
7558
76083
93069
13659
13122
26008
1
100000
43858
83814
34029
57194
75984
63378
1
100000
99670
96847
99390
69000
9607
35179
1
100000
40314
72731
92646
66353
96349
85387
1
100000
90576
92144
10973
37480
8163
10315
1
100000
76198
7632
35793
75974
77387
85188
1
100000
88756
63
50686
94724
33530
63356
1
100000
57193
61729
32878
68014
19340
35811
1
100000
98541
28396
72011
91745
10985
43539
1
100000
25400
49283
11451
26346
118
7110
1
100000
74285
64899
67958
54345
14576
136
1
100000
577
51167
78731
48216
23373
79355
1
100000
26413
25095
62753
57992
21831
11893
1
100000
69549
7560
94257
75051
40489
54585
1
100000
84741
84298
20126
63594
47285
61008
1
100000
23125
1638
72219
80685
71494
27173
1
100000
93020
19535
79109
99772
70224
63821
1
100000
83688
60951
86368
76996
36056
64172
1
100000
10466
9046
69357
22062
5669
54320
1
100000
602
70393
46493
69009
54063
77841
1
100000
54820
40218
14213
95641
61508
86053
1
100000
86093
78724
83769
93988
93244
28831
1
100000
12711
61977
91425
52417
51381
40794
1
100000
83623
21064
76341
93652
49201
83
1
100000
10149
64141
67810
73932
2316
32459
1
100000
12139
35127
19174
58171
6370
19790
1
100000
74525
6435
28407
27034
55965
38272
1
100000
3069
71683
11772
43479
30386
3879
1
100000
59791
33578
42174
55684
16457
64464
1
100000
10303
40150
98383
74228
93215
62712
1
100000
66909
69793
8778
61400
73636
63270
1
100000
81777
43840
9824
63373
21630
35960
1
100000
6426
21134
66027
85134
76465
42100
1
100000
15560
81392
90994
19351
72115
49971
1
100000
98401
8578
86941
46658
23241
49043
1
100000
78311
20200
45926
90896
7102
40548
1
100000
39301
73585
13247
36942
68100
72466
1
100000
4908
65635
9710
63054
83745
20157
1
100000
26349
37743
82188
66367
87889
18513
1
100000
72131
33990
9671
25282
24804
67816
1
100000
16842
57635
10022
7252
72363
94671
1
100000
63832
30236
29947
49696
91241
47043
1
100000
55404
9159
91963
11231
29933
63116
1
100000
34452
30188
61537
82712
61598
70860
1
100000
84961
50337
85060
98517
48010
14164
1
100000
83289
45721
99633
88387
38224
85269
1
100000
81866
98867
9532
75254
34584
80090
1
100000
63607
84996
20114
75577
58805
37183
1
100000
5348
40225
83739
75104
99900
60543
1
100000
15590
84294
28030
32674
98281
44700
1
100000
84160
41598
63538
92500
35774
26499
1
100000
66768
20121
72724
50919
48604
56740
1
100000
13050
41767
52251
42445
62155
23477
1
100000
97715
58501
36688
23538
5581
73511
1
100000
30846
72041
81404
61230
942
79022
1
100000
77231
14414
33905
28834
30254
75970
1
100000
63979
84808
33330
59948
56638
79632
1
100000
91986
27627
70578
13568
47952
95491
1
100000
78292
59874
16243
66848
74533
98216
1
100000
34903
79748
40346
43038
86231
2417
1
100000
98009
78701
22168
88231
70151
18382
1
100000
76932
12061
74919
24176
92397
79699
1
100000
9235
71321
65764
15390
24027
43566
1
100000
82403
36461
38639
67331
51906
95808
1
100000
42539
19580
35048
83414
35803
65840
1
100000
47512
85183
54022
79131
65475
98259
1
100000
38610
90860
78960
56942
49573
18241
1
100000
2389
23685
99611
48424
88620
53988
1
100000
22774
80793
19189
67327
33045
19300
1
100000
71793
25196
17351
63591
27415
63977
1
100000
97217
76890
2965
99399
52402
69425
1
100000
46688
6998
73615
66086
33200
62206
1
100000
84116
38827
21964
92434
15960
98882
1
100000
90607
95326
67372
35645
21839
24082
1
100000
79775
8432
57207
2815
97792
68734
1
100000
1726
33340
28484
4075
91583
44419
1
100000
96014
50492
89874
70309
3557
31680
1
100000
35865
47102
53598
1107
60425
57192
1
100000
30954
94319
43079
43687
29063
6151
1
100000
59973
55084
22123
65601
4627
5096
1
100000
18860
51430
13793
81626
67530
89662
1
100000
95721
76693
32534
33147
7753
44854
1
100000
42511
8468
27924
40535
94925
9408
1
100000
70570
14308
27793
84804
4777
20673
1
100000
23630
4032
37192
87030
20528
52211
1
100000
7963
71430
77186
12312
6692
26702
1
100000
71472
71139
62122
46947
81062
35670
1
100000
75639
14894
78509
88008
26731
7398
1
100000
45988
37794
22045
81252
66124
21974
1
100000
73626
40140
29579
77047
78755
74821
1
100000
59611
5973
75263
85719
56641
13372
1
100000
38753
18398
92675
25376
510
51952
1
100000
78268
37733
57878
89658
99180
54435
1
100000
95884
6919
95225
46151
76166
57675
1
100000
25672
87217
35168
60042
41226
7869
1
100000
29519
47229
740
96810
99408
8103
1
100000
17946
31959
21314
88961
80187
6963
1
100000
8703
4275
16439
32415
47627
99584
1
100000
53903
96578
94908
69434
74092
97045
1
100000
38727
24024
61372
18311
56195
44929
1
100000
49416
51812
3839
94062
8705
2818
1
100000
95022
41692
83860
57326
23998
39062
1
100000
47055
60878
13206
46785
86735
6236
1
100000
62537
93549
52465
15502
1009
6464
1
100000
8542
49707
88285
54018
22994
36928
1
100000
82751
26390
11009
44327
37209
96534
1
100000
98136
71022
49837
90087
95651
11896
1
100000
91802
71708
7249
74037
22890
86961
1
100000
10290
98715
34943
89804
91720
17003
1
100000
54838
49687
58697
95151
71652
18253
1
100000
55615
48066
49581
41793
41496
78987
1
100000
97480
15506
12056
44885
52285
16153
1
100000
77610
25513
63178
27770
25441
46639
1
100000
54132
53513
34619
19642
40714
59517
1
100000
68331
25182
45501
53213
47532
62436
1
100000
36256
9143
41690
39418
32285
94130
1
100000
98995
89750
55191
55585
59238
76583
1
100000
26478
23408
2656
50507
85881
82335
1
100000
83644
43549
92323
79524
80783
25924
1
100000
12708
31009
32066
10265
11670
25051
1
100000
36963
92495
19210
66846
51395
23042
1
100000
79943
4092
15473
44749
87196
77967
1
100000
91142
99204
29508
49084
42280
66544
1
100000
59725
17527
11707
68433
18939
71053
1
100000
66271
89533
30753
78637
56586
79880
1
100000
47315
31477
43150
26761
45822
23912
1
100000
26466
72851
85697
18569
56170
50336
1
100000
11095
18039
86713
81026
29008
44835
1
100000
57045
69194
85736
81388
41968
51822
1
100000
61189
60448
94267
90390
61553
73197
1
100000
99255
70120
57434
1219
43157
81248
1
100000
83703
78820
65342
64982
60645
97694
1
100000
75186
78509
39917
40795
21116
27731
1
100000
96963
45972
17222
36052
870
38919
1
100000
17520
5354
67625
1594
36491
26687
1
100000
27788
81251
7555
16305
74459
95029
1
100000
17932
28613
48105
87809
99875
77696
1
100000
18997
8375
12316
87874
53405
76095
1
100000
14756
17533
35494
11447
81783
12984
1
100000
79270
99202
9430
1405
81107
76378
1
100000
32739
25780
85010
88317
64278
52190
1
100000
68972
53256
31580
14199
98826
72817
1
100000
85257
8182
91888
76351
89097
91050
1
100000
3454
8261
1163
3386
26593
39469
1
100000
12012
58257
55863
84690
27363
45917
1
100000
42852
12270
10497
3258
18307
64361
1
100000
59460
61624
3187
63167
26087
66440
1
100000
69502
59320
82403
62046
48706
29717
1
100000
50539
70418
69930
21761
40674
26172
1
100000
36978
695
17543
4351
51900
91989
1
100000
77444
90143
36453
48075
87920
35219
1
100000
41276
2345
93932
83844
1907
74499
1
100000
16965
10733
47562
69520
97059
40346
1
100000
98705
95298
97697
59423
89298
72261
1
100000
61512
53241
99988
4305
55279
91047
1
100000
72766
33498
15309
32169
77133
97728
1
100000
36523
25620
64759
29780
92981
56996
1
100000
10007
91408
62574
58280
43799
24400
1
100000
9351
22470
27809
38714
46789
99067
1
100000
37757
87176
39903
23614
42166
25540
1
100000
3941
13571
24204
79464
77012
6422
1
100000
73031
99824
48643
27178
56048
14921
1
100000
72960
45740
78486
50978
19349
57937
1
100000
70627
18069
97526
66985
95911
61752
1
100000
58475
12157
96795
35715
91081
57724
1
100000
62578
24248
51158
20468
65291
89820
1
100000
82994
65871
9304
173
25919
47068
1
100000
44688
81646
69498
19379
28147
6204
1
100000
30201
18484
90899
28369
84952
91698
1
100000
75242
6645
5773
46364
14964
44815
1
100000
5745
88855
43782
97918
14653
21442
1
100000
59129
42209
56712
80691
41330
98726
1
100000
36665
17672
80605
44694
7457
83347
1
100000
80860
78089
17647
83357
59069
49838
1
100000
17105
63828
8692
28587
7242
63670
1
100000
30878
64216
72413
97346
77782
37575
1
100000
46547
81666
48148
69565
9621
84073
1
100000
47250
17362
17613
75646
60096
99857
1
100000
22671
17437
63342
1766
55349
67586
1
100000
47711
3578
79580
68813
74563
22340
1
100000
6859
37510
30359
18050
79635
96028
1
100000
81179
41564
84086
86034
15691
66771
1
100000
39490
62480
35531
40123
64732
40976
1
100000
29701
31567
49424
59461
22639
53572
1
100000
31942
46203
15995
38174
3500
39546
1
100000
29478
89
95480
45812
33380
1213
1
100000
29227
58651
68101
96712
42332
93360
1
100000
44844
73833
2189
91772
99665
85318
1
100000
15877
7797
7203
88646
66425
7953
1
100000
79334
75513
47113
82163
10734
85201
1
100000
13679
62219
46105
57268
22196
82561
1
100000
44994
7105
39217
62477
45679
63454
1
100000
93410
92185
82901
69543
74539
8839
1
100000
6313
63998
70700
69563
91316
56088
1
100000
15576
296
87980
44864
10380
64842
1
100000
77685
89030
44418
22597
79618
74829
1
100000
7443
28450
39735
47006
65783
67840
1
100000
35261
68251
68437
20070
20676
51811
1
100000
95063
21788
94634
97653
67383
62509
1
100000
74216
29789
57420
61608
37200
88616
1
100000
36184
53315
49789
9074
41874
87609
1
100000
17245
34487
73420
96503
40339
26286
1
100000
59608
49383
94549
68031
69434
94261
1
100000
80317
87391
74541
63736
74523
13332
1
100000
29695
35450
16336
71032
84308
92751
1
100000
81005
23572
27072
94426
82714
38577
1
100000
36525
30161
10698
79597
66292
99166
1
100000
68311
21457
17168
59922
93526
83710
1
100000
91949
17434
12342
94330
77799
18684
1
100000
33327
66002
13319
24572
64314
74966
1
100000
64605
47258
92270
5134
95544
96478
1
100000
28815
28354
44324
18186
82107
2642
1
100000
19802
60102
66763
61306
98932
68531
1
100000
79985
20517
53282
47667
89892
57489
1
100000
35338
56027
21092
37384
9235
51145
1
100000
26060
32384
13881
5157
63821
64696
1
100000
21503
66330
62444
6644
49489
27071
1
100000
75870
24183
35554
69113
14051
70418
1
100000
2182
62565
22517
31248
83066
64177
1
100000
97371
68116
74582
95388
25735
4201
1
100000
34971
75976
81673
66673
52984
65244
1
100000
40068
50549
19550
639
26684
60707
1
100000
71022
37516
65137
43093
54813
54273
1
100000
7075
85492
45920
51737
59380
23466
1
100000
99052
29009
92427
6458
78557
70567
1
100000
39459
79494
84305
36781
14891
40321
1
100000
37251
6622
23457
51426
41259
4265
1
100000
13741
50251
16958
43623
62245
71118
1
100000
10284
44776
90207
11138
49639
850
1
100000
69036
8274
20574
98006
54723
41394
1
100000
5206
47686
52088
76858
95980
60757
1
100000
78913
85774
37475
13037
37415
11633
1
100000
50924
63208
43269
47725
21325
30514
1
100000
840
49303
73993
17546
98211
65776
1
100000
38960
60193
18305
93968
9855
36092
1
100000
46055
37347
57209
25720
3823
97352
1
100000
85949
38667
25440
33708
5968
6804
1
100000
32424
2674
30697
12284
31442
60295
1
100000
93520
93686
59937
54056
17237
95126
1
100000
81941
31774
92203
32433
20257
25041
1
100000
26483
65087
37503
57124
72014
9892
1
100000
73453
88153
56964
13912
53828
80049
1
100000
2330
47949
31359
71584
46065
68896
1
100000
91560
21809
88672
68547
44181
11762
1
100000
67087
81427
41956
15104
99398
64141
1
100000
71064
36850
61636
77426
57497
36058
1
100000
47264
29991
68359
47946
96993
7515
1
100000
85243
37670
69127
1823
34451
17194
1
100000
14354
21193
57892
73982
86227
55181
1
100000
68107
90570
13306
29583
63665
30635
1
100000
35742
74986
81955
29076
79307
81818
1
100000
47169
34059
90734
95214
67708
65189
1
100000
11133
1204
2237
52503
64848
76998
1
100000
2166
78761
26864
45520
722
96992
1
100000
84428
97718
47841
69559
2608
49360
1
100000
72381
41417
56565
16634
45195
82092
1
100000
44924
91942
85262
51921
15449
84484
1
100000
62394
76876
69604
9301
7288
94273
1
100000
5586
22841
42783
74166
83991
58161
1
100000
66774
86451
26113
4165
18104
58801
1
100000
26600
78560
1630
69012
25026
33760
1
100000
21199
99763
53057
53372
16474
91482
1
100000
36561
15224
90059
21799
18615
32496
1
100000
64829
5116
94607
70435
79337
81907
1
100000
86433
87659
50698
84691
27695
46601
1
100000
50914
56471
8938
48160
97641
5914
1
100000
73893
44809
55577
59096
15087
68918
1
100000
60706
7017
42416
70
63794
73022
1
100000
31827
74007
30610
83933
77169
2741
1
100000
9957
22649
3465
93401
87608
25745
1
100000
25854
77797
31714
40087
61653
9096
1
100000
52760
51116
18601
89534
78570
54005
1
100000
1420
18318
19294
82690
71575
41419
1
100000
95080
45421
96303
57038
76076
94954
1
100000
27241
22048
83976
14768
20666
99710
1
100000
81365
36793
93038
98029
16002
52063
1
100000
85437
56957
16922
57912
5276
5103
1
100000
24581
73806
50776
8590
56306
85697
1
100000
44726
88214
1507
72109
11350
8104
1
100000
71053
73047
43824
85959
92648
40362
1
100000
92095
23799
70531
39422
60390
86420
1
100000
92646
1072
89435
21317
90551
2492
1
100000
43267
75185
93793
97719
49421
87261
1
100000
85588
1122
31704
60789
43006
8101
1
100000
40188
91660
20637
86327
48713
20337
1
100000
93765
195
51324
63989
66405
4418
1
100000
54389
49792
20576
73171
52012
59717
1
100000
48485
18814
57113
75330
91234
29423
1
100000
94674
86612
50840
82406
95974
28629
1
100000
52623
24791
635
78102
22899
49254
1
100000
94502
71743
34663
87677
10948
22415
1
100000
12318
53031
95723
39107
79342
27602
1
100000
16502
84532
55020
33120
18808
63170
1
100000
10487
523
57345
25935
77476
76281
1
100000
70901
18569
93364
43529
38440
75613
1
100000
84947
65163
53492
79017
40206
6841
1
100000
97105
51393
28023
21945
34958
58402
1
100000
57060
19132
25329
31282
72085
92166
1
100000
97718
28958
91990
15979
40793
84849
1
100000
73395
42546
29890
95486
48884
41412
1
100000
90040
54323
36347
42776
82385
2926
1
100000
29648
58125
44564
13367
52774
78007
1
100000
11218
19563
47607
52512
15283
54251
1
100000
11499
29191
74722
52546
22796
21053
1
100000
39569
93435
27122
60294
15580
10613
1
100000
39666
23543
14120
77967
63714
4693
1
100000
68131
72722
18665
40249
72933
42458
1
100000
81389
76176
41803
10680
60566
32839
1
100000
821
89868
26832
62452
67952
52948
1
100000
6204
94562
31461
97670
92828
69347
1
100000
44714
36889
35065
95818
18753
94085
1
100000
13271
69173
470
2751
54338
43058
1
100000
60759
75340
68331
17297
14206
71267
1
100000
91825
10653
98859
78668
69290
530
1
100000
38420
37639
9112
43906
78208
38525
1
100000
69557
74310
91683
44471
43597
11409
1
100000
62365
66409
52819
41070
69304
41922
1
100000
23684
41681
98349
15054
92769
71258
1
100000
44024
37779
62565
88683
19699
83626
1
100000
16637
81821
43941
80215
54544
87385
1
100000
10403
49551
33934
92428
66338
64894
1
100000
53465
65309
1719
72986
67009
97061
1
100000
425
20357
86764
96735
17153
5215
1
100000
49820
26437
23403
44419
46411
15175
1
100000
35996
32655
39886
9343
45422
64935
1
100000
63829
87255
75589
78204
69371
39223
1
100000
22091
59298
59752
79518
55691
86365
1
100000
84681
38848
60475
84807
94917
46338
1
100000
94933
27635
16455
59074
66827
75338
1
100000
32984
71492
8694
1055
3715
30112
1
100000
3681
98807
65335
24746
14953
89564
1
100000
2324
60722
66486
34594
66949
77240
1
100000
74736
69378
40844
2801
11108
9436
1
100000
84831
46622
19906
98295
76004
26102
1
100000
25807
62980
55090
95520
84581
61768
1
100000
57173
61482
58931
94521
78850
7027
1
100000
73807
48822
48169
79052
19484
37323
1
100000
79027
32828
91813
87463
4055
27409
1
100000
11104
76231
14711
87028
82870
85255
1
100000
23061
1588
42626
4897
39689
93543
1
100000
78423
44513
43536
14858
20160
6127
1
100000
87561
80287
58189
53856
36598
19091
1
100000
49512
71889
30961
23354
4388
23838
1
100000
3343
93179
21565
82764
73838
65646
1
100000
19326
80578
32346
8307
5595
79428
1
100000
9183
71434
26
72419
66586
17581
1
100000
42903
33396
87193
88896
26502
49348
1
100000
82620
89148
50558
55788
95070
44868
1
100000
78483
14938
48291
28851
63154
38762
1
100000
63946
69055
41294
21924
99057
69213
1
100000
57918
28061
56417
75337
41122
15832
1
100000
49405
23579
94633
61870
7841
45728
1
100000
50998
53565
97952
79530
60846
64069
1
100000
85560
91270
68519
36119
61418
39073
1
100000
99130
8646
69104
55261
43454
53379
1
100000
7568
51010
14530
65904
26120
23003
1
100000
36902
55790
88384
10659
85574
84533
1
100000
78252
68357
76449
33002
3192
69956
1
100000
44569
4004
38989
14991
21178
55000
1
100000
38833
16837
47741
77842
27268
12594
1
100000
37612
21515
11163
53990
12997
26785
1
100000
90366
32052
82948
98039
97206
8556
1
100000
51324
10793
67661
40023
83154
76657
1
100000
60868
46013
10951
59365
48703
82167
1
100000
72721
43040
31320
21666
10178
84860
1
100000
12424
93273
31965
51323
22742
12612
1
100000
51518
32269
44814
91364
30025
739
1
100000
84914
19031
97443
73023
35134
78197
1
100000
11331
87021
88773
13427
78833
82163
1
100000
70226
96281
14322
24994
68710
44986
1
100000
6836
66590
72722
41865
54908
59404
1
100000
4840
46395
22139
40250
76646
80317
1
100000
80825
91670
61176
85794
63081
28265
1
100000
34752
87553
84935
33325
64719
74062
1
100000
11860
56149
7986
33723
82682
2810
1
100000
51710
49534
34160
9842
55059
36883
1
100000
5175
79740
11910
73818
96580
79234
1
100000
86295
32985
96549
79929
69494
22512
1
100000
53116
54959
83550
63625
29439
14492
1
100000
87286
63170
97473
56626
60031
4965
1
100000
25361
1954
97605
61615
23884
61654
1
100000
3195
45103
59080
23640
46957
28237
1
100000
28629
7407
54982
97879
56109
28724
1
100000
983
80208
39108
74807
72357
52680
1
100000
5189
68639
17363
1104
57656
25450
1
100000
13001
4243
5827
74164
80882
45877
1
100000
40600
5604
25732
5276
39258
50687
1
100000
80138
7770
6735
65977
71530
36837
1
100000
97039
15013
6293
33921
40564
53038
1
100000
55728
20673
10757
67147
22143
77123
1
100000
4134
27373
13714
81458
38111
67570
1
100000
18969
31183
86202
49524
99834
15600
1
100000
1401
57820
31963
16575
69733
97379
1
100000
63444
19406
67374
92685
34303
1405
1
100000
50549
58284
44768
19314
15562
47998
1
100000
10340
82339
89352
22668
31256
71253
1
100000
88274
81415
85175
24509
55765
51923
1
100000
62188
15624
11081
95370
17711
81826
1
100000
7278
25371
32292
49479
50850
88525
1
100000
7026
67235
67953
36773
82573
30542
1
100000
16036
41432
57180
88453
96374
35939
1
100000
88669
356
26340
46530
51197
18437
1
100000
48388
24500
20585
53912
94749
33590
1
100000
31348
78029
33659
85629
82795
52803
1
100000
77602
4979
92132
48839
98456
13840
1
100000
96923
33755
62296
65267
37688
27948
1
100000
20936
34890
31700
51966
16500
72113
1
100000
55465
87680
75066
77635
61305
13925
1
100000
6069
34583
80118
46511
8243
80093
1
100000
42139
81685
47550
88463
65760
25324
1
100000
8661
85601
24704
58011
98283
29205
1
100000
23592
67021
78770
40074
65447
39114
1
100000
38464
63281
44789
66092
54082
96262
1
100000
70760
56813
76135
61665
22118
72178
1
100000
12992
30111
31639
31414
5820
64677
1
100000
50453
93787
70055
52763
90954
86651
1
100000
95303
74974
19960
68332
98716
13403
1
100000
23997
51233
81452
10323
81568
55353
1
100000
82745
96720
78079
67409
64439
33712
1
100000
11529
27988
51875
59610
11155
83103
1
100000
97072
6631
87011
2806
51558
86619
1
100000
14573
77249
52122
80670
86727
65517
1
100000
13688
91350
37268
34895
6672
81277
1
100000
70409
46751
2612
75219
9479
70779
1
100000
11325
45257
74818
28235
30124
32226
1
100000
88862
79255
71950
94507
8561
11733
1
100000
22760
51527
98422
32514
46586
44024
1
100000
14082
21466
99885
76679
59227
60870
1
100000
11552
78138
73050
92930
69237
99145
1
100000
5525
69993
20503
90674
9591
53299
1
100000
44023
28879
66355
10432
69674
8022
1
100000
17483
27126
96871
30550
45427
2377
1
100000
14229
65071
36030
13248
72495
49107
1
100000
94452
17701
97513
79975
61490
46366
1
100000
99165
97924
12442
83858
83232
60576
1
100000
99258
23654
86953
89941
1762
52035
1
100000
68869
45685
65594
59485
44698
58087
1
100000
4579
70640
50953
86600
58800
7997
1
100000
11696
38476
36688
39845
29671
29632
1
100000
30597
4388
16132
14313
89657
65178
1
100000
62679
16005
48166
11660
19225
16601
1
100000
32697
99687
85558
54943
75826
38218
1
100000
34537
79704
10779
81314
85296
85850
1
100000
93387
2310
5751
85341
57586
83679
1
100000
656
39753
91900
14068
65771
40670
1
100000
45376
45874
32
79908
14664
30819
1
100000
5749
22109
37656
20549
18043
36734
1
100000
68715
33974
13281
41572
79994
40391
1
100000
6921
7725
81474
90481
37234
55387
1
100000
51294
43315
94108
72529
91432
97260
1
100000
67352
76517
39287
78504
62168
14912
1
100000
60402
84453
14741
30106
28046
67530
1
100000
60379
64148
86771
73212
56034
2887
1
100000
43643
97667
40111
82565
22475
52749
1
100000
60272
45352
15881
88262
94034
64567
1
100000
40293
56846
25364
55896
50847
88350
1
100000
38410
59806
7226
19725
43750
68160
1
100000
33660
80111
37764
635
54605
27733
1
100000
62
10680
6214
58570
16654
6550
1
100000
73061
54765
70948
64504
82732
88536
1
100000
18490
56938
31743
62775
47467
35840
1
100000
62608
54343
75406
76401
48979
89332
1
100000
21410
72064
5766
27186
45433
72155
1
100000
5224
36719
6464
8497
57633
61202
1
100000
31136
74660
12146
84527
53433
61371
1
100000
54670
73820
33851
95983
55117
29480
1
100000
21714
96977
60261
19343
1828
70040
1
100000
13561
46540
31348
39154
11157
44855
1
100000
13916
9695
94645
10865
76954
68290
1
100000
15387
35765
53315
7409
66349
15148
1
100000
50560
16537
67454
69653
58467
9822
1
100000
55584
28359
52825
38575
55738
69716
1
100000
51819
9979
32104
39401
65321
51737
1
100000
18667
78188
88072
19993
91285
53712
1
100000
80383
46461
15180
91932
36546
18048
1
100000
68718
59133
83668
27238
22763
78665
1
100000
14882
62212
43870
24020
6779
45799
1
100000
60720
94290
23007
86564
59145
32799
1
100000
84168
18428
40546
37254
16842
87833
1
100000
33793
73656
21128
1485
24275
74172
1
100000
60206
3567
23426
52597
28361
17206
1
100000
76313
33691
13488
61994
97437
3105
1
100000
44185
8447
25935
63525
53965
98291
1
100000
55040
20367
33786
46591
98308
19253
1
100000
80750
72634
89786
85405
21689
18514
1
100000
73175
8055
83113
91739
36646
37956
1
100000
78891
61461
58238
99548
69191
62785
1
100000
95886
27113
54714
31899
88995
10778
1
100000
25165
81305
10124
37602
1873
13591
1
100000
30273
58977
29521
96262
64824
645
1
100000
92767
32244
12847
75335
20520
12075
1
100000
68023
42937
83170
96370
27910
41603
1
100000
81637
52600
41774
39850
4002
9584
1
100000
48333
33563
52566
84371
67571
72969
1
100000
28916
81762
919
66519
60805
63427
1
100000
42561
64801
3502
35693
40058
19149
1
100000
32154
83137
56427
54609
55817
73263
1
100000
12777
64190
39817
83102
4836
48477
1
100000
77795
10124
23684
95851
57294
67267
1
100000
53605
60477
82483
47113
79942
55554
1
100000
82886
28200
22192
24572
6772
64370
1
100000
58501
65865
62837
47826
36655
8362
1
100000
2053
53743
19417
4822
22808
97673
1
100000
20765
1553
37314
85409
91844
96828
1
100000
4992
49006
85531
75604
83824
98117
1
100000
75410
99371
96242
76382
20670
29877
1
100000
9421
80188
11591
74119
15112
4927
1
100000
14436
52803
57348
72147
72019
56363
1
100000
80943
45357
41653
31058
99382
59099
1
100000
23001
70153
88511
85536
87018
33152
1
100000
10920
57700
72998
85621
56560
5785
1
100000
38466
36404
90859
303
26674
56172
1
100000
28888
62238
34552
14052
42941
55656
1
100000
7549
93717
77101
20515
98836
28026
1
100000
96737
56496
36857
21030
60614
64143
1
100000
22075
79933
49447
72081
57956
86462
1
100000
21084
97576
84038
17790
20213
52935
1
100000
65835
8589
90740
96434
86105
94285
1
100000
20324
76016
95621
55669
73167
46056
1
100000
81337
1705
44274
71975
73277
29618
1
100000
841
74494
9447
99714
43131
68793
1
100000
1244
87841
5826
86400
55499
4623
1
100000
82080
11677
42805
30378
75576
92309
1
100000
1657
75272
10513
39503
17684
13474
1
100000
48377
90210
10855
52089
79436
14570
1
100000
64769
84215
85626
46789
46598
55889
1
100000
96086
89827
36711
2554
46357
40199
1
100000
43884
42153
1398
95931
6777
28464
1
100000
24409
27738
18919
16481
18299
74449
1
100000
170
38271
58695
92703
81197
19018
1
100000
96534
40280
90153
74902
51433
55280
1
100000
97073
47512
77158
64586
67134
94574
1
100000
93791
17380
28922
49837
92558
50018
1
100000
34272
34737
64412
19932
67121
90562
1
100000
4153
34780
38052
66618
83800
12538
1
100000
47174
25653
49976
50159
64069
16106
1
100000
9213
94538
806
26810
49978
49492
1
100000
99736
4387
28443
67598
12730
7538
1
100000
57683
51011
58626
21700
70185
58615
1
100000
51229
66006
1623
28892
81776
38677
1
100000
29776
56473
65816
93378
9057
52603
1
100000
5491
81176
49609
79840
46658
29952
1
100000
14025
44792
37505
63670
21299
23690
1
100000
61812
13052
63467
50502
38188
16182
1
100000
80792
66512
6804
24947
26116
8725
1
100000
66612
31200
28912
43087
33350
91146
1
100000
14861
77894
21904
64254
13315
63807
1
100000
72724
16571
13693
97218
89745
109
1
100000
10465
59997
94036
42874
41323
41518
1
100000
4501
51193
87234
81510
87624
61506
1
100000
33683
49015
26189
20362
13283
94169
1
100000
80096
2464
46819
41002
75364
53526
1
100000
30499
53803
79369
18579
76994
70967
1
100000
14264
8664
3622
57554
98170
91191
1
100000
35686
18384
69674
50389
16438
63873
1
100000
70061
74658
7914
61764
96251
38726
1
100000
20859
9948
39614
73270
64567
79011
1
100000
92258
23247
27088
1313
26457
92380
1
100000
91142
8826
84156
49824
32259
94025
1
100000
66360
50867
81861
51338
83799
4500
1
100000
28954
52168
38717
34602
35766
47438
1
100000
76418
61285
78525
65773
76202
30561
1
100000
1477
42508
83507
3153
97118
76620
1
100000
20517
62348
45257
63131
30198
61767
1
100000
78441
95756
78506
15844
83463
29294
1
100000
91954
69476
67082
80146
66466
68991
1
100000
38162
75138
99241
14981
85276
14241
1
100000
20431
22516
46019
87092
26581
68631
1
100000
94984
41816
95947
23030
44969
9857
1
100000
88866
97328
40684
74460
69244
5576
1
100000
59528
3932
19275
71313
3564
86531
1
100000
67936
57529
12382
34232
88974
67408
1
100000
10295
18130
29493
10356
99334
97459
1
100000
32391
70854
73823
96485
60326
27116
1
100000
86978
45235
27056
60804
9322
89705
1
100000
31101
18544
41147
78877
76422
9943
1
100000
82955
12422
440
50862
31133
20640
1
100000
96965
55158
53265
73797
21172
57108
1
100000
56265
76671
9812
52427
79070
91402
1
100000
15418
40565
86543
60874
19507
62405
1
100000
98236
93596
87736
46368
42937
2551
1
100000
19191
5396
61763
211
36408
37893
1
100000
37453
37252
50219
19021
36623
93265
1
100000
71731
50113
33135
18936
94017
87995
1
100000
75671
54697
32836
45043
49256
61297
1
100000
2710
59118
11377
46754
35193
85595
1
100000
10515
99104
84588
74814
25755
12435
1
100000
98555
29261
67729
1620
23698
38934
1
100000
76928
53939
76773
17969
82689
35307
1
100000
73263
88276
23414
89333
87733
69998
1
100000
76995
42924
84537
60561
41970
90625
1
100000
61345
6287
12407
80526
95325
88985
1
100000
85062
11919
87954
1399
69316
81886
1
100000
59003
38537
15247
28817
50852
68900
1
100000
99972
1269
48449
81145
33719
68700
1
100000
89012
11694
90537
45258
77600
12237
1
100000
18235
67103
5056
84777
79078
71961
1
100000
85321
68230
58430
71354
31132
53028
1
100000
382
76743
486
29315
38019
78193
1
100000
3338
47939
18258
66677
17378
59396
1
100000
91284
76599
80286
1295
27282
71576
1
100000
4810
41575
13472
52327
64747
23675
1
100000
54089
80660
25424
79952
16807
60664
1
100000
22949
82414
21191
82269
23925
7439
1
100000
93961
44168
51556
9436
33264
98716
1
100000
9636
45201
7765
31433
20936
41001
1
100000
68486
96793
93321
73251
18608
1580
1
100000
55813
76813
30684
51399
3442
85108
1
100000
71397
60504
5284
39603
6489
32326
1
100000
42203
30844
48954
85166
73795
28096
1
100000
3285
16542
53834
91119
44852
32353
1
100000
92811
84481
58495
62802
15179
7163
1
100000
82671
11354
68
89278
57037
6156
1
100000
88874
83024
99601
27631
44909
15046
1
100000
89914
42737
59225
47595
69623
2975
1
100000
36220
72008
61564
28677
67240
96080
1
100000
70076
9060
16685
37140
93416
90864
1
100000
45423
16422
57179
77800
60743
96394
1
100000
27975
2468
53549
67311
45293
39959
1
100000
90212
90873
24142
74056
93924
29705
1
100000
75238
40812
80856
9837
23008
32056
1
100000
58465
79583
23732
1802
31247
26755
1
100000
228
13898
51077
41427
68451
82598
1
100000
41698
58697
26278
47155
98693
35646
1
100000
9559
76714
82804
88683
30534
64174
1
100000
21273
89457
65838
49485
44379
7186
1
100000
7613
58729
34585
54427
92906
92581
1
100000
84548
44004
77353
23437
95539
15391
1
100000
96400
57948
12073
20300
79452
6401
1
100000
21973
28419
33382
22739
31940
60547
1
100000
18044
59498
76587
48753
14179
60834
1
100000
63133
23853
60181
70993
33186
41028
1
100000
29506
94051
57223
58183
73753
53183
1
100000
8329
12529
27545
52728
41770
94441
1
100000
78262
10712
74455
40172
78068
88730
1
100000
5937
42047
4723
12513
48928
95424
1
100000
3898
37524
74272
52349
26177
54987
1
100000
91090
96
11837
9348
60222
68811
1
100000
49797
96650
12997
27843
26596
31009
1
100000
69665
70869
90293
14168
9777
90251
1
100000
24207
55944
49822
24503
19681
30967
1
100000
82785
45318
46858
26542
1168
12034
1
100000
73596
31153
56598
12377
3398
56610
1
100000
24049
43176
82279
98486
86066
17053
1
100000
39015
50071
75779
70146
63762
61454
1
100000
65439
85125
92563
28172
2795
60341
1
100000
9566
38537
84772
68531
96030
25254
1
100000
84942
57952
76260
31914
31588
87962
1
100000
19467
88351
41866
18021
50241
33123
1
100000
51721
86762
76270
61694
30316
69230
1
100000
59874
20724
31301
77351
64958
62292
1
100000
53485
18268
37038
88113
15092
68953
1
100000
21517
22128
35852
88886
86787
8023
1
100000
86319
40154
89806
70730
98760
21693
1
100000
69999
66175
6139
98123
95057
85529
1
100000
76999
2839
10468
89814
39934
39675
1
100000
64969
41020
86536
8951
55239
91352
1
100000
56913
88746
23065
53690
17967
23897
1
100000
41515
3305
16765
48336
68668
99857
1
100000
67833
75079
93214
20811
35452
81913
1
100000
68824
65956
20886
79560
74089
88661
1
100000
87058
53283
93293
61558
81391
93201
1
100000
29379
3522
58573
60937
97895
33870
1
100000
19443
42746
32367
3433
60556
62464
1
100000
99998
32576
56698
60956
34037
89665
1
100000
41339
47846
82401
54212
76278
5880
1
100000
29409
58324
46761
87906
29060
5496
1
100000
31699
776
5803
97483
31340
93865
1
100000
2348
88765
27129
63304
50199
99452
1
100000
86317
71338
28796
12910
97611
59560
1
100000
91020
54488
92186
57969
12016
86980
1
100000
97294
58146
28495
39901
85426
54100
1
100000
20561
36064
46260
93169
78728
51506
1
100000
837
35015
60908
72006
11909
59635
1
100000
34847
16824
77619
42019
23341
67305
1
100000
38782
79737
84178
55839
94670
2831
1
100000
4845
37753
12323
78439
8942
24816
1
100000
85014
15570
5761
33245
42599
53543
1
100000
20569
65005
84108
65717
20941
53561
1
100000
55425
54150
53459
13382
46758
83868
1
100000
48656
18415
32046
1493
95877
58536
1
100000
48894
47874
60524
86677
68625
18099
1
100000
56282
49471
68479
38617
90297
34052
1
100000
61230
80152
73772
88279
31542
93568
1
100000
3512
25462
7632
94602
48831
94778
1
100000
31027
28090
45778
98636
58575
52781
1
100000
70187
62797
24949
48814
96890
38165
1
100000
27757
65311
82924
72968
5303
19583
1
100000
26923
84743
47788
7013
9494
32774
1
100000
76453
80262
19748
14487
37720
68202
1
100000
94393
30381
83886
42313
73177
90171
1
100000
17708
73487
14095
43293
1356
76193
1
100000
94761
26772
24157
94515
92711
32604
1
100000
58764
21572
5689
82726
65882
72011
1
100000
32819
85018
72717
57235
56926
28743
1
100000
85505
62882
86500
58920
94693
13371
1
100000
861
45311
21563
79594
20760
89329
1
100000
44924
9952
83890
61978
84819
42360
1
100000
69283
27974
72636
48562
29734
53270
1
100000
83814
15703
22851
66141
44249
96682
1
100000
18921
33036
70304
47562
57641
31946
1
100000
15312
82910
15746
16201
86312
55745
1
100000
14034
3680
90347
42419
79256
96644
1
100000
27951
9734
2511
54011
14346
85555
1
100000
59776
98560
39147
10117
4417
66780
1
100000
1669
8547
87263
6278
9014
44140
1
100000
98019
23091
86699
88444
35339
15700
1
100000
15709
73824
30891
6805
81048
61746
1
100000
88327
45213
61688
57316
44860
65079
1
100000
38868
46251
1269
17299
3589
34379
1
100000
24225
69755
1256
61754
18153
41269
1
100000
12381
74808
81118
93706
74772
66536
1
100000
1635
329
31572
90194
18362
41034
1
100000
34460
89593
33164
36637
89164
39252
1
100000
74281
58753
12321
7770
80973
51603
1
100000
20616
98136
56502
65879
89992
55529
1
100000
1597
43905
68296
69998
52982
6449
1
100000
96956
40545
26759
40573
50199
46789
1
100000
84563
15995
15482
39467
82434
90105
1
100000
1317
90493
69128
30603
27598
70078
1
100000
13686
91526
24102
42567
46161
43051
1
100000
7132
64920
55390
1935
13535
50118
1
100000
2673
57877
52055
16858
22738
44692
1
100000
43538
47523
12024
73487
92880
81894
1
100000
52333
59717
5975
2307
9761
13528
1
100000
96780
34106
86660
6957
90901
12201
1
100000
63616
93135
44037
35541
15721
75471
1
100000
67989
25098
20058
15477
52558
60098
1
100000
70116
37685
36512
92621
37422
57181
1
100000
60590
66354
58765
61980
65530
36449
1
100000
72106
14778
31376
93060
46156
37909
1
100000
94298
58886
41793
18299
16507
58286
1
100000
25414
3531
4948
13939
92677
41280
1
100000
9389
52727
7631
61067
60949
39187
1
100000
64431
39985
19053
97661
99468
12113
1
100000
9928
5788
92903
37391
89910
26418
1
100000
88545
32951
79533
89829
17165
51004
1
100000
7448
65833
60546
30622
13888
51804
1
100000
60513
47724
19090
89754
64668
283
1
100000
81228
11461
30755
56990
32855
99325
1
100000
75259
61440
77022
47617
50127
46038
1
100000
41311
63717
75963
8496
13031
42007
1
100000
80244
14826
17984
57568
75358
99639
1
100000
64757
82305
13480
15000
19738
36944
1
100000
89631
66732
24324
88267
66701
16528
1
100000
45708
83327
28760
18981
70956
45239
1
100000
46239
97971
6027
73981
89722
84974
1
100000
26586
51821
41862
54559
94977
19809
1
100000
79287
17248
1888
1232
32577
51738
1
100000
18618
29579
39238
306
47277
53841
1
100000
20042
61641
75739
41399
73819
88326
1
100000
94943
44569
64431
96186
47942
52740
1
100000
76739
91893
36364
48874
95804
68742
1
100000
74825
72571
83485
15587
89529
55704
1
100000
20856
16358
17839
62753
66944
46927
1
100000
57026
49279
95723
94545
93681
6467
1
100000
82705
31606
10899
64618
80891
65764
1
100000
603
41941
14486
43465
79470
98757
1
100000
83899
26425
80418
39085
49200
57535
1
100000
59542
86870
71209
70771
40262
23888
1
100000
51412
32915
64326
54686
38279
20727
1
100000
74643
39023
51938
80051
58449
38171
1
100000
94773
65829
98810
62489
46843
14134
1
100000
30025
75165
23710
79430
4634
60993
1
100000
56372
34915
74600
11172
32373
6165
1
100000
36510
53194
59467
72588
65640
56868
1
100000
80842
49525
52463
21719
28087
66213
1
100000
51839
98595
72541
6408
75240
29698
1
100000
13637
60793
43570
11263
58170
96290
1
100000
56709
13351
33881
94800
24177
13203
1
100000
38015
516
64947
86128
13560
6919
1
100000
96866
65879
80197
76714
80470
20886
1
100000
27157
38711
21563
36493
15579
46875
1
100000
54957
18655
54588
74241
68754
4401
1
100000
91983
80631
7997
23326
47304
27974
1
100000
93046
78944
56864
91596
62980
89812
1
100000
12071
99947
56964
75731
78898
94172
1
100000
52012
17042
58150
4602
37282
97359
1
100000
68182
52729
5263
9617
66236
51542
1
100000
66889
18047
26307
45929
74727
78842
1
100000
39733
85076
25630
93409
22697
13411
1
100000
87747
21287
24383
94094
44754
38846
1
100000
50121
37406
70359
52212
65346
45130
1
100000
93719
46074
32402
47759
93312
2795
1
100000
7305
85521
90772
79574
17671
46454
1
100000
53059
19742
64908
40862
99500
15656
1
100000
747
11219
90414
2395
22835
47244
1
100000
39325
61914
688
62742
82717
93348
1
100000
99482
81645
3130
45219
79516
22862
1
100000
35236
65082
83878
37927
81146
48171
1
100000
47323
33474
85590
33926
67471
28302
1
100000
26793
82810
61043
7566
57358
91223
1
100000
70106
24121
20469
51920
87157
47799
1
100000
27733
41441
96065
61952
62509
48624
1
100000
67428
17649
79816
7307
7788
63211
1
100000
54724
36915
61195
50321
17953
68329
1
100000
46440
52378
5716
56451
92537
50595
1
100000
10975
54789
66571
55650
6923
49096
1
100000
87216
28547
25505
98396
69758
12758
1
100000
10167
86916
66799
97241
73394
35563
1
100000
91647
36394
62455
54455
60971
53690
1
100000
74688
8536
36819
571
3153
65431
1
100000
55972
36295
35781
53534
17750
96884
1
100000
52466
55446
23063
55408
98470
33899
1
100000
34333
12793
9661
31320
88475
21239
1
100000
99649
50685
60209
96311
63653
31459
1
100000
50766
67768
84309
85799
15003
15231
1
100000
72605
72871
83426
85060
98042
8104
1
100000
17575
20864
4287
98962
58818
31441
1
100000
63279
39651
63320
79824
13414
46173
1
100000
89944
95843
5808
53523
9780
61167
1
100000
82561
14516
28130
93558
97506
68614
1
100000
77448
31764
31465
9203
70336
36070
1
100000
74792
76959
51167
50946
34976
74470
1
100000
60287
14598
89098
81500
17776
31533
1
100000
30115
90395
20031
86881
96854
51308
1
100000
78854
74784
56875
75752
21316
81009
1
100000
86176
39483
45244
17076
22859
57889
1
100000
10702
7051
49818
89868
19769
764
1
100000
93598
71332
2503
47172
7421
45771
1
100000
77360
88811
42269
78177
14819
50023
1
100000
75394
26754
61804
58991
33862
75087
1
100000
43780
13163
64115
67317
57331
11415
1
100000
60310
24080
42196
40404
92550
11901
1
100000
3925
58557
53713
63409
78466
35055
1
100000
64011
7152
93147
1437
48556
85684
1
100000
19639
64374
27294
76725
60157
36291
1
100000
2880
6865
30144
57950
88434
4366
1
100000
45208
53877
7789
20093
28102
15682
1
100000
73112
8725
28417
82113
30401
51362
1
100000
25079
17655
48204
61900
90068
33313
1
100000
45795
33945
63981
73107
65275
50808
1
100000
42224
13657
59699
77290
66429
21286
1
100000
5126
17549
70659
5116
16788
64497
1
100000
86436
50349
39900
76449
98522
34938
1
100000
98374
55654
40376
73059
69680
12225
1
100000
28854
36176
16617
28895
15845
47588
1
100000
44002
91654
1416
91003
56026
4849
1
100000
3268
83005
35814
99683
79129
63432
1
100000
61938
50698
79686
47205
5920
43287
1
100000
748
87503
19062
48179
12346
34499
1
100000
51813
1113
93562
82690
15506
3576
1
100000
30028
14560
4829
56726
30987
82822
1
100000
66103
84277
25102
40659
59998
55068
1
100000
8386
58282
72201
36097
24477
50565
1
100000
60334
79531
15776
40089
48382
6508
1
100000
80101
1761
87361
36900
64667
7482
1
100000
61581
33713
23584
92981
21583
35328
1
100000
84750
1000
19457
94812
44162
75362
1
100000
10700
76038
12119
4259
1975
25864
1
100000
40287
12355
24261
78548
69601
37634
1
100000
5351
96513
71197
76956
10398
63988
1
100000
35095
74105
38993
22242
4938
20134
1
100000
53450
35974
74266
27528
77152
70942
1
100000
29214
64917
14173
42809
277
73725
1
100000
78065
61697
51603
9096
88575
87744
1
100000
52728
1866
32498
69581
53233
2679
1
100000
31806
5772
44688
64274
94561
45973
1
100000
99593
34322
74426
73756
99881
59694
1
100000
66806
24930
17310
38401
19979
56497
1
100000
76079
63797
71043
44305
73940
3627
1
100000
16598
96903
34397
93128
90755
16323
1
100000
99194
93505
61934
76946
52413
67437
1
100000
34624
42527
59754
29847
36837
11258
1
100000
38027
15788
14538
3359
7422
38965
1
100000
23673
70307
21968
47461
37860
2433
1
100000
26367
16006
39074
94206
79372
72035
1
100000
63094
32579
83988
62645
41588
26299
1
100000
68207
89812
82090
25595
61829
58097
1
100000
3539
76257
62375
66589
50831
9093
1
100000
91275
62664
86276
66893
45561
51371
1
100000
81233
11976
49260
56785
89925
38186
1
100000
99739
5850
72833
27110
80326
23524
1
100000
81314
68305
12414
71555
36052
72772
1
100000
81529
20457
43901
3441
57558
22487
1
100000
40275
37176
70892
8358
57814
90579
1
100000
8960
81686
86341
46038
46482
1550
1
100000
21663
96051
80505
3409
4137
4196
1
100000
71191
60650
7605
57659
22290
74211
1
100000
68148
2504
41540
17847
82985
24203
1
100000
7252
37595
46866
74705
76979
35945
1
100000
31970
10383
60285
35528
98393
90900
1
100000
23052
22316
16171
88523
59964
92356
1
100000
45750
52950
39359
1259
40552
76412
1
100000
39418
68005
14700
54228
14958
12493
1
100000
82849
30665
78309
33596
484
54826
1
100000
42221
68932
3286
64796
1627
8128
1
100000
91721
19294
78778
92967
69544
82431
1
100000
59148
27692
61799
9929
93205
60914
1
100000
74867
92930
10767
58067
54843
43464
1
100000
8982
26520
4693
92379
20955
66679
1
100000
99854
42561
67572
85199
49135
38629
1
100000
1206
87774
65555
72082
3088
44088
1
100000
81181
49149
35172
55186
6495
84080
1
100000
50735
87092
33773
68847
86388
14264
1
100000
42521
92153
20635
68532
24958
36128
1
100000
9391
4564
23789
77907
42088
18292
1
100000
97414
61708
7759
93498
22029
75121
1
100000
7003
48670
3928
80514
6388
19619
1
100000
61239
20124
32105
89211
83765
50915
1
100000
80542
82535
18640
16995
43417
17833
1
100000
30263
24753
17961
76650
47079
86629
1
100000
12697
35610
88473
90856
16851
68177
1
100000
41928
56888
19181
82015
98233
29504
1
100000
31789
50819
27560
3646
40371
23893
1
100000
5930
6101
87757
38195
45234
73943
1
100000
16319
9787
7085
78911
96303
86833
1
100000
34292
18880
18275
85007
43961
15252
1
100000
58137
55512
98770
12419
93935
39821
1
100000
14372
54425
12906
51594
58620
71334
1
100000
22076
4046
49565
7400
48801
73557
1
100000
47464
67941
55365
71390
89198
96583
1
100000
21932
37345
176
74041
61156
88304
1
100000
22203
89954
80421
32424
54633
40387
1
100000
92501
79020
11015
48549
95057
70226
1
100000
27761
43120
47233
58309
5192
87914
1
100000
1351
20502
35342
25063
77809
58651
1
100000
85481
46048
19069
44638
4614
47879
1
100000
68961
33640
6007
52013
30647
68263
1
100000
31972
59350
82838
54258
35412
96873
1
100000
19947
7137
82685
70464
70709
4340
1
100000
15345
40620
11583
83567
51253
46279
1
100000
72740
65070
23618
18893
18012
15035
1
100000
53500
39061
64651
56510
88083
28905
1
100000
77813
23471
25677
86157
58264
23512
1
100000
4680
68521
78557
58502
97563
44853
1
100000
96802
22656
1196
8922
75862
97252
1
100000
15029
66295
23655
23407
70605
33401
1
100000
91456
96894
81360
11900
36089
24775
1
100000
982
49641
58838
72175
64732
79256
1
100000
20003
70954
33482
6880
34862
17699
1
100000
38654
11572
24662
19759
46632
42550
1
100000
97936
26632
87045
76262
89968
34097
1
100000
62873
63542
32683
2151
43164
43919
1
100000
49178
38844
48092
12112
5133
16288
1
100000
63025
50092
17179
31629
48055
42868
1
100000
78773
94451
45626
66575
76380
61902
1
100000
88422
58482
83734
36445
46392
64511
1
100000
74243
17794
48859
90373
65450
55878
1
100000
51985
35341
91708
99707
86782
84433
1
100000
72352
95983
49616
27199
61172
41376
1
100000
68439
38968
2941
1813
54476
43621
1
100000
69702
68477
58964
28356
45110
67449
1
100000
25422
60786
38974
7093
81332
59799
1
100000
15231
80825
26384
70677
5733
46274
1
100000
63067
68771
20034
52174
96059
27928
1
100000
93749
35307
18139
33740
39743
4951
1
100000
6750
23650
67681
38561
65508
56247
1
100000
64264
58560
21659
40707
38000
57638
1
100000
38506
96953
2923
34423
81917
57323
1
100000
96349
19436
48852
24066
35806
97085
1
100000
70702
92947
3851
1623
15584
57327
1
100000
11542
50828
91941
10436
91424
71578
1
100000
94984
84040
19512
28629
32901
47
1
100000
41536
43458
74154
848
93328
47161
1
100000
45536
19536
57634
23699
47357
62397
1
100000
22452
32417
35143
66750
1148
61878
1
100000
20826
53111
67895
35024
92526
16748
1
100000
74009
86135
21354
26339
98385
78498
1
100000
56253
46373
17931
99509
42454
68215
1
100000
13629
5683
10061
16705
54728
2795
1
100000
72435
9378
4380
52287
9121
4799
1
100000
46860
24991
31042
92337
54134
68821
1
100000
83785
24670
29180
97935
75380
92533
1
100000
38107
90496
5913
78906
96136
34481
1
100000
55843
90512
76391
41323
53689
88305
1
100000
86902
83076
92832
10910
12630
60386
1
100000
80245
13289
96319
55201
11704
6647
1
100000
96340
83900
71099
81788
62381
87186
1
100000
33404
20810
2417
25202
43103
40104
1
100000
31598
97040
38448
86853
32122
26783
1
100000
95830
18086
31206
70529
55006
61805
1
100000
2364
87832
16391
8526
80101
87627
1
100000
67643
2308
88642
91711
95614
71976
1
100000
91296
48530
7701
898
67754
88183
1
100000
69455
18683
70381
25415
99756
5035
1
100000
52194
4748
53244
69206
24486
16630
1
100000
48287
38601
5030
72954
16339
56084
1
100000
18471
93409
68516
95535
58786
80775
1
100000
83334
93362
52444
41526
15232
57865
1
100000
21818
61350
22528
49863
78974
50462
1
100000
13080
82361
57961
63997
71591
71629
1
100000
51533
26519
13278
64339
80465
80992
1
100000
41093
11845
91303
13675
26861
83121
1
100000
31349
37505
32379
90871
94311
46131
1
100000
78351
3535
95094
2367
23999
92118
1
100000
42353
13201
24157
13632
18704
50409
1
100000
37897
40150
94905
19919
43656
50444
1
100000
98698
92796
13432
15072
24992
69633
1
100000
62298
12348
82670
41960
85042
65512
1
100000
16864
19475
76207
82389
65383
37918
1
100000
61068
57007
92076
1698
90045
7731
1
100000
50723
36932
81094
55102
31565
55378
1
100000
9162
67208
17180
16367
73769
40814
1
100000
31605
4649
87124
78270
57272
53793
1
100000
15995
53151
40770
6030
14578
18354
1
100000
15786
16821
92110
9128
31419
67749
1
100000
89012
91994
89381
96780
99282
36710
1
100000
45729
53142
93484
33308
91791
1669
1
100000
16869
12543
33335
11125
76067
21333
1
100000
7512
79100
42026
1827
49185
21997
1
100000
16528
56686
57563
83537
24133
69414
1
100000
36235
50565
53434
56845
86396
18974
1
100000
29567
90648
10525
27245
61829
29695
1
100000
56022
76187
94030
71143
63196
5367
1
100000
60914
56976
12420
97865
73172
92712
1
100000
1626
55738
52244
3525
56155
11188
1
100000
83907
25475
40128
40570
50392
8329
1
100000
37297
67098
94911
97228
13512
72589
1
100000
57922
34128
74696
50316
18770
88466
1
100000
97514
8042
45680
7503
44650
86111
1
100000
2618
96168
11045
33660
11862
4168
1
100000
11212
56436
4399
5835
64380
71581
1
100000
9962
49608
90829
61074
26113
70194
1
100000
51184
30172
67782
83522
69552
10627
1
100000
37908
56730
19530
80054
2243
93925
1
100000
29698
85653
36442
34975
84572
83797
1
100000
34196
99490
58436
62896
71458
61471
1
100000
13804
34410
19301
24798
83874
97052
1
100000
20399
65697
74469
29942
17774
30044
1
100000
56862
91262
31381
64
79294
42057
1
100000
36761
6908
11305
23346
65966
86673
1
100000
19800
44863
67533
83833
61851
89715
1
100000
64915
70949
16183
7028
91751
88666
1
100000
42801
66607
48311
78489
7860
66918
1
100000
95583
27434
48803
86150
25930
47122
1
100000
36591
72510
61004
25143
49279
22728
1
100000
83902
71010
88016
81336
62515
38513
1
100000
75840
75598
82810
92336
74998
14366
1
100000
92222
55597
91734
13135
54182
72495
1
100000
68400
50545
77514
57879
29120
71187
1
100000
32107
30964
30737
55136
16066
42888
1
100000
1054
5186
56680
69502
72858
28356
1
100000
19170
12341
81001
40389
72986
45213
1
100000
82454
19336
25862
24698
78054
54919
1
100000
72288
92893
59755
44636
59158
85865
1
100000
78235
91844
98294
93969
72684
6409
1
100000
78773
43512
25146
44987
99143
66383
1
100000
59033
58313
38189
1139
35211
97158
1
100000
9896
94367
22017
42911
37080
29834
1
100000
26122
46339
130
12598
93037
33792
1
100000
6892
7288
86050
4141
14946
42099
1
100000
92531
27418
850
37600
6598
11466
1
100000
66116
10215
11398
99671
55754
75165
1
100000
51233
4385
79979
45528
8704
64326
1
100000
32136
21221
38447
21015
855
32100
1
100000
43166
73738
11380
19321
416
22721
1
100000
4987
80150
39329
89496
51109
64497
1
100000
50758
65991
78068
99773
43240
52536
1
100000
40855
12025
95976
49898
10558
73607
1
100000
71483
63251
7516
86621
82139
79145
1
100000
19692
8007
88742
29937
78020
73491
1
100000
70758
97801
64418
12193
61367
77742
1
100000
77134
83174
54852
33833
84239
44502
1
100000
64981
29240
69107
73262
26504
22291
1
100000
37725
36127
48531
38196
56323
32774
1
100000
31864
58176
86110
1266
31122
81972
1
100000
1406
36613
63022
21925
78780
55198
1
100000
31038
32830
63749
58037
64231
14387
1
100000
22538
9324
81960
783
53050
89507
1
100000
19749
37584
48732
70993
16457
59856
1
100000
19099
7233
96249
50424
1518
97059
1
100000
11836
23819
74415
10479
38720
51288
1
100000
76707
81514
44981
31335
83551
61871
1
100000
57974
80632
5606
59609
23248
39074
1
100000
59291
22332
20522
46337
52704
75169
1
100000
64680
67482
25803
60135
77950
62773
1
100000
82133
27663
11731
89162
99973
42945
1
100000
24322
5530
70825
53842
56275
369
1
100000
4911
13636
19844
77482
35228
47969
1
100000
89786
91153
67616
93032
36479
73024
1
100000
93911
64388
4986
15884
90819
68850
1
100000
88721
68774
40485
43350
25350
97840
1
100000
55057
78816
34604
49567
65284
23491
1
100000
8872
44089
25578
8406
40742
55522
1
100000
91575
73157
82962
92168
88237
35525
1
100000
59278
37526
42185
19213
405
80238
1
100000
6503
96657
40248
67562
41181
18698
1
100000
48492
47832
97710
23692
97931
79666
1
100000
56736
532
35224
79838
59486
53880
1
100000
9177
71653
57264
51472
78328
31861
1
100000
76148
16920
99533
47144
87240
61030
1
100000
14909
98418
18728
31358
82194
49076
1
100000
79942
44258
8173
92495
85316
47751
1
100000
63955
86190
67230
86709
19816
49333
1
100000
77475
29747
84374
81690
45631
93648
1
100000
14761
20429
70289
7313
78101
22429
1
100000
74627
54618
14841
12400
93161
64313
1
100000
64728
69622
36160
61394
59176
51586
1
100000
44161
28788
7840
83978
20599
56532
1
100000
29641
20658
27468
7888
76785
26506
1
100000
86562
90362
51479
13055
17756
15466
1
100000
45685
25854
71872
9171
95181
11322
1
100000
44342
38573
29154
33013
35449
32866
1
100000
24592
73303
26192
30003
23944
51165
1
100000
2415
2081
99304
28953
13481
92326
1
100000
97913
62579
89491
44258
80808
70056
1
100000
98700
63707
629
13527
46706
29170
1
100000
34795
27722
13593
7790
18007
16830
1
100000
94087
69248
48871
43886
53981
54753
1
100000
71939
51330
53614
75900
25344
39431
1
100000
72019
3359
63844
6109
61108
74960
1
100000
606
25721
11366
7481
89863
37620
1
100000
91635
73321
54526
91200
25900
5317
1
100000
30708
72874
82949
10076
61040
68066
1
100000
47859
46330
21494
28877
14053
59341
1
100000
23865
52986
54503
72598
45962
59948
1
100000
94915
48829
75287
43177
66089
23411
1
100000
46442
88586
19476
35878
296
68344
1
100000
74214
9168
27465
97262
49677
81073
1
100000
4203
57467
44119
17434
97107
72476
1
100000
1196
78481
8863
20881
65629
82694
1
100000
80241
67406
29001
6687
95043
85601
1
100000
67811
12033
11258
14345
78003
43707
1
100000
85655
19033
45023
22391
47581
7435
1
100000
64323
23037
23685
15067
42924
72889
1
100000
3530
76950
4081
59348
76956
64527
1
100000
78747
96196
20909
64432
98928
25559
1
100000
91400
65972
15001
93699
71281
86835
1
100000
92027
550
93038
36145
42620
91418
1
100000
20491
322
90016
99208
34509
45632
1
100000
58953
80766
81162
93063
30156
68504
1
100000
41233
16743
98062
54348
64889
23449
1
100000
92152
39215
62682
922
12757
94058
1
100000
99653
54375
17032
59736
11753
99082
1
100000
32597
91477
74586
88781
13364
45410
1
100000
41131
76234
13745
74910
85291
99649
1
100000
445
61307
74125
66821
76189
90728
1
100000
55212
37647
92683
83054
68493
58283
1
100000
7200
30330
86197
501
19848
61343
1
100000
61228
28802
18629
31723
96629
37556
1
100000
80216
89472
20835
8336
92787
46653
1
100000
2730
41359
60886
18461
68431
33068
1
100000
62040
1926
57076
82831
80147
18393
1
100000
7436
87698
52765
50356
40478
33633
1
100000
35480
4498
83426
60448
34876
75751
1
100000
35768
83760
5147
99820
98975
80560
1
100000
75432
1099
92548
68593
65346
49944
1
100000
82569
49597
29618
60327
49811
338
1
100000
43786
67913
67847
65292
75183
34214
1
100000
90565
30141
37870
85853
13874
11366
1
100000
17588
29842
15055
83071
81431
47070
1
100000
52458
94700
35069
27279
65045
75153
1
100000
14066
70568
35594
66924
5719
72981
1
100000
23117
37565
48792
18536
26677
81789
1
100000
38919
42821
79031
77885
10108
22623
1
100000
52468
59795
62151
22549
17900
40215
1
100000
12408
66013
42913
77817
74704
537
1
100000
50803
48467
43928
94612
93052
99932
1
100000
66410
44194
71244
45398
86575
46746
1
100000
2240
60040
43043
37916
38960
1170
1
100000
77459
61331
80243
95818
64203
92827
1
100000
20527
42298
35453
53214
15222
89585
1
100000
95093
98301
65331
34315
95784
37573
1
100000
27958
55968
24725
90250
39862
44808
1
100000
20337
10865
95899
6271
90641
61450
1
100000
62211
7002
65950
62419
99413
43253
1
100000
56086
60763
74248
69801
66755
90970
1
100000
83975
46545
97260
1848
98820
36991
1
100000
49580
51892
44349
62105
33872
52422
1
100000
8808
32172
88487
4493
36633
44921
1
100000
7560
33368
47463
50362
50801
39979
1
100000
64792
76477
40111
65128
64983
91831
1
100000
31456
13807
7967
71357
97832
13302
1
100000
15994
8920
55981
20723
98521
6360
1
100000
63920
9823
3880
29715
72693
31107
1
100000
34944
25765
68810
93082
41817
72076
1
100000
72325
54348
99007
94024
894
50895
1
100000
86695
54187
63405
41853
18847
36454
1
100000
3787
55688
84667
5257
52787
79904
1
100000
31101
26401
52426
69400
90789
93328
1
100000
8772
3546
62360
86515
72868
60550
1
100000
57152
85620
38918
89152
81217
11228
1
100000
73729
63874
62484
66979
74381
76226
1
100000
33312
88017
56166
24509
72790
63432
1
100000
91907
42519
18489
68752
41612
27248
1
100000
68151
25377
12551
72666
80822
45080
1
100000
82263
87409
11619
7203
92943
59745
1
100000
67947
30151
41924
26609
43421
34300
1
100000
39065
11537
11414
23695
72798
10524
1
100000
92676
96379
94212
28990
25193
87788
1
100000
75763
90210
76545
50705
77514
26321
1
100000
45079
36128
87899
94376
88994
18796
1
100000
51529
82829
7303
92062
3073
8410
1
100000
58319
82938
66241
86068
87401
71476
1
100000
88690
22364
31142
98117
96896
23016
1
100000
91873
37163
17509
77212
96550
3934
1
100000
98061
4865
44665
17286
21643
90640
1
100000
65518
61469
42559
92033
50578
81164
1
100000
61123
89732
8630
54482
63011
30301
1
100000
28163
66249
7697
17972
71592
29020
1
100000
77568
88526
71997
83309
4871
81592
1
100000
55445
90871
99202
81507
85146
90830
1
100000
8867
93362
12503
86120
14135
17434
1
100000
55649
15567
70646
26870
39966
54574
1
100000
36062
28013
68009
77603
12292
11836
1
100000
8270
21912
83005
31432
15017
19834
1
100000
14115
71074
37674
44726
19279
19824
1
100000
60818
29634
98856
85568
48360
9153
1
100000
20112
14400
37789
23155
53792
18420
1
100000
65267
57150
60038
77508
51253
92003
1
100000
3369
6337
9401
59579
88157
55284
1
100000
71205
3395
97597
69554
56554
11829
1
100000
4754
47675
46114
84962
34662
99771
1
100000
77359
56992
15224
35956
96969
73180
1
100000
10921
74250
7663
53043
6446
72785
1
100000
11458
6434
73117
73378
39155
31929
1
100000
90587
7956
83828
5577
64306
73
1
100000
71414
13835
53952
9020
33553
93732
1
100000
81668
58328
57660
20116
6841
76534
1
100000
49334
66530
33495
17712
51288
4060
1
100000
66218
76117
48074
46681
26198
83274
1
100000
70106
42280
18644
65292
44427
14009
1
100000
84988
89793
57999
92723
72371
29276
1
100000
95848
23445
51415
29731
56998
82940
1
100000
13854
43586
19113
8289
26980
40689
1
100000
7731
73283
86809
2373
24216
35168
1
100000
72561
63584
63038
65616
56105
21079
1
100000
43910
69570
11183
82763
10311
67314
1
100000
86023
81436
60917
18927
40752
31072
1
100000
31684
67555
85653
54099
77702
64445
1
100000
75103
12228
71078
9037
22684
64227
1
100000
32786
66551
92815
16046
1753
6630
1
100000
38277
72602
53587
43155
55421
14395
1
100000
26709
63451
23268
21887
50534
28774
1
100000
45214
30761
29188
29848
61998
39674
1
100000
397
6218
66321
87512
53803
81773
1
100000
42918
93412
84676
8088
46190
73380
1
100000
61594
77798
86943
45075
28719
99492
1
100000
89042
48970
5617
40842
79921
28712
1
100000
28680
76600
28361
70875
21641
72209
1
100000
49731
27616
15870
64114
39024
90991
1
100000
78772
88731
82896
61418
82112
53353
1
100000
76462
79974
68221
44864
98121
77850
1
100000
16849
58209
64195
45179
98498
24822
1
100000
38588
9695
85534
56553
26378
12118
1
100000
43619
52278
24672
45333
66208
21367
1
100000
55176
86375
77641
29633
59583
72792
1
100000
26954
34003
50538
38853
13555
72345
1
100000
91744
20357
44043
52259
59692
91221
1
100000
88386
36388
21514
74126
93140
43782
1
100000
8674
36961
31847
34316
17317
98330
1
100000
40305
65092
27928
33320
30569
69710
1
100000
24058
2229
97108
9717
26378
49169
1
100000
84773
96165
60491
5239
97312
57732
1
100000
72225
63594
57840
74530
17609
12057
1
100000
73456
87607
19372
35706
23121
81578
1
100000
15222
28687
20704
19571
11631
42803
1
100000
72257
88094
93097
16958
65816
92018
1
100000
44049
98734
14449
87203
27186
78536
1
100000
61677
34372
91877
67087
36759
41669
1
100000
17179
30606
7113
3443
78257
96823
1
100000
67878
27062
74952
64978
3603
72869
1
100000
14945
74313
47614
67631
28817
88687
1
100000
38683
71561
81961
72439
59380
43117
1
100000
93304
90101
29013
63617
86771
59705
1
100000
54335
56175
55497
91080
88781
28977
1
100000
9336
93926
46056
52745
47235
65032
1
100000
48097
58402
14328
99920
95630
45830
1
100000
47828
61860
37785
81029
11710
53422
1
100000
65809
38506
66857
86729
82457
49544
1
100000
57864
57556
65760
39064
95620
70043
1
100000
40908
70269
15153
77708
65146
49737
1
100000
63147
33616
11730
77263
16642
52714
1
100000
17516
89977
9401
30795
88912
63925
1
100000
33256
84126
18999
86156
50952
11070
1
100000
43957
25151
66063
49259
45555
95994
1
100000
96924
41109
11028
2375
19521
80976
1
100000
72510
56042
78806
32085
89763
57238
1
100000
48793
42223
46767
48966
41970
4436
1
100000
17398
80516
46392
77743
87291
10946
1
100000
92196
71408
37830
60304
64344
60231
1
100000
62764
85469
43402
56833
21388
21542
1
100000
5455
99770
94690
36147
39490
96009
1
100000
72723
65873
70191
48232
74540
60193
1
100000
86429
21141
16032
83991
77386
1184
1
100000
23434
86456
58939
13618
22725
90985
1
100000
19248
90116
63331
90767
87601
71846
1
100000
17986
35533
95092
53176
79525
51285
1
100000
77123
55295
29235
97028
70076
65285
1
100000
52458
30111
2844
64703
38003
71641
1
100000
7391
69416
4393
36236
54162
28144
1
100000
28248
15509
75624
12926
19487
29845
1
100000
80074
98395
28491
60704
5263
6735
1
100000
43629
70452
44410
92288
67884
18933
1
100000
60114
15515
49415
53530
26672
20736
1
100000
83951
74312
37740
59364
50663
27880
1
100000
43167
94655
16903
53358
67460
97312
1
100000
99022
33496
22162
91546
15828
62069
1
100000
57207
59785
41266
6514
38243
67826
1
100000
48090
29536
2672
10723
6020
75547
1
100000
15510
4705
82690
60410
20478
38657
1
100000
6809
99648
81457
64002
21421
16101
1
100000
95467
23397
60653
28422
73302
76071
1
100000
5064
68084
51739
35456
23300
89910
1
100000
83505
32152
33420
63093
30471
1883
1
100000
32322
2574
75704
17292
91253
98129
1
100000
20696
83332
44748
7894
17119
4109
1
100000
42536
97446
14733
32839
56879
3826
1
100000
67075
64502
7233
39359
96286
81204
1
100000
91049
67083
14058
81591
92450
27739
1
100000
55909
70077
79505
50950
97280
50137
1
100000
95156
50982
98216
13077
18901
10685
1
100000
35102
2153
62177
67728
46561
22061
1
100000
78886
18965
49927
68877
50723
10682
1
100000
30811
78548
16221
5186
36283
13538
1
100000
99297
51472
72406
14042
43044
85573
1
100000
91465
73389
61102
73529
72434
60449
1
100000
31132
6364
62858
98787
21895
29653
1
100000
72489
59046
9750
20309
96388
15140
1
100000
67868
16566
48302
15688
25983
32857
1
100000
15949
39944
62306
60734
73174
84507
1
100000
20042
91466
56302
93086
99650
76469
1
100000
23484
13529
60999
78207
3712
45544
1
100000
86474
36454
73155
98122
89296
60514
1
100000
20253
91476
45040
648
82228
7535
1
100000
17194
82820
50620
64337
96201
81517
1
100000
18743
36086
25183
93552
36004
55866
1
100000
40520
97575
98290
77277
18499
73943
1
100000
36631
52941
86549
41137
86425
83247
1
100000
48115
40548
90892
25717
3201
45583
1
100000
8740
88867
36472
98690
39864
21037
1
100000
49597
31577
29404
81388
72868
23066
1
100000
82097
29144
45750
92180
71049
14656
1
100000
76597
69065
77810
90245
60446
13251
1
100000
36146
92468
94733
40591
45920
54693
1
100000
87662
4556
55714
23226
10143
70211
1
100000
14629
16413
75858
17468
86555
30824
1
100000
15065
60548
88013
29257
29680
24750
1
100000
30883
94775
60564
42993
62791
9135
1
100000
74999
96625
87201
88434
19082
37196
1
100000
14855
96453
5802
39968
54561
41652
1
100000
19391
42744
73790
68510
58358
29062
1
100000
22511
49069
39881
62234
1107
3547
1
100000
7180
52757
3037
75391
80101
67638
1
100000
58047
16180
91262
10890
23228
76048
1
100000
93331
62800
37533
71291
94548
16715
1
100000
52677
30390
98002
91438
41821
92709
1
100000
93032
19761
79496
55915
20895
70457
1
100000
87322
13025
54034
66535
76587
20315
1
100000
89743
20037
14778
71402
12484
86464
1
100000
37232
88285
65491
98945
16218
26153
1
100000
628
1103
50003
20999
96095
2784
1
100000
92389
21549
91654
32754
13985
23540
1
100000
2456
25851
27089
52140
8140
29935
1
100000
41929
40563
53765
94606
29066
21874
1
100000
2545
19190
59773
98232
19246
2397
1
100000
56927
28010
18419
28482
34699
71037
1
100000
55422
92443
2247
61975
59401
12826
1
100000
40364
2190
59013
71061
96863
8086
1
100000
27978
12950
65180
23859
92607
14769
1
100000
31286
40941
44484
97305
65608
74185
1
100000
34784
40600
44525
88309
34117
97130
1
100000
8538
91640
89305
32720
26531
88557
1
100000
48409
39828
65198
92289
76152
87486
1
100000
6489
81737
11005
59592
59357
41189
1
100000
51334
65126
12425
29338
59445
85417
1
100000
7227
77943
89435
36575
53080
82846
1
100000
93004
34507
93131
79111
17063
23268
1
100000
71098
96923
16115
9844
66703
51486
1
100000
39181
65419
27585
45553
15044
12746
1
100000
91465
77770
41514
44455
23014
1294
1
100000
6999
45379
81112
47512
19657
1161
1
100000
36118
95104
28629
76682
23254
61612
1
100000
39879
43581
12081
10739
69391
42234
1
100000
86980
14011
15292
98075
68870
86183
1
100000
73044
48274
82102
57248
47062
79788
1
100000
1157
59379
86990
28711
66393
22387
1
100000
70803
74389
46074
48422
42291
4306
1
100000
34102
23245
9470
82392
76447
98924
1
100000
65125
41016
78248
44922
48528
35708
1
100000
44097
96652
36149
82771
80535
82664
1
100000
17096
61646
44547
87486
64143
33270
1
100000
43813
36528
1169
46281
24732
40233
1
100000
13317
27072
62787
15138
38503
39775
1
100000
11360
41568
54587
4833
37016
43539
1
100000
12357
35465
31224
37482
53719
82966
1
100000
80052
29961
95818
18197
14092
93052
1
100000
21741
79651
21068
37735
18856
70968
1
100000
26491
45898
44728
60442
23997
47382
1
100000
79669
13189
14082
13508
79312
56311
1
100000
70275
76182
55472
84272
62674
90361
1
100000
93769
88541
30457
78311
25196
56844
1
100000
44520
43033
74027
71643
22005
93493
1
100000
57257
67533
17557
35411
10934
82183
1
100000
65560
83253
45386
37894
69842
69388
1
100000
56379
20983
49338
33184
34355
37705
1
100000
13402
52039
43791
92755
9675
9436
1
100000
36081
4556
3851
66768
72611
80185
1
100000
85196
42447
36254
50753
49393
17679
1
100000
77911
82169
80910
97137
55105
85768
1
100000
61035
66381
9878
1808
24233
45154
1
100000
57421
99701
83008
18678
8915
29775
1
100000
69817
9231
37661
97354
7620
63249
1
100000
27781
63960
30693
28032
93157
85182
1
100000
28725
47552
59881
9068
52178
92259
1
100000
45951
93856
77306
67634
35189
56800
1
100000
30673
60773
80581
50829
84069
72501
1
100000
87451
25932
82755
24233
84588
82295
1
100000
67203
38851
33493
64690
86350
46699
1
100000
67707
57341
76652
87042
83748
28389
1
100000
7394
60254
58356
28049
93214
46363
1
100000
73313
76160
96066
87260
85345
86710
1
100000
80211
41217
7901
81054
1797
43182
1
100000
12722
10120
8314
43965
5501
43479
1
100000
21854
56015
63159
27494
62479
26010
1
100000
95739
79978
17410
19489
12074
32692
1
100000
30530
96151
3461
93995
94496
9496
1
100000
73400
89440
69955
30447
46987
75800
1
100000
45739
93363
85773
61123
41416
68818
1
100000
70541
26722
41500
50460
71813
81459
1
100000
58945
65920
91296
14693
96501
56276
1
100000
82988
32506
56477
7577
11661
26177
1
100000
41558
76313
68543
60138
72296
17830
1
100000
15125
41777
72844
81545
12280
25819
1
100000
77580
9030
46968
24575
43417
46021
1
100000
20260
74667
42149
17993
57650
10525
1
100000
89392
73080
73928
17731
5105
68612
1
100000
61953
53440
71321
53525
34216
41767
1
100000
14747
53598
38896
66195
60680
85165
1
100000
36345
97467
44119
71872
24475
61924
1
100000
4491
84192
35204
34878
80382
6299
1
100000
11295
91612
20219
54363
92712
70284
1
100000
67048
40943
71123
88508
73898
57060
1
100000
51632
28834
91268
2742
65601
73968
1
100000
33389
1470
32793
91889
70887
42278
1
100000
42384
87633
10553
60695
73967
47627
1
100000
5815
57391
37686
14592
71464
30866
1
100000
35069
15750
46104
15531
32424
82833
1
100000
6577
35898
61699
44040
23421
72377
1
100000
32099
88627
65645
91856
63164
45727
1
100000
2773
5661
49666
97281
78328
95791
1
100000
35470
53643
14296
66631
78522
96767
1
100000
84889
8939
963
54981
59574
54307
1
100000
1920
21863
2590
38395
69227
73945
1
100000
96836
17095
44200
80763
90576
8066
1
100000
92056
9896
49489
31869
85985
6745
1
100000
74319
5901
2383
80061
32735
19330
1
100000
26560
42356
44152
51399
94102
91953
1
100000
64331
39362
16534
98651
43961
28831
1
100000
81353
14669
29048
44912
72978
19392
1
100000
86347
34977
41418
67418
38390
15920
1
100000
56997
63177
53158
21640
27507
61435
1
100000
87870
95833
35429
41144
154
60725
1
100000
99796
81900
65597
95001
65245
54691
1
100000
8874
857
63619
36721
71945
41202
1
100000
32518
96837
36307
56900
9504
74372
1
100000
91242
55758
18542
48911
63777
76998
1
100000
60127
22457
68109
24111
