43566
65402
81020
93980
44522
30022
80553
38592
50585
22530
29063
36194
15231
9407
59039
25174
67363
90525
92068
48714
37792
36434
17027
60402
88579
26950
97644
18923
62684
50631
43914
2099
1221
68369
66464
75974
87710
52009
34919
62341
54095
14295
49131
57003
56655
7013
42098
72829
266
35481
22530
8020
11768
71906
17256
19512
77696
51458
69383
32962
11697
51247
81992
79865
6893
36704
27679
88714
54154
97214
9551
24701
6222
46702
54457
72876
27222
30734
54820
83242
39320
98176
50196
40219
73998
79123
33865
41778
44038
35942
47869
57644
41614
15839
84189
515
73536
60654
22262
1405
95661
47839
32580
28503
43204
47382
22127
81046
6818
55477
62545
67003
1503
29254
23069
57008
85728
12659
93406
45965
95318
52568
48117
83167
50960
27865
67395
76295
72794
29329
98058
48635
47598
96625
92163
31409
95352
6821
1917
93036
59915
12562
13971
63442
47709
93275
73218
79777
51119
7498
69589
89048
98565
920
83692
53678
66925
40751
20146
81519
66913
91716
39300
81622
15679
45858
96981
3923
98822
26017
87363
21615
4842
206
34864
6848
40082
41497
24159
17923
1601
19941
38621
62084
76004
68739
57877
65040
68023
58592
16883
20029
18388
5149
80887
17
77746
76841
64716
73240
32895
57409
98061
89898
89372
5169
80462
85119
13285
70860
30439
23860
87086
52231
6063
38499
51000
51993
51934
17130
26627
86106
88839
83779
9095
81222
14130
14772
40075
15194
68225
53919
33511
50282
69716
20331
74570
64737
3676
47617
72889
19301
17719
85155
41768
5984
50333
37885
96220
27470
12820
99076
82139
89503
22492
61679
50788
3235
14628
44975
17270
57567
17410
57815
2840
39310
53178
1424
28462
447
12482
28473
16036
43054
63683
55412
40067
22397
84238
88972
76755
85396
74617
7609
44666
47331
68546
77736
9882
41091
16022
17963
39156
43141
36058
47179
10400
17638
54795
53275
41209
86919
8622
91393
45305
55391
80596
38790
32458
91871
63798
3437
41901
92874
65053
40804
65924
89895
28425
70358
18773
98577
85144
70827
15218
3816
19872
80231
81294
88989
6845
58182
96130
22407
14417
90987
98617
81097
60318
83187
65761
83186
3653
38664
92493
86056
26270
39935
67403
9536
68218
73169
21702
2736
96091
678
96184
37791
73414
37642
71073
55933
35927
26027
62439
32316
93349
91662
99765
62470
58178
72358
29942
30676
36286
28715
90539
15706
50065
64665
95023
47609
22394
47546
79460
66184
96932
44190
48991
14577
1414
21611
23120
24175
55701
85098
83300
8326
33907
98371
32785
93709
40922
25666
82653
52065
55864
74048
87996
50269
6368
36390
28087
14666
65393
86596
47245
6728
83145
60306
70919
82648
59237
77864
65656
87628
95782
76336
48343
58130
56252
40008
93990
36124
39977
50392
69482
47543
44196
40797
49684
7550
29231
6568
6474
86159
45190
86561
59368
82633
65140
95371
41294
35005
10303
91786
29014
24404
49617
32971
48950
22012
63478
3310
1254
99160
80645
86351
35690
85051
69246
75497
18107
5566
33356
68334
37508
76204
43831
23256
84663
89250
34924
6055
5805
38434
97573
39995
23791
74130
206
37891
20805
44163
40218
10435
12331
73717
58759
76023
88000
81685
90159
61917
1939
94842
87703
2626
29577
39905
19510
80548
12011
74090
75625
9358
9898
57490
47631
27970
91814
98307
16138
81640
64703
20815
13539
40285
19612
38695
56247
4174
54337
47036
46941
55652
99749
61922
9683
46442
99666
50691
2550
78287
90233
62399
14900
36754
66089
68290
49284
69004
44243
66303
81679
71371
94351
49456
39180
64126
53528
78057
70504
91923
89631
82427
99188
99756
96245
17392
38986
39308
91594
23116
93419
77294
34352
80993
20084
41297
87038
94731
38383
916
80885
64047
98189
26560
53023
10779
92524
97576
27958
16421
75880
83855
69411
31523
55713
42221
60557
4220
7243
88052
40437
76491
40533
6414
64280
63167
39050
76378
13490
68438
66476
8852
10869
46547
47840
34900
42393
17186
46087
25689
83658
82434
34112
36732
81686
50427
61555
62778
9480
65122
81733
14321
78311
30782
19568
52657
65554
65124
31952
34566
30768
29427
37259
81521
20520
69810
35553
18659
99170
86949
66813
45774
28808
64153
51712
79367
97519
16409
41168
39602
51691
22919
38282
32137
2423
29554
58505
46169
23644
20102
67814
64469
44271
88936
57097
17440
88357
12920
17073
15991
69336
560
62935
556
312
65795
45073
21979
56233
1687
49407
84580
76749
92136
96610
18116
85351
41955
33296
24777
96880
9914
89911
9543
18245
18227
46256
38135
12313
27889
56588
44354
92492
13456
52224
7751
83636
16873
18646
73480
98776
82079
63657
11630
47236
92543
16684
19779
69407
24855
56891
7655
98240
31001
83416
98145
14057
51842
25142
13717
87125
38759
81254
25367
16309
37341
81670
64673
35980
92149
63211
19108
43470
2035
75158
11514
51395
15150
60113
50544
46039
12691
63604
49724
90938
74395
67833
53831
72198
20159
1459
19098
77126
34051
50789
162
58197
63759
11741
23858
13005
37988
92573
71847
18021
97747
41521
47160
66496
31298
25826
48327
25934
19546
44876
33313
90344
78690
83328
81132
35491
85428
54634
63025
5236
67308
68000
26620
22608
60800
84261
97807
12954
18931
82801
40214
59474
49217
23072
8384
6215
92273
6357
77986
50111
42507
1483
56289
42902
68567
30964
2328
89303
66946
34909
94212
65401
60778
66808
89279
59715
96107
17966
53745
7601
97079
93892
72497
67877
15326
7885
16516
68005
45136
50430
9336
72810
31840
67666
72891
8971
82119
76212
38686
27760
32646
94260
70532
78853
58975
45948
78245
57217
85537
53592
52634
65562
84462
84760
65365
24604
18065
57338
99520
85902
39011
47611
10198
74141
14385
48920
48573
82114
70032
62584
99709
16634
43537
19661
6465
30853
56943
5403
56403
94710
55813
18616
43052
98743
35681
46604
66380
94955
31060
97534
16405
37778
93974
21332
48466
90576
38756
97052
86305
87753
54997
74289
3824
36328
73337
55581
50413
88297
62044
95922
55087
91465
86657
76319
94010
18665
30417
84024
56170
57976
8580
9176
55723
53812
99002
55653
94377
96274
22482
85205
80492
18562
72698
80537
91874
26817
76265
6646
55139
30241
57247
8070
53950
39253
17543
30782
99265
50334
74544
71472
57249
8588
79110
19715
33406
36628
35698
55290
73667
17700
89761
28555
15266
62007
73494
20325
10644
16206
70807
75851
29906
31757
45985
82053
7413
26823
79332
13263
99459
98981
81074
57011
44604
79706
70194
16985
55892
76929
71916
93407
14036
97738
58498
27953
15865
95683
24103
51509
40410
1170
4491
11552
46175
79780
48677
79553
39615
39030
36616
23530
49633
25123
28559
64964
61841
24121
25794
14947
15970
33104
13124
56767
42506
94439
81610
49514
70995
59207
39526
70687
2232
1386
89381
40095
20763
65171
24346
87512
19358
3631
11435
34181
8986
22514
25954
98771
95455
18275
53855
81741
53644
7996
45554
39501
96581
8465
75348
58709
1083
63825
99805
83528
31802
47330
28796
6653
27180
70344
61935
33392
66345
91894
21346
93599
81265
7993
79869
34448
33453
24639
73695
17416
89988
31828
94973
54332
35155
89832
85616
32824
25195
54097
15170
67743
26349
1310
24899
12165
59749
31252
96770
31422
40929
55039
88892
94343
2496
22394
1446
47869
74667
49335
65384
41290
4630
92841
22678
97883
35083
45438
91961
60258
55265
95770
7228
75451
3789
33002
65983
53162
63261
37218
88308
19030
44424
34961
72060
11696
90503
93063
44872
54955
12330
88403
5068
72978
31435
89163
11554
51015
68147
50381
19364
89588
58144
30627
50568
95507
18725
33958
59257
6194
77603
69384
90824
9925
71933
5257
49711
85779
28494
88227
42778
8137
15007
56328
70726
26943
22114
95950
44119
8362
31641
2885
57109
76509
42413
10106
52236
92770
69238
70390
76337
77801
95039
8213
17447
12186
64815
16898
21060
76793
93074
1490
87730
24161
11880
66913
78156
331
35884
46458
99194
34683
81635
39482
90965
22197
42068
49516
15340
10653
61638
13385
56102
52997
9397
56667
87244
22524
43258
86544
68288
28549
3530
37202
80708
88686
13251
88990
48994
46789
78786
7424
85608
63761
34160
23956
62550
60508
79931
97126
91769
86274
71258
19445
44884
60358
60830
38526
25728
72947
48314
45917
74963
71604
8736
67528
4061
84970
58034
21742
45339
59788
41049
69028
35030
12012
69340
99663
70804
74502
14769
12114
428
95850
39027
8323
26334
78975
80021
69344
28895
33542
46239
74636
37516
32471
34382
81345
98955
60548
11197
9887
67776
32652
13945
90157
3659
10259
22380
90407
60650
9584
1171
11501
69115
16721
94480
88198
27587
17453
52614
35708
16764
81936
41754
33010
86501
96885
94254
97136
85117
48839
16643
51881
27238
84184
37512
15855
20564
28909
51603
96545
59677
99257
67676
64255
35855
5995
66832
69403
22849
98583
97771
8057
82303
162
79433
38984
52585
45176
71220
55078
99472
63287
11770
93008
60851
6668
44652
45450
22566
51225
29321
66718
96352
96942
38466
83628
65074
33666
7735
73172
89407
35329
34006
96191
83435
92288
39170
61383
86524
98764
65880
12824
2160
77011
45629
30386
51211
34591
40743
28
98579
37025
65895
70067
58800
86384
56331
8389
49624
76998
83069
48076
77957
25985
6397
11792
66540
63195
67179
99045
27324
79790
65193
42402
95386
14253
10424
21278
30966
3245
89843
60665
1488
10730
76624
93354
74401
32392
15023
4037
26286
6251
78319
19062
88761
67999
72135
71738
50556
59428
94333
63312
88392
45163
48875
79705
61270
8797
20750
36097
91260
74395
38525
63406
25602
22224
7940
25431
68263
25259
85791
48514
35649
83693
45085
66707
62412
35640
56091
80691
24338
18587
80668
92478
8989
80232
82201
20370
31653
84069
27080
81129
85133
73727
49341
25799
80654
3911
25001
99578
64306
32545
50861
22423
58006
95483
29949
37947
11858
17768
71522
36981
90007
97517
54238
28159
24029
43160
81407
97972
22374
5210
65100
26620
7183
71168
50468
16393
75731
25849
7880
43834
44093
22132
84502
57865
10535
2808
93014
25277
97444
2656
68519
1648
1372
63658
49413
468
74293
51079
30936
29227
25431
35593
11450
43836
19090
35860
8756
40646
15907
37642
30197
52315
36783
78573
34152
83142
16561
97049
97708
25901
5976
87940
11791
63607
99581
31381
69874
59938
10558
36769
78667
92752
33132
87969
78374
23051
15562
94973
24586
47650
55830
30068
77702
4236
12953
25953
95267
61350
2083
9236
39509
97326
3931
12444
66976
83432
44253
69480
734
30826
41220
24563
17132
47761
79968
75861
46137
84614
74976
66627
53990
24625
88131
88073
59446
58519
70780
44303
61435
15878
26817
99129
96421
19824
74436
67634
49540
69120
80511
33020
37695
22705
56532
40435
35643
75771
51078
87861
11102
81546
61881
42864
31546
35640
85892
46775
79895
31873
8352
75709
49902
61891
99366
72507
4463
32409
28143
64227
19998
44657
77681
50587
59883
87039
19403
40349
52654
47091
4907
36475
56279
3195
7039
68584
28808
24641
73973
81843
81673
60741
17171
65368
63705
55947
55777
41767
68040
35111
85005
82803
54777
63802
35807
88651
9741
17208
9067
10818
85480
50276
74957
44569
11026
67418
82920
39760
11
75403
39909
24510
39377
42707
78999
88557
18329
1848
25445
9560
93443
47188
50821
80427
22361
60928
67940
46184
85584
21627
61136
83269
15814
53779
90017
99091
57563
7720
54419
35610
64376
74821
33033
96457
91115
29734
77615
33756
46786
51843
60966
78064
32912
87375
80884
86342
55805
21418
36174
81195
5631
53309
24542
69728
44162
87056
31124
18420
66366
94912
95493
70948
56796
51332
11979
66760
43244
63230
42396
37903
46724
24163
37610
46914
89341
25745
73926
96203
8375
22266
83398
42516
37767
70004
40225
34399
35512
93335
17180
85488
60002
94788
78692
48479
28035
76060
75266
60487
26481
96746
14956
34552
95379
84731
65715
9765
49650
35230
67372
97346
68329
17709
65563
35929
84826
98037
62719
62275
13462
34066
50342
68797
65563
82494
48019
35444
89115
76372
11420
92035
17545
28547
77920
23684
34156
12296
79393
35245
84027
60596
34784
88110
32947
61552
63791
51830
19734
16224
37910
63124
51905
69363
86199
29347
33889
31688
21178
42081
48243
77348
29350
52206
2413
45891
93337
30042
52563
67811
29338
64687
79280
88575
8266
92674
52257
55436
89692
8020
7771
35902
35297
35756
11844
7790
10050
53248
52331
17059
95324
3509
73392
40648
85463
89093
44327
71565
68547
54706
91533
30696
29702
26623
79357
39276
27177
26252
2763
50863
39833
48449
43448
33752
48408
83081
79449
33146
63524
30278
63408
74023
91663
82132
56695
99312
32288
77283
5993
10417
93586
81493
15145
84024
95250
85347
5836
80208
41087
20255
51885
43714
90764
44117
89431
63513
9132
99826
46343
67652
51065
27601
79866
30200
51841
31134
94449
51047
26981
17040
54142
48261
25146
64713
59736
89181
83709
96060
9569
65123
68301
20764
73224
56263
35122
9669
86012
61899
41585
7283
22721
48954
43468
56198
92216
82718
74992
67893
93695
37859
24750
83460
66485
91049
95108
1835
55736
87774
79484
68787
28630
11714
60422
40405
50660
37926
46392
33019
63219
69930
81681
70728
29833
96506
62548
50616
23878
37261
7458
23103
79129
2532
64810
49449
4480
86749
88359
61704
16694
77975
54307
27385
68155
49451
74344
78453
88154
55850
35609
9731
31715
47406
88305
95372
8643
65549
39133
68713
45730
95811
29256
6199
61569
44490
47756
24681
87787
71669
48593
4119
3207
41945
27616
90868
34257
66845
51150
21525
36793
82375
83346
77858
27370
83280
8868
34917
80094
49161
3186
58205
58118
99891
14611
36285
16608
2121
74569
17696
89528
5626
34914
40415
65101
33261
32650
84861
33111
31770
70102
33174
81262
14307
42239
69927
41925
85400
29149
11948
9665
43921
10947
87695
68242
64979
8247
46811
50073
98842
86101
54538
18317
1943
76451
96362
13755
82572
86151
77832
81127
73960
90846
1335
82538
16564
49492
63561
40877
68574
23482
96622
8648
58402
94694
66354
18453
92849
34529
29497
14951
5893
93009
72009
81004
21357
9535
10085
66639
80189
86139
8081
12502
71963
22677
63035
81086
3980
5607
9942
36622
51173
22686
94860
67024
97442
91735
49733
80418
53319
51200
74241
74876
12897
79920
21494
63627
80506
79548
40464
53123
96996
48970
68449
20902
45323
52773
54956
6292
72650
26082
79542
80169
25865
728
70881
93171
6029
97639
96830
23052
92575
67650
93365
3433
4643
11944
50206
46403
42771
78760
9338
85106
8632
92641
36401
44589
33458
92676
22766
58457
36296
37394
64785
44652
22580
33571
48597
81347
74859
99715
69476
2266
38854
40574
48778
53238
54868
12657
88793
33859
49537
6552
81261
15752
47626
71243
65780
47587
21713
14679
23871
27515
82033
2008
4290
36964
42375
25501
14276
79891
43032
73890
29766
33071
7713
72659
50133
38212
57490
16368
30537
52404
38479
64329
28832
92421
25579
19128
10519
46475
52491
11083
69072
61952
10259
42780
94181
35823
40137
85785
19849
80119
35925
4810
29214
62861
94861
13163
42534
52657
28003
2415
64770
14099
58296
53547
7184
75224
65438
70626
52919
34265
71710
93436
53858
94372
24189
92871
47911
69785
71557
53939
51336
67224
65941
65864
46841
92376
71961
92974
17403
93357
52985
59063
34179
66692
87129
41261
49579
95179
29488
70639
21576
532
29415
31899
64036
1359
68860
26252
29367
55207
62710
12246
77971
71912
39068
76885
98444
34581
12999
89049
82622
52701
29150
56686
7757
12155
70076
30672
4040
90304
34547
76791
70254
89500
57846
39383
44211
15979
80468
22133
91232
29131
35970
50314
4266
54487
62060
44118
44229
76082
14782
67409
70055
8777
61289
56360
24293
78863
6024
52595
23992
82785
38577
32316
84618
98301
28739
66624
3426
60376
82077
98261
15875
25565
57414
13499
96965
50017
14932
28707
90414
55438
60322
80094
70763
64614
80931
78404
73522
26933
61738
102
71020
25194
15891
72940
36935
17698
14310
5610
97766
19254
13377
12974
80171
30486
90245
92566
61768
21540
21967
52744
59047
30404
14385
89952
97972
51782
60387
96618
81431
96079
58406
28135
4485
25136
13707
60332
16350
79949
99628
17999
49023
28239
43989
18157
16510
46440
74520
32978
55375
42432
16483
46448
49508
28066
55963
28613
31367
57291
88569
79592
43188
53292
66606
87467
76079
68405
45658
23038
91800
64052
49464
79069
98403
36932
20501
64339
9923
36219
87293
50794
57670
29335
60665
97532
33115
60759
93839
5060
94551
54551
91645
77518
37701
60914
68987
51129
26393
68512
42530
6489
33645
43149
17154
46884
26469
33011
22469
54484
43576
99385
7544
82940
65204
82380
90490
93937
82848
68331
95984
87241
35881
94082
20342
3488
66631
7575
85832
98680
46525
93589
85381
94755
67137
5799
60043
65779
98395
26405
1978
44096
3720
3335
79221
91752
33693
48226
54492
95116
29741
15288
7508
40860
14361
17739
99143
11876
77883
42891
70752
59188
20957
20906
13562
71052
34439
95516
23452
52042
98661
35218
69510
85145
72187
80915
6035
30361
36454
78942
69946
4613
5133
95712
68859
95347
66008
63497
50647
43892
46399
23874
98544
61175
81341
14106
56596
8198
47452
81997
97675
12681
51229
52709
97476
67973
2139
24286
29126
80214
60441
78303
21139
67919
19557
51399
71781
14011
94568
12273
49489
47856
76904
81529
88674
50148
78208
37908
16172
33105
44393
50987
4250
72007
20290
59802
42434
21511
5167
40347
75927
22501
44831
82224
51714
48213
36509
94052
49281
75764
61362
17994
39430
87832
80129
3539
6876
81280
15105
51536
23434
7035
15363
95825
73021
30339
63339
19118
636
38825
16773
76313
7222
17169
10977
43616
56545
48102
53744
70775
42709
17026
84836
6650
87695
98624
62425
22834
50432
61320
97164
53532
86118
69962
49416
19336
43016
22914
91204
764
18112
16471
50866
85199
34524
47874
56049
28165
35363
79837
44191
28435
31720
56426
69454
42783
15069
42292
70931
57668
98807
3350
9911
98404
2899
48701
36061
4254
11641
27194
64186
16401
20966
88573
46331
97291
57200
87527
82369
63647
3219
42619
49489
3621
90683
40684
10463
26194
42244
18740
63847
74566
27213
61754
88606
42736
28106
38582
11172
73943
80396
67108
71531
62805
29345
64603
89824
1518
1592
21129
97158
25446
39031
77800
74963
68596
30907
28373
14455
55896
17968
17824
80203
90179
85577
50289
3348
28479
14127
72259
64894
4869
31657
17279
15559
31800
83773
35929
28347
68452
13074
65696
19946
26576
96603
67242
32842
75094
49830
44538
17462
74494
65980
38741
93807
45087
76465
9354
47090
84261
44624
42643
59269
9400
70582
31200
31532
58840
41652
67965
21987
77259
35005
36173
78225
41507
54791
63157
57136
1811
79566
43014
6132
53814
89071
76273
88769
57449
72871
10919
16709
5465
23733
75878
55608
86845
5962
48386
60141
92774
77576
52459
71549
45530
13302
24400
25961
4653
5118
78660
86909
90283
51966
98409
41652
27190
4206
777
75353
72175
93826
41215
87395
88216
59545
83593
6628
97737
7519
91144
8692
11726
44768
71588
71472
49087
64227
60923
43464
17097
25904
270
54993
66801
1197
79761
48553
20519
35064
41964
72158
10668
3214
45186
26872
58815
20163
72235
95178
70573
6199
29110
40833
39909
16209
32744
59286
58590
12009
76827
74362
13211
41976
45048
78501
33754
33970
18580
10068
88427
37622
20327
78885
4714
28836
85530
74666
82100
7430
11471
57431
81754
37186
78221
82657
87886
30896
73984
61881
54896
73714
45666
52684
96871
44941
27676
78766
70705
30413
84047
29973
9524
8665
5728
38524
76608
22859
17552
38555
18149
38030
7747
43152
84989
88078
67515
10038
5132
2911
33326
60288
50251
40409
43642
29271
59280
31017
4200
64060
84340
4108
2215
78517
65330
87994
12473
32145
90031
31577
41171
41106
78842
87647
52126
53825
32810
52873
4207
77449
49197
82149
49577
60939
39246
60222
81691
3658
63384
10389
60015
87947
94035
44929
99704
77416
498
95783
18561
83737
52804
74130
7372
84550
6240
43288
24034
14817
96240
2019
54264
52937
59090
93774
85717
78515
79267
82662
47949
3245
51713
23089
99639
25997
66186
22587
59153
79843
36340
52244
54103
72654
32852
22817
60051
98797
95739
49985
62791
69055
31278
69502
58783
57714
22434
24013
18660
49563
45129
38556
36451
43288
39377
86167
30609
99937
6247
58922
96517
26160
67489
31093
23475
50998
34255
5475
10689
64210
88316
40434
21060
51790
7990
83338
44973
78559
3699
44499
56962
23927
14154
28913
61650
99147
65434
81971
15259
30680
75766
74030
9847
15561
1815
99899
13095
14549
76838
71685
98303
55320
85500
95172
33461
67179
76834
20614
42388
91287
4442
14218
40213
22711
7575
53796
51062
34493
74377
23787
15370
78862
83255
76466
36524
31931
33709
78343
81122
58874
38492
95724
91305
35995
29283
18590
18993
73106
84333
39416
99610
75712
76469
44113
81817
35141
86982
27176
72967
93134
67870
11495
55325
3958
371
92149
35030
54224
7788
30245
44698
42562
54180
37451
60341
78519
7322
71847
70328
28001
970
89016
93738
82081
70023
31006
84182
27467
80802
94743
17254
47455
97426
84869
72174
48139
91375
11007
56899
69787
81152
87264
70980
81824
96223
1894
49121
38783
93618
96173
14262
85010
97218
17548
6203
6169
30041
47177
72842
69317
76741
57875
43346
28409
39169
39032
27645
88072
31816
80539
850
51569
40296
86043
7090
1796
28776
66603
79306
4395
63959
73658
3077
12390
60937
35558
86331
63106
99176
50062
99752
41685
43607
33877
92392
33139
50084
37018
2025
7457
95625
61015
79066
99964
99596
56347
7871
59102
93153
15406
92814
46149
76956
44364
40185
74381
67607
23141
54475
42314
30070
37380
44733
4564
83951
13819
72633
72033
93762
10675
27361
13350
15836
78061
9177
24124
37098
17250
98595
62775
228
11818
68882
79859
78228
48749
18008
15902
52229
19684
25162
62145
19385
73002
3860
48746
66290
87821
76296
124
62240
40230
35860
16403
65135
46503
40490
39991
34719
57048
54254
56290
88335
45711
38065
55895
64587
57600
16491
78626
59249
30073
33537
2218
32568
75259
11571
92703
64463
7568
75403
53184
4923
77232
69337
76702
72039
10051
3981
35496
22616
39967
47532
21376
76592
5443
95656
69048
77775
32017
60271
93024
1453
1379
88611
368
63059
97838
55301
14321
77772
51088
35471
23527
22540
13951
44282
74261
67139
21174
58157
81154
13330
82255
87098
49190
18054
90430
24694
85548
65539
53233
91234
2975
41400
70942
94933
61397
73814
87907
89103
83861
43415
91366
14621
43448
73929
48355
94325
7189
80523
51368
68399
78609
35783
35898
6247
30202
7059
71813
97093
55691
94796
56277
73490
28661
50259
75512
58399
71758
52072
55588
5297
59806
54829
83152
29324
28313
2778
63162
35551
50817
52724
43844
61862
55658
81339
79471
55605
94026
10945
94926
35789
98900
47669
76877
32995
59099
60156
86189
50187
27833
88077
4495
82936
29159
35511
39222
10144
92011
84946
24594
75542
76711
43138
86946
75258
71276
55537
56272
32329
24205
79869
34250
69342
5329
54254
94591
58474
1008
96906
61542
87482
13679
36606
8443
72279
79223
51481
28913
60404
65912
93416
37938
16378
7929
46406
21277
6070
16994
97010
18021
93152
76705
58350
38873
99928
99838
29955
71962
36684
998
50662
23157
35127
80360
6054
15254
19949
65309
93302
87853
12977
99951
51607
99059
90675
73571
67928
14873
71239
37773
37722
31140
23741
1894
82090
77328
31642
48351
75656
97587
41593
41584
77953
98288
29239
42216
26108
70236
66914
80615
90091
83762
40482
3804
34030
95103
91522
13198
79938
30102
34756
93848
99749
64043
18582
75928
63377
5734
21880
4061
65010
94651
91042
67245
55443
16946
12412
15676
72459
8732
84228
43184
10097
96961
98894
49788
80308
52774
90319
45363
87833
32599
31981
92089
34866
90409
8400
12576
35529
99375
39884
66525
66333
20885
25402
71798
78199
22923
20155
3134
70165
80552
99368
97652
12806
93135
70988
17214
47632
76667
29142
35567
56941
9925
83141
36369
29078
65357
48884
26206
98722
55383
39000
55914
83252
64779
6321
48614
7689
3100
85428
67689
14924
17814
16595
79056
46216
61586
22509
24503
82803
26783
54339
61275
57965
72128
9580
39295
72929
96220
4726
47007
36190
4309
36796
85712
94268
12923
7509
6049
86053
50032
14143
24373
49578
17373
43668
79947
44480
26949
98072
48514
15427
50466
69268
45417
90074
13710
18211
58609
68887
47754
21201
38331
63789
93497
96471
59536
29009
69446
57993
11581
17426
37492
90707
44947
32337
9540
58022
76910
60410
16473
30253
39121
24561
32837
60554
42328
21943
67960
16726
67352
11888
21606
61617
25975
78023
96342
68063
98976
514
93935
99227
58162
65205
37209
66774
63674
74803
9075
7480
42993
18406
9127
763
23215
37299
43307
22734
58625
73434
70735
15694
87293
98796
98593
15518
59713
75441
21163
16922
69745
37984
9284
35354
57185
91670
39517
34088
71185
62225
53945
54426
58419
3210
66497
64324
75263
94507
93257
95417
40964
37218
7290
65518
90329
91220
34508
62889
47560
63147
38170
24674
8420
62550
68170
33442
43261
80874
16243
16814
85355
64637
25420
80761
69738
88607
33077
10248
63536
33946
99697
66518
4074
25905
35875
29060
3537
78658
23875
72527
44253
68362
61923
53385
71794
46804
11395
93547
78185
64689
24434
88362
6134
37288
74136
12629
8065
1893
92890
2268
99155
98135
26599
92140
92101
11728
58463
19780
63501
67720
56605
22806
19093
34432
36495
34496
24571
51526
67579
39167
6746
33938
53592
73790
46898
6220
12324
29473
28514
83473
86178
99259
53589
65436
15438
50007
24431
49762
98615
6684
41238
8759
98130
30936
87300
76091
14398
60164
17208
24700
21537
29623
21762
86576
70366
44463
19514
45761
84311
18577
63062
53998
84749
85535
75117
13289
12894
88703
61385
48208
25063
3148
22636
12267
51268
39303
6035
26872
39414
25815
47363
7836
39
74141
10913
27879
84160
85592
33176
99709
76712
54069
50272
15837
27016
71494
81538
96720
3374
68359
52194
75639
8928
7431
98506
31454
53668
958
91714
49316
31574
76384
27785
84660
28365
27836
4929
40108
20880
68983
83214
38392
56160
33488
96174
37464
33781
16841
45465
16568
57789
52939
53392
12496
47878
43458
30992
89943
38666
50840
75421
96675
16702
33944
4922
65799
78552
41938
85606
47510
50682
17044
42509
94308
86619
61288
50766
68775
5441
14658
26734
93059
55626
27320
69072
33330
80536
60956
1166
2349
60522
174
45987
95959
76397
85379
39952
1269
69933
46352
56310
81041
92557
26386
81135
1162
7445
83217
14258
88599
21571
14607
91480
5579
94040
78237
53110
27197
41482
15684
85379
99597
55574
89871
92631
84727
15486
66931
71152
83308
40564
98750
69156
43834
52697
22902
80083
15887
75443
69693
25671
91963
43314
88033
22335
55679
41880
76496
59283
13908
33862
80619
23261
2278
68138
16037
93715
6104
90376
32280
94320
2872
80263
18528
50149
9468
40486
4669
81283
15389
57500
32898
66746
82035
1829
86727
1678
86114
85972
67299
13398
75652
8591
72702
73915
20061
64752
45461
99024
13833
3282
41405
80535
64114
84759
70403
54009
50953
21433
92505
76757
64580
48639
49143
22586
53465
44470
74330
12810
16893
25534
96786
59261
59704
56571
98890
64273
23854
45350
18793
94984
24013
22857
96408
60521
9754
32988
21971
14008
23533
53725
28874
39161
76248
69160
55957
59929
575
90675
15028
29544
29115
8790
87856
42179
25801
66204
75401
43573
12641
62893
33629
94150
60199
2159
83741
2605
48167
81992
84018
60521
47364
90750
52304
60986
38346
5261
9216
77316
28071
34136
49026
93578
46497
17311
39628
9951
9742
69878
97314
12508
68013
17656
35868
1280
82489
94287
92715
3523
71600
69044
82714
44512
25107
53497
22073
44472
96357
50325
74128
99647
50467
17048
96969
72839
13109
8281
11328
48735
41816
43871
55044
96446
93197
22736
56940
89905
77953
72736
10129
41221
21581
20972
46409
66828
40237
34075
94341
6666
46544
14807
80444
56169
75170
36774
50535
25994
23304
45809
54462
67481
48790
53911
17212
9376
5380
40993
21918
41037
43965
38321
81592
86675
35642
68112
87943
20537
23407
63624
82101
20236
72267
63981
38326
60099
1687
74154
1571
22377
6094
90115
33391
94110
36285
97255
74900
73479
17346
38795
71314
51859
66427
78570
48551
96283
22035
95632
74691
38567
52488
7625
77959
13301
83102
30782
95020
12413
87716
19471
67744
77483
91605
47007
82
58438
39173
1231
22229
20491
40333
83068
98002
60766
72571
40353
53031
42459
36919
71069
46508
8171
81547
59819
42193
74196
35372
7298
66413
20326
48006
93430
50563
2233
85307
87842
41685
71619
82136
30881
37397
63030
57687
39717
37914
8703
65820
9678
37504
12700
13824
74616
10057
75781
13421
93190
66363
67969
29469
31021
38426
95126
14830
98621
16307
4799
37878
10499
34331
5449
57775
96686
66795
85967
27891
63188
28308
71368
99268
94088
36378
41857
66701
33726
64970
74274
82367
64934
65183
33392
39723
76428
6560
72826
53633
45393
70076
43883
66463
98409
76272
81504
26394
32188
75075
47268
15129
15573
94749
33189
30766
72709
42930
30257
52315
69545
57869
93847
87025
14557
55913
26442
50507
92879
55915
67987
55124
85173
8747
14185
4225
54884
20834
80953
4884
66805
82072
28807
4843
52523
80475
59710
50462
12331
91575
1491
2752
26867
57770
39564
44748
46513
36765
47986
18470
6198
68307
83498
79591
12705
11008
93011
18169
40989
88581
27492
73514
84073
27603
7086
31693
66233
31416
92808
67793
11914
8964
22747
29943
6783
57564
60907
14880
41367
67690
76565
38951
49881
2462
94931
88481
4919
25559
12217
56746
44834
6290
88379
71318
97734
55997
72412
44532
69273
85678
16956
85415
78129
67637
19634
64501
98255
6499
96639
65071
1652
5045
23819
80423
81553
19552
48576
24949
56978
5426
37928
11359
98776
55947
96413
7178
3789
86915
49408
84998
42443
39315
92850
56871
89374
42646
895
77852
21867
81326
74296
15454
92092
4482
57402
62209
1868
63000
86088
52674
73025
74803
58029
69361
1185
65114
47023
86870
8728
41341
46197
93235
21036
68102
90158
99783
69729
33137
38686
79173
20263
66326
79135
89958
43756
22945
76553
96212
11186
35377
3077
67049
82620
13046
88969
56321
10743
15427
17142
85466
95540
341
12834
98961
96771
31214
43493
64083
86618
50643
68445
96481
27891
13676
89601
1809
90263
31290
15420
31246
22753
9167
85703
36988
31758
18844
4141
65650
79121
41705
31464
76816
28058
46487
40320
82558
65563
55251
85613
59853
48465
77210
15759
61836
62685
44008
67598
74587
29355
92530
15687
76519
61292
1917
63914
86726
23085
94620
33037
67342
59100
1197
45743
49732
16128
24709
46660
64959
10950
4552
62257
1367
85283
71166
99542
50618
2680
28549
29380
92748
4300
61841
51491
2718
44404
1399
5888
19370
35562
95006
35432
12271
7635
33647
68544
98955
61118
74314
59759
37228
70390
1636
65490
21746
51731
33611
70983
85244
97199
52501
12013
75377
32187
49261
38630
45259
75225
46881
12769
2760
28229
70428
57784
88850
45269
5249
72051
11168
22609
62763
30792
57432
6757
477
35060
17163
86831
1799
73555
46736
90174
84667
43093
89267
35574
67410
74881
812
33312
60675
9832
52992
15271
81194
34024
83801
86969
3323
6294
90914
28687
53240
17681
29094
77464
17412
18820
41014
48318
71137
23035
63412
49843
22697
97249
24632
78359
78991
14074
4154
77897
83501
20234
13391
20292
63660
64038
1336
46612
73224
99757
46251
78688
2115
74461
4057
55717
22648
86773
74908
64877
91537
54411
41249
98399
73265
35682
70355
47757
33755
34884
5597
42854
27155
80072
83604
68741
68319
91116
29441
65420
76959
36315
93733
88353
25675
56430
65032
13447
40831
47366
50963
96489
79476
27216
20422
53899
19259
11119
33663
58082
59801
99328
20944
40056
54688
86895
1235
64845
83779
25763
70721
87501
81923
86223
28916
32228
40201
71373
47004
90148
85982
1367
2896
35516
80612
5245
91718
24267
12890
8019
39940
79001
43917
67290
80214
157
27654
21853
44526
92280
99028
79307
38316
67351
55987
50582
44162
15040
66121
91448
72328
76770
40620
59381
63738
97213
61629
32030
40857
6482
91446
93273
54167
54181
27583
73333
29507
64100
84276
89053
92556
68042
51275
32430
1588
8236
77538
20470
93427
60686
91147
55185
65363
87487
24845
77453
14944
48566
22640
22991
18882
92678
1459
9563
41963
54327
80793
23151
94115
47002
9464
12188
19442
48140
18147
95462
45851
63028
93620
43735
97700
39393
55296
69347
27089
25134
43194
72707
61028
83563
50595
84276
15335
82767
68096
79025
25939
84834
40653
24555
28444
51313
13561
22763
25554
41656
59364
48121
92855
32507
61482
22939
24797
52917
38433
96128
98836
12266
20572
32001
17747
65048
40720
80399
40361
57231
92509
506
59142
5078
26049
56203
1817
15279
36722
75638
50942
99672
41335
23005
21235
1068
94949
60889
31957
66560
66493
80375
30740
7075
45170
70883
48802
14727
44949
35534
94498
48473
43392
37155
10457
68689
78916
96308
24074
82528
80128
17360
70125
17975
32802
52913
41930
64121
54852
32069
20194
68003
8284
21558
57473
17332
20061
45522
65294
30601
82332
49715
49477
47184
32641
61334
55008
63140
9695
77973
12582
33409
22073
87719
10451
84898
83241
12926
89236
37180
25551
45177
32382
23917
67598
62008
19776
74928
45139
66746
51012
84463
74370
26050
44292
6191
58690
63054
71555
5067
2874
24594
51456
30250
33827
37210
43500
82092
64487
55242
34062
11381
62401
76440
73709
92250
65101
95324
81899
45675
94647
58151
19585
74400
98793
11241
53893
86225
36087
58318
69249
14254
59226
31500
95431
14273
82024
31754
44952
83490
29352
15408
37414
15226
82823
47600
68566
38514
4255
91773
44851
94393
55245
58942
27528
19010
24015
2901
12534
38321
82080
51277
34832
82617
52210
94663
96976
888
51034
40534
55869
92315
98583
20415
91735
51733
13146
41041
89065
73981
6055
22546
57586
69167
42090
29061
19545
10390
63164
45767
82552
70268
19828
16819
1672
12190
88763
89279
64034
37484
64506
62601
73158
60598
37734
22294
57380
19002
99774
74876
71584
21429
90163
92220
60439
48308
62769
53622
9091
20318
69256
65852
57253
62824
95147
23074
4865
42485
13814
32629
6906
73157
68530
44682
69922
56829
99110
78754
52431
32761
60199
43374
5605
81885
94537
89896
47146
67718
14347
25319
24311
46985
20240
1852
35454
96068
60754
58053
38180
67626
43505
87129
94541
60356
22605
27365
75390
25914
70093
40731
93588
10389
50163
84713
97622
89443
40097
44116
1333
91575
89847
91978
9579
66739
24869
69022
42945
9649
17368
68223
60000
42923
29450
87234
92846
98222
88520
66505
47595
88952
58428
86974
82694
72043
73232
68658
8670
54354
81400
28812
36760
32017
74802
4542
7935
52865
90816
10768
7771
65517
21891
92235
80627
17297
69405
84604
95762
80143
81091
2272
49030
79726
16614
52736
20822
46932
4501
26793
33614
88983
89746
67658
25520
49329
85313
92938
92011
79662
92192
33230
32141
60062
77561
39737
96911
33371
47746
89920
94722
36131
55524
68354
16084
31215
4486
88304
58662
36067
15471
57757
7443
96458
71570
90315
46155
55880
79881
23744
10678
12412
69107
4526
63165
63122
45393
75261
76012
36081
91272
14049
58322
84560
96279
53760
9374
855
84100
67216
31474
76220
45485
23968
3896
83494
18152
54546
45820
32358
89463
96065
38792
96995
53617
39931
23892
46201
65463
85048
98855
49827
56165
84408
37235
4996
43445
3386
18345
8810
77595
65129
9469
66857
53159
1738
10163
97343
98720
61201
97909
2352
6079
21921
11477
35212
1142
81281
18738
42210
45208
28828
89209
42662
52219
40845
22239
69396
39733
7118
62431
77511
28654
20461
14479
18438
48740
32771
71675
72750
37650
29493
22023
2763
68680
48750
25293
65337
44488
30700
54338
89291
38322
65270
44143
30937
29969
58108
43238
50174
2583
37016
40571
50158
93660
49550
59075
27995
49110
86180
23073
7377
2237
5342
59522
78054
22685
38543
44178
38089
17779
98010
50906
51485
4709
19724
79543
91162
97983
97892
33546
9786
58544
93567
25039
36457
67426
86832
57434
78077
72821
4907
36359
74101
56987
70759
38708
26440
15368
38326
4624
26778
41745
69181
80115
22966
5291
59507
2807
35168
28467
74600
87153
52025
51452
27577
86978
65337
36942
74026
64197
77965
19630
90503
76514
182
71769
86630
75943
15171
31540
6350
92381
70353
18974
19316
82521
38722
83452
91039
99310
57932
3057
47281
44446
39301
36599
50390
5342
32569
25126
55483
12690
34997
613
57308
6825
55087
64691
19608
41314
44499
71984
96860
71112
10767
35410
88004
4746
35481
95394
63970
17400
11738
57481
13509
75622
56116
89912
81561
50937
53793
94615
53449
19998
52523
54898
43852
94883
14994
5447
42730
96697
28890
59144
88104
452
84104
68885
44118
47362
50980
51918
3019
11093
83145
16577
44644
48296
81327
19968
2125
98940
67947
91071
55059
73865
80322
25383
80022
54913
90887
59404
36209
82725
32051
20044
17801
94095
67031
30275
82819
24920
15255
10728
60620
41473
70974
25811
46032
1417
97842
56529
37294
26016
23521
73012
87499
21897
79516
74730
84660
22637
46884
13878
27702
37278
26746
34079
62761
41100
43529
77785
67631
86857
62207
60281
29585
98594
79752
43670
68562
31941
66853
41521
6428
4397
4279
97278
28314
53888
77791
32729
7694
20829
57349
32702
67160
95898
1830
57685
61308
53750
84326
95105
49242
62221
3207
2478
21216
37160
95336
72926
33511
85799
85807
72747
99566
51746
40915
24792
21982
76587
54932
35534
26743
4649
75611
63771
52108
13204
33572
46249
56860
81402
17665
24316
90508
98498
94743
73872
81833
86333
69811
60325
54262
90078
74424
13196
58319
37809
42246
60536
98357
67086
20027
43898
57113
52716
51172
61409
87330
1918
58484
81
35199
97555
73602
60113
73801
22157
31766
22401
27913
85031
2879
60245
70412
44266
88336
94246
12126
76691
18834
55251
9463
77447
29687
72646
45007
15646
1580
59688
79037
71049
68162
41365
80273
53640
52400
52105
82650
72797
78280
12863
88185
97278
21472
22663
86546
9164
19515
70180
6645
74712
57987
30409
19156
79486
96977
95699
55403
76547
59884
96659
37489
68458
6649
45297
75838
20300
47700
27574
48301
28213
67541
92537
80883
65383
93030
80327
62673
76146
12406
90812
38918
23151
54883
12281
50233
84393
9812
20446
29201
8701
9584
8992
77803
80134
50585
35595
41436
51780
29261
98288
94883
8233
18991
55803
44643
17571
34826
55138
25161
66953
55452
76773
18075
13937
37145
26377
75043
18248
39417
33364
21058
42569
98072
42377
94199
80610
69487
11253
68912
52971
73371
40594
79199
89036
99496
10174
69039
46612
17260
48126
17254
92024
13049
14165
17747
44744
65153
76075
58884
64330
35223
47577
62478
99004
23785
17086
94675
51510
17644
56360
89615
38509
25559
94492
33476
11614
12536
16688
79744
58531
33558
47851
96927
42168
7284
54704
55394
35735
2749
35023
43582
51488
53604
15381
26495
19773
45742
11697
20546
96806
58062
7448
84
61786
42651
32422
54357
88761
25812
82502
76902
19927
30780
47845
11032
54254
2924
82055
27188
86739
20635
94853
10992
98925
50667
95911
34526
36351
72628
70216
67166
11412
75190
834
1309
75987
27588
94110
61521
38281
10113
27282
72185
39048
32464
42439
27613
50877
97977
80716
86674
61360
55052
77710
23738
42350
2403
77429
10663
80724
50429
93298
97223
83158
21539
1059
45074
76157
15382
42802
54949
58624
61800
48409
1949
60360
51876
47068
13367
46166
35845
21241
19448
26911
43921
70842
32660
1593
99653
41020
70478
12894
20961
96833
48022
9114
68303
25273
20528
43672
11518
583
40911
22321
88767
20510
15413
69141
32107
82976
74914
94934
78173
18181
59392
89140
17332
30613
79362
15515
87537
7928
37335
51349
56415
96690
54142
39593
77907
12277
69861
89860
18678
48239
18611
62890
28294
57751
21183
28196
94571
26849
87421
91092
22135
60204
72220
66501
6330
92373
50736
23486
93926
64529
46328
1156
10200
77210
48170
9975
39565
69693
20762
2792
16166
97653
67691
5696
75034
78209
73093
23548
51561
86474
81772
7317
83766
83027
65723
14889
78159
18644
10807
61300
8473
56470
44320
56952
86986
45726
62591
43593
17947
63254
30383
30414
7207
66268
48092
38611
97662
50593
77597
88797
91996
30528
23199
96011
1706
37519
67345
34426
73217
62542
96775
34734
51703
51728
36660
48600
54930
93175
82307
70369
96450
8611
70151
9462
92026
72130
6478
61020
50157
91711
24507
883
35113
42054
77896
74529
23084
38622
4470
90023
33024
28608
25298
33675
20975
59870
82381
67530
89578
4258
98053
98972
55657
95257
87577
92099
74069
7378
26471
27692
34085
50221
8085
47122
54570
86393
56884
58311
20235
55220
35994
78428
52769
80135
22284
93875
75575
21085
9011
386
50250
91236
11325
30385
26042
74557
15855
48764
70154
95325
84458
47156
53039
75747
80668
9558
57742
92903
65004
29220
52583
38225
69690
78823
74339
24822
59213
97640
89319
72399
38241
46510
6433
5051
1153
6959
89878
1886
20678
5208
70293
36786
92588
23212
76167
55069
44923
65960
53542
3142
513
67046
49186
80163
82982
54180
6609
32242
13016
18448
5435
67979
37723
8803
85357
7826
33574
12463
28558
75361
98917
9301
83812
8291
9663
79515
9262
48579
95276
72507
47185
4093
27527
48670
78607
41021
21630
5603
66538
61807
43779
30361
80887
86612
91469
30869
18815
60161
86543
88830
568
46138
81927
91243
21317
63211
2178
31094
28635
98506
20772
77013
99202
61856
90467
10272
42384
33630
90179
38881
1327
70818
99230
27311
85071
29736
72212
57147
30375
95549
87342
68746
78715
60422
95969
95981
12518
95284
35741
23839
74727
12397
25545
63120
38979
64036
15042
32135
82815
69158
36507
5262
40862
75003
5505
55026
7261
45412
96201
43106
6932
42404
23201
74959
87949
39519
92110
90579
40974
14553
17002
13441
68101
77789
98092
32723
17946
76206
67702
18617
26246
81079
8964
94758
45270
51535
68487
88889
78454
62630
57153
46607
7403
55174
27919
1377
94317
59235
32896
66036
18242
98662
33211
96717
57955
9416
72911
47638
88589
95324
8599
12906
36307
33677
59221
48436
67647
54431
36236
74395
72755
62467
63670
24129
54179
47448
19444
54770
24694
67685
29096
99932
14212
45639
45514
23002
38134
41188
86375
34552
92531
87776
92258
24345
29977
96039
63658
93682
75425
35265
83083
82390
23806
54248
6252
35736
13543
41962
96108
87825
50896
28024
78158
25891
88389
64822
47473
11433
59906
61123
21346
67094
46095
95917
73399
28764
80768
27121
88633
1828
66206
40263
88015
73639
40565
65890
77461
91887
17129
44638
29212
70639
26191
65116
55845
21062
34750
13067
8898
42950
30741
9394
30500
82486
41795
14062
63925
41086
72656
39933
6092
73152
40652
31127
82792
56720
64396
18999
21706
59847
41942
93693
24292
35891
82794
2065
71713
42681
26573
90881
86100
91956
23686
10194
70006
97242
26061
45730
7682
71956
78142
46760
43633
61232
4386
16902
59876
78499
29375
13994
52962
68195
44688
64646
58735
84932
6034
28966
15493
92511
76698
12690
3210
33825
58509
29822
35301
27472
31974
41929
52419
70271
10806
54541
66901
51471
86416
65907
39974
99080
50917
19688
9963
30524
58916
31707
12298
17138
65898
65395
23475
21072
68870
13794
45960
43342
21071
48328
83039
74215
90439
77752
39153
70614
50709
19128
49729
67159
78540
63267
4991
92178
22503
33462
77268
69886
19651
9520
85335
46853
48314
74626
24775
78629
81382
13173
23390
33742
4626
56094
20561
82827
52214
35901
68715
13825
22120
37441
21322
35041
96908
14003
30574
15857
55823
19872
95076
5758
92385
4667
35846
61903
62225
10827
7893
55560
79590
75195
77562
51183
87660
23302
29665
78938
30606
93199
35955
24145
17116
6199
60943
92529
86995
15079
57107
80331
28856
59234
2375
42505
34209
97193
9757
54524
45464
81951
70419
74730
8068
52824
43390
4623
53258
14496
54712
86948
96025
24933
58493
71040
22184
36718
27026
48098
11538
96296
85725
39200
73883
56636
49541
29017
27691
77166
71113
64101
62718
20925
44168
9784
32697
65097
96225
6859
41403
6902
92584
65268
90021
80288
60990
34098
28692
75442
44818
33336
95639
85608
23236
25101
97972
48743
2356
56499
17713
84909
76127
67395
18327
2984
26974
18518
85968
75362
72224
95820
14495
88215
89280
76045
44220
33115
75996
54646
7486
72564
15345
90221
80055
28723
29423
14241
37211
32489
39291
94292
29545
95740
99642
8720
95658
2529
2042
90849
54825
27728
59123
30065
29304
45113
49704
43836
96769
21778
19220
83808
86967
19407
72220
88135
13856
72785
25747
68517
36263
80633
67015
65979
26928
84847
63377
18068
87877
57270
72983
90308
81952
74054
88720
42977
92195
16475
17237
15648
88501
99326
84743
89918
33240
56594
4482
30433
71266
41550
91686
3126
86971
88020
84132
32057
45806
67113
31927
5681
80632
96876
82822
69477
72222
67421
84920
63513
29009
48876
87238
32238
50773
96006
25935
52529
41603
90345
52084
35667
50124
68054
14225
82202
19621
48960
54706
23384
28563
31298
35521
25218
55379
65162
83023
38404
92987
84835
51538
84044
10595
26741
17424
12366
43016
31952
14710
77255
80784
62926
57185
72958
16287
10611
75683
19792
92412
62868
7508
16139
23206
65022
51132
93623
59660
92955
58682
5729
64668
39915
85639
15706
25078
88964
70899
94958
73932
34532
58902
37366
16666
90779
56152
80756
34867
5679
97335
92722
15246
68591
69890
15182
14130
41154
7875
1703
76949
47356
88561
52135
43800
8682
51682
57089
81404
52055
76501
73237
74269
74090
83109
66737
11694
18613
97835
62471
91126
70064
75787
81040
64472
8146
8711
31449
55542
18331
45584
66446
30900
61296
24993
96200
79949
30679
88853
2329
12849
20860
33524
5285
72730
6337
20930
33905
76539
36242
23882
88855
66321
13859
19418
64182
15360
79385
81295
45557
19643
38211
53149
29857
94846
56057
25296
65274
14709
29915
89932
95579
7158
55043
74286
689
31472
31925
12861
35286
5701
11210
51500
87777
10976
85942
93761
80238
49167
63961
31829
4761
35560
32908
70338
91101
57885
92240
32142
41593
15070
52599
88813
59852
22698
4979
37832
83716
11075
99811
14738
24345
97413
23005
85379
54053
31535
49625
21427
77339
91652
50684
9289
77447
10499
29743
19356
8369
90346
19503
79772
70749
15171
36098
78154
43640
54989
34207
88144
78382
67330
64903
81953
99329
96331
1305
55628
61615
3706
63349
35394
96768
67864
79317
48077
84072
87773
83609
17104
24137
15228
84993
21809
41426
62145
76649
93994
85340
64553
61115
58335
41965
78439
80593
17317
39514
95342
88312
93707
75550
58162
2376
96940
94894
65758
40512
53609
61531
16647
94978
58739
81818
43463
54773
17528
64597
35831
94624
4137
40831
70976
72229
10892
80370
95162
93234
17276
10473
98940
89721
98189
71674
62071
78332
69851
69320
87059
85570
42950
23282
13799
91452
47202
35573
85333
97523
43359
11328
88719
63883
27756
4253
452
8202
92734
47380
34043
84747
56826
24865
89804
13080
71119
10065
2309
34151
71535
52642
4431
12958
59805
56895
88574
95424
92228
48833
61064
80625
90407
29581
65538
23854
15109
18637
29868
12595
58297
79683
26104
17287
8748
32916
45813
18882
51717
70284
6650
94303
7260
53037
87494
56084
97630
14749
36246
93965
85605
16293
62342
45423
97074
37299
50129
73715
76644
46236
81870
224
61865
26281
68509
2012
55960
69352
28343
98016
13762
90741
91036
30784
51502
83537
74283
2462
84098
89307
31542
41321
7689
83256
7477
66305
58724
718
87762
7097
40596
55712
35187
45129
86921
45041
52666
50411
77661
38054
71027
47362
84869
3043
50083
47237
41811
78085
66049
26670
92044
56574
32028
93074
51671
3286
95038
45828
15797
95
30231
33574
45600
66601
35062
46597
33172
26488
48849
88939
74794
60582
38825
88370
74645
62997
64578
6249
18085
56722
5020
36050
43947
2428
30540
994
93898
16611
38462
40181
700
99558
54745
60731
27187
76389
74903
59571
64569
69832
13221
44357
53220
80505
79989
96634
74708
70097
85723
23957
81969
83942
89224
41618
88933
60015
72339
56569
18099
19765
10981
44356
34941
38705
80579
10802
91725
31367
1378
86106
97077
80232
88574
51373
75959
65865
39715
53421
10673
50630
55924
33258
35437
91411
70529
66949
34076
50862
53509
91330
52450
98781
54419
12337
36466
83955
7263
76989
57351
93034
12976
28651
44104
18536
97641
62312
8812
13118
43028
36315
21481
44432
85657
46867
73207
84367
34122
99815
46488
24302
32873
15528
56453
3549
58416
46341
48813
88365
16089
61643
40600
41254
8660
36753
60899
4914
10174
95607
50356
45868
87491
73296
29047
36930
86444
70435
41113
35961
7475
63835
89820
9803
92618
80715
98799
20794
65510
46516
79794
81031
52108
98396
15699
82776
30124
93605
19359
42476
55687
82924
93737
70245
559
33392
95213
84501
37496
56761
50804
72322
62986
41384
6483
50443
17633
70211
29399
51621
44840
29259
25865
50238
41475
30907
17909
70887
1536
11804
28156
73070
34656
94091
60012
43898
83893
7273
27109
97561
75135
44068
4024
23502
11849
32666
96320
73739
8311
75953
91459
96279
7001
95685
90869
67649
12214
61438
99949
63878
71841
16679
34457
11733
59366
10544
388
52568
24666
94899
47739
1064
10261
67923
86151
45369
35872
88645
2259
40719
52097
16553
89729
39989
74363
70102
23144
90954
69149
74596
50728
26427
39927
30615
22131
23602
34310
78374
97012
19451
21187
36423
64265
77622
66963
59392
69126
52244
1494
80127
57568
51413
23649
56603
61642
39584
76849
83584
43529
62232
87271
3617
23830
71658
2075
45005
50613
27085
7393
24281
67769
46152
11611
77627
78489
47762
64765
42802
73100
87282
88402
29057
13933
36189
67734
7848
76934
55376
93610
19219
24977
44669
5280
58596
55560
61066
73110
7312
67827
10361
83194
77460
43423
30070
19590
18883
43770
1677
38921
12687
41673
43034
35746
70068
17250
34906
27112
19227
84936
81979
61404
9995
66342
49390
44039
21906
68933
3048
9205
34571
34999
39667
90427
11807
13566
66657
52217
36422
75285
61470
44404
72570
3655
5908
81862
32097
43576
74115
71537
90851
23166
77861
95625
20545
99490
38263
44436
69779
63618
1371
39682
366
17319
32168
5445
56914
31488
23383
95925
53107
27814
84634
31793
62199
70308
21122
35733
64873
79396
28239
18345
89562
85126
60299
95146
1428
99670
36292
96144
50012
192
35186
15893
63052
50486
42854
53106
9922
39774
42722
11879
95929
20776
35971
73946
87274
74572
95761
94894
84342
98728
85974
29621
81169
33410
70335
59797
57698
27894
43061
79781
15385
40452
99437
86102
6111
53727
14247
75623
39684
57418
50676
83753
14906
77677
25694
44407
45372
63815
65626
72519
95269
21771
64495
69200
16371
70002
34890
80925
3889
82637
6026
65349
838
51185
27876
12498
28233
28700
84247
36783
14852
87459
27782
31171
20236
5739
69157
90708
54451
61262
10145
76754
60355
64825
57569
43282
23910
73676
43053
64577
69083
32773
7926
12327
2707
88862
88646
24176
13389
11860
171
46049
18453
16432
55797
14559
69861
55441
83888
20007
53829
29929
24366
16651
27377
50671
73110
20989
10252
78302
95506
68049
52086
2295
95084
63041
34765
29513
35639
98120
49797
53211
58307
37354
15462
26553
76871
29603
55484
8040
41235
80079
76229
23370
89806
70701
3449
32475
81458
96061
91931
20070
25308
86399
61287
59350
53798
47166
8047
87630
23351
52537
83608
2568
97611
87385
8506
88026
34204
85138
91677
66660
40294
81583
94138
83558
13961
8923
21036
29455
11721
13796
7489
9623
10525
63523
98440
85896
4219
31370
57807
8791
76397
53130
55531
2529
98379
98043
67727
8571
92512
5324
17536
18626
97531
87545
57246
42913
28356
93168
58087
5820
48703
61375
65756
64762
49910
79175
15101
82852
82014
76327
78900
92047
66693
71427
94541
90922
80742
84415
70724
51513
38836
43456
46905
97096
83028
78618
13994
89173
44497
83343
46131
53633
40943
58612
46509
61248
85817
73075
51671
43815
77908
66010
98340
66027
71025
32319
12236
41192
27012
45594
47475
31837
40990
29445
37526
65299
3342
11511
32493
6890
50305
19967
19753
84021
31860
23748
27684
70678
85722
87077
34665
16073
28510
71667
69800
67085
71525
43285
28520
2059
78772
19667
40714
50552
46711
41794
63655
38385
52749
9580
29577
17397
77048
31061
13921
32099
65700
43361
95637
41078
56994
17859
69244
57619
21956
49059
94689
22735
15705
71900
11114
6587
62095
75165
68509
11632
78341
4579
57289
43830
5275
88438
24181
11475
93135
23430
59675
23679
33561
31876
4763
67975
55627
48861
1705
24663
17103
14117
84320
73793
69511
97556
34580
61888
17426
36116
84258
40060
6244
20675
72218
47588
50187
41417
36080
89037
69394
98113
3158
27723
49743
48
20788
87667
82717
79822
39561
843
32651
99733
67860
55392
74202
30044
174
25072
38423
51415
15189
84813
73063
74008
81076
78381
54228
46593
35666
49202
53600
67069
49263
12571
77903
83340
79850
37456
13816
6494
30340
26450
11213
11315
35635
36748
69797
75098
10060
46633
51149
53940
2848
31435
49686
32264
40865
53571
18028
82890
35129
59066
87019
4386
72852
51333
73686
79112
74832
1661
42962
85882
71619
12669
21814
79260
97140
27022
88573
52437
77031
13976
2407
76103
49188
81367
68092
95840
58993
42599
15447
10391
88401
98091
7151
626
43490
34350
88979
15020
60145
8781
79929
12143
56737
14811
72340
8444
4465
59914
78728
2932
9150
92949
68099
52313
16039
58819
70029
16216
33088
27872
28460
94674
2292
45028
81484
58739
47640
27890
40372
86632
76170
17030
27436
74526
15976
73420
32106
57611
28567
67413
36629
17159
80014
48096
67647
25682
34812
37934
78657
13038
28859
87215
25635
64944
34500
81612
48730
68503
13271
23732
77447
15391
91259
38876
6039
15971
50885
36043
5225
8769
53279
50767
60834
22554
85507
22066
1749
79741
48062
73559
66758
3613
81850
90610
74057
44254
57370
97710
57855
42078
38853
66080
6783
50197
6801
36637
39965
80274
82855
79115
46655
56601
59951
74768
13533
1416
19917
98188
62867
55824
85400
62996
94203
53240
57611
77748
70088
49987
26328
56231
67799
75154
7834
72855
13841
84234
55842
80417
71600
8851
17993
87436
88967
53099
24337
79934
99557
47433
70068
9452
87194
34260
32008
33146
57435
6707
99948
26714
38923
96446
51172
58333
11384
75544
81059
74654
98633
9983
28338
36363
44477
97919
95835
7699
59225
51757
71044
20228
79677
74109
66766
30751
83593
93285
34563
28028
57048
47059
95410
65301
25788
39111
54003
30139
11561
71057
24176
5313
1331
90428
9891
8039
63460
40605
82570
67687
49654
13340
66109
69556
89835
84284
81614
86029
16215
97830
72062
84376
29510
23707
2330
52088
15547
34732
50677
20113
78218
61576
56645
65859
57339
70935
61749
35556
17781
4664
52403
58929
96940
50591
84640
13038
95715
88828
67062
4859
87154
12339
31466
56765
13898
84784
60028
59213
54315
43350
476
93317
34349
3963
57690
36998
82861
63950
70753
84778
69834
87647
86213
55470
21873
59746
76423
84531
89765
77397
38335
4167
13
9503
7899
16354
50814
8143
61171
1080
44409
45691
36105
9856
74823
99898
10376
61125
20389
32153
94332
71920
73529
71261
23414
97106
61
57157
30555
25275
24654
70658
84965
69548
31044
20296
85426
73559
4347
51001
27700
55817
74224
49161
95723
70555
28098
8012
55345
83727
5785
46435
83168
87251
84912
77549
56370
15159
42826
87481
24991
21607
14434
11612
90809
86823
41663
69812
4928
7139
13028
57729
69983
51972
8069
30352
54658
24800
44569
31727
24693
90720
30953
52641
36571
68998
52148
28407
58027
81189
95816
18221
74124
32169
84023
398
72179
72278
99202
43230
35131
48057
70488
3092
94102
46944
83088
74563
97586
57492
75576
84629
41442
72783
89068
31878
39014
82817
98441
25849
76548
77944
51151
77745
24840
55675
63259
88595
74335
79612
30530
59744
31936
83452
65118
54120
65089
99344
23301
66122
13402
8199
23109
56616
72250
11603
52727
73977
21280
26622
11245
46167
83164
87746
35119
96107
8307
21160
5359
11679
86803
80761
39575
70027
68827
93556
63096
29709
92005
64086
83368
2075
51375
65996
58117
76628
1636
36141
30545
14627
12595
54632
76444
55299
37800
97766
99915
29602
42633
94549
29204
82147
77639
73439
53868
86496
65538
69544
11643
18096
92085
66116
4721
60301
58848
65992
63275
26418
29056
8508
9998
27072
17628
45803
87673
77541
22998
1766
90331
77687
32079
15303
81604
59529
99320
34384
1992
92760
6971
37111
24332
12854
50445
28143
19097
57557
87028
1148
96614
77616
64946
17385
64211
50351
51661
20636
90402
64891
21296
69139
94876
6147
62553
44748
33367
8131
70845
15959
73357
4190
26789
19689
90424
8944
71077
30634
97447
43711
16305
23197
24449
33183
63284
51676
2407
42891
94902
72936
66092
45370
82923
96199
43478
98588
67707
75953
51947
84143
33650
34580
79385
59593
63070
63009
40567
42951
62412
44248
63672
61312
490
71429
14938
1211
65734
92240
58648
55193
22435
69571
26183
75748
74902
77362
61436
71470
30868
72230
82344
10201
84062
61377
46616
91138
5455
33910
86978
37707
82948
18828
48332
55575
10157
25359
99210
91233
66828
90880
85408
12331
71520
14853
32774
54314
38210
27825
72759
20433
14582
61106
26030
90834
11333
74529
49263
52534
49116
94025
80829
79022
66331
53795
67968
64866
50980
97813
2258
81647
2556
54586
75837
28428
44673
6602
68965
12693
94793
77306
92460
63056
24186
80348
39124
4854
455
11238
51869
34632
87586
42909
55019
45178
3512
97635
48550
37826
36118
58320
79755
41739
77934
87149
12355
80747
50242
23372
15663
98349
27918
61843
45969
15884
94840
57670
45250
1177
44849
85180
8746
89919
73579
95054
93012
47484
66971
4923
7827
81750
30533
50714
66356
26140
5785
82799
84925
69826
54496
57733
29920
6395
76434
56851
91171
77462
49058
34510
62302
94385
88739
7194
2290
30621
61215
97053
90863
68284
75689
90827
4927
2382
16740
93710
82328
70220
93139
61238
3695
32338
48331
99771
99345
24437
89663
62255
14078
70650
89334
50526
6509
83977
76835
90254
65378
42395
78564
64183
11247
75410
70733
42009
86000
16277
28278
98850
26647
12713
74863
75895
89267
51247
83124
18826
89242
11457
8880
28397
42726
36164
54006
46599
98321
47419
59599
61310
67726
67652
23283
35332
64101
9055
28064
22601
3128
49052
1987
14930
72748
31169
11372
41377
70559
85156
16550
58800
94773
78467
41568
9430
34724
10288
70912
90157
40963
15348
64191
53619
67595
28134
64536
7206
27760
31204
73569
92992
83200
47228
1070
68758
22879
44971
85168
8503
63225
16163
67575
16550
34676
35058
69540
54082
38256
2702
34285
16269
27165
68045
79168
85596
53536
43082
58529
21839
26503
27951
99074
25659
27595
28676
35160
49596
4347
21873
84279
87629
14034
9194
42216
83573
96972
56047
34602
2797
44884
50823
33130
8889
13808
66266
41486
1631
54309
96870
94107
66552
11277
29090
27390
32929
92843
21900
33726
71351
4959
52820
61371
85189
23865
81323
251
13313
2903
99911
40876
82940
63852
56691
83508
92088
29412
84889
70088
94093
31580
83488
76597
14295
27763
549
43803
49171
4797
74722
44815
17769
67620
36666
62918
64380
37683
14932
95258
36157
44832
18223
50834
70750
33563
34119
92215
83696
10657
11238
62225
89329
39114
70824
76055
62442
5407
81572
86928
1279
51403
80285
33142
9668
75717
27723
75443
64385
63516
68728
12882
29575
36300
86830
71641
31461
15296
49561
91878
50594
97548
90555
54368
14285
59126
53142
35593
7862
19298
34038
59792
43941
71459
1418
37418
65214
63841
59240
70928
52740
5972
30612
71939
11682
17043
8053
98068
36829
45986
81906
73141
96850
25636
60347
59843
46068
56677
43434
94384
59646
473
73974
65133
18100
44362
55630
54767
52258
63882
8639
23659
86449
43561
31113
39773
19121
97910
93771
61500
94383
16927
37324
89534
43290
94242
39869
11414
42996
84539
58065
96703
40678
65613
33391
96690
61509
83021
15649
46988
44031
64737
71732
48176
78745
69558
86632
29369
5164
49165
63593
49817
86085
70046
34398
22811
53852
48526
99219
12978
42231
36108
27153
91104
53169
80024
95361
19223
45452
72184
31306
62846
9575
24778
82259
6280
36012
94880
94730
62048
82155
18997
89802
32258
62411
99086
8118
81349
54639
59545
26336
95518
13381
22546
91492
93090
70585
96348
65542
53551
48397
49940
47204
99141
36018
84769
77016
73650
83558
79133
92006
89562
70577
75895
11842
25215
51185
28412
61911
56405
50175
90659
29777
21435
22612
30287
11011
35663
67243
8343
89985
47252
63131
56985
22579
9075
2629
68232
3254
54434
14651
64217
91435
26726
5123
5706
68954
88741
50820
16605
86413
26449
1923
91024
25737
61377
17521
66960
3690
20441
69412
54723
2050
32711
76167
57546
97345
88294
82702
69285
18503
97848
39641
51981
69430
8280
66688
15324
70483
32162
83687
78756
8147
34162
67285
76717
42044
91409
98940
52183
59382
13986
26992
49852
66041
56222
67841
40587
85088
99878
31249
27738
50619
88156
51047
50164
39258
79104
64234
2658
92671
86837
32712
70770
79451
46080
45636
17563
12082
40295
24255
70072
58233
13309
71544
23217
72310
82399
11128
26122
45215
85302
63835
80522
61936
206
75594
51770
45212
37242
69258
63528
30072
83768
69902
67884
41561
58007
98061
28066
81080
29729
86097
7066
28761
72443
78107
66066
97036
22993
66864
78930
17124
42718
33653
33089
56
60161
61693
42762
89923
84304
44171
19924
39842
36714
32876
37857
43268
65006
88534
75434
93575
23165
22001
41667
83692
62626
19197
32841
49984
87553
2161
42133
64545
73667
94655
76018
17742
26545
28454
16029
24127
42013
62470
56458
29058
22778
8225
65840
26938
36925
59287
29282
31512
31043
86459
17314
50351
4481
55765
86398
36788
26738
8956
51110
96595
70580
63047
929
74788
20274
2630
99207
22123
30449
47659
43627
38224
96524
65358
36914
62327
32149
82169
71533
53632
77375
79973
23252
71826
75427
86443
63440
22965
5819
11545
83074
25383
57255
10654
79892
66527
91365
36833
51515
2953
41798
79835
59166
46936
50150
15744
93230
5406
58456
46861
18638
8720
44731
59316
91448
52841
76552
75640
22243
12116
54623
89792
67727
21635
48807
49933
18685
53950
59279
41183
1802
22605
86301
83182
1383
39335
92908
61963
17376
57268
56845
26909
76675
36503
9765
78937
59755
22277
5536
60465
4759
83822
76139
1222
19032
28643
24011
80606
16176
57399
81132
84606
9755
84514
77063
62075
41788
47318
65708
69913
56804
21200
29845
95761
95472
56257
16519
15646
19943
73557
11381
10441
6002
16797
61556
15000
76377
92529
11828
75812
92930
18440
66398
22319
10409
67471
690
81306
34931
99122
76970
26828
54312
6539
9790
21529
63889
81138
58238
76574
11333
3178
17059
10071
99158
29990
92973
85995
95350
28133
26223
48016
25106
71284
70086
29627
47780
27060
55560
31881
60706
27154
64686
40318
96916
82430
72999
73730
78298
77756
92479
18526
81961
11038
85657
52924
29592
10305
37938
5725
87530
26560
46428
46796
79862
67055
25762
86814
60084
23633
64881
68305
63351
52107
23151
94413
68371
1772
37926
42303
11990
23741
44051
36171
59029
93667
76893
24097
82290
21573
84264
16144
90927
19453
22411
51102
27780
51240
99247
8985
24303
87721
61837
52291
6381
21619
10245
96944
55223
94520
90280
74273
27021
14258
63151
68830
77069
29745
49262
58113
68816
70556
60742
120
80092
19006
29306
27748
17351
7920
44951
82182
53946
48697
57061
81615
41121
13067
62012
63709
26112
62444
95670
39525
74994
83528
58088
45472
80896
60703
64376
90305
77882
57424
81164
92026
79693
49841
11074
2232
87054
63565
15577
40708
75576
11743
63214
69239
66781
38139
13040
93367
60638
79416
27450
14358
68295
13358
58156
10525
24447
83079
62322
37661
53527
23053
1333
2231
36486
21974
28027
7142
84901
55531
31783
38103
18448
58909
98457
29743
49258
62714
65435
91204
3067
93936
20393
38438
80951
34141
82675
78375
55994
49979
59350
54717
33364
78630
69250
26222
39534
12944
96984
93127
15792
66774
11190
48923
74018
72814
21984
74287
82145
64698
92367
91341
61285
71965
4396
35008
88050
76130
14807
53424
50341
91197
72090
12519
65028
14348
34248
54926
61746
60332
19086
46647
89092
87240
90518
11498
83223
40334
85762
68105
55996
85681
70449
8803
84887
98587
20679
78934
14137
43361
70178
15988
23327
20255
60510
37464
30800
32201
31312
56075
28800
52373
68664
11922
17874
77711
47590
27128
86243
90736
45102
35839
51879
41839
21147
6895
88007
83337
97617
89060
1554
50511
75263
88744
40567
95634
33401
21699
71775
61383
18845
9267
48619
16360
30213
22503
55537
57544
59837
25053
47679
93457
51084
2444
30878
957
43182
69878
24272
90468
5418
51378
23182
66863
47262
67903
33045
21492
15549
87683
81357
6518
6222
91306
85815
93879
69312
23298
2745
20664
90713
38810
6143
22777
12091
80915
18278
23130
75857
53291
63528
72991
37193
91356
90223
38867
38300
61709
84156
95385
45177
50138
32170
68439
89347
16575
20771
39724
12433
70912
82997
69212
60658
52319
54428
50621
43005
35436
91996
17289
18575
98095
11758
49603
49800
72416
72035
50812
97091
729
66771
79693
21239
65273
11911
62949
12685
14212
55204
77379
46401
18337
45199
68392
27466
20765
32312
97665
35422
49392
51863
66111
36001
6041
55732
7759
11354
96858
31683
12676
5413
52544
73631
44575
89574
35265
60184
51935
56271
46994
94421
13136
70311
68042
87274
82295
75260
95390
74505
86214
3221
72396
32464
35991
85280
26769
12614
56313
51817
78700
59839
79707
96504
74118
84789
17906
39309
73536
86347
71397
66972
38783
66995
87208
22889
23699
81958
58656
32304
19557
21723
95356
58677
16590
69605
17325
62727
44278
66293
87404
37513
63059
47735
42675
52291
3554
32671
92950
36506
93246
22947
14494
5152
18099
46011
86756
38057
52169
58211
39448
89677
79960
54589
90551
61449
98373
9007
75113
3950
46657
46552
46985
7656
28238
18480
29073
43984
29630
98194
99274
63250
82352
45424
88844
36455
17464
28429
93228
24579
27756
62616
55780
30797
14806
16770
40016
2410
58803
28552
66977
59750
31621
52809
27018
36839
46536
54410
36502
53344
85840
79576
26412
77323
99204
54453
41522
61897
90830
69853
52901
34890
46958
9053
90353
91647
82867
70520
91195
17465
884
59426
61297
93963
55022
53305
60366
67519
56157
85240
33641
92381
90391
1024
28797
8481
83991
46185
4199
79269
23393
15538
57758
20887
49729
90047
76591
39765
36299
34711
92978
82094
83690
70699
69027
81448
22539
52223
79615
27492
93425
13378
43822
71592
90409
26044
14604
42032
54044
1774
55281
27539
47589
81663
72943
2926
51463
21695
48829
74763
11545
18869
27911
3235
54094
7222
35005
97749
79728
79695
57013
56536
40780
85651
29187
68518
11165
91960
27141
64864
23372
34025
53763
45889
80063
32558
36785
27685
43947
76774
29495
48043
91844
16825
73186
96566
78164
28595
86990
35459
12632
42081
22816
10519
11100
69747
12590
24393
2493
84625
92766
43727
22686
2332
4371
71673
2660
16892
61356
50337
84374
29688
19603
45078
47612
14432
33009
19437
56344
52894
91567
90187
46276
77360
90578
95488
7596
91651
41193
73805
12594
17847
48648
19583
94268
18237
8093
61267
23019
6971
19262
5893
24110
65623
67813
34720
67230
80707
16730
27317
7591
41850
30799
94915
82561
24205
12044
38084
81520
21538
31942
69692
57448
82444
93567
64786
16224
72914
67852
10138
11610
40638
31266
37739
1371
25160
16196
52303
99231
23361
45819
66230
82442
33587
71465
28953
52345
15071
55857
42251
3616
98786
76577
61304
23456
9796
61031
28461
9724
20587
44689
70090
44814
93176
65695
52676
52745
78296
25879
79929
68371
69315
26371
2861
23351
55645
30913
52385
26647
30681
65784
54924
82200
51921
32148
70734
12642
99991
78190
22458
53294
1799
83604
89952
22493
99591
49506
36550
61742
6555
61040
67617
41553
93163
41383
34345
72075
20532
30387
89225
95557
50888
52381
96601
1459
56644
27195
96329
87
59525
54303
51899
80033
99750
89114
98048
95151
95305
74092
17675
21844
34747
90810
95553
22751
85300
80642
77735
66591
89004
24136
69772
56737
37122
89803
50927
70295
40743
69434
45194
56031
66313
83926
26930
42390
29852
30330
81942
97614
77082
63442
71538
12495
99996
70498
4670
48894
78672
6401
62656
41679
59155
10169
12995
15955
36348
69838
53536
17162
29914
89873
71622
36863
37173
95398
85755
77511
62632
69037
366
30251
63931
55894
60372
49950
91472
20501
84081
94936
41215
90015
47306
7568
30590
3921
58781
51841
49568
33292
40819
46929
96192
12945
76738
61591
31399
44532
13248
21096
21712
99367
28889
25370
96181
62402
42031
13644
71385
51925
1531
94946
56231
19425
15482
93538
9411
59216
20915
9905
26224
62586
21013
93032
78483
97030
43134
89053
94066
27670
49957
23473
66326
86465
52125
72058
21527
72772
56384
57803
42900
15439
94380
66900
89759
17885
17577
65683
14218
70138
41473
99175
32051
69474
72582
9658
52517
34519
9244
19243
52061
23758
76642
76062
56687
25208
79288
73379
24569
6695
61570
66720
28013
15645
86106
10871
57532
44581
75497
96635
88695
91953
4114
2419
91593
85102
97322
3150
47831
12734
21343
97826
60081
15517
32438
99227
21334
74439
78965
20238
68441
55138
34796
39965
54066
39895
32000
51401
93200
60371
97106
15155
83319
61647
39837
59105
9924
52721
88999
41900
79167
15667
2857
61970
12765
2384
32763
77029
11036
25386
62688
66488
97960
65068
52656
56717
61040
9057
30129
37245
9474
20249
75654
35259
71783
35756
12464
13760
31001
79950
85170
18444
90862
73411
77088
529
41378
15209
26830
16635
8472
91059
14043
11982
51526
41850
15278
949
66157
14334
78212
93947
46648
93735
74232
43239
63815
41180
6831
42607
19627
21758
14454
81794
37117
28669
79832
67097
18809
6510
63772
54635
67916
42651
94573
66415
31454
20252
34300
73628
76649
95301
79048
81130
67211
23336
33621
65014
57256
22648
55075
10394
17568
65963
48784
17967
28667
44016
715
59571
68766
55557
35116
48141
81441
60935
21994
74850
77741
61947
94101
8296
33708
56380
12362
6741
41450
72498
3128
44711
919
89981
32072
54758
48369
90478
22010
20773
75233
87838
69644
97423
97210
83012
37525
48538
3356
36465
63944
63581
73052
56144
74410
1140
23565
30260
83313
15968
31836
38293
57048
78410
59838
76779
22457
97251
61974
88119
17274
95240
9229
201
85674
47461
38009
69234
60942
73173
8686
16290
74284
10809
57234
63363
94541
42300
30278
29517
70753
11828
71120
13860
6471
68905
13926
69708
74927
91321
59658
30648
42699
74142
89236
10376
63793
65797
41683
56473
22571
87872
49410
34289
32159
24488
52252
26729
26379
9665
89507
92799
63605
28360
39220
14705
25476
44229
65771
84277
23104
81634
76880
57694
99378
5959
42387
69338
87257
44293
19259
20948
35129
11882
45120
31106
32381
59995
26276
76316
67086
92273
92127
70989
1590
36072
54163
25165
55962
21821
83690
5840
98919
11931
52212
59095
92830
35078
71548
48514
10959
79144
60791
70813
18384
26860
88154
13819
17805
48877
39689
77789
64020
91599
57936
95222
76551
37516
25402
13242
64057
85510
83456
14279
44453
17932
60309
41134
32814
75935
9813
87356
91932
77387
53058
21337
17072
33625
96685
58705
61061
51044
39636
8060
54071
72801
34618
82412
55443
3897
92582
28640
30548
86368
19875
36290
25731
58389
47164
41234
44637
83615
1146
33196
72378
16008
24220
940
22133
41564
98748
47559
95133
59088
26807
12903
2803
52784
1744
29325
11119
99389
41172
93610
3539
71756
25551
43770
77762
99350
68577
49981
29553
77493
62703
2668
26624
88321
14697
6514
29369
27414
44504
28823
51798
39126
84973
89655
12716
58423
83366
32379
91980
53818
86587
94224
70161
71976
56382
4518
69656
92881
57659
17029
22567
12800
12480
66235
49957
69887
88737
57730
26675
29706
67353
29371
8474
55089
1525
69453
40540
24426
39917
55972
75371
59701
26258
4293
94582
95305
53205
44533
48751
49678
86625
97885
51441
42963
31940
3434
48200
15076
68138
40774
94789
87900
69327
32001
34715
81153
88201
3968
9388
73608
58010
15619
76342
31640
44523
95261
71967
29275
25951
24862
81649
36826
37604
18034
41256
38065
84363
75783
28677
2687
99691
17930
44346
28753
33580
80496
16134
81778
36744
99627
71842
7171
38141
35712
74457
8405
82758
17526
83170
55773
66315
83031
56195
81659
50396
70909
10292
94830
14576
91837
55826
24464
60602
3302
35168
30039
32781
54375
17142
8907
67570
62278
80690
17413
76410
37821
76412
74159
91506
29582
65683
89632
63525
54791
53834
89116
3288
50434
88565
25559
673
97602
15988
19542
48734
12152
31455
13990
44376
14175
54227
54988
19677
23895
98205
13522
19063
48249
19627
21567
58980
3996
72445
40566
21985
72498
55798
59620
47318
89257
19270
5365
64138
26720
24417
9466
85026
22863
98411
49878
39612
7837
15711
63412
57240
73700
49527
99533
67952
75965
78315
14094
74679
39213
16575
273
42594
39387
87022
85250
23475
44895
43734
4019
18364
86497
42298
26324
82866
61997
709
28411
55684
93320
12122
61441
22331
27217
76371
48041
87977
1042
80178
92105
67404
53312
3261
21121
18384
69828
15162
45111
32329
75064
36523
97228
68179
65046
81673
88428
64827
92167
59300
86215
91424
23771
54490
89779
2738
76852
17413
33483
8612
54731
72010
12370
63166
48225
54683
11068
81179
95458
14160
49604
44914
9944
63658
39837
83467
50012
78149
88176
67978
35486
55440
35019
24908
99953
75917
11395
78030
80764
51668
56148
19754
49314
66654
2269
88380
44585
67506
66053
21729
41421
53903
97246
89753
5262
44761
71880
31822
38332
66971
69015
49172
85374
41852
73782
76538
16213
4717
47746
11475
22262
80423
56251
6378
93378
21376
98496
32524
71509
23165
75908
96611
98051
61845
77970
94518
39338
60865
5703
8521
95024
57538
51121
43522
49104
60546
98891
64433
65515
76869
19040
8698
49891
29267
91913
87193
16446
72195
69600
42692
80305
43785
78375
28255
5282
29540
97389
14718
24837
27347
62412
83555
33011
8082
53215
89956
89308
80439
93772
18184
1577
28793
35497
54239
57243
97652
60195
74094
4642
24187
6566
65837
12699
5453
95837
67702
71346
3835
79771
11489
52985
68730
71580
37244
3367
29515
46322
14396
37507
3590
92787
2901
15916
80051
60303
8062
35552
65518
45106
14000
61317
46271
90166
19537
19355
577
16550
37582
4019
52350
54507
50099
53521
29007
10931
16432
62917
65205
56600
71381
86204
11020
7798
78736
6698
68299
89848
12307
87875
78685
98165
64152
6669
57047
43887
7151
16074
6772
1189
7083
65627
27819
94156
86911
3869
81310
91598
89443
11153
98958
83086
5979
54538
40264
78400
72212
71575
18149
7118
49243
70042
93296
66229
83656
90052
4290
97966
79402
40742
37200
35747
48037
74213
4914
51612
176
67893
55522
7948
17464
52591
19067
16066
31732
64686
72587
36669
52215
5316
31267
90176
92790
20256
2516
28573
60096
35942
60437
50389
71179
73210
72611
25749
31499
5527
62591
34445
94742
76483
9367
34967
28773
97566
92075
2650
12245
68517
23794
7326
74616
45340
92866
42099
27515
97854
43918
73805
29920
82274
8700
52736
96444
36760
15765
40157
42746
82414
32600
43998
58156
53701
61845
78474
76943
57747
69947
63856
27336
32838
39864
52314
28045
30286
97449
97016
59908
59773
81888
17114
59503
47494
71753
19999
84467
44881
99378
81040
80513
53021
75486
1212
95406
37162
91287
61752
87048
12137
19167
96010
12221
64244
29331
27387
60576
69143
76651
64809
30648
78391
15462
90724
27154
94778
91564
88070
25287
34605
23926
43994
83504
33176
52826
44293
59432
75762
69344
75357
27156
65196
1596
83468
15631
88670
32901
21622
63293
54493
33649
4047
46157
84123
96657
57779
31089
65726
78245
74009
24727
79463
57440
74925
15157
10065
68987
34888
5827
63303
27333
66886
21241
30833
82581
89688
88745
21952
35685
77647
12015
30514
90013
67753
78383
88833
64514
89970
50711
8620
94499
45553
26865
93763
6587
54458
50595
64932
82975
71324
27342
3534
12594
16708
15969
84578
67122
33704
47459
58763
70953
54427
87637
95282
22605
47703
80529
48129
10849
48596
26500
88197
13765
92663
86425
12317
69888
88342
22095
99050
65207
71247
83292
74452
89774
12485
23211
95141
28130
7728
31053
91620
7160
78728
98682
93953
14517
10015
60555
69641
43531
32834
81896
14411
39891
8032
71817
39552
72660
23661
77737
70033
34055
9851
59902
85687
32122
1203
79624
30336
41315
43743
62268
58510
60596
37002
62198
88233
36465
59406
99628
49103
29073
44643
87119
23446
23384
68902
98835
60932
89935
56825
68185
74241
58358
40459
59448
61884
16522
37476
3894
47265
70895
49717
45784
25684
17793
82413
50709
44795
40025
90063
73611
45683
66085
31578
14586
57937
68926
51124
28963
70625
11438
79280
63064
18296
36688
35985
92079
29296
92970
51311
83837
15910
81637
22675
9772
8616
7576
14932
62538
7683
3733
97439
29985
85522
24959
43072
63144
60059
26468
48292
39487
15254
92704
41123
31772
69801
68301
25654
35536
28865
34430
72485
68587
27126
66421
71980
51294
60397
35290
92930
51961
92323
52801
80729
22805
64944
66548
89117
4250
90811
74745
81788
64066
23852
49779
55384
89386
86298
21886
87199
27694
48222
10183
25362
29130
84474
19520
47077
23622
62358
69631
78583
67510
23221
91986
68678
13707
34683
656
76523
2599
81886
33495
84307
20196
40398
4157
70639
87544
74343
11121
38581
58108
84675
11977
10254
27053
52215
43983
24319
65171
92026
37269
15610
55925
93284
6716
77066
49733
15368
11727
5198
93054
20055
73359
31684
43127
48431
37586
78335
53154
59748
42465
61948
68535
75662
41892
71437
48610
10559
74942
35580
3079
26499
32323
60281
85822
94760
70444
12888
41393
77415
71198
26467
93082
67029
38415
82554
45781
80931
31615
45388
28552
37502
37481
11015
50589
59629
76569
14363
68395
21909
28580
53174
19263
98970
79260
64126
50042
7318
70011
66591
97694
8351
97604
40755
49869
35548
12647
46840
26013
76335
3774
82931
26394
34668
50555
46664
4517
18140
70884
72753
28626
31513
20829
11005
42189
48365
32202
82263
8443
81963
37095
51194
91051
19555
12960
24979
77699
64273
25065
54525
84709
90281
55944
66724
60955
56318
96748
92897
94624
47448
19780
50292
50435
97588
53205
57712
71238
83155
68876
88266
59019
62626
5499
76382
40223
13726
49826
9636
79171
69311
37975
80548
78466
62151
18843
60168
80049
3866
65100
68192
25618
36542
94570
21678
50744
17558
76301
64229
68191
2619
91865
12517
272
12882
25906
20944
71358
16512
86489
64118
19019
23344
95109
8958
19372
31182
37229
4427
28017
85200
25351
66794
7940
10954
91871
48480
89021
88876
57291
61425
16616
48680
95065
25622
96803
94731
56665
54352
50596
54193
4419
90786
40218
73772
50777
71905
30363
99213
52883
90999
9429
32451
72410
67521
30372
95810
7598
80983
62092
64136
30160
80579
99889
52413
32873
41814
73158
36392
1178
87801
79291
14382
14995
2536
42077
1806
81161
97195
49685
49848
80047
10080
61637
79879
70602
24628
62716
35821
1348
92974
98915
14727
28094
45242
79428
27327
17206
85209
72522
16890
48995
50045
86651
49473
562
97834
594
10584
49390
91840
73263
23010
66531
53718
207
65917
14895
10231
14650
38887
8080
75485
63279
20030
50198
60443
10478
24167
49381
15009
59211
4848
30445
45852
43873
74600
98137
56757
83252
10472
74327
79842
51659
15901
28038
97413
32432
79886
51095
25487
40738
91138
97057
98327
73183
42258
40489
3425
69635
93486
15582
30330
60628
12359
44061
55652
15031
64589
13266
67562
69471
46068
19456
57278
81149
33297
16340
80444
71806
32085
44658
50547
79134
92480
24685
90228
50572
26164
2227
58064
48858
32050
98608
6183
34802
42720
62692
66042
4946
30312
37021
70731
83438
70867
88280
68941
81501
95387
95410
54599
55456
92394
87273
73066
95904
89400
77031
7942
14997
74516
81290
78440
23568
38758
66851
72653
4391
12225
2914
4856
25865
93618
26003
33568
52257
33337
46033
85868
45239
9388
45482
21953
63875
8365
2469
4472
93176
23958
18742
68574
78384
90206
48297
41010
8405
12440
25262
15727
70049
95244
55570
58645
3953
2364
49745
90764
64637
52421
54931
72645
19389
34199
70027
38887
34164
89208
44012
42644
20882
10126
85796
32352
1826
7565
68101
20473
12898
10655
98669
25387
99933
55078
75261
81027
27240
62502
39673
18662
55344
8498
97645
40578
26747
69112
48319
5714
71780
78055
37220
32053
23538
49298
32152
6985
94938
17570
18726
96405
29907
80867
53634
81296
11467
65911
55849
17307
72764
22969
30014
69578
65050
37898
68025
7706
11790
19457
82623
82265
6505
6041
26737
77565
85691
38312
55551
75385
71729
22521
48981
20088
11123
97178
50590
84056
22213
31157
13586
65057
80688
2486
99713
34861
67369
2788
86492
37763
58128
27411
52190
2551
68803
59905
41873
55895
47005
48392
76080
14462
66148
22913
10856
67809
18210
3248
26437
11271
41711
76848
28716
97838
63051
25253
43026
73116
84760
22900
36318
11994
57136
71790
89299
34377
27560
12125
8308
43764
50644
78538
93043
37958
23142
20200
82825
21917
46508
40025
31490
85058
80556
48743
16377
7283
3877
8154
35014
77177
5102
64662
34619
60291
76962
81395
28906
8738
68592
53900
19935
75064
11656
74308
70744
18908
8541
14901
32373
74956
61916
24914
54761
50589
43818
67550
85684
68837
84759
45183
83747
36536
26162
45592
3424
69296
67839
29697
33782
81654
62617
48128
47677
45471
5959
32774
19511
9583
53847
79110
65231
92886
9836
13723
94303
82965
44998
27907
73124
46271
94044
33414
59771
16603
60421
35356
3039
31853
18027
92172
99531
2654
99483
32270
91890
40541
12638
7649
54012
25540
35335
7739
66496
14178
24805
22723
1370
77864
50480
31412
7575
87513
67268
32741
58549
34900
904
79754
41139
98060
40303
98869
27793
13855
37868
80289
52269
76156
64959
56224
24265
67968
4937
2904
21308
13656
48334
53386
50798
20457
20056
99645
81149
22926
4432
3834
40806
67188
10749
74639
8800
68723
26593
12622
58682
28292
39604
40695
25633
7269
21705
38672
13580
28206
39642
4960
69705
16637
72425
233
21352
10144
79990
78562
11647
1741
80078
52551
48155
5157
90881
80558
94866
84149
13338
38699
59726
44748
99121
51383
59069
29326
19056
54381
89755
30946
89370
22757
29022
92673
1892
64171
86492
8639
50224
13977
68370
93832
40890
47473
73410
95630
41873
9624
58649
17213
66876
14367
2536
67898
65942
92787
22810
82886
98189
99196
55421
87946
15206
81489
91729
98642
85730
56512
2615
62434
8138
37131
47686
78495
27363
34254
40004
80068
3840
7728
54147
49143
21583
38181
62008
59478
75536
27847
60699
93288
78856
71520
59493
71654
28386
21264
6081
50833
28901
54683
75511
99063
33504
95872
39971
46180
99015
58789
15632
24409
85903
53967
65918
78098
32898
88183
52410
77968
222
26605
54776
83634
25348
87609
14235
24301
58854
81033
75716
13610
1582
25192
43259
73229
9783
41162
44290
47403
20165
65536
75740
70414
50125
82364
24427
42570
2043
87481
34355
60344
16413
56386
3178
87372
86702
70349
93807
82706
9399
44801
95567
10479
32187
77537
11798
55024
27821
55140
22327
57258
48993
15397
29510
97417
90310
28997
28628
39320
73974
61248
68651
57544
40920
33156
75482
74033
5275
90742
97632
44049
31314
47965
42144
41376
30570
78945
82855
92705
19791
20226
31865
69399
51924
70254
73416
97279
70744
13053
90069
45854
5658
85069
45975
32462
519
2145
88783
25879
18422
11496
50135
19967
14941
91418
97216
93390
12045
69891
34032
72514
13510
5895
86420
86795
98708
53800
96691
44329
98971
78247
54270
15453
29919
64794
59148
97606
59421
21708
34217
4039
35332
64210
49904
9925
444
97126
9263
10625
86079
28150
64769
70719
61135
47034
96893
6413
14532
74374
85729
38332
50105
6341
27023
29807
85491
58566
18407
96627
19298
17782
22591
88258
78605
88923
89057
53572
39311
23540
72843
20963
9434
51728
51381
88320
49154
23450
868
55397
91542
19842
16303
32450
46242
73481
56898
34302
18742
21258
34989
22486
54562
66045
59221
13706
19917
70791
40510
90478
44035
64938
9480
37250
35052
41800
80468
17238
53466
37809
69130
1979
12583
11732
24590
55936
85170
47118
74840
1126
52673
68292
30103
97804
90337
53874
60693
55716
37569
11332
13312
27138
77404
32330
8170
53024
58506
65533
21032
18388
20410
4587
76842
11119
69495
10387
57333
32706
60181
6087
79204
30024
32041
68094
99453
47151
60158
52224
16
8879
4057
40623
82577
92833
30470
47648
82803
16384
75983
65862
74201
48779
78373
10823
73118
19962
96388
4082
77565
30659
10874
47418
10735
24782
71382
51581
2810
95949
6536
12582
26262
63044
39390
74657
55249
75270
42447
36006
65010
7668
9903
36310
10969
69691
45932
41430
30720
4400
80410
72989
25889
1368
19165
43690
74488
44892
88662
60091
61487
19731
83651
73270
16986
66455
50788
63801
85819
5543
11609
10255
7469
46207
95392
567
40477
1232
94092
8560
5153
52977
63557
64093
5713
16656
5879
69722
26702
91688
42528
39392
19401
82165
91090
21810
82914
78359
5838
47726
95599
91821
36176
77522
22058
77631
4780
34086
11261
85584
28535
72751
91839
60395
19349
99568
83553
87366
92237
39989
65898
68251
68089
38395
18834
93159
50493
39833
40612
58397
72997
85168
32075
52594
90013
85671
81139
81178
71886
85045
86966
91600
32968
36637
33127
32405
79383
31445
73481
81747
38035
64606
14903
12488
74589
65985
65222
37973
84293
47584
40474
96721
74276
36973
15743
30520
78238
86933
84497
55613
16441
68132
44585
41308
57053
65321
88866
6840
19142
45519
25195
32044
4058
93136
27575
48119
52425
29440
42568
22952
81369
51446
29899
10218
12081
2990
73749
67395
17915
340
59723
66958
31328
74708
26579
41796
60512
4179
63457
1553
83265
21509
51368
6880
20239
77792
10679
69972
36984
84796
64630
87792
70476
25083
30789
96885
25267
30013
23098
43886
11520
72112
72941
7619
70448
5738
47827
31154
36534
53322
64099
82607
44686
64650
58693
16025
61053
85108
38750
85809
3424
52522
34873
95878
80394
26538
97306
4347
82068
19163
45998
63474
85274
46130
79438
41655
79569
63234
53744
2773
2917
95092
11571
81787
19215
3181
91442
68528
10990
20467
45959
33433
26305
151
20357
10834
40713
2253
17549
73535
36286
35415
52323
94393
72486
49164
90331
30654
6809
96575
84084
11164
53517
81277
14436
84348
5015
791
59375
88849
77008
32653
94882
15847
2899
849
31442
38145
18421
80923
2763
93125
64792
3856
93233
35042
75372
90672
57221
76668
54790
73692
22064
63611
22164
61130
32006
60690
36194
89540
89285
30201
71862
75931
40718
39070
31426
53249
13190
79274
78569
10156
70834
81156
42115
97978
21584
52441
14061
46980
3807
81570
72479
31490
9530
72099
60541
74833
82076
91768
92556
55219
33223
80802
32344
51784
51563
10636
80519
37903
24345
46551
7570
63964
87964
93036
6331
99629
30776
66297
42017
11835
87418
46695
56476
78712
23397
31815
19559
70937
86195
54228
24963
99987
14934
20269
14192
17582
50781
60718
70171
26824
21999
60107
31185
12548
12916
94988
73154
76898
40575
39011
81945
24378
73558
57167
24392
3419
76964
87276
63657
38097
83942
34526
22459
6243
97702
68801
20554
42801
1924
17724
41374
54367
22213
36457
43086
31783
24045
61939
19498
38026
35109
24269
95099
96114
45556
27748
40843
19352
88128
88470
29426
50773
86822
60043
67696
59448
19069
85193
6880
91115
13406
6470
4535
31064
44186
83937
87925
8951
56557
88944
54099
14125
21767
42810
66572
81236
50945
47689
61391
15469
14379
38814
73040
67731
67632
45571
75233
7258
83629
83115
50451
76891
43217
43996
91160
89350
92859
39180
83443
89183
86437
95251
10393
85117
91440
89229
17704
83654
59687
44822
31831
3439
5884
29935
11494
95046
54058
89160
88507
32901
533
22316
2504
15575
71342
35409
51078
30459
1649
71070
47623
56654
68127
12078
83137
35079
42170
75686
23073
9118
38470
34043
10293
36980
53781
66810
31349
44677
84253
75886
137
73276
53891
77706
48934
92404
54326
25437
89065
84903
53573
23259
62877
53811
61739
33887
49238
94581
71744
51968
24295
53658
69380
56628
96059
42151
50425
46315
68207
21497
61384
22351
40694
11507
81217
85956
93364
42843
8031
43247
3682
21368
12482
14871
65442
95167
39037
86924
93496
96329
7797
37979
19260
62039
20439
87087
87908
91400
72884
61140
46664
37069
27985
99930
16191
23938
74540
84197
86118
61787
37623
79920
36484
24244
98
7891
35541
86972
2688
37462
7373
74537
70950
65451
43987
68783
95486
96140
88038
75715
74661
27005
9768
76474
3700
75326
266
13376
92202
41087
35946
25648
31314
30197
20000
51051
18573
65219
98317
86128
9124
20765
36891
62630
63839
4608
30503
72859
47690
76822
84073
64597
82247
1201
98900
62347
57076
41109
36110
3705
48419
1733
55977
36413
6483
3536
2801
49941
38474
24560
84759
12705
89522
21356
30507
83953
71665
3837
28982
39581
41739
9882
6229
37504
17482
79700
83281
61327
69849
37375
30988
66611
94362
65805
82967
20
42228
15454
60072
5177
86305
52691
38611
44682
22167
13621
59405
73882
48174
39650
57630
53731
65330
67872
59409
67125
35792
48947
68297
53893
79132
61741
4570
73569
16628
27936
32260
74748
97109
22539
64002
76841
4702
39181
8284
12359
44323
37095
26798
60721
2005
12255
37982
42100
66905
23467
29398
13591
68607
25073
3273
99598
3583
53769
19146
39899
8935
45646
15879
26585
48599
60643
37710
60511
38083
10478
79963
54293
47831
87825
19979
59804
4702
80765
89445
37512
58957
2375
54265
20301
66065
91610
75882
64742
86741
89619
83250
91591
4137
35847
82544
41358
9312
26826
18414
77037
29549
541
25511
17077
67125
31166
98455
61076
5494
18781
50173
37283
22559
21825
97886
68157
75929
14753
35670
43478
56815
68605
90113
72722
35516
779
80252
41972
68765
66250
27780
73725
19621
56988
28590
58724
69382
55029
59584
25696
31437
48181
41902
44753
73809
18434
69044
63019
26687
31306
96694
10087
33837
67196
5920
86125
25171
39230
84127
60610
19835
18892
95556
49303
77882
20540
78912
7464
21939
6883
67743
25390
81702
5491
50825
67946
78425
33453
34940
57684
83447
53281
89608
48949
77487
75752
59690
26762
64579
53384
21203
53923
72925
44654
83034
99444
90833
48630
6454
41988
40682
61893
65092
67569
94554
20460
49125
25462
27434
34896
78751
62068
78140
27987
29381
25464
83098
3889
45515
26259
18740
65884
82082
63645
12881
56546
76870
68013
1420
87588
96817
75609
46799
38275
19534
69172
69232
76137
38227
71369
50186
36758
14480
86052
70622
7196
79115
94804
87599
58964
44326
18710
19249
1713
25902
80626
86857
85885
86147
76270
52337
30170
13929
40549
84079
46151
43223
41565
61588
98486
3884
15773
53726
31455
96883
51945
57679
61627
15356
37418
98368
89487
66581
24471
59267
86507
93165
9723
56865
96784
58709
2516
76547
95106
5642
77001
47650
57611
47804
53384
55120
58735
35985
11521
71798
98621
98829
85458
1036
2006
39130
63143
67526
65355
63089
64046
21995
1532
30232
53029
35733
88208
59210
80348
67969
16748
45326
91957
60147
2120
8159
22528
73259
79085
37
13287
72834
24233
59563
55806
84999
25545
83024
85615
48981
85781
57521
64026
22432
70401
20368
87616
81060
82051
69417
88898
58043
47383
92770
60409
40518
5354
12584
59267
97953
19505
62821
26569
83971
61664
6495
22161
80089
82516
63840
94496
70013
58613
91134
27090
4439
27190
54434
43962
39737
24034
31794
98569
5777
12185
4028
83997
39062
89020
7086
67307
34757
42116
24974
70038
29850
65470
16300
33938
72288
49155
75650
12291
57758
48892
22219
34673
90404
69725
60839
93655
1146
41557
99442
40508
80571
71957
59161
32669
22853
79249
11570
59995
70474
91055
54084
33459
11146
31637
11509
14330
89405
72830
3786
70907
36861
17781
98194
77385
88602
38188
87002
22671
76521
45595
54162
52423
25143
96209
52558
5533
5154
723
65855
48772
58986
64778
39818
15031
78058
48588
58051
87857
63310
38821
72983
68146
62458
32098
54637
98618
83106
65427
81682
93444
88713
54629
7009
9658
112
5494
72197
93438
68058
65676
34946
58879
57312
10743
51307
27133
67538
75993
63809
77230
15705
1730
15112
3954
30103
59590
6126
11483
37410
44235
70724
11411
58402
74214
54748
28545
87814
74661
43514
44488
66383
14411
46853
59924
53499
52709
43962
72461
46622
18705
66073
94063
76548
12122
67533
64505
94653
12085
68635
15737
61678
85838
21679
92271
69953
98213
19023
53185
22780
33081
84219
23706
36039
74700
24262
26305
67042
67495
54
22347
45674
65492
37266
90681
76587
85801
89921
13111
95154
79399
9861
10906
26663
19502
18738
56165
76082
26064
5408
33675
78485
47840
67995
80348
40255
1021
96179
74002
50203
85407
23539
68134
76480
8661
29693
49460
31004
53552
28893
12747
27281
94469
95977
64912
78557
67066
15894
35474
28956
8126
22761
35209
38791
60673
72204
46217
29203
96157
15942
95601
88123
11081
41214
21674
10239
53120
20000
38755
42395
98058
7012
34508
42769
71284
98822
26950
55159
57448
22347
44589
465
2271
85319
27225
98725
17515
45515
40396
43545
57172
20248
73195
52785
7624
10893
28673
98348
7984
23289
89827
72154
67366
89192
74789
69067
93559
7008
41761
264
86733
62991
61324
63324
86514
36928
34526
96856
57409
2887
79059
32134
34320
8695
98181
14073
87329
53523
52600
36425
86767
72853
98416
33014
16814
20561
3623
80396
11409
61436
10472
67569
53221
57729
88340
92167
71319
94618
96643
95809
30768
28091
99567
24232
44991
78885
41002
41494
91726
15200
7764
59375
5087
12193
59561
79301
65841
27555
2747
69280
23985
4416
92785
43563
6429
29881
16813
92017
58856
81567
73921
30196
2293
97404
58701
56476
67052
57237
93270
18025
68234
84647
9138
14128
34669
56355
5818
60899
18024
91020
7026
67025
71214
46438
5906
88062
38456
50337
56329
88737
89734
27758
24823
84600
81424
45437
30376
16212
13266
73057
9334
79879
94686
42346
34719
81589
52010
77192
85663
53046
58477
62195
85090
41234
61384
8102
81421
69023
77229
76635
97248
56447
64749
55662
84805
25176
11760
87184
21889
91446
20483
97928
11260
50922
31658
43718
52488
88573
87956
44386
34886
2481
98201
90160
77687
96886
56867
3179
77709
51573
8781
10628
7706
8702
18075
34802
27538
2851
96975
45802
75430
36928
3820
50522
21222
2536
19531
23738
25521
75146
67816
82652
62052
50205
58694
16157
92926
55601
62373
95824
67840
43675
25441
52691
72767
54916
2901
94943
19107
9811
41621
86537
95868
16080
48164
98296
70846
1363
29987
81909
89917
31512
50013
49905
75022
13068
6279
82437
94564
54027
70627
32913
64243
5328
22957
8682
32857
83483
4801
17137
76567
11131
28906
56133
53403
94141
47235
58063
49889
47336
36281
26206
25714
53520
97041
49703
32176
24430
5072
53430
84759
9047
25558
83758
5557
51875
87828
8795
70872
32443
8287
64631
98807
23314
60504
7633
42996
57946
1772
38647
80168
22885
72405
54919
18450
81375
78887
57286
9850
70119
77163
79318
43212
40022
70587
16411
41788
92470
6777
50374
67953
64662
46119
84386
40549
86455
8540
9825
59391
66270
73370
47369
44972
88690
72402
50770
95595
60512
59101
58965
251
64257
47558
84012
30510
87489
29565
25412
21769
81291
28270
71144
26099
29474
13802
99512
91393
60143
67656
27594
41489
83329
97044
21499
24064
28623
71017
23280
9467
80603
41123
82451
22354
37883
53709
1438
97409
94141
38374
95447
97567
60671
24623
48744
41121
45746
87422
21567
94669
3873
97843
92532
69763
13431
71526
58680
3290
85760
98966
78437
11233
47358
72459
24031
33648
37241
68008
45567
89538
97208
45725
78858
14464
71060
88079
75826
42588
77436
76252
99294
67595
3014
78388
71116
86241
52700
28218
99146
46666
48057
34240
13176
49986
61431
35245
13339
97289
10583
53932
83567
68470
91712
24290
88866
82357
12381
79535
60984
83990
12256
60626
64706
37552
80208
25008
14190
1980
69700
35027
94221
2324
22851
62021
13860
54179
66910
3192
94074
28996
76054
58983
24196
78141
23968
46867
30254
93993
55038
22504
42509
49562
40272
61518
79655
40240
9118
69607
22161
21025
27885
11561
73182
43904
57817
68479
87106
95476
68062
49354
94759
21580
5420
40309
54702
83341
1569
48882
79775
23451
15926
63379
42649
54983
9399
63390
40426
69895
51454
72457
28039
78677
59980
18879
22061
7453
4422
38679
64981
18344
79685
75688
63020
37196
26651
95140
51474
76346
83166
6411
50078
76368
16579
75482
85080
22464
31223
44137
24750
90687
47667
12724
90462
36571
29971
5548
46770
30152
32590
64690
7799
62295
75164
29225
7538
636
6964
83013
5220
55778
73698
3098
13012
51925
96212
44262
79609
50761
9337
43546
52660
40557
79087
48668
56207
58400
15758
10486
9732
29946
22681
75138
10836
74309
2034
34827
91171
41705
264
14620
35082
33875
63066
67380
66076
29545
58255
7927
36947
46211
26699
19673
89065
33613
29296
77376
51046
61279
43336
33314
14425
62516
88506
38503
41789
50354
19666
5073
76625
93205
12170
94820
24891
108
56097
21233
59185
7183
65849
14040
86808
66220
39998
47496
38047
79528
40482
49564
65097
46855
43930
6033
25329
6497
28163
38820
28470
21012
98995
20352
31949
43341
57425
69657
85709
77537
87234
42685
45282
58311
23972
83002
17635
43590
91322
96203
52619
23798
109
17922
90472
21993
87908
20604
297
85431
96416
18512
75678
51683
83740
96453
74858
95659
96206
82797
72559
3367
12257
5868
49937
44384
46015
4829
68321
44895
74654
24346
56623
45411
88261
22519
9986
24239
11574
93694
90131
89402
53849
84535
93399
80632
8656
86511
29225
61269
34795
23688
27190
85565
47073
66219
53681
89268
89464
37050
45982
59564
79107
79462
59913
18893
21043
33453
98939
35949
90807
10355
91592
5820
45099
86737
49578
6708
17967
8147
59419
99298
55596
97973
28665
70676
81998
88235
10198
68175
15980
16339
20449
6764
71872
23689
31782
98737
29223
49947
49084
74269
39015
5893
20568
80676
73922
23524
18764
39834
2289
17969
44720
92752
84823
24712
79923
48649
19651
99001
19051
79235
11757
48380
28365
23887
58698
95699
19605
28793
37281
15812
48865
72300
91777
75844
61812
67229
27587
99022
69552
24966
50159
83969
18373
76068
25656
53054
54795
32937
56513
52182
7229
76304
29420
49414
19647
15699
38332
84395
15222
52810
36762
36414
99423
6984
29414
83747
50039
47513
70364
22964
85649
10688
63199
37655
77041
57521
84869
83758
93422
44597
35704
11721
98900
53509
18377
28700
32503
19444
99840
31322
13718
60519
44293
92883
30506
16342
23293
83637
26138
38901
70715
9304
27342
94387
17034
11184
46172
25928
7299
5420
44132
61318
30552
57227
42556
80674
60740
6319
33774
382
12205
16220
99328
96517
19654
71346
99800
31474
74435
1094
68181
59665
20671
34587
8916
48709
37877
61347
15435
2836
86581
73045
35173
68492
43492
204
5866
55485
30430
31968
10748
13986
96222
27079
77336
90746
77460
63235
80177
1104
47023
76322
61335
58702
80508
48851
71601
6574
84300
71069
19872
81363
30180
95454
46904
90071
61036
78690
51278
82368
38078
3543
60836
37031
44697
80496
21474
78787
79236
83106
42668
36462
79655
554
60460
68635
15954
58865
82951
8836
44652
34387
28255
89434
60173
34700
23021
53284
74606
85003
72632
42282
51184
78552
40380
4452
90951
60718
35539
81499
19265
45160
17484
39850
5537
17841
28500
27621
33378
60166
8155
45089
23340
92394
199
68944
69336
94664
36083
52997
60949
72713
1883
16444
35923
32323
93942
5668
34825
8703
26646
30989
6726
74299
3662
66692
54463
84159
44369
75438
61093
55470
43410
69052
66944
55781
47171
72097
81662
77736
78948
23282
33778
33359
86817
84971
67416
78298
17904
61409
60473
4529
92840
83435
14309
82852
8299
92395
75977
75289
34386
97763
6989
69146
95392
20420
3553
8989
21627
84292
99963
17009
20483
80791
34161
26782
6414
28051
69365
16877
63112
14736
9310
15303
93032
49088
64542
89281
76362
61904
60374
90043
88897
13102
96165
28943
2380
2536
62575
21710
59838
19863
153
17377
96432
35217
34573
749
99069
25228
54971
52686
27559
29757
44314
34410
63707
92116
5195
68263
28882
84716
16082
14084
39217
72231
6247
65096
54524
89178
71875
77429
60910
68335
56772
50433
3649
23998
94484
4930
2159
46077
71446
35693
56827
71998
99500
80105
11637
72175
25111
45347
14880
61169
92514
57491
97031
41034
57586
89106
66765
81925
19388
49154
55975
89023
42987
17091
73019
27719
22747
50475
27241
40396
89595
3479
4747
84594
639
64788
23233
81765
30970
28564
37462
61472
13131
32909
17739
43767
45395
73494
7508
63120
85120
78679
3923
53168
34827
39166
3398
7878
56008
19828
74403
497
9401
88165
84488
54062
56600
97632
88314
97422
37045
7495
81251
75077
51284
71148
14201
21047
95717
49249
92463
24535
95054
91325
40080
76019
31177
487
63848
69927
29479
58719
14654
41242
40156
7188
31739
67746
74488
45754
2165
97190
41433
90752
25492
96924
33693
13132
9457
87325
26391
95658
37122
14370
64731
75815
26958
81036
1973
82174
93636
79340
58813
55085
54527
95383
9228
84910
38378
46093
44911
80636
23328
36918
31549
43620
62756
82899
65010
24518
67404
35711
23721
55338
13992
59370
13917
89729
88057
40823
35420
66951
23354
5329
42439
22883
48958
18784
14694
51226
92601
90192
17012
7526
7826
90413
35572
65578
62779
5618
98002
11272
34767
55886
9413
74422
77302
93140
18952
88636
73944
45169
62792
23499
92516
60258
9338
21174
31928
13964
27412
48210
19354
48029
18545
90675
20773
83452
15448
41853
70654
12133
74387
21297
69321
834
94738
43048
14390
27360
882
7961
98751
82262
29287
58778
77448
68055
4202
62226
12298
31361
12039
98797
56348
51306
72580
25929
98903
86388
75562
81146
54350
75760
53443
90115
67566
39124
95634
68110
25010
67873
86997
43241
75515
88225
34882
29563
80349
64256
81667
7731
90199
50768
28229
41019
71408
56218
64853
12072
50316
50617
2144
40870
76337
84329
38569
42397
95389
80676
39429
42695
23791
2330
58522
48963
90052
96605
13056
68301
34476
56010
20944
79395
17976
9031
28104
21261
95040
3564
7094
76978
88517
16098
99444
19755
88074
20462
74142
39094
97271
6144
42087
39787
52569
6840
79769
3072
71171
58343
69094
62740
47083
48119
95295
66509
36453
68578
29442
25836
61641
80932
88048
6611
54426
24293
36288
28761
76493
95848
77703
62197
48988
52841
39295
50256
19451
29533
35610
80021
64500
36315
99905
32469
73295
81057
42436
9702
36666
10196
37897
63326
90617
24518
32794
55265
65823
48775
15478
81834
22199
9147
72578
42310
68099
29536
93165
4938
34469
28143
75350
58375
23714
40793
13822
23599
62565
61214
84186
49930
21442
18307
39806
7078
72298
75650
50139
91033
13071
31765
74555
22344
66482
3066
44446
17458
23799
5581
43593
79128
81212
20841
95405
33019
94846
62003
1966
74343
22151
70321
95216
88569
2144
83808
62156
25481
1322
47554
79927
61497
93806
74615
64895
83339
97879
30253
79854
38984
99627
84509
59308
72195
27558
37972
16851
90847
28886
61763
22014
67322
40317
48994
84349
53052
33169
72033
96690
79364
80545
22030
48016
13033
46718
40532
35520
88856
36308
11628
71451
46575
299
48442
19085
11502
32034
52703
48036
33120
75147
65594
2010
68615
77929
26063
82411
43093
74237
23583
71353
11441
24883
78728
89946
35193
72438
13928
9961
35977
5445
61321
48572
12899
49227
3703
47716
19958
61161
56741
13739
21988
61225
62273
99772
47561
27441
18736
15191
64326
30895
81346
7947
81650
11730
48406
11162
89778
42470
45518
63010
89837
73964
8155
7322
15638
4681
8796
26381
29791
32984
30325
72826
44165
22623
78623
84564
55948
71004
41368
36344
11412
75221
70940
29191
11029
73313
94216
13815
61418
24991
11614
2679
46707
64934
39584
41282
91167
27156
5652
73244
20049
81647
31294
29871
21112
49010
30621
9216
62185
12748
64535
43122
33831
46439
31619
89979
39240
11117
8639
93784
39313
47577
96888
65131
75058
84016
8703
29469
44415
6964
90655
24275
83739
33497
91284
47846
17598
52633
98664
48139
15527
71599
87542
94220
63561
23381
44482
70601
39027
21054
69894
93773
19511
27552
11257
85241
80097
49537
86684
41043
4435
61334
62044
4619
71962
99266
58642
40434
25691
51749
80862
71200
16226
91856
54117
26882
52295
28133
90476
11408
61624
34336
33780
98557
60401
12393
36190
79076
20331
5870
49726
43147
39934
43319
98682
9183
91738
63642
46699
48811
21484
92973
62673
54161
62474
9477
76633
17480
5181
82973
75313
9140
41777
31113
76613
32135
2761
1833
51103
27709
62920
76804
72107
24147
22846
84170
72941
63481
28811
43608
94988
99604
6486
74110
38540
47569
13310
17861
95810
61686
96536
95787
28173
76993
39015
68641
9846
98565
13539
12665
10232
64031
77184
14292
95423
968
814
49760
52713
18304
16259
99438
67242
67334
19700
22846
94813
96549
82893
58416
23057
53146
97662
71910
10986
30742
2182
64875
62197
36382
77315
6563
39553
94276
36358
89902
38991
22391
92516
91119
78459
81686
53768
17604
39237
65746
52585
82584
96459
16275
90640
94543
69646
26339
41087
25770
22588
42314
75682
95594
3957
77260
93073
75412
61628
12662
52172
78807
30844
4562
82497
21296
14462
65476
96588
46811
51341
59753
71953
17506
45564
46073
86986
50420
88429
93102
97903
68153
62198
27914
91883
18759
41061
6067
76291
67874
59329
78362
53371
22353
67549
83640
88843
23135
98241
59228
37689
37260
90978
40978
50870
19183
34254
79843
51012
58856
82476
89413
63925
30081
77587
85627
79804
23942
93969
87907
99289
54804
93979
29343
34713
80706
31918
9658
92433
18800
34367
54539
16253
3883
32661
49383
58460
74558
80906
68213
7007
98530
32536
48703
8797
43091
77510
47173
47772
95742
5497
50098
57201
45055
10646
6326
26454
20818
90040
93494
44819
18808
79386
22095
5379
92926
515
8305
66072
93459
64201
13065
23052
34960
70968
9365
48715
17894
1626
9292
60078
84216
82428
32917
72918
10379
32927
87176
19965
18099
12455
88317
54878
67338
77509
89432
91191
38804
84346
51334
43058
24651
72048
27170
95424
43812
97976
21317
69647
12404
71123
58980
7693
33381
63254
71582
63403
71899
6768
69227
36829
60061
45254
91484
65452
16185
43857
13811
82693
96313
81174
43060
56569
43089
56559
29602
94872
64686
99895
55306
50849
7640
99410
61334
55311
20344
81189
38506
43415
9777
84575
30057
88513
54334
49698
95493
78920
78725
35733
45702
37496
13309
78886
39899
72830
35349
5832
49082
9779
47433
47059
18595
93701
61270
75637
34674
88545
44414
56636
84575
21550
6284
22497
50899
18698
25810
79617
99441
59004
99486
55895
79586
32799
11015
72570
18329
13436
95890
73484
95342
19981
16201
88072
12547
67377
77241
53061
22072
82853
45788
97013
46477
65177
41487
99266
2715
74197
57172
50743
47575
27370
19058
27887
41013
20549
72139
1417
48521
52400
22087
97674
43867
8108
45796
65963
83146
56485
80492
18143
42384
69013
59062
21229
18226
61737
65309
32037
75752
61826
93613
10966
65153
35577
63753
13345
97103
25651
20983
58837
95137
21494
62491
57
17036
77855
19407
27668
37350
60539
6079
86208
5486
50569
112
92469
10612
39226
90715
77279
54481
67359
36291
78102
67708
74757
84026
77188
17022
82721
31694
28730
59884
27596
65141
890
63317
20908
66713
70258
37636
65368
98588
80515
47180
27089
72105
82526
49577
43580
3286
76829
82370
55202
61925
5489
15766
52558
32339
69613
38401
93310
98862
4646
1111
74839
81939
6957
25336
70389
56871
69250
65860
51170
95227
81843
87932
4013
22386
82354
81253
70605
66159
59460
66820
45268
55123
9765
37255
27445
21382
89240
36025
92557
32152
21671
46946
3237
28825
24983
66113
53840
80084
57515
5365
75709
21637
6179
63159
10915
36840
19803
57127
16991
44026
87145
87853
2214
22808
9756
58122
40051
59797
68511
76853
66852
8895
37299
67066
45699
92340
35426
43096
48355
51069
76542
36501
11974
81091
88951
82182
24872
91222
34785
47979
17497
31674
69330
59228
41775
36256
5001
17772
11257
48578
80986
99013
38217
71438
58381
63030
30617
52247
590
77997
20995
67483
27854
305
60994
93904
13468
10857
25506
44927
86209
23190
69040
91031
61671
62315
72307
12341
66058
88970
37226
93029
82488
86380
68319
25786
81399
22630
22283
64120
46758
44632
63716
88723
89860
87480
18583
16457
57789
36875
10718
50665
35625
54814
49544
77066
51477
57332
31944
95187
87799
7220
46729
62593
39104
62547
6573
80329
41874
37653
81996
40081
96648
5569
25213
10604
50489
76786
71291
28780
53693
2161
52191
33369
85819
31541
42395
54969
76939
74807
37045
42784
85706
83735
52765
95750
34839
22719
14557
68771
85876
84817
23401
62612
63929
16830
20782
70861
13220
76231
42120
91691
7491
78477
66360
11019
88181
93264
16965
96962
99551
22127
39745
67533
20833
57778
21618
82064
11796
37952
22072
41042
42001
96404
12283
50845
99468
99128
17155
30023
98335
37891
95114
2110
18387
9539
46867
99339
62370
84737
45669
59265
15431
35055
84770
37334
6764
16636
84286
63660
85461
32090
93929
11541
45095
16778
44672
17912
51324
27774
98623
2961
47838
68071
63594
49792
93960
10347
37770
50349
48932
72254
51953
65310
90812
20890
80852
50136
68715
43516
9917
68077
40141
25823
67339
6031
66592
36969
2015
45856
40060
99162
11517
7952
7964
71440
17897
45772
23765
21743
36480
79664
25358
57954
83555
16898
43971
71246
29160
68977
3096
37176
98391
82828
47537
69181
92312
560
72195
85853
3456
45130
36268
49217
58917
31634
30289
85116
66606
5290
8444
86239
85641
88181
30820
55235
87255
2077
5995
87371
58393
8082
30748
27970
80745
64783
41953
88092
17697
17439
69122
20876
90878
6634
56298
51924
33661
61141
31501
78789
25319
11092
51886
87960
83345
25650
64637
42817
7435
75405
89297
17090
12701
15657
8758
12611
91669
45427
81928
40450
9580
3162
2977
27914
79195
87423
24227
41084
72196
47506
29176
94043
73700
48994
99006
31095
68466
53412
29300
36222
93010
54627
55807
56401
31098
25750
39984
62731
23506
50262
85393
66842
75128
7911
14590
94018
42529
86229
73942
40838
4587
23807
29186
75824
30977
35409
43564
6359
46172
9211
84400
24829
61536
53781
67135
90103
18694
7485
49497
47133
76270
33280
38143
79794
64738
32232
54319
39735
26883
8475
32938
74791
63736
92495
92448
35699
76579
54198
89489
83312
6853
17755
15634
85901
53266
94130
64126
57160
45216
30791
63954
67444
74030
52894
71253
84841
2564
59406
14870
52059
8450
21174
15584
40550
75900
11770
51722
4542
33165
99194
63686
96901
62430
23109
45932
90671
33452
33214
43052
73456
55995
6397
52997
83263
1100
41039
24705
67320
56378
79596
66261
50313
80504
4828
43348
1985
40403
12095
51345
66993
43720
26671
21923
62127
49777
20492
20540
80561
72581
39593
11710
24089
39630
85489
42799
23963
17054
74658
86509
89794
43102
85475
98100
84859
38371
47957
88368
67056
47492
41265
81017
36415
90165
96739
51826
79453
23122
98629
8747
70848
52002
85115
45363
39517
83996
2245
90399
7314
97929
94857
97534
81391
62042
83713
63858
45942
80613
11700
54259
268
57660
1082
66817
63330
31655
16360
76269
53827
47867
26360
19570
62640
49620
73126
27282
40274
46842
61138
65585
83310
79768
20658
69119
34458
96995
5790
94523
52691
82907
18461
95466
95724
45967
5449
71595
20446
59848
73963
81135
22020
960
89664
20699
17586
40386
98229
84069
16358
58187
15967
14673
54920
26930
92477
32887
34865
1634
22681
79587
67395
47596
20132
22500
31919
58600
66491
99580
68695
92775
74931
85518
60908
14384
96926
77141
20450
68414
41526
87337
43988
64182
38255
88624
34945
99760
46364
12311
67600
46843
82090
80344
64727
36180
27860
72628
5185
77502
81683
16016
79270
65528
17449
82951
90284
47123
87479
16092
98816
83321
88824
58135
14892
58584
10349
26851
51016
1739
2459
19255
23035
18653
24615
77429
5770
35505
66082
7246
89120
13384
73121
37359
42623
5120
44313
1504
47882
79447
96306
569
98174
74515
98586
961
68179
99459
76448
10449
52216
67880
28733
85025
31720
57710
24610
95037
31231
26101
45063
25205
64053
89901
71767
76888
99608
76815
62083
65332
95739
33084
70074
55337
32542
46061
61468
67833
98637
97442
69460
89973
55921
6375
8216
29656
46161
26044
51991
85741
22901
44551
46218
28657
47047
6000
58722
19019
18542
78086
34699
55409
13972
97724
37616
6084
2997
78099
1550
58700
31942
3683
92834
7464
22358
44837
19861
10807
62167
93139
57349
17631
84241
47090
82035
74950
41276
71819
1232
26453
69006
40417
78225
89993
86168
2462
37433
5159
55914
20434
5081
16036
66350
99243
63847
80174
40077
4058
78782
96295
76883
18204
42512
7045
33944
37138
93281
42561
11688
84040
58475
92922
61994
35947
22472
45446
17226
69640
47035
2267
3302
57409
44325
44218
54678
8315
71290
3185
86291
62470
47011
99166
90502
67379
64514
18299
84857
16027
86784
75727
74909
38795
73902
2968
27762
17769
9644
31948
33947
67542
6251
12967
85325
80852
53850
8409
87038
60817
52308
44963
49829
56368
77866
47339
87217
8551
8165
18049
37540
43796
24440
195
81229
74597
17549
66035
10008
82332
11735
78142
36300
56327
16736
809
78875
19996
82759
70854
10502
7216
31088
46841
48885
20848
12449
56815
22968
24864
36296
72997
77258
97366
68009
49919
99398
99081
76231
10330
19372
96812
58212
29
7192
36198
42574
97451
14086
49022
1124
45832
70018
91887
43559
41950
65294
81602
7819
31119
94993
89606
85285
22207
87830
17184
41690
19765
84
86084
96985
79070
38100
36838
72985
19961
72563
26162
13772
77483
1701
34507
50372
30611
71888
65843
35575
30571
96282
43841
80672
8746
21566
50671
19249
69303
5403
67278
14366
89185
88513
2847
1784
61486
69031
660
85030
91344
78096
8197
369
72273
73524
37282
55710
93422
99274
36990
3247
66586
67633
99396
98177
51319
63078
30485
98226
82697
16557
86984
8198
9506
67765
36124
57735
98798
63091
33979
81229
85255
6242
14758
94052
41135
84929
29890
85377
20436
66694
54219
11051
27057
72771
43160
37789
56568
24512
48816
30276
54405
32616
47694
17386
79172
64542
27254
61063
29589
15841
14386
77783
27286
69984
45101
25100
20332
28488
71789
96912
74279
58033
35624
18811
75008
11939
92823
85892
72563
4296
41594
30938
98807
9521
15174
56976
67039
79890
91294
68558
61162
23312
15086
63990
89527
20836
21088
97446
96465
29020
36037
98963
56209
64315
53793
53445
68607
61019
48901
23796
93962
15013
59613
49117
36413
74864
68968
74936
30450
64822
1625
623
40988
54386
53827
64992
17056
81012
23878
80650
98506
99875
30941
18507
57566
60055
46883
53448
88973
8411
2526
10525
82901
515
49486
57565
42805
21282
12663
32592
20652
16791
408
12398
16372
41147
21657
18762
42274
30878
54708
73367
57290
44905
29138
92447
25200
82752
60109
51440
38663
14289
27714
76317
18840
52704
35705
65166
47939
1797
57824
6783
13284
21427
44733
84532
42470
33655
12237
64973
10425
12031
2561
47130
84219
16209
33726
30411
35562
63151
6073
42182
20705
95601
7817
13312
92412
65002
23111
17918
46873
73058
98905
78966
5122
96376
92543
46353
2745
42122
13601
58680
47032
49519
39732
3587
65168
21081
51593
69022
16193
38348
95217
56276
73990
13324
17826
85055
23977
74026
85710
22602
76906
68860
48300
46679
5905
79456
58258
8527
37853
55775
92234
67812
97324
82527
99721
90778
45005
99193
56342
90890
71272
47936
9211
72863
56312
211
24932
4950
92461
97275
28721
18938
66055
4181
46438
38177
68117
47749
13736
82211
3896
72455
80469
45110
25985
99424
65120
4913
2794
91778
322
99432
51892
29415
92120
88579
77052
28900
68164
84918
66199
44550
8508
86313
26437
18244
56602
31909
25892
67501
19532
82203
34062
93548
71863
20515
67336
6616
97554
20688
21343
50462
79604
71252
80541
97771
64655
43218
53680
80868
36237
55843
93922
38749
82669
61605
53848
89177
82119
73992
12175
36372
16238
51500
13720
44696
2984
59156
15563
60334
40349
72418
79597
2746
51286
50947
94532
88052
46040
77095
9826
89680
47786
71214
48826
96022
74049
51727
98126
31512
74251
84440
7755
94417
86332
12489
33398
72971
87146
50466
43922
53993
77891
81882
27125
83390
94410
2355
54408
89892
21132
52171
77936
14120
4409
79078
66093
17780
89451
11111
27668
33146
59742
40393
48465
52333
42825
23656
57168
21608
57131
75425
29331
41689
41097
18192
87908
35249
58269
13619
5719
35328
68651
4372
55638
90773
21910
23185
33560
77549
6942
28460
188
11392
77480
25251
36325
15689
57828
64945
1159
83432
55073
89556
66184
91270
12745
99690
22128
72324
7072
37027
92741
39761
45150
13381
67898
21832
73179
86499
74064
49254
8960
47583
80946
76013
20388
66908
5573
70993
89549
19523
26971
24816
25596
49478
87451
41639
22045
31042
53703
80759
52215
23806
93825
70250
37604
52016
18350
39133
37482
59652
28123
6441
53341
64594
54107
14784
42731
58963
20502
27756
26313
17827
24352
38145
93067
43384
52229
61696
71500
55219
13527
29033
65236
76831
20282
93438
33012
79977
8414
56738
4562
16060
54959
15886
63098
47916
86517
4339
21173
15613
91892
65354
13168
44658
1679
77617
53497
91413
1726
36041
48135
34556
88667
99163
41256
51956
12165
84950
80175
96260
89860
12496
99992
6527
74776
72576
40283
61167
55439
45938
30198
79644
70900
83946
56028
4076
58252
66441
9188
67190
65791
84072
70078
42742
62111
63050
43294
98013
45252
9604
3621
5181
75291
83167
31624
54525
41457
63084
186
85727
85911
63996
76926
43565
15727
29458
96672
37985
21686
60932
61942
93212
21932
24114
79124
55296
64073
99226
98682
75942
3671
63332
61269
85318
25619
77555
8481
14327
24403
49671
68965
99749
4004
68361
32020
7148
56688
14951
35564
21648
59137
95873
11850
92146
82266
56485
78343
13191
94178
45684
29039
62517
83957
60703
18310
79298
91418
62141
72672
17410
29969
9164
13953
6682
89777
61095
25146
28
72527
59838
56087
70861
41443
72050
33269
13955
71433
17111
29402
72191
23237
55111
78151
21083
90621
72391
63016
22527
43161
93191
66908
75471
64318
13327
8872
72640
19545
1699
92874
86023
79418
84191
44489
47832
64143
81711
63012
30652
43870
26543
2951
24931
48495
68657
19574
60036
97140
84083
17957
84026
55156
61272
83226
45571
45234
41166
86958
17723
85530
17365
44498
10006
88855
73952
91476
35156
90856
55431
90536
80043
35448
54469
59572
16026
26254
98541
12570
32692
97883
98139
61529
1374
23153
33924
79653
43091
25797
89089
49192
71278
81371
15918
71133
68510
19521
73955
96196
31813
53281
25087
17750
76429
56804
98535
4117
14622
42869
5424
27908
24635
3787
46126
50051
90557
56182
47533
22778
68427
35628
57214
20776
80543
88017
8518
26724
20780
23464
98342
77101
40748
50591
805
57155
55751
11177
85241
28733
82485
3457
48054
2170
82590
17459
7407
62384
4030
53244
16457
52464
10211
48304
43666
81409
26483
97344
8660
90707
30205
27922
36220
36844
23515
94220
75584
77219
9410
32823
71160
41039
7535
41134
86601
69195
83327
90220
31025
17380
90142
98300
88106
84880
57832
53135
68890
33018
74051
76518
74832
40282
93585
88907
42360
27544
20682
26988
40877
96270
4425
49104
18423
58043
29900
357
94138
83167
46499
42816
69099
72725
34534
25923
3235
46707
91193
328
79419
905
48932
21388
96267
22851
2940
25415
89691
56042
14296
49868
35101
99742
29257
13035
83461
222
83678
64472
44883
83778
2956
15197
41608
59797
55395
36149
56608
97541
23615
53022
72875
22323
18326
75781
68083
43367
12411
61742
48239
17694
96441
68209
90248
58294
24441
71918
45500
16884
58943
47072
76685
48038
72858
50883
2235
77286
75566
5881
2159
63741
45056
14936
38178
9849
20444
76483
56640
52915
71173
86723
87799
76982
26581
63872
16890
96768
70368
74074
35847
21730
41776
31334
53996
32788
89850
46618
35219
85134
56265
21777
87320
35666
63310
79094
94607
79057
95716
97062
58741
17055
56643
46653
95809
18830
48467
82344
13605
6344
97187
73315
1632
71146
84875
7807
26146
77630
71500
71243
77070
30624
37600
91793
21296
55121
57841
46904
61845
95099
20889
51163
46662
40999
88193
5387
51878
88789
49775
8676
85403
41281
2687
23924
14523
64005
53664
67674
64158
56185
34925
43355
99067
24986
99063
13351
57682
99848
13078
82923
96508
857
3002
44056
85907
87922
47296
7999
79788
88030
603
5047
57201
88856
20404
15378
31771
95673
38103
2849
45304
11238
41410
57932
98383
7801
13824
86624
65805
38791
46692
23943
13709
17944
91022
36352
21815
83151
22189
62419
48313
52915
29250
27545
2645
68084
12196
75618
29928
88581
97558
74353
65099
15038
1100
6498
84600
26953
53732
38938
69680
98151
81383
78097
7851
73089
79287
42523
25821
31434
16252
73625
2475
86076
5857
66704
11142
69033
57238
20583
23794
65316
42199
45645
32529
16929
69784
37688
12765
56199
21776
61066
20852
20281
5890
16081
31800
56872
51870
33642
92267
11104
31268
40166
31219
78912
14631
46576
67361
63426
30494
3017
918
13601
68098
27822
30434
10524
79703
11674
86747
67544
41910
6878
14542
46584
991
62729
79192
38480
52829
29468
76514
50037
56782
50327
60444
63215
82836
83735
19020
40983
71087
69497
87774
82435
81764
5298
58898
25961
31073
59823
1718
22730
29399
13724
27622
4590
33384
997
82666
91950
38076
67584
73497
85476
34831
2501
12902
40569
74672
84223
46869
66354
68137
26440
14317
90761
67083
55352
34704
66493
33135
89435
20556
3665
78034
87329
95577
14441
72548
53638
88222
7293
30042
22517
85156
59681
23610
54126
69335
63368
82108
11780
57868
91804
55021
11644
68542
51670
10728
92698
71885
48951
54736
78984
28903
1243
14135
86717
97682
58891
28363
28270
5280
43705
99660
13098
31901
40144
76255
88513
18996
29786
7298
49236
20398
18504
36747
63615
81519
804
35222
63795
83763
79204
32315
86898
53190
76121
40348
87607
49172
35670
9895
91744
33944
66380
11821
30778
12153
62220
50105
11577
57692
4559
56759
38509
4784
87897
97910
27280
51869
38869
17678
76708
11548
21755
46670
61400
25140
43242
39350
62518
64493
48928
72120
56552
74419
83837
52159
17667
7843
19988
81422
82504
96538
49658
81981
1759
73168
12444
46881
13082
66688
24417
40311
99401
61321
35989
47871
81835
88843
1882
97653
75838
25338
26783
26707
97258
6465
78624
57838
22695
97286
97908
1673
26700
55830
81779
68668
62514
29406
40029
68871
37329
15044
60313
80007
40912
22381
59949
48315
2475
27476
80202
93896
56300
76431
51886
47722
80099
77272
61752
84120
90270
92144
37130
70140
42428
58572
94706
10086
51723
50772
52240
41924
90617
57323
28908
30427
16226
58259
24052
18173
49103
36957
22590
725
5246
16645
65488
81395
45751
17434
41164
4311
35180
5058
53309
11403
22166
29777
53254
24794
25995
9819
40831
21347
63556
38304
29420
37801
79813
59306
87854
73892
90245
84957
14863
30204
91226
50025
32920
73422
96918
97944
45977
48803
37628
72765
82193
35921
61602
13021
63595
31800
87732
64289
33710
84289
85820
5150
15973
55802
97395
78154
10915
97515
33038
44517
25385
91037
81161
8740
24868
8208
75967
85809
41798
92550
66472
20861
6950
6762
65643
90942
8462
22375
93472
73334
13689
19484
33609
54070
56955
48102
63166
43776
3686
1884
3724
6351
91214
24535
66761
73296
782
79421
82481
54474
81222
84883
56458
56613
52977
26750
52922
7797
19337
45685
68834
92818
18013
73094
99366
56737
61054
47055
83415
75767
82905
69370
71474
28394
66290
85642
4806
89097
94101
12926
16200
6912
40669
82803
70299
87114
37472
20500
56625
36817
33525
84394
60688
43186
66207
77970
6073
6820
95219
16283
27728
53368
70994
13672
76651
68172
52431
7353
52733
14754
7233
89822
39649
76568
94652
88852
84124
47048
40059
41970
53876
84496
31367
49802
82913
3092
5898
88877
50099
33152
50894
6032
28494
53490
80783
75123
18970
66853
51037
1550
25909
36454
47492
70673
90986
95410
83673
75380
77109
9506
75728
1955
45449
36865
8831
19072
14723
5096
72156
61313
3475
85307
88565
21277
5960
55405
76536
50758
41516
12528
55883
34897
13704
11322
22196
61206
36680
52802
34928
45796
24229
87204
55565
9415
8052
6631
82460
82817
82758
63823
85400
25174
40921
68357
62745
91177
78064
43241
86165
95652
69637
62567
55590
62000
506
78006
7382
76440
10177
53561
60916
56106
69577
69361
31799
36784
13603
77491
62024
81117
37507
22865
65015
28197
97424
65962
2457
8742
98888
95987
8013
36886
54718
52258
67514
47332
8790
26814
95693
98267
18101
1781
60658
91786
81238
78186
51642
1495
12289
18635
46728
26428
5511
94292
8273
497
58482
80161
99477
59682
8865
76939
93246
6752
19707
69204
67541
1015
82806
85465
90603
57495
79748
50845
99387
87902
72490
89254
10264
98055
59342
45361
14817
5029
23051
62234
29351
14400
30899
93706
3584
48745
70714
50910
57203
79044
66123
56032
59000
67279
74082
75563
58677
73335
40255
15769
28994
93568
7490
82967
4006
23871
51025
81794
53337
790
60435
84759
3973
35131
59475
70440
20077
4180
64624
21002
88412
62646
84414
51907
17222
27402
95840
84203
7559
35137
31297
59991
84661
91315
15684
8105
76784
75727
14623
65233
94981
34017
45060
70374
58107
26798
62620
48307
21619
99777
34425
69497
99495
87760
16353
9858
58475
23741
41279
55031
638
33436
87651
75044
89581
47351
24618
92991
56293
89424
10819
48279
16709
65728
86906
39050
21279
80350
48033
32988
10153
90825
76875
10738
42795
49777
26094
6949
81133
82954
36820
20540
66220
80176
18900
67722
16025
5342
67297
36013
3538
62088
5441
55269
94802
86722
63419
91711
62724
40996
45326
32153
59376
77685
1952
1211
37904
37354
91151
49203
27945
81808
54254
52129
14477
66319
25606
15831
55193
44501
65914
70853
6535
2978
73608
1503
947
38010
90823
38838
96659
56302
34087
2177
87102
99155
63046
42794
2316
6900
70565
45453
19725
85420
52684
472
16187
37923
62721
97689
29664
54041
93819
26752
93041
95428
25570
90748
67673
96161
57906
36097
36936
93344
25968
26447
81636
19556
61704
99783
87217
75187
16527
78154
75339
18862
77937
69349
7249
41488
70166
38708
17562
84502
44311
41861
71132
95978
66407
50331
4344
88516
75513
1983
29377
27883
27031
27755
49452
58116
56199
58500
64691
55132
15532
72254
91109
60539
87775
58773
62366
12191
69809
47238
74542
14969
79803
61949
34149
19766
67576
80286
95363
65875
702
77433
17940
12965
97953
99247
54256
87442
28352
10564
46928
9568
93738
98666
35696
21719
69578
64987
28045
49818
25117
29902
88460
71530
12729
56282
28111
78138
38269
6841
12
48995
250
86274
41672
95786
51420
58419
4008
76949
72295
52890
5496
31877
97724
98060
67781
53910
66556
7895
62610
66596
69497
64541
28351
3321
32531
10883
98077
6384
36241
43078
44393
11667
78081
53404
16699
22963
11434
88778
79411
19264
38965
31968
53495
12612
98611
19269
38556
60835
67235
41952
58833
47340
65450
62672
27462
77346
12953
62941
9463
24007
71677
34572
35067
64946
90503
77698
62323
27354
78555
14690
99190
36517
51922
85098
99310
17256
68069
98394
84095
21366
9405
37597
60859
71846
1361
79204
84301
69635
99466
67862
30949
2518
15071
32738
85546
57529
5153
91574
73491
67884
1968
63080
99904
27712
51867
48820
40530
48865
90579
56196
75478
43586
90520
51267
42620
89078
60263
24235
42838
95263
94648
76490
84079
4803
69859
24480
19579
16265
32030
69028
70786
2330
48645
62120
39047
73369
188
88683
72343
20929
66355
84012
39262
79468
48452
23925
36768
65586
66630
77283
9568
43238
79968
78564
20077
29036
88977
71320
85420
29184
69334
69299
53782
33368
96672
76441
77198
94865
14808
91623
77068
59717
5532
22796
57379
85210
81959
38144
33571
17744
62992
65031
76546
82562
18075
29343
39736
40288
29970
18491
98964
99227
94298
25120
694
15551
92658
22938
20682
83500
5876
36042
47818
55897
71426
42257
68270
20778
82898
45238
79642
52265
56200
71295
46558
30887
55085
84524
73211
2945
87721
21878
77177
49490
4005
33149
48299
11398
36460
12814
2891
62120
30854
35052
24159
59732
76217
27427
26756
61902
80888
24390
81784
8922
87391
99126
43870
31947
26261
22732
12706
5398
56038
29159
50921
56050
98570
41003
36389
32248
51412
38891
11861
37641
445
53151
20950
78867
94829
17365
46125
65075
16557
21759
43393
24034
68365
77815
69281
91206
28386
80653
24239
25336
87964
29730
23731
16111
91576
76169
98651
10750
89755
83217
69635
93000
25510
49937
43061
56272
92711
40001
88379
49113
16291
70743
42286
82749
87925
73201
64168
9061
96436
43472
40372
9423
13864
93072
58261
49314
65846
29470
45147
19260
84641
64555
8989
49222
84313
33342
27670
71617
61549
62404
70435
72049
99082
83206
69897
85258
43683
74863
92487
29905
22406
31310
16077
86937
41451
42699
20994
33903
91298
6876
60606
12691
60196
43367
78523
95683
45112
81208
41122
50876
65368
22337
38426
43773
7630
38312
11743
25051
59988
29941
74242
66103
78061
93057
67626
68046
17795
46037
8156
84691
1896
68293
88987
13130
79027
23649
95525
32895
62741
1211
99519
42049
7568
53738
63574
94841
68211
10805
27426
37275
13283
71277
41850
45057
7160
15092
21360
64474
75504
99256
65396
8138
63770
83573
20863
15750
42785
7482
80445
79737
5273
61634
82383
82357
53502
51573
29302
28634
76141
1247
43404
9208
55944
94783
6871
57717
5635
89964
22198
65114
30651
49067
76241
80716
68334
50427
25391
47553
25307
70726
87690
50579
9146
66761
75478
28055
3205
96205
613
79937
71493
27363
30316
93618
98479
85563
23363
56881
95440
19958
16048
45256
68621
28684
72010
88630
79748
87730
69964
98705
1511
35961
85531
47518
63262
76438
27938
84194
24282
87353
58217
17434
77792
87610
86333
10886
38639
73244
40448
31867
88151
70636
3382
80018
16756
34673
24842
9451
40695
21893
15178
60413
61780
20612
49415
78911
21787
3714
9849
87057
68772
9310
25890
18517
90550
50
160
83498
74200
11340
71234
37191
51035
2003
10723
42715
8852
24059
60099
54206
94873
77701
44997
98882
40493
48301
47636
80861
83458
29498
50910
85483
5342
75870
58207
81066
1568
21966
42335
58444
8496
47780
99150
62987
30826
99495
90247
94987
77919
64391
88134
5235
44750
52763
5925
45246
41502
89472
23129
90445
66750
33604
20138
19540
60918
89040
51965
32574
30930
75387
73354
51611
84858
84474
55940
64099
33941
78770
20106
66951
13989
28533
56045
77225
39069
67634
1251
25023
94077
47423
26271
57573
52490
88914
21949
53508
74311
69215
63968
92385
31838
45926
80616
75296
80390
33834
82731
7402
70193
36448
27654
32340
88574
20560
73673
12791
7471
61731
98605
25379
42421
43105
51018
33179
93956
92521
78940
96984
1445
94643
60886
26060
75885
92508
82557
98642
43331
42199
24453
24045
28728
70956
51969
1328
52577
12499
72347
45463
49644
69968
49653
54256
47496
60198
30238
4429
32138
75000
8083
76655
6791
5898
95680
70257
6199
66566
21959
44398
89448
54201
70553
42975
83279
96815
9407
27103
2646
54417
71042
8963
74032
8233
41097
34608
84348
99752
507
95326
50463
95400
21618
60798
24288
93791
95923
93753
29571
14994
96144
91629
76305
19765
87148
7077
55592
74140
60256
93172
46867
55135
53755
9575
15691
90583
60368
54070
19462
25771
9791
14513
45715
39016
95660
8381
28598
91615
71647
16263
94200
85883
97013
40578
93912
6213
95705
72351
51400
41770
33701
78756
41775
23453
9951
93577
70981
74001
87548
56392
3235
94477
4751
11559
40569
77423
63384
77198
42222
9673
85935
99095
50297
62887
41688
49117
81547
99001
48264
91284
4434
69099
17211
77319
6790
26145
73012
80591
33707
42613
77735
86426
5967
30581
21054
3303
46356
62013
78523
21147
99642
49146
11703
28370
47309
46908
78273
3080
12289
13262
45033
27509
55636
37371
52779
84876
91320
77108
77497
60972
43548
82852
65220
75522
67447
14885
20148
51932
6293
53054
78225
7420
44433
77593
96276
33905
97749
64895
75157
84289
13526
23014
53080
67826
90830
35721
74751
48357
3416
18071
44099
97521
36352
21522
65258
21896
59319
61336
57692
94182
37744
30426
72187
20419
74231
11822
42849
70358
14939
19319
24716
26815
72400
22763
18021
84380
49116
84849
1003
33071
24923
15596
94080
2405
63302
27673
42894
31577
94370
3310
27368
89462
48515
52440
65950
66280
16547
12121
59973
52957
21345
73755
94781
60204
51809
83195
69684
5720
41025
81777
22681
85182
10697
53013
24110
27145
64845
89475
19731
7198
54416
48471
32626
29448
33148
47074
83555
32215
47109
49465
81751
25754
8294
93636
84158
18248
62789
76164
60828
55082
61136
10246
65934
9288
13250
67674
16265
18586
38502
23871
77736
50198
34786
82092
44351
21793
91448
67899
93905
64545
30712
27651
6178
59552
9213
27449
85638
5362
87026
7695
13639
25496
33193
33241
15656
51940
81896
14009
15009
79046
3461
41298
38154
19379
7616
94808
20237
20993
36596
24798
68250
58226
76742
35613
46988
56087
59412
43558
4750
78791
51265
35711
3118
39047
69221
24583
85451
61326
54015
29399
28354
11760
42532
66679
4363
96450
36968
32534
83088
3452
20400
2808
39625
27097
51355
45720
24127
10723
55546
39126
19849
41129
11653
8364
60024
46430
28460
37827
82946
47060
89152
80486
41239
78011
65206
62357
19130
96504
99220
5136
3488
94200
72653
89200
2814
51902
30263
72208
50374
40159
74654
1921
62884
91865
23984
27721
84948
21185
79779
31753
66776
51084
92066
68920
42646
99425
53148
81713
73843
27317
35304
1239
94012
24944
62372
45766
59527
93080
77013
36195
20919
3439
5779
30914
12316
2441
61662
51581
27518
94515
4283
91816
39015
98241
39724
86590
99144
40494
74281
82035
14366
58465
61010
15180
72877
8295
51535
24713
28583
19409
71471
10889
65033
36218
82126
275
48226
76516
49098
91485
43666
87734
2412
98627
80544
26329
45830
60789
31686
98814
77533
39509
34770
91308
53948
67105
45683
4332
18788
15422
35534
57254
78873
880
82995
7727
85376
56634
55407
29921
532
84540
8252
43264
24479
51321
33905
30994
94096
19370
90090
28516
88889
58407
62909
115
63826
61137
56808
77539
85657
60103
11327
82985
92091
26062
30205
97997
29573
14070
83607
24878
53704
825
30397
70538
67643
52327
3211
207
67019
75380
86366
86722
18678
83669
50244
34729
68578
31768
42341
76523
76309
82401
79420
15906
18671
66147
97393
76769
6647
3874
65467
50157
34119
4217
24149
68259
68245
37954
22594
44636
66519
50679
24753
80252
10110
99828
299
96179
17161
84511
23873
47891
38114
69443
30110
38698
15507
77271
27262
51781
87708
95732
49926
30225
43688
44843
55256
69815
93092
18161
81217
59949
40253
66479
7625
28685
2912
47850
15698
16708
10976
88571
42824
94920
99021
97432
38154
88604
43768
14150
50687
90521
29374
33299
4028
23776
72057
77640
19101
16068
46066
55408
98639
1181
53970
65151
11995
18379
64449
92675
51080
90419
17059
75488
93137
16889
91316
37619
67914
29082
35591
16384
10136
31754
50108
28080
25114
40773
28384
84925
70078
20278
66225
77169
31836
45280
98143
25715
23846
24551
70405
92479
38069
76759
75538
28961
12200
97316
30203
53245
32225
66110
91001
77610
84150
25153
10940
86864
88937
68266
95681
48103
55396
65288
42851
77172
24535
30845
95471
37435
31629
81714
27524
2450
55762
16526
70121
56379
72850
84953
36592
34493
602
7529
41484
20817
39286
77359
28024
75518
24202
86714
63651
15037
4649
97892
97757
19816
69472
35767
44881
53957
94297
10498
98210
53249
20077
42663
7518
14454
52346
98737
41254
28859
19139
50759
16475
97597
1668
36108
88063
38483
81225
47220
50232
99955
6886
33682
74643
7092
72309
6676
34715
69805
23758
41241
30570
195
95886
89460
36083
39855
80075
39542
14781
30683
45316
9709
38747
2512
48459
79556
80670
94138
34241
43561
42826
35327
36114
90551
16537
75346
35775
46549
72622
52430
35666
83203
39423
74029
99985
28804
29260
75189
25149
84201
34337
89775
16665
85525
11709
97478
13602
18444
33345
37112
26910
55091
6264
1779
2050
67475
91657
38894
42673
58706
83739
54898
89996
78167
57980
54851
14524
98616
11202
67839
61386
82961
11533
73350
22508
25112
20817
92938
66418
13334
70863
66312
86234
85754
43654
53422
88850
66422
62007
15610
9465
16194
13624
23656
94725
18581
44550
85258
53489
58541
27409
34735
21552
59213
19201
47870
6112
18354
23799
65377
68580
35688
42899
86999
53601
70866
45692
51848
33404
74094
78486
36463
38463
70427
7752
88869
65381
9350
79285
55597
1823
97204
36777
90252
50293
474
48764
36010
16130
1017
40159
6800
27655
62286
59225
80662
18150
19004
53304
45593
32244
66012
23217
96870
93845
23739
64164
83875
91677
70167
38628
80339
63222
30379
33281
99426
45395
92734
74544
3851
41680
47670
3335
55560
21181
89867
39667
67847
42149
40573
37289
42352
2783
89455
36600
60023
82396
56182
35574
96857
54589
35548
5226
25684
84067
3788
64594
27625
2216
74356
91644
52198
77666
85313
25370
13957
55451
65869
41720
55826
29424
32224
96486
59509
36187
37668
98146
76241
21310
75812
14133
74228
39783
86684
42953
22168
460
44236
14969
32533
56683
53133
39180
38076
89771
65409
70952
39989
89036
38470
40805
11255
90397
47336
83743
40156
81108
61747
38859
87631
43138
48787
67439
75883
75931
29345
31908
26590
2917
42374
73300
91948
60958
96663
20736
28047
25611
71751
14359
72481
66221
53583
26587
24481
54850
29701
2998
30665
41188
45005
80590
16796
48110
24264
6215
25925
74443
95299
96427
29617
33612
9301
77976
2180
88015
69633
79340
96922
45802
79149
55275
24330
4329
92133
21911
62956
41791
91834
23864
84925
21155
69829
48975
76477
837
32067
59664
30937
33799
2265
92172
55528
85251
1833
23831
93159
79454
19335
85065
43278
79614
98488
94474
17649
8877
13165
79885
4276
42273
35873
86065
51084
1912
53529
43830
79885
68510
22193
91253
76039
79410
95303
17642
27261
79901
50607
5331
93013
82853
29879
33875
88956
85498
74841
2986
66861
30948
5290
53489
61611
55512
34343
28809
24968
69137
1274
83755
3206
37104
8506
2144
45483
59263
66837
62415
85039
15820
30150
9184
18010
91437
13863
11466
56046
6895
56479
41952
29590
25412
14984
72351
92904
59228
40627
72675
1382
74160
33697
72894
34541
65151
51939
34690
89790
46918
83283
12691
46460
72261
20585
96988
69865
29560
65538
73883
9643
74847
31397
80256
67262
91766
26160
16787
90531
53478
16773
66641
45218
21803
76472
3071
86782
99115
7887
35525
23431
52704
87985
14914
70485
41354
63350
77625
71944
40308
30329
36794
86401
73285
76690
93872
26149
77981
27662
37878
97745
53302
94397
74329
81483
95891
40888
59816
62808
59680
2267
33257
15907
87244
60628
13566
19270
67546
98069
47063
25569
61434
25044
10418
80065
48203
51732
38387
49010
49981
54906
26829
12633
47297
50395
35379
38470
5080
8591
10552
39275
43889
52630
15733
57708
10254
91968
19062
41083
70924
51041
54206
3427
7226
59912
48224
22757
1679
65869
11803
72191
80692
4235
6610
96263
85222
21436
39517
861
39779
87864
60236
25992
12144
90404
48094
94671
42942
22989
82843
4462
97159
39493
78226
26420
50295
24452
13747
64618
57289
74615
58542
44898
85538
92659
7935
48438
11254
12054
11315
26013
94269
16798
58787
29400
99508
61982
61087
46701
17621
76374
68446
43410
35357
33052
93812
42819
53511
13324
46178
38829
62495
2100
1914
25089
40774
32414
99289
88039
79951
65505
2706
83420
85942
2737
26353
26783
99346
51822
67034
78910
5945
49024
56262
12194
61665
21036
42807
26684
37509
66013
63798
46916
2316
98006
42002
38779
81660
82530
61721
51208
66421
88969
35260
46644
60432
35786
86829
1946
97489
46477
88480
6395
8946
79142
19425
70141
72183
98504
24081
49362
99994
9403
92826
10557
65205
53704
90507
27926
83930
44768
61000
36656
70089
28223
73712
70370
44811
98905
16265
59348
46366
82723
8675
525
6420
72647
18601
2509
39140
97655
17463
9952
1923
48747
69593
78557
10232
5538
64998
77434
13515
50465
106
63460
83761
44287
15791
29435
50908
34211
71467
20013
53522
53007
37792
42920
10567
21452
98140
6127
70507
3785
41373
12475
65013
19978
28771
2179
42617
79802
19272
839
98748
70456
98930
67581
50561
50533
39830
5296
19754
3422
23528
47510
83879
21551
14592
86300
56141
9094
62642
80633
34704
35745
38415
69947
29665
63769
12686
40034
15982
62713
98782
16683
5780
78694
83441
2076
13398
81171
4652
75494
78508
9674
61693
38458
58157
12850
64323
71820
4500
39490
15466
25231
30342
6383
66666
35535
52956
49274
21408
68153
60017
96360
10528
71999
97544
14123
77805
45014
91499
20964
32481
41954
82305
93168
8373
69399
96017
74771
37183
12263
41614
28550
72569
34676
48501
89587
97367
57001
11243
43581
8082
80763
40756
8906
62573
97918
30801
15373
29490
24752
18865
41287
32307
43421
47488
73163
46457
55100
94368
28944
47695
72674
27652
63854
8329
43943
40430
44173
73218
7049
39551
24461
16142
95272
18411
68226
16419
99649
13204
57001
84485
23026
26317
47458
27261
78001
26580
28858
83118
56751
28388
88606
9478
96255
86896
24466
96340
81172
97867
15690
553
48564
79921
66678
20939
52980
29085
68385
25846
66346
80240
82890
412
36219
73240
68478
6460
91284
91528
76659
29881
86606
89727
35590
83775
78193
1722
12392
48032
68352
47876
79258
27521
48058
86472
4521
99366
73946
71002
79736
3384
51296
7253
24920
75169
97197
12056
56829
5247
96707
88346
26629
8333
91875
88107
67410
25242
68801
75205
70678
85836
95351
74660
14938
49228
31271
56909
44829
7867
56611
44506
1521
3929
34979
77565
20343
24931
35937
96180
99219
23913
50368
88521
2636
89476
73203
27870
70965
70414
87784
28090
24835
41295
85105
28193
7997
98566
28214
52967
28251
65410
33813
3057
62461
36794
8877
74108
31630
92606
76215
73176
86669
41239
97529
85759
80902
17571
45509
73181
59503
73921
34192
59321
90229
68612
74612
71437
29412
36247
61724
100
51220
98131
43629
73611
91890
34354
66446
93605
90229
8857
89788
63276
73630
28490
87819
24889
66269
93776
98079
77381
47075
42660
55502
60586
91628
21850
36912
49078
20419
77960
3880
89443
66973
57985
8342
98888
95999
1296
8701
17755
93984
73140
69392
16748
43317
45243
17359
76851
57290
75367
3190
57051
80334
43973
11948
91849
33812
20004
42889
64610
6072
13818
30623
25867
62676
2166
82151
29588
57719
57079
84752
28644
32656
53639
5570
47589
60409
7484
49388
13807
16803
9122
10549
10606
54851
31712
81782
22610
53604
33400
33135
55412
95580
60237
84802
62791
48066
2210
86849
83700
96741
73664
64859
28448
7884
19015
85928
76635
65685
92086
92808
89382
30509
18085
55574
22155
9532
48111
46769
34684
52767
87730
16746
54069
21803
58067
68539
59034
6930
5003
1790
26907
20927
72655
81733
3238
79139
20612
75617
89427
91522
78357
28789
25062
89215
66368
59962
83325
44712
78032
69672
87229
46820
18182
56258
56171
26694
65451
25401
1680
17145
18654
17599
78154
61912
4734
17441
81658
80764
95755
52420
58632
14108
69954
93577
32965
71835
81228
5899
35686
87256
59221
34725
72648
45753
56860
86934
65763
97320
57290
10931
48951
2702
28234
62841
92558
83426
78579
59520
96141
5266
58827
88405
45624
5865
54813
39252
28623
51800
62938
70819
37022
94621
42367
61428
20505
99363
17024
88858
60272
79754
59000
37044
42380
96606
71736
79083
75272
16430
21893
40668
9233
90626
4049
29907
95961
26614
74752
33718
21927
94928
99514
92496
92832
67901
86546
45994
6739
47230
67396
47634
28090
3695
46
83183
43419
77247
29696
81876
53759
67367
26027
77831
86701
15120
75604
20142
47244
27383
54199
93484
30706
77503
22427
20867
97851
11591
5571
72351
19285
96153
64228
87239
39653
76429
54574
49090
39293
52797
26309
49583
56539
2361
51849
16676
12103
41409
20385
46466
51860
9538
71315
49842
57093
40988
61598
53849
64920
78481
88877
76907
93185
53200
94446
97679
73010
69116
6554
43723
59350
18452
26338
49070
69084
97417
41848
99194
9936
66544
37394
86376
92529
77825
13092
99272
93633
38475
14096
34249
89892
72709
59221
9255
10874
34679
45324
52355
16443
56474
47169
32055
32882
18484
92066
66169
2613
47085
32751
42352
46384
67194
18826
35602
28632
38524
42749
56538
35991
91690
92707
32302
2491
35391
28945
67
99496
99665
62209
10104
68217
75517
42341
17143
79022
35298
63368
7016
31141
54586
23267
51955
93543
43535
8560
10753
76636
29139
5190
94440
97303
55253
70303
3180
93753
13698
79180
65162
72825
91647
78875
21185
51357
65324
55820
28291
57513
3041
32318
41499
49409
14460
73472
34175
87910
58605
29833
60524
94676
59565
93699
40799
85718
96062
21824
7914
38517
17501
8105
87006
48650
95338
75544
14155
7707
61157
29632
40498
69328
77653
39773
71171
59896
10061
10720
21061
1017
19199
37343
86372
35031
52999
21640
11371
53174
36418
6662
60467
31808
48124
21182
58176
24247
985
22761
52787
70450
25695
59684
7588
79596
52876
59032
12529
39245
94220
25817
45138
31061
54247
98238
72952
40515
80913
28501
60428
2205
40873
49704
50930
99239
89293
54279
11951
70186
19590
5165
96513
21013
39697
65631
75700
37971
21705
4892
6501
97203
66577
84370
91230
73276
17651
80842
88949
6339
78635
30452
74378
56014
72765
79224
38286
71815
21897
90021
30237
76046
32816
51258
89587
5152
87382
96079
29261
30234
23436
16015
70912
87384
25509
27028
17872
68907
23676
70681
24815
27499
89296
37365
33976
34583
57999
69025
59567
13857
11956
54425
29069
49415
5849
44528
80033
7979
77779
21298
71785
60410
65164
30959
90036
26107
91978
470
99591
90139
5228
99062
9991
27183
84401
85738
1288
65918
13433
45080
45614
20400
42319
41740
1758
45918
97586
11325
83269
22392
40818
97267
1373
15869
65432
11443
69241
68091
78023
31581
71075
37337
34381
63367
42633
8058
60844
57379
72846
70993
7197
19368
35180
13647
92076
13839
4336
41438
64497
69976
84937
77159
5261
69707
42308
57299
25190
11858
73644
14262
96588
71055
68749
58521
84763
75804
27030
23016
51046
9170
65805
34066
67703
61150
70310
61601
88115
24382
17747
518
6258
6705
63019
74
38379
96926
58868
7878
46729
71620
2131
10282
67593
69118
65977
65782
20254
86205
17230
44936
48608
29545
50021
11036
24370
90782
38614
1285
54366
12204
18606
41493
3998
65037
63736
23607
58143
5109
84337
92375
24199
77954
66219
98466
10432
52516
49923
72304
91532
80217
57216
58814
17644
70199
96881
53493
21922
7244
5270
25576
48320
30766
2818
73121
48119
52444
992
3575
12829
64359
41385
27579
4088
19619
28056
95614
39202
42841
75521
16662
84674
89576
54872
50432
61163
25991
35583
22048
86787
58657
74930
2871
52860
61944
12405
98682
39661
44816
21616
13171
5931
19480
74776
98428
5660
93495
3052
41704
57875
73406
27418
40697
71924
24870
13452
40069
31135
97147
83203
28074
74302
83671
89060
11282
35860
60090
96409
69570
3534
88663
18842
88381
53948
61251
25479
91248
74534
3209
49051
45957
66150
40594
76965
36765
62622
51236
89013
75927
49949
80716
87263
6076
35674
16658
76319
88666
31514
50623
98573
41736
49967
10082
2248
66450
97522
3745
80274
96176
51948
40642
59999
19577
18697
16792
3708
87517
24987
83784
43094
97172
88176
41879
3559
46589
353
31461
47006
46141
85379
24401
11608
31558
30588
44894
27667
5992
72533
40266
55546
6149
55126
74926
88283
45672
80590
35885
44320
87783
29292
90263
80419
95871
13210
25069
19501
22115
58849
34392
61552
38137
63364
12882
63570
82832
8132
80288
60763
98514
37296
16355
67542
89401
41691
89404
82757
60305
58688
46632
24666
77880
63883
96478
50556
56546
22685
82142
2113
60550
62810
4515
83411
64107
34485
86131
97019
39632
65282
50488
62081
18817
66794
41921
2210
28712
3907
41291
61473
81463
3878
25046
11884
53199
8344
58918
89130
19869
22740
68703
15675
3513
10318
48087
43801
27367
40667
80645
9586
42381
23425
11756
45752
90199
95201
70945
45404
17388
23105
28386
55602
29967
79435
49867
98418
12347
18700
30008
30892
13743
18422
62269
69999
30387
80763
65517
45764
56076
2784
10592
88668
15608
77226
30312
76009
14931
8141
15719
5315
80960
70093
24610
94342
96991
66923
62392
45441
59082
42720
14460
23501
19928
61066
10724
87444
56391
50915
9081
78199
54735
77815
89220
92771
14834
70894
63081
99500
15380
22958
90852
25081
14470
92217
2880
29814
78796
76972
22005
90883
54893
71171
86083
75121
47321
94874
80564
37879
69163
31720
40594
66640
81078
81057
35989
83376
49250
33029
64807
71775
66382
96525
28419
87161
24213
39958
26832
41626
59444
33453
34039
69950
72463
87082
35373
61935
70577
11038
86551
33881
33176
12565
15194
37899
70016
38850
79684
60347
10701
6093
26301
94460
54246
5380
41141
57823
49255
34864
89035
30007
13405
7855
10111
33882
28376
75315
90032
71861
17720
64015
28263
78804
13951
27437
1202
80992
34453
71186
42898
26532
1797
6670
73557
21733
12886
89421
13591
66011
5495
27655
26421
45600
4302
22513
77139
13876
45165
85762
73033
61331
5389
77140
24848
64665
18832
44493
19290
12281
38424
6955
69076
20005
19194
20113
95350
38956
93829
34779
55373
15578
85421
10381
14972
46565
54150
66262
44473
57974
25946
65143
31921
4573
66178
27737
17522
60435
20598
35826
61722
85709
30798
81838
16596
52975
19014
44103
53095
29204
79389
27008
42670
67890
50644
63533
71542
90510
92053
41030
26725
36182
43355
4485
57008
41068
75202
27174
11768
94848
60164
16170
57372
45565
55982
94989
65438
54103
33449
87244
20294
81813
70382
86507
93059
17516
45785
77559
2017
3495
20851
29634
93030
61932
14332
68842
76558
74679
13131
13564
14846
5665
11452
83188
46621
43339
20960
66401
53118
33825
49549
29507
49602
5515
86292
76476
14014
82661
22940
39597
79695
38341
93617
49970
33628
73942
94711
63508
24905
37384
81693
3589
81642
65055
74509
55812
99510
67030
9547
72122
41272
31619
85026
57282
67871
15694
67897
47562
64709
59806
46894
61206
56317
81280
72704
42753
15096
51537
3849
76659
25303
68416
34560
90912
20213
14158
20265
65770
25301
25339
52841
52685
23153
93026
57524
92493
86854
75966
61333
37249
57926
1236
83096
72237
56623
84871
97223
51690
8272
95792
76587
8623
81038
8805
65468
18598
90484
6607
12083
45215
68967
25333
19364
98813
94777
47886
14793
78112
48162
24213
13360
70173
85174
72057
60371
15181
75424
75141
44002
44359
39210
66577
11236
31832
59365
2085
2631
98859
37110
10839
79906
97221
27233
7812
95013
81678
14014
25739
94943
78263
80024
77377
562
18741
23011
45833
16440
74239
53891
99910
76248
60506
92746
74225
79737
54644
13550
1790
70357
62912
96952
98425
2011
70739
70627
83703
89938
37728
80322
50268
96717
67129
6926
41063
4277
51136
73436
73583
23105
51682
69156
91970
56104
25285
59885
78288
99008
49672
74444
64875
4096
49262
47964
36561
74962
22468
60702
40149
21849
2402
34533
88675
81760
28257
32877
30835
29270
33177
18506
68121
67447
57079
90191
51090
16706
61139
24025
71195
47970
90077
4999
1658
6057
30074
94712
84294
2705
82526
57936
22383
40472
64733
69488
84618
54544
85090
2298
35149
16820
27751
88544
95572
56196
9205
619
15824
48133
47512
22640
45041
54104
59960
19796
10094
77548
14844
81607
27561
56247
77187
65253
8926
75781
74609
44541
97142
73333
28180
83133
59748
94083
94803
14111
18401
76743
42936
26649
49986
7273
57725
41646
36586
91962
27722
62775
87827
62672
54112
24161
82595
73325
47340
24585
15972
35735
23265
5536
4487
69683
18875
36184
29880
9119
81233
86195
75450
17845
96827
5547
58098
6797
49021
20854
43821
82340
22020
44777
65649
69258
70363
40094
19030
91986
37124
69896
94216
67569
35283
40641
52374
95571
51487
39333
28865
81517
38852
13175
90699
22202
86402
38101
24701
30817
86839
22067
46734
71668
51736
21942
50554
70043
1754
4932
29876
70037
1791
33391
35697
44680
77025
27455
80694
37301
39090
38186
97221
87389
10084
22137
43722
40485
46830
55678
11862
22363
39292
597
64627
17966
12379
37958
40719
9203
29067
66752
87600
46095
60671
49492
45861
65227
24021
43842
77623
9346
70551
42689
55429
55644
65636
73479
11487
20688
19689
66583
56310
2450
67321
36567
5725
98880
10233
38786
60939
38823
1242
56867
77132
63782
5872
3055
53373
57946
45489
43028
29810
74264
83458
60842
23711
6624
35195
52740
87543
92177
32277
24087
70387
74355
59085
47815
60177
41821
72079
69835
66585
18579
13906
5531
89837
95236
22432
29106
37971
35251
84663
25627
41772
79188
94160
49812
88190
33600
19921
34690
94724
47960
56851
80057
80857
61202
85258
56761
10298
15598
74097
24730
3484
79972
53174
88885
72094
48472
29979
9824
68886
76115
15275
8183
88004
9390
39411
49004
10122
19939
52846
49532
43858
60483
62517
19175
35252
74700
47886
31759
63710
71638
39920
32773
96724
64874
14433
46456
64934
48000
11497
32605
31508
83698
18301
32082
37945
84619
8871
49392
50677
39873
73088
16429
27377
34293
46766
45130
66566
50594
30574
67816
763
86149
5269
4242
91101
42853
25980
54649
96785
44959
23462
18398
18429
50094
20131
67324
58706
66639
56396
29438
17408
37277
14863
14361
52030
58070
64095
15447
88108
50674
51920
31420
38637
94588
17273
81981
49480
65164
73166
48651
64835
86880
52316
73744
21679
44621
28068
1957
26632
40979
81823
13782
90737
93573
3699
83671
94941
41911
65177
54558
24532
81597
78909
55851
54111
8347
11993
76510
35971
82242
42783
65374
65078
53409
42005
60655
43572
40785
69508
79012
36136
66091
99812
55794
21863
46671
43829
50786
14600
24488
87166
19805
89287
69363
428
30372
94825
12630
72064
54540
58133
35591
7570
15860
26428
97123
86477
22392
70007
79604
36278
95
93411
70323
9573
70042
66791
21637
39603
19681
24075
18679
34600
11415
37557
60431
83531
31215
11541
64147
56543
57105
99230
48501
96181
48375
21166
31185
51059
83470
71361
99599
97300
56564
53470
31181
83338
77880
51531
69698
22986
72918
51257
21666
85587
42122
30939
66347
3230
48393
32844
91831
64259
61793
81495
84666
4107
55949
53805
43641
4361
74880
30834
29593
12205
31106
52547
17964
50319
7960
13259
48257
32607
22532
99822
86329
25111
75898
4004
39088
40306
13001
64826
30490
13328
52204
54148
49942
95512
40651
72208
57047
12424
82926
35919
4084
85916
18623
20082
22857
39980
86640
89416
46634
94934
18554
98266
62692
96783
97336
54897
67753
3972
17461
74339
43221
72716
4148
5570
92466
60438
6898
34791
53102
17299
76609
29031
763
48004
12437
78063
11153
60541
27727
50199
46829
46175
51729
43372
67696
2602
10817
36303
41112
46077
17460
33603
45015
47436
22143
80767
26519
49071
13085
46879
56633
80018
53888
36805
27710
89894
50205
23096
95366
62872
2914
88896
29907
53635
26465
37234
99997
16003
33237
27409
19631
31753
778
9950
64060
87571
37088
94602
72845
97401
5577
6545
45311
3468
41420
50686
28349
36253
72959
15788
67148
12586
45276
84073
67672
10371
74025
66865
17661
60688
15348
26773
71471
47774
38317
42359
68307
13524
2462
13232
78618
21669
97546
85560
14073
4642
76593
14324
26028
66166
50100
5704
94846
89790
19485
22935
80924
92103
25101
39674
82532
42968
99991
71455
69218
54483
72336
67907
85052
90489
16783
63232
55421
19886
95960
65191
17198
51971
31024
64673
99967
75716
74681
74351
55217
86548
13607
45527
90999
2815
97971
9235
91172
58059
7447
34556
55768
27253
80051
62427
16939
62585
21342
17073
2347
56356
22520
21384
71203
84300
41289
97094
73766
81600
8770
64431
17155
49670
21085
40057
89650
83472
18651
83299
74327
54673
15286
53064
8936
93905
92760
46339
72256
23486
3764
7668
30780
97145
57407
36818
772
32698
75819
20955
81248
83452
195
83029
9471
3072
130
53291
14109
29650
28994
12973
77462
23965
15774
20415
45533
64233
18082
24137
35436
45517
87198
85259
98585
50564
13869
73197
62611
38831
47859
9474
66458
39470
37870
43657
46997
49635
10524
93527
72449
15377
16439
58389
31579
38583
50998
82717
87171
87937
69927
21274
89449
11498
63063
44927
21332
71602
52999
65979
69756
82865
19267
95471
30351
21888
48962
96914
57470
5830
426
15456
25449
8878
97691
13640
45314
54354
73399
69925
21228
48910
49266
99585
11663
79547
21521
3994
43416
63615
513
18790
51849
15947
45916
17687
18023
21206
5068
24011
84656
61786
83865
35925
27168
78212
56350
5811
4234
88220
52142
48306
41076
86089
41800
52837
55777
52818
37937
80772
88106
81377
1959
3501
35165
46733
574
28233
66190
90718
8884
53198
18944
17128
65896
6660
32105
17691
41326
93911
72317
20586
78399
24613
61395
11253
53460
78634
23520
68678
79167
79559
85086
95156
29898
50798
64808
66209
57842
39434
71361
79125
52674
42922
9941
25546
18543
14393
18960
95913
78587
74377
15539
54873
46573
52451
60173
45693
35753
60099
30747
46062
5571
17135
64840
32973
86143
9005
35346
37700
70936
76342
52467
27716
82862
79787
89158
37522
55372
23385
82242
64402
48992
79404
50742
69793
76063
63505
28306
53256
68422
6017
74024
57053
56892
13766
61705
19111
83051
61537
82334
57502
14720
92284
10956
11151
43648
81297
90444
8318
91977
96398
89313
53787
47837
7075
68483
16094
67712
90686
74175
58834
95472
78232
41658
91622
84669
41099
45701
3923
27548
70087
7457
63312
76677
46847
48901
20802
47885
97710
37443
40907
77427
22055
1453
10497
90990
89532
22673
71756
24586
19707
11519
29519
69271
26884
17672
73596
10799
87853
29206
69840
96591
92062
68155
11492
56204
21793
8357
44083
6251
7370
89947
49518
51511
97198
59459
26670
94557
32610
54849
55482
99323
31098
14642
19121
25998
47262
63612
9007
70486
35057
52507
39040
22195
36817
12166
97071
10395
9870
80406
14957
1835
21685
10393
75420
74371
75392
99238
63066
67425
60778
40470
25554
79024
50206
47853
93152
92836
85261
89762
96845
68878
22336
91360
5256
63035
18887
34476
42608
85294
84530
70949
3275
91311
13516
66835
20903
25041
43769
56653
41204
42392
2671
78353
40999
1708
64568
66645
33298
11895
5208
52024
39320
50377
66507
79783
69699
28976
57057
12385
54114
10918
48044
98008
72817
59605
65169
99961
32405
26287
80773
45638
50909
54570
7754
53303
93939
63508
81109
40294
1703
32481
10087
28799
76180
41818
47845
67922
33397
68134
60790
17058
98914
61682
93352
77058
86860
81663
59763
283
75267
30561
89528
78008
79438
83156
84481
53509
28236
71859
93576
99031
23129
32648
40526
40519
64880
19767
3103
15018
77531
10397
12503
200
63611
18780
21245
45672
16530
66927
43927
96348
89190
59160
73741
52496
19943
10739
3825
92761
527
58570
83933
92559
34163
19970
90170
42593
44094
38117
91395
3132
78666
95314
23743
21155
16266
97698
93669
92087
77328
78830
10042
84934
49264
38429
4146
15466
15094
23701
41889
29626
55744
70773
16489
41633
68850
55791
53440
14613
14974
68592
88482
16342
50165
61799
99479
57095
56608
44862
11211
81498
9187
63658
95159
12359
52922
18259
90610
12963
27067
78793
80711
44259
32719
2397
54265
612
65799
97110
59445
46393
62835
31027
68336
77824
80937
67686
82260
84553
81271
29336
17167
94412
27964
67129
92395
65803
63088
36586
60956
21446
27481
11905
33689
22996
61774
80426
27214
23789
33143
51488
35122
68418
61580
53894
39524
86580
77966
96032
49780
91522
32829
33017
60647
92607
394
14838
36608
68357
59290
39636
41889
19578
63574
4779
44323
71422
66421
241
54498
73393
8569
23819
64338
20869
47270
87411
29383
77341
26355
68631
97167
84176
14926
98507
6535
27765
88970
20237
49391
25164
5716
35082
29696
6686
19
56678
52301
1364
25802
64973
80397
87140
10067
98568
83189
44523
69250
53925
20185
96790
41481
21275
55112
30305
55420
88654
66521
87345
3195
11612
72821
14863
6703
7606
39975
93721
33112
59069
37794
14750
92150
46993
30392
43849
45463
97842
9585
57669
21080
7582
40056
36153
30770
83877
52931
54219
55722
68296
35265
39274
95628
37924
21143
59853
14568
96859
64735
50845
38913
69036
18613
88934
37016
39614
41801
9195
96926
81197
43663
22844
61164
96526
73593
82389
15745
80715
41006
75150
87905
26893
7141
29381
96767
77794
46513
35733
46448
17637
80873
75110
22836
11297
48267
70607
16422
63134
38991
40528
4805
53826
18866
75695
81297
59877
69411
90912
5292
81839
33503
62345
64726
20491
21264
53758
70592
62925
25788
94123
7986
50500
14858
55783
12974
97254
92258
93126
50003
25359
48420
37704
8565
38000
20593
56842
48258
59576
42833
41109
27679
12435
98882
7808
78885
79886
61509
31374
20084
90180
38907
84625
63995
31609
45629
89700
62624
88302
36359
45561
14169
91429
88440
50800
79919
75504
88004
86154
5557
94160
94249
28980
96667
10006
34511
58931
48731
19898
98501
96069
60809
79598
28202
98420
9368
77945
17684
23648
67409
60592
51509
60274
15750
6676
16936
97743
36519
11422
65640
23871
83324
68194
33665
27857
49555
10452
27515
43876
6000
10703
74028
91539
21886
6365
44145
40447
94148
15536
3560
34732
39558
61508
69617
49317
82069
22577
36276
39100
65493
1684
72990
57735
70177
6371
76785
26889
48158
61427
64363
11506
96616
92833
60936
93615
76601
78355
95895
11627
86425
2521
5510
15035
33367
91050
42087
94446
13591
72956
44366
70111
69826
47153
8948
73332
42921
79361
38710
89327
58456
17503
19234
79163
70729
20801
78551
20103
37757
20341
28729
35804
73483
70810
95826
33480
58862
48574
49162
24058
79335
49974
97578
84708
89502
25010
58048
89456
77379
38825
85374
36619
89573
80109
86794
90332
73885
96028
56120
27533
48328
59543
85460
69099
41768
48038
7763
23940
26408
24705
55875
5673
87319
96830
22921
13064
6305
7941
53290
44475
19262
31304
21651
29023
72673
14559
96393
53938
20483
99106
57304
8485
96230
36482
29877
44663
75480
53682
66381
73564
73964
40357
81220
93775
26847
54467
22894
18425
6880
95621
22367
50372
46422
3798
13152
32988
22834
68337
57219
73831
68708
89593
33
47594
23209
69752
79668
50601
35353
91650
17911
76856
11552
83448
23180
20214
44260
13526
71414
1801
1530
90580
4988
15264
36965
84275
84071
22441
64382
81044
25551
54247
58968
7312
75767
47764
38854
4693
41357
71135
60084
30109
44088
23629
90045
84563
78055
84583
69271
73269
9798
86898
54119
4394
10265
2179
2132
43048
16767
31769
13297
55267
49266
25552
56888
13842
25758
64828
44190
78100
81650
10415
84644
14611
73439
48318
62572
69914
38574
43454
14764
10677
6122
12603
93690
95516
47388
39445
82514
58201
32600
75071
32612
15647
25169
24902
78480
54448
36343
31652
90027
63489
22147
91819
88134
51073
23648
55248
92638
23654
44090
57404
75081
82905
9135
44304
77556
81979
580
35809
12789
35428
5324
47369
48046
46341
50153
21083
51763
21354
64431
72168
75223
1023
99542
71774
135
32528
57386
24075
49506
7985
39580
32920
42134
74990
30986
96028
40969
84459
16909
69225
89833
73825
55321
17828
81911
67368
60900
19586
11921
61313
51773
24486
21193
31686
22280
71901
30471
39127
62865
83992
35439
5239
84042
97202
45446
1433
11212
50605
69901
8724
71695
59847
6820
26979
64466
31383
52239
52948
73851
55540
916
22120
17970
529
3152
11438
56697
48210
77246
11366
69624
76618
3879
42120
20573
96931
99514
18386
67057
59769
62203
94370
98393
65345
8554
58559
18139
38632
80997
27749
59046
20763
79111
90874
10816
77571
44657
29496
70741
33513
23468
44708
12508
76741
25631
29912
13428
20523
71261
68980
67202
96407
39470
83687
24343
70582
20532
82096
68773
55929
33918
63150
96827
26565
4556
5990
68610
61353
61968
89387
23080
98808
83607
98755
6347
91188
32248
43480
60068
13440
12947
17125
47306
20095
72620
52997
86984
52601
1060
39220
96862
35255
66141
48423
83269
8273
91522
19606
87627
8639
95102
32005
83548
34655
74871
9054
13918
94655
53972
86525
37680
869
89513
46925
64629
11606
70006
58735
49034
11216
83560
74783
46493
54796
81169
77243
44073
93739
6619
5854
2546
39226
18698
44540
78930
32520
26065
80262
63687
60183
60873
7175
12656
25749
81801
44540
90833
39099
7361
89722
50653
2154
44168
24665
81343
71042
76052
79524
33191
84151
22244
61860
46568
81323
97995
84239
34196
52901
6006
3320
36476
56800
25898
55806
79618
97667
80996
47398
76226
9615
24457
72150
40459
90954
45429
41179
42518
4509
31571
46972
73594
12335
12922
76601
66578
93117
20685
63314
52233
84894
6296
40922
82050
15794
46777
94926
3418
56281
21087
76384
59814
33439
26519
25326
49077
47824
26167
41974
11979
81251
1875
29509
81349
83031
29089
78406
55207
74259
32270
51580
43966
1475
94857
88046
73569
64711
81479
4144
89989
41152
93658
83227
44152
89637
79069
32777
94827
11547
48901
79774
79835
34241
61165
41968
27779
13515
6038
79408
71662
34118
48263
67464
76228
34443
6088
79184
5896
24238
5281
88781
18262
14415
7976
37851
11375
47733
80343
72447
44297
33978
9244
91947
27016
69042
381
82470
51713
64924
21107
83833
77437
85474
42399
75069
42947
28746
80260
63982
1631
61871
21691
59610
20122
5909
1314
36977
18992
94050
26209
83946
83342
3182
84946
74991
43219
41655
93946
64221
11707
86509
72841
57179
8885
7777
37872
86080
44728
19531
59008
52419
62468
10565
73267
23350
38425
94495
18755
386
61008
45440
97719
80083
94891
83649
75021
5909
672
84606
56292
24981
43407
84058
92424
57378
2819
63235
18574
59132
72955
22009
64249
85412
88251
25836
29317
40075
65510
40405
10373
37226
75281
76122
90816
99244
45580
54111
22009
97573
70821
17024
66552
42662
31185
37513
4810
60981
37719
19238
37342
13466
77695
59157
44223
50005
99684
58988
68422
20815
56978
37948
10484
32720
65446
60158
59221
94730
11630
1443
80212
74257
14128
58980
71641
84073
83273
73975
77034
67356
8723
62149
93051
32515
94913
70378
5904
48669
25474
78407
81779
31632
68829
3796
35441
83869
67619
52348
32978
31335
87309
19511
1424
1774
85741
62799
62543
62304
58414
99118
51362
6417
87524
42205
81249
83438
19602
71800
20424
6325
48081
41781
80390
56655
21201
54644
32522
45226
80908
69142
91652
96781
89761
41028
60708
95074
94709
21975
76495
10412
16598
23172
32425
18684
53199
98724
75124
59113
70312
98834
37050
47664
8518
49794
45980
25155
70707
58038
7162
72921
89259
44955
97843
8638
12577
81547
99756
46965
9531
86681
28091
78195
83759
52368
93390
51448
6423
10058
89261
46845
72644
46172
34007
55983
6108
3848
82470
86761
81824
40617
3553
43326
58894
18329
91973
13875
30378
69668
23652
61524
62476
80478
94559
34762
73239
31233
82762
14966
22238
62552
56974
3780
91952
6257
24458
75607
19572
83936
15572
90673
56130
69326
62385
45882
89956
29785
25014
46455
9339
39751
91875
76282
16162
9357
5344
29725
92482
33060
50143
87398
50813
30236
54446
84410
35124
86606
73854
50236
74377
81366
15596
52667
96582
76374
22647
56553
9702
50205
78621
41203
38855
27933
69555
8410
24922
39493
72282
69964
57908
15366
41713
95375
81841
22514
40348
79041
4029
25212
89482
62412
55225
73629
49169
88505
54923
13510
96853
18247
43711
56123
56348
55130
20684
44154
1339
58874
91666
7123
18989
24205
69406
69551
45889
97985
96828
35752
73140
79663
5724
17384
64493
38202
61241
66046
33417
97060
29195
25562
73355
10876
62015
77725
14029
53114
32291
60818
28279
91736
42492
94213
35885
78486
49933
23496
5035
76122
58880
53271
74766
1786
65698
20183
39147
8242
68821
2577
72683
65291
31329
15211
32273
90909
89154
48997
49640
17647
4179
45277
2219
96048
35695
43819
55378
90032
74940
1752
80573
91256
85900
44640
66606
48381
95332
45952
54930
50500
88424
24074
86748
62713
85768
25343
74732
66853
18576
69586
77879
19428
64810
16593
52394
30534
20889
80077
56145
42307
90109
66941
18048
37780
62052
15589
58899
41385
95420
32229
98380
34127
94772
77918
12812
46595
74927
84093
39796
38861
97113
80930
17557
95894
81936
72447
11451
39038
7254
25338
49671
68801
83761
89566
87181
89715
38373
47785
28338
2491
50380
22420
47087
5971
14437
29075
67368
89962
79067
35052
77803
24281
16760
52592
57498
94329
70232
45283
70246
69644
19666
85243
9760
19822
70718
42980
37847
28227
27087
57550
78214
1706
78535
44341
73056
31515
21005
41109
22206
48666
84103
81483
13030
92145
56652
39728
15708
35227
80890
22910
60137
44221
6094
56203
58697
65089
85494
34563
95397
15088
47887
41087
94245
71593
60918
37814
22221
51353
42317
58558
72721
77448
36334
1882
46502
32550
88200
68363
73546
69777
5106
55384
87119
10486
60000
93665
44351
41043
96299
29306
60014
56003
36436
7008
31944
14991
99303
95555
71870
88392
97081
45820
30216
49030
96079
85579
21425
99048
45125
93490
63763
51232
56527
21123
41334
69748
20435
54622
87728
59823
54626
67700
23779
83208
61307
64488
32691
44802
82596
56444
73460
41808
74414
25236
90723
21684
82431
27271
3770
12795
46987
50783
91011
26790
21118
87271
38073
72709
35246
82190
8606
69879
17973
22242
59257
83041
28736
47187
95771
3519
46203
29425
92501
62074
11547
45166
58671
76151
55100
32839
39999
19838
81306
15710
2319
11596
41184
81166
24234
46439
96309
74204
75592
87609
98528
57119
10473
906
96352
51260
34083
30844
40923
43706
45608
51726
15378
54998
41239
54263
91597
16397
36509
55878
60286
82677
82665
50294
23788
84218
56557
19805
93275
95340
90389
30383
56727
43089
41260
46682
35289
14924
70044
77828
2315
83800
81825
11686
56904
95516
27909
80525
39363
98681
4787
24792
2327
70954
82486
74093
68693
45414
85483
54153
91998
52487
61964
77940
97188
93593
65048
30866
66935
55880
59389
84311
24279
46998
61317
99709
27128
93132
60658
49539
79686
22418
1238
27391
22714
2049
28106
59659
68970
48050
54613
68263
67533
98121
99355
60655
59307
75295
52541
95465
2964
96934
25700
29289
69268
81918
95215
82822
7605
35493
64104
81570
60685
22381
96994
1688
85890
75716
35188
10693
76694
23232
72098
97453
91521
60941
82124
30961
15800
41376
50055
65953
50222
96128
585
5380
2515
84948
21336
26663
54682
58016
9621
92328
71122
75268
3744
61217
33391
92123
76361
98090
58393
83222
59387
90712
91365
10685
54393
42297
16397
48082
1712
34978
73267
71398
51773
31739
49080
79314
23596
58703
44418
50806
7483
86382
20254
79134
20957
58977
659
60870
24350
44935
16716
64977
35149
23491
96423
56167
71393
930
40139
36710
26090
95546
98628
51200
10860
1849
54285
92845
89065
40998
30346
73472
18514
45902
91645
32983
63033
64553
21135
27969
80729
77991
4464
9721
50678
2282
43709
16744
83729
91928
28430
19995
22268
37603
78868
13840
3700
13629
37442
14052
56273
84192
78275
51239
27407
23232
40614
8765
5927
43531
10359
37063
44258
63809
16358
91606
12473
94821
98852
25830
2782
26474
42743
53075
41933
45898
34370
19559
87698
90185
13999
8670
11896
56708
79785
50918
62085
99539
81609
75654
65351
59185
60979
4296
4829
24491
25090
754
32221
2253
82169
62055
74828
17616
76951
51443
57752
10731
79100
27715
95996
79070
83931
99147
4297
63338
36296
22223
95636
47830
84634
27894
23203
29579
54702
32304
26611
4513
72736
46002
27098
42971
13896
17724
83091
16693
29825
5583
38870
67649
898
15572
90042
46374
7045
54687
89923
22001
20738
84222
11432
98850
12761
44868
64912
40190
23633
90226
51191
67058
73794
66858
78472
28660
17226
7879
85164
27585
63057
95894
80268
86606
31948
74207
50629
11456
54899
34275
32498
5615
44703
71744
51904
30365
31440
59372
36051
10916
12087
57882
43309
73002
62711
32420
39527
13284
19916
7391
41059
96912
17231
43362
57323
65394
14486
19094
29564
85072
87979
58333
26306
50122
9622
47161
490
93762
33219
26245
69875
32911
50946
97418
64777
23203
69673
43246
50056
7735
51858
66082
85881
98246
34176
97587
51852
15417
61882
95421
14744
42784
29034
89675
76336
33555
60496
37371
17449
9525
83767
6821
12380
64019
56488
2951
35338
97705
49041
25021
28882
60649
23223
64275
19514
43642
30213
23018
85353
67349
46740
58332
43569
26313
92154
2037
37466
10274
57148
28621
30356
38726
89818
51321
53658
73017
30793
98563
25540
20026
5934
22574
66250
82550
92275
46851
47394
67637
37918
37944
93817
63586
59946
59272
79192
4240
93769
66958
46919
21214
75507
46678
35533
39231
33140
39348
56156
23738
85262
4639
22376
32397
92265
19417
58715
30408
59897
22015
83800
81273
95489
95395
72622
7553
28115
98250
14210
21651
69215
14441
92496
95016
66906
81708
35882
51416
27428
9564
37728
30482
34430
74167
28018
59468
46891
66984
50943
15544
69438
40004
12537
67792
89800
71280
61184
53392
6772
55406
87990
47923
27147
63947
88670
52200
23126
12891
38891
72660
5559
66705
1898
17973
56864
12974
17835
34525
57176
99868
73634
7139
22694
64782
20277
16384
79908
47230
39335
58299
13041
62778
10998
78893
60157
20666
15789
37753
85752
69447
39405
40240
37571
28489
14717
92020
50450
24510
7001
20091
28155
41993
43066
8493
71561
5525
23281
14594
81783
50481
67343
42408
51449
34931
52051
11849
3314
3403
79203
62261
22786
71827
13317
39344
16607
69352
94001
29832
75733
83912
65993
5266
35780
26796
78569
34379
68683
3754
37399
46932
94052
10977
75548
12706
32474
13129
17028
47484
31601
8561
54080
1553
87139
32442
98116
62237
22459
17594
57355
67413
5187
56765
17693
90860
56645
53691
13972
44618
81948
10569
86354
54475
61721
63321
95331
89465
48575
7755
31550
53629
79126
88032
56861
92389
25682
96184
82676
84120
23203
16534
21006
34438
30836
79473
68880
25660
48471
21838
82192
77118
90822
807
53438
71502
40399
48642
99339
19733
81118
87934
41441
14554
79835
85551
84429
74753
66513
10660
62113
73365
90806
62800
83246
17463
97842
55463
63664
62772
15977
41005
63844
11237
28933
36798
75023
90912
11703
88415
83611
9003
78007
39564
95850
11631
79744
93233
64578
42071
62106
93112
6603
38937
83501
56698
4278
67027
10620
98975
28227
56777
65467
20098
44812
75389
7718
75179
6368
22864
84238
67439
16945
85005
14758
57023
95533
42656
83481
33047
26201
4681
71323
80238
99214
62198
7587
11097
59631
57415
91148
23106
66013
94730
96377
94747
59699
72092
60929
5340
68746
19260
82861
79573
66069
10125
36674
17609
83856
57482
35651
95838
39507
57739
24445
32071
27249
70796
60816
74628
67714
93492
20902
1292
25125
80327
3825
52283
44162
48838
62702
53425
10403
74741
68391
4016
10156
70994
35016
25479
69799
17112
37506
3802
88767
54002
4040
91725
39693
71298
86466
86186
2570
26007
77322
69182
38677
26040
72383
5031
28382
43467
23764
55049
87425
46153
87636
86598
19366
12741
5415
98757
51026
43901
99512
48158
50531
71274
75529
92815
33347
95227
42532
61829
50978
98832
83983
32924
2768
15399
75683
49082
28740
86669
12140
84496
51528
74931
8927
87841
22301
64810
75749
61534
76375
57091
97138
78337
23225
17963
86101
65497
63809
95403
5241
13277
67674
15059
67946
3692
32433
35808
62879
89249
74009
32521
91158
2175
59205
78765
90155
15958
10360
73612
22181
64067
69487
43870
3663
84471
54574
29820
3562
40367
9058
97001
786
43376
13345
65181
53214
70122
18398
19859
73860
10733
1539
58341
81311
30999
31623
93065
48791
75605
53540
25006
44427
84798
76026
70616
55465
62655
87684
15498
62659
97813
52503
59741
90438
28627
42372
46002
90225
32786
53297
72884
42652
48336
74632
28520
48044
49232
89886
60852
59880
48448
2517
76366
38622
57294
92718
84482
67075
72153
73723
35889
30698
52791
33382
91106
36838
50732
46900
96138
888
81226
83898
54217
49150
98113
52976
22016
96953
40928
49131
50953
55128
9621
79231
123
37456
78860
51940
81565
66813
99279
93338
93095
16578
19453
15907
26598
72451
67379
91759
55825
37390
65041
2318
51213
40102
38574
18122
33692
5836
54030
85515
67344
61609
77258
43327
70395
8382
2824
58680
18398
25827
9789
32707
96937
38196
47563
58143
77545
78490
78534
65804
50116
13916
35846
75990
50092
27559
14669
98837
55232
38164
62289
2598
12911
15860
24171
19937
35490
38837
49219
53049
79834
27103
58372
50296
47040
9982
81960
55948
32796
71340
74922
21340
40729
29157
70966
52474
55786
83256
9741
95288
56278
38676
52379
96883
81321
1684
64784
97633
95754
53700
35018
96020
16774
13457
12059
9541
44826
40541
81932
32452
529
81821
44348
24950
11375
98590
37333
8488
71793
96026
29330
43092
25791
2528
2485
11365
45755
85929
31142
29019
36165
82664
99357
29677
71295
46506
92816
51096
89458
9956
31858
4186
12325
46747
71912
18388
66531
91759
52751
68087
86524
30592
78040
32727
45192
14554
81757
21965
78548
30546
16138
47268
15844
66692
41864
37190
59428
61661
28458
86509
60752
49061
90098
99318
6155
53377
93567
57092
79752
96758
11604
698
59472
47583
2521
98181
99441
26139
10268
90940
50420
10372
68651
64459
9501
73353
49188
41761
73949
58909
66251
31994
21485
85209
54847
84349
38467
18110
26866
81202
63131
99324
17032
19166
55298
6910
88110
80016
8705
80609
82331
1809
30680
94628
93482
64052
83427
19128
69028
2964
42418
40693
22404
68850
13641
56253
81263
63676
41543
51256
7120
48976
52340
96591
3684
73209
39211
86624
79657
52395
25158
15562
93807
44848
86898
38214
41958
84156
24833
29686
1661
86642
68703
46593
62107
78059
50416
55082
17476
73628
98935
95313
80288
73640
54237
75676
79963
93628
53292
32736
47381
69152
16877
83912
64401
96672
13314
73643
12910
81860
55954
97395
95250
82721
14149
40543
27120
48699
58486
17489
80816
61305
88713
87752
69011
12276
73897
8814
85729
11531
78392
64070
40922
61498
76162
39494
25530
6873
11399
53697
17096
53789
24036
79706
56238
71118
64617
26290
71294
46381
82617
31924
37194
15439
40878
56243
34129
38099
54429
71550
63082
7977
83497
90803
56757
76812
52624
86942
34627
72694
85403
75807
59388
68838
47475
9010
57613
37133
10279
32617
65829
28657
50379
11132
68799
53461
59420
97686
60047
44175
78743
10534
87775
22949
43731
58644
92088
20164
55870
27378
66105
41547
38286
9301
18687
64798
85530
94962
16178
18548
25231
90368
9868
8170
46246
88206
61762
46322
8347
67002
4131
8048
97237
76971
25590
87109
93249
68065
79784
53819
92977
5194
5849
85270
86622
20341
59895
56205
81649
49859
23155
7715
42359
23823
17881
57471
29587
65032
6306
51147
11632
79261
64610
47471
8780
39335
50940
54173
67460
57256
60519
59218
18298
4910
19384
85479
36526
93456
63952
76439
56730
65973
82892
94018
94473
78799
87767
13234
8438
78659
70867
56902
8649
1254
50101
7954
57289
11071
1818
10804
56977
6356
42736
96361
75376
70213
21396
30870
11861
50716
61711
82619
16646
71450
35704
94454
23515
7831
28680
64980
2497
76976
85979
15792
48102
92471
10520
95690
87903
90752
16456
87595
47211
95560
56557
53337
52951
6609
25467
14436
44571
72556
64549
33121
76167
8426
8999
69628
16857
34022
41656
95144
94834
60122
61050
98979
6889
20985
42344
71656
9410
10073
63338
95697
48784
92733
30287
19080
39258
3801
58564
10496
71440
55593
49392
99137
79441
13264
53935
8355
56476
61118
16000
64824
14021
15912
83904
90499
99926
92985
68259
83837
47452
69919
67399
44953
3758
44460
95276
67892
70202
13131
61936
41123
38609
17886
52793
589
92503
23768
33432
73093
35630
40107
40830
6561
99977
10953
45994
75631
76821
36930
88312
28716
41088
41726
29777
62718
16301
33582
34840
26524
82475
1627
72628
75066
7217
55327
21042
74125
70074
13462
10842
45553
97912
25601
88678
91780
56455
44579
15006
56152
61605
65646
43787
37208
29543
83904
93524
68726
10020
92144
60556
31833
47233
95233
62189
38008
27778
95036
34393
53764
29188
32969
24385
3793
39647
98799
87452
98722
83958
22609
27311
33461
40695
54561
6528
64843
56159
73184
88376
28245
83679
55775
88197
83247
11828
80699
84848
78643
23624
71296
50991
33473
20181
82556
83877
32591
57815
71856
29222
49089
62839
30051
97329
46176
10718
48864
98156
20499
23175
68976
5959
71515
83167
24468
84800
35971
71703
23984
60098
39593
64665
5637
66321
95647
87934
6177
23471
1920
16180
69036
7439
75105
72452
62093
44153
45063
8616
89612
10766
45070
20295
8070
5865
85706
76179
75602
21438
77699
41113
64297
51213
20504
34493
72143
67709
22817
59464
95484
43344
61295
7456
52537
63215
68238
14800
11447
61352
79039
70388
18870
27111
94504
10394
56881
84257
39839
8955
9821
57070
4320
23868
1630
64611
73693
64075
1328
97503
15153
6485
92233
8558
80315
5727
32253
94665
52254
20274
20042
32883
40409
87639
29855
63313
15157
8147
84333
18512
90230
78798
33401
95278
60095
88115
7263
6095
40144
5506
70390
24164
8618
92883
56086
49004
53477
22335
98824
84280
8976
59927
60374
13165
18824
31353
69623
55553
68392
28269
3848
69689
7876
19569
65340
31057
15357
5281
85577
59876
56133
2027
63517
11150
43257
65138
21007
8519
2241
841
82398
10084
20705
84139
50279
57411
78369
40667
87148
1508
61163
7017
49987
29193
78428
35315
79477
68860
59048
78486
82309
71934
42242
61624
40113
8918
67728
51922
79462
28142
70719
73687
92714
90942
79615
47398
59814
78104
3847
88100
30861
67048
30183
26578
88497
29848
50088
59587
54446
84011
46442
86600
94190
20287
64692
91097
88771
35782
25950
10447
12180
59004
959
85639
64752
15579
56118
34430
53096
35246
58182
47991
90416
90881
79184
73315
82295
75688
28671
80556
39284
17627
16699
44120
85584
76133
73502
6853
14081
67293
24449
10414
74585
92096
63248
45334
61435
52447
14577
33024
37921
9076
94179
22043
8529
94443
86787
73920
42626
28407
10140
46177
80096
38897
23223
7613
48097
12894
10320
10257
13101
88749
2782
2908
42731
96155
13412
53395
17695
55899
26216
91008
4664
79490
96243
63800
59172
63937
37362
52950
55460
43809
35876
78132
87292
55556
45446
39586
96928
30674
95529
44621
94147
63686
35681
90418
45438
16077
40153
66277
58161
33104
95126
68518
95240
10100
63542
12080
34538
8044
47159
98062
70843
65033
57109
64630
26350
34013
49411
10879
75833
61305
81815
19063
37927
30133
9769
63093
58490
20285
98972
72392
86293
71557
8610
17794
63474
51679
17378
4552
14849
48043
10082
72609
59495
24038
37809
58178
95765
62926
60213
62385
15993
43072
62916
40073
36453
96056
47329
38211
17593
95314
28488
84185
78534
48965
62836
61230
44824
7595
49051
49063
91264
82314
81316
36443
98432
27456
48621
1161
19914
62380
49981
25863
65506
72311
7739
61493
71380
57213
21293
42698
40051
91672
70486
72964
78524
70952
88250
74417
40170
10153
18924
5368
51675
92802
22667
29743
51204
73977
30335
81327
52605
52065
3231
72490
80801
56606
30577
38326
72698
23413
97375
47889
28380
43499
66763
55020
52315
79387
90406
87189
95086
30245
92372
83147
77585
87339
40471
13146
22104
53519
77738
33154
39209
77238
18470
9119
10846
69845
75502
8520
31981
51876
2099
32508
13130
38488
9597
52853
33493
80348
49816
30835
29233
54957
74197
96495
61661
88559
51308
57426
6474
71442
77254
55235
71636
91743
39415
1080
43927
9345
63482
11022
28792
5626
37014
50922
62266
67527
15492
44226
47821
77660
74531
7200
85455
9397
35740
8860
24580
10444
3697
75650
53909
35859
14398
76535
92659
33112
80307
40465
76382
49604
43123
5116
65086
21568
82787
2390
24972
64946
45629
56656
40512
98927
56992
99677
2636
63577
58419
21742
38814
43030
86865
52984
62374
16115
63048
90637
80396
96791
82172
50314
25626
76500
14767
8254
31488
64328
62450
16691
67157
1290
56565
72436
49787
11141
30134
62441
41039
93117
96502
98729
32576
20270
95742
97091
4235
23251
39785
80386
32687
2619
48074
25709
99651
23828
23221
19070
62458
68957
17621
27279
65666
32516
54406
33101
58745
78602
75911
35196
71069
63360
34918
46637
27643
87463
61895
56458
46484
40420
70468
4129
53962
47462
79182
5216
36643
27533
82037
97323
32121
66442
98273
13677
65106
70595
19419
80991
45009
6454
21841
14779
98506
14488
53626
90611
22741
33357
81799
78443
31110
2898
11888
36772
99214
45305
6351
61414
63739
42785
17729
20589
47028
85406
1029
47172
30238
42371
2248
67726
85098
64822
58770
21155
98924
11172
42681
81640
88265
96236
60197
86447
92835
62417
6752
141
13548
92749
33679
97111
52050
96248
98387
56466
14178
36823
8864
96875
30792
59112
30596
84943
62658
45531
53923
32750
31245
27098
40249
63433
4035
20286
20096
64269
65150
96249
16462
68735
52654
70570
46930
86254
3556
54075
19056
43413
23595
29041
13241
79749
33592
78094
39237
69194
58466
49105
61185
78858
24049
70708
45735
2347
54018
55388
9785
80377
17239
46757
81546
63718
25749
37803
38466
9161
86160
18609
19895
71365
39850
44845
29899
12777
18217
56941
90589
25568
76544
64389
91648
9452
45658
18910
84305
22489
93744
63734
53860
2654
65906
46115
51994
9569
98327
60229
69160
59068
7223
18452
44693
98811
8309
6886
66880
11836
88005
58337
96789
5280
8516
69457
78566
14421
73207
79987
54084
29094
90400
56279
10699
45817
39289
89867
94906
6037
50081
41466
24710
66491
27201
12482
27259
66253
41303
51685
74747
33523
53501
97546
37186
28975
29918
52403
96882
94316
62670
55721
21614
24684
14221
51025
35742
22873
96081
70263
10241
25995
24446
70337
20363
53381
39091
7959
26206
56151
53698
15205
61705
13981
92009
99534
2632
83606
80347
99931
43613
44995
96510
87015
63417
90574
87724
45328
32325
20919
50542
42763
46232
10768
69660
92797
76164
74043
98118
13973
22358
71806
88185
17268
15781
777
14333
96542
76638
35062
82151
30171
74822
28078
94555
58847
12316
15455
27423
48865
20938
83008
34356
73985
96828
98624
76738
52118
75874
81676
25111
53582
9636
99109
84582
52293
6023
56006
67751
37998
9946
93830
66989
8541
32372
6278
88028
89035
59016
15759
61331
52069
27895
89675
83838
41617
69858
78598
10859
65327
59822
12164
94659
32583
55379
7915
70159
26514
43426
67563
74455
64674
32469
3668
54780
84803
62316
21787
67329
38000
95415
2622
23863
17114
51019
13871
97154
3497
86054
65672
65961
74875
22191
29999
45776
91788
80921
62306
67187
1866
31753
52538
61899
51406
59852
7526
79094
24787
52760
37985
70649
18935
49265
84121
94869
46253
23869
77790
90548
13302
71103
64319
82855
6798
5145
29711
29052
45913
55649
586
22291
27517
49508
79595
76439
60704
19653
40616
95500
46597
69215
15179
16991
54029
40844
59554
5254
65153
13650
97284
86509
93474
43569
96051
75043
56302
87532
20848
1713
10568
39472
16365
11094
37279
57990
79367
99670
46170
21809
13218
40277
56344
8757
23069
74901
4557
77692
51791
34337
88181
95712
85998
13441
73542
58601
77165
99032
88965
38580
45944
57082
95499
71670
14488
6838
30423
95479
6458
3474
8673
41578
72280
19014
97133
64490
98356
27266
225
51811
47130
8306
60518
74627
76327
94957
80825
5379
65666
64978
65402
93374
13486
11045
42269
40433
22571
22617
80270
21559
85175
45001
6986
19752
13726
6533
12277
72576
39702
42251
54314
85254
83826
91486
12999
48367
12913
52419
83021
60738
42836
27190
38407
36472
63913
86073
41774
12540
99440
52066
17579
3036
96509
32343
41648
89388
81388
33573
64530
94796
26954
85615
16402
56549
79099
77979
30497
12272
22006
6968
65427
19581
55718
28877
20360
55222
58488
36878
98856
49333
51942
30173
23749
39115
75729
10308
38904
73383
20457
93609
20229
40860
77273
19504
1187
81135
50194
39330
77398
79436
90685
82764
26266
4836
65479
21872
41535
27357
78344
36964
15444
7677
84762
50175
18398
13977
12525
5308
81301
30521
53798
28230
61849
97934
16591
12617
55963
76622
63290
61090
64040
87393
34257
62214
49091
96345
2581
34692
83261
30039
9371
28156
88209
63409
45663
5647
54061
99018
83413
43075
41006
38979
81718
68431
56370
84244
61881
97630
68992
88637
45622
24570
85972
9131
54072
70364
58587
38724
45052
6654
84520
83966
32180
94795
23168
85713
21213
2642
82353
67352
58829
78369
43742
61750
28004
64496
8271
48654
63882
49106
21520
68964
85448
48823
23139
26985
66685
87918
93756
55304
58412
54888
90007
92937
44210
20917
19534
79441
12914
4527
1874
17593
41242
2719
6797
55904
52668
84575
94620
7791
55232
28196
92465
17367
26718
5606
92607
93641
77317
13036
30680
22598
9191
44340
65016
52876
6822
91209
84158
78367
41271
5411
90910
9959
82378
81749
11901
91563
22949
60546
83495
16604
37485
27645
57200
27909
3816
88887
78877
37997
97638
56480
79713
12667
24647
13461
39662
16615
41601
6021
12337
40854
53891
5613
74870
51359
1293
42544
46147
68881
13766
54330
39143
23170
14177
96807
25330
64244
88207
26159
26767
2259
69876
28851
20736
91698
16991
16819
22965
31927
4594
43212
44793
40059
49434
69716
17711
71827
22597
25506
8627
42103
36190
62380
69375
93136
96500
6613
96386
3676
2631
93158
37814
10130
18944
22451
5183
94552
76241
28036
24384
59939
82628
74734
17895
31660
68998
48251
36501
98987
98359
41741
16819
72746
92996
50540
82046
45725
32553
89036
51966
47083
96455
7737
6818
6438
24876
45666
2087
67277
7597
82636
68004
562
11838
30315
39577
72596
43960
49124
4645
17902
82439
12960
29831
33906
18725
65811
82890
59328
52766
18614
91271
48498
9049
68287
63252
87271
34991
62453
74826
20575
25484
36886
82557
48099
64297
80979
4621
92782
57299
85026
75608
47710
29658
82299
67265
24093
18433
68411
28072
86117
74974
38408
62971
60984
75049
19144
72541
13596
43363
28807
45526
71802
59468
74070
11128
32287
94472
52980
31326
81457
42167
19606
16633
67302
82005
28299
12466
93026
37375
53945
99487
17796
37185
49590
35612
69058
46422
7601
52091
90016
18337
99530
85555
56820
19580
42068
46189
21521
1502
4256
54060
42338
84926
69088
7624
38735
4551
11807
40516
66187
84437
62427
34631
71917
99375
21377
34557
40325
7761
86141
13334
24968
6934
42968
93325
50974
37163
37529
14199
212
58965
13645
11516
20204
38024
11878
78800
80
61574
99864
62964
91747
3128
89929
85550
245
27460
40150
13349
73215
96124
60315
62338
13290
14592
22411
69505
82344
33368
20805
67211
61977
98168
44614
4727
58369
5834
15006
94834
1131
62235
36781
3081
19891
98658
10678
7784
50734
38228
44917
44604
26212
64857
76269
54178
27623
35890
37470
49836
66035
74579
57875
57520
9014
30063
18086
70271
93737
13147
67018
21234
50759
16793
78915
73334
56911
14180
37158
9653
50961
57143
37417
99561
50802
41383
14110
63006
53587
77824
60463
38061
85084
60429
46812
84463
78092
67262
24249
53074
22638
84466
85082
58499
39547
30341
68323
25104
44177
79878
34354
47657
98647
37680
61964
38956
33219
54789
14190
53378
99179
46760
14417
56731
50320
73495
95319
64561
97862
1366
9881
15018
11906
69609
90136
94067
15858
74214
83368
93030
77972
25926
99954
99624
78754
48827
52636
119
57392
50945
79707
81430
45707
77529
76192
46660
57844
71406
56579
16798
97507
6825
32490
68998
70165
74472
14817
38157
77353
70938
44099
33074
3497
56540
76612
93343
14778
85851
18197
8392
18393
79171
73470
21310
91892
97750
73862
937
96636
86524
38449
76776
22291
58919
67288
70163
77474
84797
16451
14689
39774
34696
10789
17965
70453
47271
47723
29721
11537
30156
69152
5603
69541
47937
69221
52685
35968
46480
63982
66040
48256
46615
66143
6917
58504
6158
6954
66862
39923
84578
44288
28575
70165
8811
53945
62540
142
17388
80200
33001
85062
49944
65562
9567
15800
89135
87101
40732
20333
43763
42858
1782
88165
3884
91281
73642
71898
98195
50859
2111
64985
37498
90832
70987
53939
6609
93473
58871
47256
13744
9801
41555
50087
9126
19383
15460
72652
13509
28949
1041
5442
20909
83667
93206
97940
76291
6094
5769
17437
51801
34975
89943
36332
2709
68355
36442
58597
53059
50339
97715
58478
23205
2134
19431
48615
90739
4840
57376
46537
64035
85820
84430
87048
12977
70011
46114
99986
24990
7631
97399
28715
69589
12043
77558
38745
53174
39148
80800
25429
11766
76380
22384
74274
58179
2667
65734
5206
54847
41743
57244
48462
53072
71842
59152
81222
32932
8669
45879
84028
49345
85605
5688
53993
2771
42825
98309
91223
70846
68388
62678
51727
30750
96109
22609
78172
10627
85094
57340
52810
82111
32468
10260
45455
38052
50736
57732
75704
97997
98106
94022
97795
82143
44721
6339
90405
98607
43541
864
84982
65246
44074
15350
24167
57448
68842
32141
44173
51290
14990
85394
42053
89
51863
52221
54573
31106
16219
39365
26645
27834
10472
92204
11174
82030
322
96079
10498
45844
24174
22699
34277
33325
7188
36779
25366
85632
97664
38206
64116
80167
91745
31679
2461
7864
17306
51598
837
32546
87876
24046
4864
17696
32302
676
80728
54710
82297
45401
9362
52155
92053
41739
34502
54677
17572
20238
84214
5362
55854
20197
80227
10750
30952
9970
52681
86866
61765
6488
60384
73925
1035
385
27438
53498
12557
18496
54232
14526
485
29971
72379
669
49160
99991
7902
89019
87822
45179
79213
91743
43881
31882
43712
73963
21769
64206
16477
32563
95218
33020
67447
89253
52374
56061
90755
46866
23786
38934
15357
62384
97185
40409
31651
12945
52839
99809
40098
16436
88891
63218
61098
10341
4467
64675
26780
39760
79299
94842
72603
11570
25345
36932
81917
68618
73081
95515
5328
3723
99959
3729
63489
76109
30990
46599
59973
6279
76118
47403
51556
12912
53259
54160
20009
22163
68178
9155
38090
39554
28485
39341
1735
52143
49275
10077
6698
23313
79571
62738
94708
94089
46604
97919
48438
80854
76055
29366
35247
81189
12422
73233
50242
14649
51127
50614
12919
41561
21967
76451
35146
60838
2475
85265
31554
46878
95810
73906
66403
908
7918
19762
37740
22902
78961
43128
77800
72809
1898
72715
98965
43400
57293
22696
29947
93521
4512
34845
6980
20094
8175
84851
85611
99170
42791
16703
3328
19925
94113
27230
85146
18555
38315
33291
99746
79139
60585
81206
36656
36661
7549
87576
51618
83990
80632
84639
18720
59642
93067
33690
63977
22716
33595
19035
82896
82547
92156
95336
71429
83538
26422
76585
77254
27560
25281
13488
59811
36794
60790
2912
46017
9040
70666
17542
61300
99186
50423
92150
31025
16199
32442
75318
79789
35339
73474
14619
64628
53408
42707
96761
2739
25235
17640
15902
2179
32345
17029
17075
80305
31154
64138
15800
70027
95865
51424
96000
46533
9969
73141
80077
70814
76063
16389
23362
50985
45271
70550
18293
26805
61330
58182
72143
98367
92964
19983
22957
37679
56327
68672
43176
88693
22901
83967
49617
73802
94400
28869
69997
16784
8759
729
41908
19900
4116
41939
20555
95430
29049
44205
20943
42994
48003
68323
32743
30646
7064
79558
11642
7794
4297
164
36276
12506
1491
83433
61668
74818
30330
30658
73271
81575
6622
64694
29697
27714
75246
71923
46314
7298
7042
75545
71443
93521
99764
5057
42280
89213
96594
77447
54102
6316
12472
27506
1016
8468
97352
11217
32952
10711
43361
94500
22869
31879
47625
3708
23627
69487
99652
13832
58128
56253
67491
32393
90090
83809
65956
92670
36801
31852
74912
61959
69133
24114
17272
73087
91679
74673
80891
79913
63583
54021
7222
82649
71746
71568
16323
73893
51584
66897
72780
29228
54519
82698
49679
66144
44144
77895
2063
93105
62460
9163
89979
1213
29548
17783
51274
85593
95887
63576
33189
65375
84160
67049
23001
51569
73485
67522
67965
31876
20868
27402
87537
8165
41258
66556
41464
41633
41058
28270
25446
44206
21376
28869
75161
11653
17074
52947
68206
15146
60366
84114
67513
2424
24715
82918
35698
51210
14720
7356
72464
99073
18091
59024
12457
92055
64108
4423
56798
96937
34114
32314
34276
37176
76593
46781
36865
64006
74049
62564
6206
61029
8445
80251
197
90015
30470
64789
8567
2272
63152
44623
4800
73233
32036
55826
35873
79142
62342
96259
87933
67425
54671
61230
76937
17212
93057
87533
11845
86572
6675
88401
97969
86121
56344
18356
40719
44426
54629
41713
94821
96667
26301
3243
77207
77315
48370
1182
97680
1408
85246
10444
58292
13875
19781
39831
54070
79295
61662
30341
20826
48890
35896
39826
8247
18521
17295
75730
50290
79234
61560
50476
5961
58789
21464
20306
15493
11938
87426
62244
10585
9331
8095
40140
34925
12698
16621
15078
28795
16770
92057
83931
55820
46325
55142
2993
32460
65378
95786
23205
61785
87768
43080
82666
95322
69446
92189
49904
82974
88043
87820
11565
32330
3525
7650
93037
4432
86761
8761
64801
89426
40043
13768
8940
71300
43387
49305
87571
75245
38388
85296
79862
53402
74977
1068
35983
42918
89303
28775
26782
34776
11059
38464
41865
26248
97121
20415
87184
75373
32854
27341
10601
60670
16772
52412
26134
67722
92301
81814
74432
11894
12140
21884
38126
1798
93255
27122
70834
72260
17817
92518
16245
77019
36403
66095
90553
12550
15867
41590
90
73692
76511
27302
90282
15994
26161
38399
71879
99022
54953
20924
69671
33774
62498
10275
58076
47016
77387
83141
69458
58480
46955
33823
47712
4138
82441
58178
49507
92723
25117
33327
54925
47943
80617
86912
94959
30409
20096
15569
64415
29820
8452
91815
64305
77178
14481
76502
33017
49184
4327
2980
47112
30115
58654
45307
93436
62431
77500
94226
59811
29621
92496
18533
42331
97005
27198
72686
93063
81373
8521
96584
1802
15487
20492
70661
93121
76647
58924
83029
22689
28
80100
82981
8309
1026
81547
26659
11119
87020
70053
12887
425
77209
47160
56693
11075
7367
33430
11281
35168
97130
73612
77101
77931
185
95043
30715
77120
71948
98178
62354
65895
25887
10148
24785
9278
95470
83257
26631
56985
26909
47645
42489
59565
12964
70787
41097
98841
55247
50311
82550
53320
46307
28188
25581
1420
92746
59076
38266
1009
88268
85680
95661
20856
99340
42823
7689
13604
76988
7699
74229
14759
93240
92913
66535
76967
65953
14419
50184
37816
61269
80515
81767
1481
37058
53712
55344
89425
49566
86891
19498
25638
57980
92086
73183
41956
78768
91922
78196
43581
34961
5781
80477
70348
72937
53851
84935
57892
32060
76594
2896
76153
27703
72267
1492
56500
20426
69689
53030
8116
15221
82400
72112
28672
25369
95466
84925
33965
78319
64540
19111
86879
81107
85648
46451
48287
63150
59348
71583
77837
48563
29503
71543
49932
72446
51693
96639
98517
19157
24853
40135
80449
29296
94499
36520
69690
75715
19643
78965
30021
62431
85969
74731
98043
15153
6016
83504
47220
62497
28690
15827
75240
18950
34034
87076
72289
91463
17480
46563
90720
36522
16125
22771
89756
47029
80294
82576
64017
57536
39509
70334
43412
82414
67426
35439
11970
76960
52663
21254
99613
52346
86119
1921
70108
4045
93814
77497
61518
11704
47942
1596
6133
89108
56253
25699
61332
62232
59669
92451
70798
66057
28101
99474
3798
15330
28994
47512
29116
7215
16336
68391
78547
54403
54161
70649
90244
40581
70532
52375
11905
86266
69687
71347
53894
89259
10848
71821
90031
39058
19916
86675
5357
6191
62190
41065
9494
96045
66837
43268
3287
27137
95446
71420
65014
18392
43840
30619
42947
42127
60228
65281
53689
85137
25497
70007
1154
46799
58147
84583
83432
55230
5364
6321
7086
96277
57204
63164
37311
23756
27110
65091
93763
47820
43322
67395
35635
48216
26990
23988
66597
75764
3569
60663
7716
51142
82866
57775
81401
48451
10950
12342
41449
94630
13943
15545
4450
63686
45415
69417
24103
32248
28726
65449
97223
52960
40042
96260
84918
39604
45502
35344
98245
63979
42869
41698
99096
30512
29900
10437
76300
87133
81304
72448
97651
3741
88643
50871
64996
57065
94726
55105
43217
66304
88889
4316
37450
72683
9456
10993
81527
57368
54611
90573
1302
12961
65674
55244
12274
81478
53895
88959
60980
2503
96352
53586
57504
96042
55804
16459
9777
31849
10226
16077
26919
76165
83666
36677
31728
78328
73728
97603
17229
57657
5719
19796
92988
7754
8569
82874
11692
82217
52980
82657
91215
31697
99630
75825
99278
56390
40938
19470
59706
50551
97627
2599
10891
7779
84875
89006
5507
93039
72441
82423
95857
10321
39223
52196
73834
61534
61470
52985
1615
99148
10272
42545
70344
19961
8231
97660
37864
80636
68775
22679
20346
33013
68177
26105
62705
8421
42067
25433
86037
21704
87843
47727
22246
46094
90961
9883
45475
36747
41677
23718
50972
35739
11321
57353
14942
46170
23391
85170
86349
25196
5301
22484
50288
44151
58305
47472
5401
30395
78142
14094
28619
88358
47280
80321
66508
57018
60871
81031
75918
7273
84178
69251
89035
9816
3561
3507
19015
46164
7120
88467
70935
41430
51941
69849
68909
87493
4568
16914
28817
84752
59627
82599
70565
19041
30077
59912
66454
47751
21507
63227
184
95315
73751
79966
25596
24744
98756
69274
69419
78299
18875
12437
77674
50997
86751
92529
93750
20145
48800
86121
10550
88290
96162
13286
94300
12996
72523
29031
15519
55898
54984
69047
31178
25631
50936
42776
43362
49321
24636
37819
74412
57781
81096
41160
76659
61892
31432
25380
17913
91900
55283
60678
51989
54888
234
12116
21414
56647
16058
61
79547
23546
92151
11702
99718
71111
63215
87184
55253
95910
95752
16290
87260
28709
63527
37120
95367
21959
53074
16462
64311
88639
97574
28050
11954
9134
87255
67691
18826
15163
91239
86367
67722
39439
37755
51234
54377
3435
68874
84478
11195
4526
14940
58480
36151
47301
83142
57310
91606
67776
48756
53662
60731
84071
81149
74409
66860
93784
86666
65990
61254
83048
44967
54760
70462
66888
76416
2817
30929
22235
32785
86037
74171
81663
25345
14945
56917
60924
5783
16091
12607
65363
15965
10570
75192
9408
20819
44936
23297
83782
8228
38885
94130
90827
52494
64741
13008
64796
14311
63560
57447
97650
52845
69022
14620
4653
16776
70162
39408
91094
50830
29739
34709
47009
10629
50833
25176
24586
70371
43877
81861
4166
26199
27076
76615
48875
44865
44545
32475
22158
41362
84593
79722
75716
66465
17347
47401
48259
27320
35200
86435
54411
75340
16264
89258
86937
44208
1685
61480
95097
46795
88990
85535
55032
22519
41524
30049
93835
16591
54846
1806
3631
82977
93442
29682
92311
49412
34225
72960
33082
90096
65963
83168
83483
98091
35333
52617
76032
39532
50584
16511
37050
25078
5375
48290
69916
6780
73027
79296
86145
83012
72897
85508
63860
82065
34406
32698
43554
65207
73591
50554
42730
66804
96446
51207
55531
24561
1241
42320
26554
72783
80850
16665
51957
73864
13741
82737
82111
30954
87292
56017
40022
29551
46632
62250
41445
50127
68222
84390
14177
92552
69125
4332
64777
47265
94165
43628
41165
60040
48160
61152
92129
60038
76258
78649
85388
92495
74828
61400
90616
29437
3615
49863
66087
55482
15438
80069
15863
57597
61217
38910
20996
52036
62562
79891
15672
85131
36077
13636
23452
35655
27380
76714
55907
58424
43331
70378
16428
11062
80134
63157
53505
84172
85459
17975
79499
31954
78784
79408
42646
22425
81902
44719
39042
16268
1704
60395
81687
78337
45034
52302
76351
88904
42328
12361
73353
40873
61864
45579
53331
391
68672
62175
54113
85711
27449
42124
99410
27257
70965
37907
81164
69719
36122
70015
77358
57576
52285
7798
90744
27352
96840
90550
23624
22757
49211
58190
46389
39500
54326
90787
30628
2989
57888
10734
12356
82336
6665
75609
23557
29003
14724
20950
9756
73568
25035
70757
12288
12672
90059
10836
45916
81385
82702
99742
97348
24511
18256
86104
19424
24739
94904
35566
74507
22233
3256
42219
90356
10410
73002
68705
15121
15791
52934
98436
73657
89325
7147
42925
557
18544
2757
95328
20997
94019
30846
90974
73996
82987
24796
38358
60256
28991
77880
21475
36262
36384
24343
17558
58803
36682
97187
43281
86643
16938
8701
64932
85190
8950
20266
11055
12566
45090
37444
84616
197
82644
15874
50765
69504
22800
70904
78031
93783
42766
96312
52924
63040
95250
80836
37693
78486
62033
11370
69290
75517
58618
93163
13536
52965
42774
56102
3625
52739
8123
30980
48048
59678
52309
38193
40531
83250
10043
52924
88474
25618
47480
97615
92776
77289
39527
14411
75294
74944
84032
63310
66469
9046
8270
93776
11622
55614
18002
22994
76713
63688
94573
40139
63749
29299
95058
29900
16364
14685
16483
53144
82098
88610
74792
93772
290
76185
28994
2035
3570
92256
52480
76303
80
20913
54268
90641
89732
32703
78855
1945
77492
58691
63205
13281
31977
83754
68149
59544
59162
90057
24381
15205
75646
80264
73538
16202
34745
46681
57649
24135
94002
13823
87056
87377
60627
86147
99750
32212
89945
83468
70371
56551
56086
32661
95609
1988
80205
66724
49578
2216
28288
12492
29608
13308
24405
38695
73479
39182
68490
79905
37058
12090
80211
92965
82427
89155
88870
75939
43349
32357
7308
92814
60898
28259
49340
27035
60481
42786
40242
57025
39655
11677
29552
42159
64902
81392
22188
63684
19779
72288
34509
42557
97800
16088
46864
1744
30716
43713
59614
42751
38468
20181
25599
96229
43340
38992
66351
15799
56189
98712
61653
42477
80660
64495
15882
23110
87285
36919
77418
96543
99651
9499
20382
36511
66310
67365
24240
94706
15583
55311
8628
37441
72
47536
59156
35754
84623
65827
59176
51283
32135
21994
7419
66370
12431
18317
17757
75375
56158
30654
65124
46090
77784
19086
18409
60112
96624
55669
24331
52878
8659
86366
36592
7890
60663
95400
63398
39164
21191
83047
2581
19922
16164
20289
65800
93744
74429
34417
34343
14253
65273
70660
32408
12703
18620
29814
51541
85766
67730
46693
12424
27807
15086
43125
26053
95646
22149
48550
533
20375
73319
67644
82562
34632
6160
62575
27957
2379
95442
48334
73218
58280
67605
96776
98215
23539
36559
60359
7750
6083
74681
58865
24781
70961
50280
61603
77815
97298
95972
48586
69237
10095
12848
25281
73458
42847
47273
87449
73187
53964
89796
93945
57586
9369
72449
26799
22839
87877
92170
17528
32548
79597
10661
94361
89404
63058
45563
78493
2252
9233
11322
73324
33982
78541
49058
48454
23923
41249
86052
7291
50070
81347
81106
17117
8150
7221
5388
13862
65834
81872
4000
37743
31209
33878
39862
14925
43770
10434
31508
11340
8698
88704
77904
6074
972
8910
22507
58663
25475
1369
44341
64298
32717
60620
31849
87800
13415
68442
51312
14524
46507
39221
25093
96106
17286
93363
7585
11392
13885
67763
53069
47392
46305
61421
2345
53772
30347
9650
29599
53922
48193
32138
25939
45789
18567
52397
59314
77553
76230
52125
21356
74162
30327
68108
68403
91865
76102
50732
15406
53499
73536
28412
69424
15138
33294
45563
65439
53860
66539
38226
1043
89134
2835
77643
12408
97087
60383
98526
48555
26217
24368
97109
67568
47242
77635
83353
19572
37576
61237
72561
90651
50463
76701
13881
70107
2914
15237
18563
44965
11122
21007
6926
36828
81698
76749
94538
18756
85106
55442
38178
17927
79400
13850
11769
55984
76141
15554
83069
77339
49716
82757
30407
46942
83351
82037
31858
97211
63104
71911
70879
85097
75728
57768
8774
59866
46089
97047
91885
90305
35088
63964
17570
11444
18382
42352
88401
82185
18189
19098
48678
33930
17904
95834
32706
67937
12830
91276
71423
76345
4534
13920
90515
66482
50057
80689
91008
29699
2864
44217
38343
41838
9661
23744
29103
68034
95087
96070
39613
66844
93869
33394
12386
11390
84566
51156
40960
26430
61304
67220
99680
15085
89086
7276
70231
37538
81927
53270
82948
27284
8918
7692
10890
1676
13114
44689
49073
89852
17365
36958
87293
98431
61696
88057
26857
27703
49973
3070
52407
46242
13946
69234
86884
89361
76999
66588
82077
36546
70948
23695
93213
83195
24187
16716
41831
11026
33533
61434
9385
25614
51064
34137
65025
9315
59903
58576
57087
28350
12340
14575
67670
8201
93502
61844
54774
47700
87260
15346
68411
97223
18485
73339
23700
10775
14398
26856
35726
15547
7145
89406
14977
14663
31532
86750
44849
69320
81937
73157
60818
10714
56838
171
4409
45287
63011
31857
4650
36247
7805
84140
11641
78249
20648
1555
34425
22332
95398
57672
98338
46707
89970
71129
94883
79053
52562
15821
67865
61726
232
52856
66886
94295
3428
97311
43698
72432
81392
56546
28893
86677
23526
57637
86297
34696
38835
81238
49462
91298
40510
63973
41049
98387
7788
2826
91025
60205
91713
15487
55688
12492
40802
41111
45342
65677
64494
75009
39817
5107
93977
45080
9843
84053
96187
27478
53800
72786
64145
88941
84598
94148
44327
93602
31000
16165
56119
5450
81645
17119
80638
22871
79302
68624
19035
5835
22909
67650
55507
95952
71272
36971
56449
9849
62560
63959
407
26567
93920
38921
50276
78863
45357
54059
50425
87974
80239
11451
66412
7166
87379
72367
71549
8180
41100
4711
47826
99888
87342
33439
62406
416
30202
94598
61838
31602
54930
1512
4322
43920
90070
25595
4712
42089
43334
36425
73277
24988
2865
37183
42275
21606
91789
62213
71352
43015
96703
3724
81149
73371
49894
28366
35569
30046
97264
42463
44577
93385
98255
51149
85611
64642
83386
89486
62411
49784
86880
20857
38596
93033
90998
55437
9914
64064
97155
7402
85265
74474
66314
38756
7530
47468
3738
2473
8226
77256
63867
4643
18135
84355
91595
51233
19791
86183
41579
22041
45669
79624
70276
76019
22460
6389
47058
63382
76930
79470
37407
16184
48752
56122
17953
29559
20813
5313
50543
77681
69599
42959
96641
17638
3103
86704
16488
78938
41883
2655
53529
56610
25157
9836
99617
58070
57613
89565
9311
26611
89806
46111
23637
89673
80075
81443
87115
49680
67783
63821
3314
80389
12134
33635
55707
31462
28508
65755
58172
39748
62231
34343
46490
7286
64825
24762
29810
39237
62799
5359
53052
98995
91983
66547
5227
71293
15129
75228
79347
68000
90200
68720
82919
3325
13283
35362
96460
44129
2454
809
50167
75683
43543
16413
55122
71017
11543
95307
63846
79412
48340
50307
96245
67996
58191
42251
65846
37521
81705
21162
73027
52986
87489
75824
3237
59762
50757
17963
41314
62912
72330
60085
54609
36615
83892
75771
17300
62376
59645
20167
98569
72192
40183
86819
84735
13571
52234
3237
54759
73781
25903
59353
95674
17909
69553
89411
62025
15331
70242
61938
64390
52383
92634
15373
40508
74913
49380
91984
87288
31113
51084
54204
90248
44418
62747
60532
62063
84334
2038
86592
86563
9672
53335
64770
29726
47249
4971
20998
28260
29316
76476
64123
37029
12689
73814
97304
44041
54773
22159
11878
56276
15001
76380
63245
87369
30619
91250
15398
2141
71368
67518
561
12647
15946
52742
92157
69012
85408
61734
98502
19393
89012
79804
23621
87316
14724
16367
17201
92716
20560
73282
43318
87029
3353
67120
14372
82206
16436
81683
12207
72424
16986
63743
45849
47017
23636
72065
79203
8357
96982
80768
74180
70533
9393
84762
35710
117
32628
70028
75267
55763
4762
58597
1244
83267
77397
67113
15038
15959
88510
43315
74798
20105
75905
31749
56233
47541
58531
73110
11108
73810
85467
36510
36929
85351
15139
4781
15783
25247
62110
80185
36165
45330
87529
98523
95020
8953
48067
20768
6105
32378
78376
79489
83194
95916
38063
20586
13048
7703
17182
83448
3281
46002
39787
14166
69173
72060
77689
98687
76299
79993
51345
56400
66062
38380
43750
87632
54714
11483
38519
89384
87099
26940
55524
48768
34792
44803
6706
69504
6407
5235
35278
23549
26649
41209
55190
89817
42403
98936
27618
96820
52582
79955
24514
23142
50561
92615
20533
18876
65374
72645
8327
79360
81329
45412
78182
49108
79604
26343
79117
57945
52869
23357
42443
19427
73924
80263
79576
69980
38374
50137
93391
73753
44892
52819
29761
21753
86406
85809
10096
33600
75719
72285
2306
54278
88012
45592
43451
85234
29023
32591
32616
39221
2977
51453
66749
80557
38217
66835
55708
16710
10782
46716
32035
80070
33255
25777
73612
25756
69688
50739
96451
92825
11330
84726
64105
76812
60057
21185
74132
80967
37430
51223
92365
29398
7992
74700
61550
81100
87355
78505
94160
84492
244
21928
63009
65335
55728
38855
24373
11791
22973
89101
34973
9869
60807
86440
44366
87975
63863
18702
51890
82136
36437
62858
16917
70404
42368
92738
72449
10674
68630
30056
56668
859
11074
6806
88279
89225
93862
20760
97604
2902
14728
27279
93332
50482
3002
46613
64357
10672
8828
10840
29197
59870
57974
70793
99613
50850
14148
65862
9572
6069
7442
86255
43620
95827
67783
13184
22886
5482
2965
15012
31251
8441
79122
69511
80559
30611
23253
6096
71371
13173
90667
53378
94777
15779
28876
97210
55741
43636
53086
39144
83709
84074
95764
93185
98038
19172
89518
72717
28566
4487
85910
61516
4911
23843
7998
79175
75497
77301
51040
5547
96958
86200
31049
36994
44545
19926
16531
97694
84055
37723
28353
64131
48953
58720
35734
26546
87944
98664
41720
9049
69342
17152
54351
63626
36985
77870
6125
22796
27637
32753
38262
23593
12706
59498
2116
53228
70800
49293
91604
91491
42375
782
65192
90795
1883
98749
61371
1184
60241
65170
98270
58292
83155
29668
54084
57822
36360
3051
94254
84529
51244
23991
97342
64532
55604
92748
71908
68127
37414
33736
22995
57874
14158
52250
21993
44137
24899
77313
58601
33056
72775
57593
18497
21740
53125
70315
8285
14226
97107
39724
12981
87863
68949
82922
85376
76473
57380
13321
30775
24206
91210
48821
88197
87569
85361
45689
20445
6113
80965
48985
65435
69060
54271
61548
50865
5015
86904
59992
53837
68926
13918
25564
78478
72758
23265
18855
74357
36600
40845
14834
52468
2744
34334
8274
41972
20756
16122
77791
81596
50232
84153
77279
16980
70819
37430
11756
14048
62124
29092
64549
5061
15467
24916
89135
30613
30922
20080
36112
18165
41907
29570
46739
5384
8035
68430
90370
89112
57206
87065
63016
67249
80319
94085
30946
27043
95961
80223
8227
81589
20952
72231
17141
95536
6100
70992
43518
79650
7504
12834
79948
70357
12986
36278
32001
86734
52669
37352
87496
75453
28083
68844
85596
88157
30367
14700
62552
17516
44770
80794
64310
27785
21706
99059
2595
65010
36663
50885
21737
41745
82619
85436
99382
71833
77061
83850
60390
76625
18645
83147
3141
61639
96989
14804
87346
72385
55432
31661
82668
28014
5016
71538
4815
61073
51405
9200
64542
62334
20751
50539
51380
994
97353
75345
6585
16155
17956
88038
81197
49744
9887
78667
22065
82127
79786
87138
69254
41119
78770
46221
53557
71923
98112
53402
43850
73366
82200
81790
84780
78783
30946
3322
45186
80291
67220
16599
99600
9389
23656
56279
88862
7529
39808
85291
86765
40338
8435
40694
90063
89121
89116
68685
79981
95069
58430
94170
18825
22847
35057
4354
50030
92548
85627
78222
35866
75890
9934
40951
55750
77094
38610
41589
73312
40049
77714
81609
36026
31904
77281
78949
69286
32890
12973
78668
74829
66929
4805
386
79849
52068
62805
74290
52642
2516
76506
45204
79349
82337
20114
91880
60935
97947
53574
1695
37717
89979
4800
39185
40723
83098
59805
61148
86542
33410
24643
7956
75037
94616
18906
97285
31836
51620
76372
31835
71770
99684
26114
34130
12425
20877
89880
58899
13270
37639
75
43000
68497
98999
54712
19405
89614
65551
26998
63190
29996
60251
42239
76489
89482
150
10990
73899
19953
70979
63533
74610
88633
12208
3169
26154
94337
44335
31471
43845
18634
50040
12940
44477
19814
69497
24785
8214
16482
82809
70010
6531
71419
82621
84840
50616
4739
67992
91131
59051
37720
49267
14099
82180
5460
19217
13737
49935
24840
44513
61105
69363
80285
34391
34661
71864
30348
99742
9646
799
96297
97162
59253
98222
9200
86852
73905
53713
58385
45706
17078
28647
43007
78692
64358
64652
7063
67666
24651
93716
13096
53446
24051
69854
73690
80708
17476
56583
8910
55975
21647
10651
59367
19645
81505
25979
68753
24656
33382
74800
58884
66389
3693
57626
34152
56365
40423
18472
91672
85902
24550
76016
48049
586
20834
94088
40935
83731
75793
2622
11620
68694
1536
73571
89662
77479
98034
66568
59404
87183
75624
74400
69353
59534
92814
57538
79924
96959
40192
97967
49011
18469
69175
23361
57697
2409
88578
55407
37920
28147
89235
28748
41003
49230
39280
75545
73522
40485
66168
66465
2598
24961
11004
12737
925
68572
11401
45104
4996
23925
85721
23678
67226
93175
90455
18872
2768
1049
39688
19138
29621
11628
35012
43479
16816
27846
50920
69835
52076
74925
35703
68007
60667
35822
81525
19469
42216
27328
23047
11769
17993
79178
30199
87507
9777
34093
67913
38491
19666
29398
34324
72872
19017
21346
52883
53602
94861
92357
38746
45279
46318
2160
76275
21134
2381
9803
7069
17026
21935
85817
3088
9679
60317
41616
64125
65930
50136
66492
42508
92813
91269
49466
20933
14760
46974
18113
42837
61165
76594
40883
48789
3945
80266
86450
28164
85554
37609
84522
68200
21597
31951
64923
90496
61989
63234
78306
72972
45218
59130
38426
59017
58783
6650
71225
71399
57511
72269
89275
33110
8222
22252
77381
48514
43447
36128
12755
46931
18112
61054
31523
53072
55066
39223
9004
62350
37508
37665
62980
92500
95826
87966
49349
42291
36510
56697
35516
53890
77804
88498
3820
37537
57644
1714
81106
19260
50725
43910
14790
97578
78040
64264
7015
59064
83389
38054
33686
23680
55339
44304
40575
44177
52591
97351
92760
31924
309
22043
37606
7503
34718
88671
55891
79893
51075
81847
51778
13826
58749
26507
94928
99856
70026
99785
46674
49474
81444
5350
59871
90972
78836
88020
2406
39797
36920
77324
60061
9816
70129
15988
95243
47131
49892
14501
20375
5183
78915
10609
38226
40765
89501
71745
70440
17281
35201
64760
57612
31990
91876
98677
14364
39856
29223
66364
68717
16608
23467
76116
93791
50462
7730
13902
28716
66622
16976
52852
54059
34151
16515
19841
56949
1017
97122
33844
60000
17367
8503
97667
32912
10209
5709
99781
86069
90721
78460
75690
32877
49338
11962
94579
18643
35034
96498
99209
25904
28953
45668
71253
39880
9107
21568
83390
87599
83497
79296
91270
38781
83788
96063
22939
30972
53237
5210
58944
2717
94146
23397
19025
81735
7734
4419
89973
84488
29074
61762
29774
71578
42653
27119
84997
14359
30122
93258
78265
67047
95256
49296
38739
44618
43912
34100
73303
85851
6571
26086
57496
16072
95464
46808
60362
91712
54578
12527
71089
2020
3338
48421
23245
13893
8692
73452
90577
60595
19389
89562
90343
97910
49685
69362
17793
42115
58140
85112
6293
41453
23622
30832
26088
7265
8067
21727
56486
10244
1446
53137
40664
39242
10628
52389
26671
6829
5550
64698
3417
63789
63065
91551
41955
18033
90596
19
39776
4715
22514
31628
52418
97343
64775
12670
90075
58723
87255
51202
14394
72907
92920
72257
24678
6789
60263
48143
62036
99727
99513
37308
5733
20537
76292
97326
82355
88356
94479
95213
5311
6574
8924
80229
76246
48804
27801
90758
35709
90215
29084
22469
25595
23536
24064
94019
35128
6611
72926
94671
78959
23595
66882
4183
85369
90288
91534
60659
13943
42397
75872
68525
10244
88206
82016
67159
36618
1321
13383
73412
5399
22964
99250
53385
35788
3335
76771
87301
73388
26717
39853
21191
11248
53354
54902
72951
67264
42076
27073
50270
65684
64733
71410
61351
71990
94221
84302
55726
72219
76718
66442
38178
80424
72922
92145
33658
73592
33681
22762
97081
27019
74779
47700
93417
48536
41770
64213
81147
30939
16512
78006
44329
57637
34084
1049
51962
45529
68881
45174
36187
92089
55710
49029
54616
23156
58538
43094
29836
53075
90246
94308
35528
68561
64771
24718
24615
69323
47453
74751
35018
34525
74766
99989
82723
59101
80266
52402
68568
9576
9490
76579
16652
52897
87969
54980
26167
55341
3974
47697
72629
8239
28030
13836
21386
4601
95595
21139
96627
69977
54799
74857
71582
7068
19459
71194
43954
80161
20829
26244
69761
72218
87919
60740
81616
35722
18099
71332
59664
73381
44242
94559
50252
68823
34567
93720
16023
77954
25705
1790
70547
73320
14283
35219
2265
25781
67880
45630
94716
99823
11787
11723
15251
21810
73865
634
51382
7494
25671
89310
89105
87866
49450
15462
67488
33367
88404
48159
65560
80036
11225
50474
28752
85023
10023
55340
31127
55501
40035
48480
49307
53478
35283
40330
68452
74217
85592
38503
93319
21436
89848
40578
32455
60681
82667
96739
40250
71457
10197
5307
410
32499
99527
3107
1658
14629
6153
99503
57773
15916
52959
1630
48264
91358
9879
85445
10752
60091
35327
97082
92567
28459
17452
11921
12348
34349
18844
31560
74307
56860
79231
54660
45592
49427
69493
12871
92692
7110
48051
2063
67566
46521
60515
94728
19259
7706
40968
36470
10274
83219
26646
70261
99611
11584
48215
48797
63635
70756
61941
88251
81584
93748
76661
23133
47509
74502
70215
22992
28963
6069
91517
51034
76178
41055
34443
52954
87433
73477
75003
16692
35393
38591
86209
29642
1866
32066
76153
54151
56724
99107
80412
9217
18783
21561
71377
29768
48211
38004
23594
14786
43473
34014
7964
9011
12388
16934
29255
79952
75422
98493
89902
34947
57237
23964
23210
81974
47252
84725
38191
36502
93768
79098
49567
69474
18743
57258
34113
50267
72576
65160
40546
97619
45900
38115
5330
46937
95242
12765
78373
45116
44540
48097
84138
45401
16072
21710
47855
10773
61417
25792
97512
29931
89845
11239
30801
95449
26413
81287
37928
74965
86096
1324
60642
62275
12356
10096
44749
69898
56551
7005
42682
64230
2351
92319
31206
32538
77142
34447
44883
24819
27659
25958
31750
2911
81179
71931
18290
99017
31606
21126
25445
3615
27823
86177
4538
77002
25392
26049
91462
79749
89118
91628
54336
92045
83237
67632
42380
67064
79288
44478
10758
15836
65895
34010
93000
76951
82820
37334
17096
29451
82172
36971
3517
34972
44603
19965
22793
77450
60498
9774
55488
56159
34828
71991
63364
55753
32386
43230
2187
65714
10122
81685
58163
18469
67955
79380
83146
61421
39547
10234
96799
52734
64763
56281
54078
12140
91964
49265
46869
17032
42115
91676
44821
71272
5084
76340
38528
4380
73128
84082
15405
48363
91432
8693
97824
68090
57207
75550
59409
31541
73394
89549
94561
68721
76168
54041
29376
57310
85391
76012
86590
76328
78140
44650
16961
25540
49209
84371
46030
22972
61137
58618
46091
10579
3305
33928
61441
68161
99230
28644
32252
12622
93387
73468
73962
22838
4516
64745
58196
15543
69088
57416
1913
9566
90204
90259
75943
70107
6787
38775
52880
15687
41069
96064
68156
57310
15055
43148
65111
41561
43899
91670
93219
63620
58042
84217
92443
69943
62039
88562
24620
20672
46091
23730
13888
50557
65368
18525
22850
3542
61028
58229
56311
21474
25314
81648
64880
32965
74616
98967
16046
19657
11766
72407
27036
62317
47992
29793
14621
49265
83944
33198
52308
60019
31158
10184
72802
75934
96350
99763
38939
96034
99486
33366
44319
6047
74438
49218
60734
72742
66868
18131
14793
80352
2972
21905
15710
81564
61549
87632
23681
27809
34932
46194
78832
63663
76834
79257
91969
39727
79947
13312
26024
75690
61730
10849
86328
94680
52786
70348
37909
91703
64254
45608
44976
66688
82111
62910
41783
93285
20935
46953
63021
61369
32349
50879
58623
63213
28708
20249
68686
8679
71275
26107
69268
84122
47675
67896
7284
39020
53842
57666
5050
15757
9482
69015
18576
86225
43815
94222
59936
51388
72801
50023
95733
53653
90564
13591
60485
55443
61512
79271
63246
73386
17034
66924
95364
97947
43671
97749
50177
91012
79270
74161
28634
98603
50639
74099
79888
87310
40250
25512
99713
71699
96848
94555
42967
58941
16356
81808
247
71982
64643
94531
36592
45627
11228
2694
52509
60644
91389
78778
68867
97096
59501
63483
45254
16747
25020
59084
39873
55999
35140
15813
25813
50117
83147
18621
96100
75873
86484
53371
7009
33536
22445
39966
20030
80667
99516
82742
15383
65235
85477
34583
61534
26572
62580
2859
21343
10370
94709
51891
25552
93829
79649
54146
31625
6748
26065
47237
61672
73439
59907
89459
30568
91003
76454
15820
63882
48647
86807
17250
74000
56994
65064
85777
22871
47441
81003
58967
31697
38550
45567
55770
63623
18284
96526
58421
95558
40320
7445
57455
80760
28891
6996
93205
64387
695
50058
5415
304
62363
79075
32044
57254
46040
72856
40856
36607
75730
16419
31538
88631
22608
20762
50726
11751
45315
79632
65127
29662
11035
9482
6394
45802
80270
15005
48614
62105
10707
638
75636
93532
43723
38895
38518
51705
7446
14950
50239
90091
20861
99184
89607
36784
87211
53501
81248
64083
424
33612
32001
94603
66691
20475
95328
83086
74031
23271
49627
68358
9409
92563
54737
22466
18730
22560
10796
80185
39294
49210
51174
54124
27443
86046
91363
61186
92625
6803
84664
97156
51287
94805
67152
45378
14284
69424
95462
68096
75088
30064
29782
30617
61992
84208
23487
98718
94935
46543
44161
746
77316
94125
69748
53012
27882
74706
59763
49625
50024
86825
99089
36842
86587
46900
30181
26708
92431
35590
17501
22650
62776
32869
70826
28845
32482
13016
34383
36020
66052
46694
12405
72021
9227
60523
60201
38137
46804
62163
42757
37178
4349
88677
42506
16035
21417
42660
27233
33365
18339
16340
48188
76835
16077
19631
59203
74493
51873
8743
45359
87927
57435
53586
20284
8033
94248
22444
5190
37242
64537
12533
90859
9778
7031
80391
75826
95393
20755
72292
97896
86518
85362
64987
74613
72499
99834
92221
1299
45077
26897
84758
73969
18664
27179
88683
61886
89262
47562
10599
20182
42173
43494
71300
5273
96387
18298
48135
68923
40983
57424
57344
64459
90272
92205
11458
2905
28574
84396
29122
48516
37024
26138
10539
99882
70734
38357
68613
45826
89165
8307
27088
84264
44115
29298
82402
98482
14156
21572
24540
92746
2348
42953
15368
13407
11649
83897
44458
64643
42657
14355
64480
41715
72645
63193
14974
88629
80401
84783
30126
53279
50665
88543
58280
4575
54827
72969
56874
55642
87782
14354
40594
81267
779
43749
59755
73103
22255
93557
72406
96030
1313
38639
32693
84729
22233
12514
68653
11251
21587
98501
33264
40980
75364
29903
27936
67357
45342
84378
58958
41963
37457
97878
17966
93443
76156
42303
70302
43092
20427
87007
60581
9594
76929
78095
50166
10512
56519
36078
96136
26076
221
85517
48209
86090
67308
71972
94011
39883
91400
76724
72164
29671
75290
86857
64335
13120
27096
4298
86276
38969
85195
78919
89519
64010
80748
62897
70816
93285
38353
65802
5440
63090
99811
32081
1853
11039
64114
53244
6444
88203
30501
83165
44700
46951
26678
22530
20230
68416
32749
67202
72801
7305
48546
52055
22028
28656
35353
63764
68882
48529
69540
83233
74829
80012
33100
35466
15130
61586
33309
60781
17659
75614
94193
53788
45643
65016
45316
85913
53872
22831
39845
63642
27265
91836
82270
45637
10725
86280
91711
46578
5264
20502
37283
26873
33289
3027
42960
64641
77224
74392
93675
49441
61804
36373
89573
46323
50351
19241
23584
34970
48630
21559
62386
4146
60420
99814
81871
49851
76324
32992
28744
66461
1674
72830
71810
45335
8949
67603
9317
80879
79824
83152
69913
86408
93561
694
88820
8993
42304
89593
79865
58362
45493
99338
68291
538
71195
89205
62979
11805
53126
34299
3320
98939
1959
62716
81706
56251
83068
11089
56275
11118
9660
85989
10810
61362
94916
25321
9074
90833
98808
83446
23496
26283
20289
9362
2639
1625
50000
91702
48306
44222
68934
18687
2769
83658
32018
63019
18449
83703
67727
4819
10115
53340
41576
15951
82112
52754
72851
39407
48847
67108
15851
36847
14040
68837
88835
46734
39148
86065
55815
22209
61350
97959
16772
41213
49023
2661
72423
39617
28922
21092
76020
62676
63770
16274
72227
65305
19539
50791
62281
37308
51318
80972
38325
40713
5832
89024
34354
96245
30927
24337
92300
42599
23409
16576
31830
63778
58227
28364
39827
40114
95661
92497
41621
51180
11693
61232
60622
510
31800
95803
40711
21120
67801
84656
85120
37569
71937
60360
15190
7247
70708
3486
62061
42145
31311
44751
9062
33485
3372
71284
64376
51970
28531
892
96120
81918
1406
11455
81141
72893
76987
60926
69244
42906
92155
80795
15650
67098
89508
57644
48338
57823
4971
39167
57653
37886
73155
84594
13291
84428
11520
68163
64036
1480
33582
21827
28982
5252
57049
21161
17031
29244
29703
15270
73154
75122
26664
35693
17558
768
68611
54680
38606
12427
6067
41128
23998
9331
74169
97020
84945
29854
89059
98055
90527
34422
59535
43505
70712
44121
65758
95815
2609
8994
85000
29615
17806
46720
80396
50132
59254
92220
37648
50719
47714
39216
6141
1816
95647
4462
46741
24618
84766
93140
8198
24268
69772
47060
61383
35491
70555
89864
65106
54313
77954
10079
85735
9852
22040
30847
46299
71940
4509
64396
46938
78392
83768
49707
76616
20893
30692
38770
4941
62833
4986
65
12039
93275
33772
75933
32685
35427
98479
54468
46476
53057
85116
80319
68528
83427
31418
98545
93615
99372
74730
5423
91458
71270
28566
34023
45142
35407
64905
18506
43178
63986
13560
41925
28705
41086
34681
74212
9436
11640
36914
98678
63261
47788
62887
40209
9299
7866
1126
57438
64427
20277
87960
40707
95641
21757
20549
27644
41082
34598
25171
99233
39064
70456
80352
82240
63434
59735
18676
91155
38762
53865
89714
99268
23437
8446
22303
17198
42261
3716
26326
56863
51383
25064
18926
26673
73487
29334
19004
17722
50415
98189
28193
99695
3595
56231
83940
70995
15387
97869
63494
42391
71509
47786
49029
90116
64814
22293
89120
38407
43078
56092
47000
91876
34165
17982
6965
78826
49778
48549
80241
17360
26588
73674
9129
60237
96779
24287
88325
40122
1511
15528
23256
29801
53360
68462
14503
82897
63620
74607
49516
94211
71738
41581
83919
13308
98025
6626
25845
23769
5025
21834
14548
75170
93807
56802
45705
37479
21916
51748
52973
78361
98178
33112
66499
93616
8120
65044
898
21188
78627
21920
64260
13497
13072
42704
96920
508
5583
90729
50800
13621
39337
81335
44018
27689
75370
28716
60029
58877
14595
54697
33852
74712
62792
85696
26503
85627
35062
7980
36490
26380
49205
28404
65192
29891
7280
48788
57650
27023
50677
54294
82128
5772
33857
26310
1729
76008
82722
18509
44752
78744
74327
50602
62795
74245
37048
90385
75889
56712
43605
74075
4781
11175
71016
68011
78132
37521
83058
73703
8320
74575
18477
64719
96552
8081
39933
26801
97280
32910
82491
2562
63255
33010
78904
42074
51208
50377
43448
8042
69445
31920
602
15273
88204
8101
80559
17646
80920
69547
2546
73870
45454
24977
17131
96190
44979
13436
40584
61254
85773
79614
71738
91187
53634
27580
30276
13687
42243
78967
41801
27216
91326
3563
18507
72469
1533
80561
24681
7727
21934
84584
51687
90252
41919
5405
29653
98932
81138
23065
60260
92351
77648
50440
91031
99752
60556
47168
33677
23093
32332
72357
57963
84751
32952
69049
80510
67725
4685
49161
63854
38887
64942
62829
31745
5070
63866
24561
69749
91195
69083
15106
75063
35067
20958
862
75227
13100
89927
848
96669
52059
85903
83289
7499
23860
96974
38049
40187
15656
10258
55985
43398
7142
72346
67159
22760
49219
11092
83657
2292
85676
20378
3646
48555
31623
1844
36472
75172
61615
8740
22024
4501
93076
73826
52689
44828
54556
10083
90402
48447
13121
24020
49553
49394
75562
81929
95053
62536
70283
471
97217
37575
33676
22930
16383
91097
80227
90437
5436
73724
11761
70690
75477
15867
36811
47574
83122
14890
6484
15534
38480
91226
47790
7156
56641
36120
16548
20083
56024
93919
46059
42147
78172
65017
64884
69030
97445
18359
81948
51978
79263
19136
69739
30533
57109
85508
97502
22038
7771
85625
41005
46311
12414
88356
10930
79524
44813
64609
99920
62735
90596
50770
99620
3910
24880
784
24069
95897
19762
459
87176
80680
34208
65897
44564
63229
86661
72290
63878
61612
49048
50129
20511
88662
33176
45524
25401
89491
48369
5564
16509
80650
39784
71656
73643
58167
3067
40919
62792
38807
35132
24183
53772
25647
65354
18961
59374
9451
55053
13035
82308
98873
65343
19916
78376
159
50449
49331
18994
92495
79953
31129
1747
50517
30684
45213
72614
54477
59710
67977
43598
20730
6164
87614
95441
6666
79647
81793
38677
1552
58285
87980
31113
51299
93795
69191
28140
10834
542
33631
62901
56997
63876
85866
93321
37872
18158
38630
55687
75324
80257
43169
3533
19986
1731
88862
51268
98257
77091
47153
82015
34131
38448
80494
33304
24535
15714
64785
22403
54732
93446
90701
81727
6628
33991
79204
40034
58383
16725
37579
79479
5575
16990
89388
71559
7436
39382
42475
43943
39889
32553
79408
17517
43233
66379
91378
2290
64881
26200
707
83864
17339
18175
77470
67666
47506
82433
52805
63476
55479
34160
32228
8636
25866
57475
39746
97851
11135
43494
80639
1179
44359
51823
82405
11498
63660
57736
99282
87478
81814
80820
26620
63574
47995
6317
6462
88144
17297
84662
48382
42273
92538
88938
71000
2452
50077
32244
25223
94005
34938
59344
89975
13318
26136
1168
2129
16036
7373
34809
35146
96879
89829
9033
76524
63917
61506
78131
51828
61758
71289
45830
28538
22814
53473
63418
15523
63059
77004
38826
39474
22369
16000
11448
77966
80077
34049
11971
2286
56794
71112
22776
62512
71229
32980
2464
12055
30281
53792
28923
11354
63428
89212
28976
8497
44208
70197
42118
28522
48971
78295
51245
68194
60140
65337
63150
55205
72518
89088
52919
68524
7390
56794
61818
33394
62089
12930
65651
11275
18072
40915
57755
64045
13776
68511
71045
99383
67143
15469
1350
75968
33560
70770
77632
37626
97703
89098
83885
10486
26732
44651
70157
8665
85326
32629
77201
50090
61475
30829
61181
83572
81420
12943
58013
13761
24635
92188
1059
82756
19591
15033
63053
31073
6948
98248
63633
78269
15899
15479
11782
15814
20199
87376
52632
89322
47111
30144
910
18116
76969
12952
99830
18544
9184
57527
1669
47103
45254
69507
16668
19533
58473
93345
13655
76564
17189
8800
8792
95704
18270
88821
85040
36999
10228
98333
24911
85535
77168
98327
16853
7165
73136
31242
83747
54313
63436
55090
9610
88066
79233
34342
1464
17887
76285
92719
75836
43150
27562
84604
32392
10125
57059
52401
82612
35859
53212
30758
34973
97446
47924
77803
15707
60349
88556
83170
36290
5395
71136
97481
32409
7799
38285
2421
9296
99802
65146
58164
6831
91178
78811
71624
86258
52643
32637
24832
12453
19016
76173
70245
85481
62661
80267
28765
53674
28073
32385
9904
72221
42236
25530
83210
17
83770
67670
86335
24018
13977
79974
60587
10522
2639
66960
39798
81379
39327
60539
45497
23359
9938
59731
58992
72343
8506
97524
79120
39001
76467
29920
77270
70157
32670
8987
49525
38415
76418
85524
42397
2049
51794
57015
27790
23622
91135
72572
19263
55593
88424
50002
13264
51798
78758
17864
80303
35012
78105
5058
35995
60745
49897
39260
82705
92236
68116
64804
30383
36196
432
85739
72298
82324
59079
66212
86806
87827
68059
56309
42217
28422
57033
44862
54757
23429
69332
38606
92061
70356
68538
51103
66012
42371
7860
21898
6463
48835
44916
31423
36853
50024
1955
4642
2703
5446
19732
64335
26663
3286
93216
44072
62340
28331
54721
898
37704
57938
17539
10374
32498
42490
41972
51266
56240
72550
21722
97397
68970
46214
57234
61012
70716
14034
28003
18076
45246
30435
54006
59864
79007
6652
58826
87474
35197
79537
76858
53720
22942
30954
59379
20841
58734
2702
5856
76542
77346
40810
18231
50045
70130
30881
75662
759
3560
79303
92646
29001
78177
31112
97151
80082
99499
96058
88116
75842
24176
68379
62502
67675
15167
10639
22044
4523
67901
38957
83263
58424
50917
66539
45849
70079
90802
46173
37298
40513
16237
30561
75398
8738
276
19640
65068
43194
5001
58129
29094
27165
35419
63547
70929
4452
30354
13975
79221
43876
14812
922
49442
17087
76586
60819
38244
28949
93010
12777
15005
35456
19625
14661
77289
71396
81494
67626
79754
47805
60985
32092
70368
34031
88999
6886
74572
75774
78764
32378
1039
36769
78048
78549
330
22253
57811
94275
32583
52214
84786
67620
13833
12300
31247
79745
79902
38226
70107
45584
28383
85717
53403
92585
19546
30269
52170
34694
7846
18632
66654
42614
65533
59574
82919
45293
87177
14489
81304
55571
21427
36570
74636
47798
86756
66836
65545
51679
34788
53510
12711
41876
92100
13338
7145
4129
71160
64859
28385
56079
83634
33807
13240
60137
70286
26944
72150
70501
22025
57663
30925
44539
65958
30950
47499
77532
51388
15819
72674
21669
87863
20565
55481
52595
90094
27886
67348
63593
72353
70749
26546
91272
57289
60217
93816
80808
54962
60298
86118
8651
8732
88506
7751
67996
82739
38184
42924
18824
82608
95052
74483
27734
59159
16765
81074
20006
93930
54182
36585
51542
28617
79164
67905
88276
25178
6554
43259
51428
76881
3930
27569
36573
43409
51790
45533
34050
91710
9118
70767
80948
14225
97488
30769
51239
96072
11171
59870
10139
11647
17886
42784
25930
92766
39360
75576
99812
57757
85550
34957
34565
38829
87563
38086
47835
62390
42138
28761
54841
60237
42974
31373
7051
387
8899
2302
18340
69329
68332
78734
24705
53312
99721
94170
60146
9531
50629
59901
29660
46357
66989
89450
65359
86172
92937
12072
29668
42118
3161
1025
98334
55275
74368
80468
16660
52011
74317
38868
41088
2530
56950
27691
75279
26602
88512
52153
36192
61634
33051
59349
95771
43211
85160
35016
23836
69811
78489
27817
9078
61384
8463
6220
20376
51430
79203
18011
77460
30409
59469
14422
43151
91666
13750
90211
61977
80308
98945
9385
88982
16371
32867
94957
32083
99416
39727
28699
8914
78649
28039
69756
50919
96100
38200
51642
77801
1417
30807
15830
33944
45174
75293
27181
15262
29134
24602
43480
72833
60537
24850
85590
89084
17982
27874
68260
8166
54009
922
28205
76544
15192
98063
79
31797
5485
47220
16484
41518
63399
67477
79617
12523
42506
5317
22550
17360
27850
58169
43658
14561
54461
41179
41730
34807
76999
29254
98788
6114
52745
10535
36111
6571
63344
13684
72620
94492
83004
65706
4681
58864
4851
64372
8545
61796
57096
18275
52594
10639
46806
94880
28561
4116
29515
35987
6274
80910
92067
34083
35699
10583
26236
40222
43141
7808
77737
15417
2067
56200
96529
724
18022
73866
78183
79480
35703
69019
9887
53443
98144
88273
9814
90613
96579
14784
29476
12635
44825
52042
67696
8979
12959
81772
94934
54130
40131
17768
62918
83233
19525
75030
11974
15055
23404
50277
75722
35215
35202
88122
22214
29718
17947
33604
18659
99302
65115
42245
63421
95322
19231
23488
3897
18888
72838
94795
95007
65222
8640
21955
75331
30620
97231
91666
69939
54558
49863
99172
48859
88848
62769
92548
87067
9221
79556
30001
51910
37755
29530
8435
84299
291
16571
92966
19105
5176
93387
71931
6134
89869
2942
25945
45106
86612
48925
31319
42913
74484
34604
93642
40064
57883
52356
82219
12260
84828
28890
7730
15430
77322
53664
78023
95361
29447
13619
15560
78650
46620
46393
50679
74171
20916
22196
51495
82612
36977
61688
77075
28229
53501
12580
62351
65273
59415
34622
19395
64821
8518
34629
45146
27328
30606
1392
46776
73075
9859
96010
92639
25122
57386
74347
62105
62515
43725
18717
16083
66924
62263
25285
43756
6023
54661
32684
97027
88789
744
20371
20856
96230
9435
78561
21507
14529
8885
29986
96331
28007
8922
55858
9940
44961
35461
38324
41881
60761
38159
77038
73905
36228
80888
57292
98672
53440
81073
95897
32953
36377
74801
92852
53601
27893
14287
2149
82784
96652
9660
5266
39456
51056
83307
59111
44340
53273
79391
98201
27470
5771
24069
23390
75987
41945
33978
57222
40185
89171
35758
41175
22344
13937
88645
94994
87665
86884
9899
53520
48287
92748
42646
91518
6211
49870
31228
44135
62409
38897
82610
86530
75689
45486
47200
44714
85208
43025
57072
58169
15597
65622
68724
91868
88996
73310
11146
25731
64963
92448
7280
50619
3249
25096
94956
76797
80246
36093
37585
68346
21477
79803
67341
19741
46430
30717
62356
2841
32245
32825
26778
80357
25060
6079
2672
56579
86581
78517
18760
89851
19248
8308
42247
18166
59713
96410
42716
89674
58262
89793
37736
20682
49517
97252
46364
37773
70488
70859
78673
23006
81976
13599
62527
4379
57811
35413
8714
24942
56453
51805
28084
7965
73812
50202
8478
38942
20466
75839
12564
18103
94491
40763
72925
69601
62140
82597
28525
9582
24808
63020
23132
19153
10643
51967
19073
49169
49588
85006
16638
33902
59703
65563
56665
26208
68039
35714
70069
13227
43507
5459
71807
42039
55018
93352
83224
42743
77039
16679
55133
74098
92069
46207
58784
60092
58504
27192
8676
30813
58563
83611
74221
91306
191
73089
53575
79621
87792
97236
46492
16159
76010
52362
9742
94445
76723
84527
27711
66909
16004
98273
76745
55705
64144
7551
67295
8586
37125
35356
60812
31879
39544
19125
85703
46702
89170
20032
14498
56978
97920
48083
27172
81091
83881
4065
23504
84459
8339
23
28951
98704
61960
40439
99274
1976
53436
91109
46697
31756
39194
83936
55919
44094
16892
20654
59775
77142
94758
978
12113
63792
86394
90168
77909
78904
91188
32863
63972
35511
52874
65593
77401
66529
17549
64737
86058
4798
61172
15940
82948
29717
66356
54075
45086
12380
51618
45116
67790
26589
9022
60680
27043
54720
41400
49920
86721
52831
39607
57962
72279
79969
23699
53243
30440
47459
8184
12920
14026
28247
87027
44771
59727
55062
35187
65615
44781
2266
42981
72737
44788
68106
83801
5835
36328
76239
35029
19239
43413
83850
93503
74652
28209
8176
43093
60777
66469
18299
97073
94178
1295
42555
22435
36489
89989
54004
55740
16265
18678
95048
89987
50858
3219
49497
3873
35321
67648
91854
89339
52247
53515
86546
81976
20579
68882
47389
92032
21209
16478
22604
77026
8032
40048
72420
91215
6971
74593
48307
26142
96483
32447
83500
39500
81295
94602
78222
85523
49296
19565
41390
3051
788
21479
35642
89340
17904
74309
44616
2514
38741
10619
28483
7711
56140
40973
57062
52571
18699
76268
16228
72793
89535
54814
64817
63775
41278
83654
38993
22669
67325
57645
54945
28997
52254
18296
4119
14449
87236
94551
34880
30297
57763
38504
70839
22147
38197
11177
28528
48669
15523
94093
47591
34258
27231
62738
1044
8055
72749
34524
16400
87029
99996
41446
32036
24551
41374
39294
54558
96661
99377
91983
94102
36062
10357
31757
34541
40492
35075
80789
79855
35857
49951
34437
41107
65067
53297
80399
70142
89735
96702
28670
88932
11367
35879
13974
69748
62074
11912
33484
2126
51909
70836
32412
6068
62468
72664
91539
57266
4853
12347
1642
82538
86018
87692
59644
69556
72503
88421
94522
35255
51612
89059
11514
3131
41925
76141
70391
53099
81091
98522
65839
34372
74386
35401
77914
74335
29536
45960
65759
24473
57413
65305
41569
80639
55690
43844
59851
21756
76509
2934
99266
60836
600
26154
71979
68268
83966
39327
75506
8470
28758
17439
123
41445
19797
88715
88330
32163
52853
46645
76240
36344
4081
44218
20678
57511
92065
9452
62501
49367
56244
86871
50091
76432
79191
50841
70095
21209
63389
15207
67426
24839
95014
66751
9136
40956
95306
7302
90916
19828
7346
95225
75064
44326
81755
12866
34311
20005
9798
21620
27292
78039
2635
59651
30100
60552
29907
97658
67014
85558
20509
30537
339
47377
62801
47245
54398
38039
30179
69825
60708
23331
11951
58236
51925
30249
89807
74399
11666
12251
18679
72472
55479
68529
34541
41349
49521
75762
74613
69426
26995
56765
19120
42033
42554
25565
15878
65014
10637
36370
75068
2394
25348
96464
38045
60522
7259
23501
99697
91627
22875
32431
22971
26956
78676
30073
78346
43337
3652
47717
32537
91841
22687
93930
42164
34915
27519
45370
50283
55310
58952
89492
47853
44286
17052
74895
29362
20680
26738
70926
40400
37939
97471
58799
56985
18365
68689
40319
93969
21197
9195
1017
78055
3205
79126
59448
30734
57602
62507
83298
28688
5707
10983
92499
74462
74947
68579
18946
67201
83941
58404
38179
96252
87220
95504
84621
4536
89027
37834
27618
8100
98024
55168
41713
10150
16444
93663
30871
17173
26945
28313
99765
51582
67900
56393
42038
2740
50591
78086
53565
19776
20730
7966
65564
60065
27268
14498
55797
28493
68029
82599
41744
98137
82871
13344
56194
2437
11869
76890
41927
91558
80330
478
53049
78958
87679
52349
58279
50520
73084
84870
64373
71054
81415
48164
92941
82911
93066
80958
41060
55253
68551
57411
17188
98261
63650
20744
37579
30837
38232
39144
58643
81231
96572
22847
90881
45393
1741
99188
89451
93152
99545
89477
49662
92886
31316
2591
36756
24404
7152
69712
30026
73535
83763
62872
66598
70239
15140
28711
4459
87729
58598
59669
57468
84215
57004
56232
66721
1908
83973
83550
4728
68900
35500
44416
34147
3679
53097
96342
48299
47665
21305
62137
26933
35363
66237
40184
16731
18528
89180
86194
49539
49046
66072
21062
76080
11903
5581
45139
47512
7396
47859
50094
500
72464
50712
27044
22942
82941
54803
61426
14603
49397
43441
96654
44532
81382
20259
78951
68969
14937
82357
74997
41652
19009
73344
40304
53296
6996
77295
80038
14857
17201
67466
36750
62632
35846
42287
70453
53470
39031
79213
47906
79714
1216
53629
30370
82607
76639
40764
14038
39919
55241
3119
47776
91593
37644
17225
97431
29901
93593
69922
64720
15012
91944
87473
60645
92325
60000
62409
89024
7916
10260
43126
19309
62733
49285
34136
93565
4447
9943
91725
10365
63197
35819
52
20835
31718
71406
26394
66345
75780
39456
7720
78373
88363
60916
15746
68042
41868
50906
8929
53355
4882
68402
65824
86316
7027
45424
13497
6479
65349
9295
59076
77129
14059
51990
91212
53063
92166
52057
18162
55692
46241
89673
98724
80221
59290
27960
76160
97472
24269
43549
71962
82479
38008
26464
36691
61680
63236
26294
99299
82156
25333
47180
51942
67408
21951
33604
50845
41147
93386
75273
18751
853
60962
24692
39401
81014
32241
60424
77191
11865
20100
9279
35791
18662
34515
7906
79733
5094
94587
47218
74267
70802
4814
11909
97804
43233
91493
40862
61601
54820
11858
49270
93474
79410
43781
6011
84176
58130
18499
22348
51123
66219
51023
17768
38657
64507
88571
49324
87447
42972
38922
69971
25013
98310
99007
84516
27638
90414
34971
86115
80505
18441
70590
50378
57340
26262
51885
82709
85299
10030
23488
78962
60475
25460
64750
31658
48759
28868
69037
72848
42507
41854
91098
12431
63183
69514
42722
95121
19059
97800
63597
12541
12813
3055
78522
76174
80939
25844
5954
75871
71507
82007
32507
45383
71176
54954
84953
89690
28437
84820
57962
48594
67903
82271
15861
96749
66383
94827
90307
41631
44391
21472
78456
50226
6764
86383
35314
24903
59877
391
11688
82820
51647
16091
36937
67499
3068
48857
15512
95455
31092
91690
15396
79218
97225
52291
76598
20156
15532
45178
50890
97747
87444
94461
48439
62085
97244
74698
78224
43670
52778
78172
2713
40547
4817
18779
49119
51267
56250
76826
74977
6476
25529
56569
15713
37658
63337
57260
10659
72545
97063
46257
49939
89470
4417
84485
14940
31805
82259
65675
1871
67799
64632
26492
59653
32415
30232
50953
25637
19050
11715
82470
81663
18274
20427
77739
88622
90912
75688
80188
54333
18998
64467
28339
39286
47075
95354
64276
60582
3567
59754
17578
36989
52688
47216
34579
4842
77543
56289
74051
52994
70209
76966
44472
41600
31651
8311
68288
68304
11761
90805
3073
79190
83797
35634
4012
93252
16269
15323
77459
18805
27879
74076
11942
52046
63746
12278
38413
54678
14622
97779
71759
58281
54025
67572
33600
48869
11952
49239
85483
83837
31480
60474
29735
39924
20790
27999
10407
89137
9439
53271
35762
76041
21825
95229
7214
47833
30656
43430
98111
6411
34733
39511
11165
32680
91700
88066
80250
51822
2808
22729
90869
57838
13018
98324
4158
31178
1556
4028
61520
76268
58010
19017
75637
64527
26325
46692
95804
11227
50721
61339
26445
33574
97429
94641
51430
6037
76623
64767
70111
22885
40754
60667
42243
68502
35683
48921
54347
89128
55659
23799
23170
18135
11644
96148
31793
74422
96251
48530
23556
93359
3331
53500
22599
76603
69534
14660
30250
95686
53184
30887
31628
89751
21649
31559
47987
88550
61983
34113
96028
30536
60825
38008
18731
53311
96249
95050
5627
43476
19309
38885
88243
99811
73829
4396
6660
21302
36398
53964
10783
83847
58415
32628
51026
14411
90071
88820
13420
85033
44165
27342
24851
37410
52344
4651
61305
60299
8724
62984
28515
52967
55369
40826
33716
8102
21715
84904
32724
90659
46384
38408
12247
34224
87402
62248
22783
7020
91572
21203
25173
93401
29205
98070
3816
46766
68645
32356
10492
33185
84309
71338
43385
1123
45609
51318
6338
2346
40723
21751
46179
65606
7730
16136
68307
53834
8611
87722
95956
63638
79613
21314
92631
55032
96827
16269
11924
94088
83936
33354
89859
85610
97116
35593
66477
55724
95011
16854
14871
65970
55854
67841
11324
8341
89615
86370
48294
12730
1304
41535
38470
39470
71130
33884
50517
58339
46345
40653
28061
78642
53375
1958
19468
19922
98333
96576
9681
80376
72035
16221
38476
17271
12734
34882
70684
69283
33192
6968
85242
75208
84790
83840
29629
11984
71466
67029
73701
31928
97004
31625
5090
64406
58110
24508
73978
56922
62396
86777
10128
80988
50716
80706
68036
2157
97593
72082
56737
90283
93249
44491
12134
59880
25872
41918
13109
58500
4867
307
51182
82427
91283
18122
32088
95062
5057
33536
10044
83871
21501
20937
29371
35377
6449
25116
15694
14347
37599
59342
76791
26631
95749
84477
64784
25274
3861
32029
85615
16312
58229
80710
63041
45427
5228
68371
12694
49630
67931
89213
77252
40632
86919
31777
26584
41607
85709
41352
18296
99756
89100
92142
59853
72413
20710
6453
57277
8623
80949
32482
6976
43694
86852
20123
39643
41816
72572
2817
32186
98294
30791
51096
48710
40034
98290
56959
89579
93312
73568
76614
48992
69246
26997
55025
65106
80903
46067
66907
22532
91280
5340
47398
71112
48312
31376
76118
32180
44562
55157
74702
33993
54817
43518
93051
59223
10127
9954
59074
31004
73672
16203
47597
67398
80756
70865
11252
63145
11352
70278
10715
41555
93368
78470
69414
16667
16611
66994
23944
44343
14615
5129
87157
85792
41472
63150
94773
20650
83880
68638
64705
22679
44206
10215
12095
34628
52216
28849
17816
74730
40500
41781
76061
56063
83417
62833
75571
3302
77083
53673
18053
37117
69511
6865
40368
87561
82993
16842
2088
73889
64402
90715
54215
65583
79554
22993
67963
428
9981
79089
74222
97459
64019
33831
4573
52012
11911
88167
12371
13786
73818
40166
97274
92180
5835
64245
57215
5887
42456
1850
73434
17425
12917
76028
86162
33044
80678
39906
52128
55631
82207
13263
61844
17486
76026
75413
76669
49996
37297
50614
93141
97159
4741
46325
53337
93850
35596
66938
95230
46955
47742
89423
27165
93219
25735
29456
40212
82363
53356
62836
31632
294
71325
34640
61536
37084
23875
16448
70128
80716
31978
53164
59701
82338
33544
84101
24332
76337
58149
43339
24934
62087
64775
74373
70711
11676
35153
3066
87560
61920
44395
66681
73041
65813
48933
30471
57691
44013
44983
38754
95952
11140
60071
96032
12202
80181
32600
43629
76569
20217
31467
1380
64132
70192
88956
9586
92228
76958
15127
25436
95577
2066
1317
53084
85935
116
28359
3225
73667
78010
28142
47189
66093
27474
72844
97683
73972
56798
7347
50642
66881
20418
85081
85562
42945
30935
75735
55467
18732
92125
91504
91136
49489
27200
73431
72003
65749
72590
62468
38327
16345
22734
84730
6674
9769
85652
87771
96845
86373
69741
11077
82388
87290
41521
16620
10226
40220
19365
84758
7286
24118
24654
47673
11037
49042
76345
76251
59026
26825
30680
19117
28779
4103
44548
77462
48979
11680
76572
1559
11056
99982
14473
8346
17930
30866
23408
73893
20479
17896
74957
81669
51673
92225
94874
27976
44061
63943
74042
7828
89404
27479
44124
19523
37078
70132
52392
3850
46020
11785
38407
23742
16431
11059
6925
61460
4978
37963
3670
17862
82405
152
43031
86569
51015
62332
75079
40110
40961
19289
89113
38500
81496
28436
59140
50666
29833
52323
93408
66099
97146
21818
76451
30545
83412
69839
8383
72567
53809
33951
2148
94676
48114
44160
50041
77200
98452
32688
33739
58090
63418
51899
82541
47765
62371
16160
30636
17724
26363
44632
49964
43216
32690
80168
11470
83378
99847
16667
7098
84153
54543
61755
38220
87937
45714
43814
47769
6653
95034
66907
1974
99304
19071
22948
54180
64608
1612
87631
19909
99968
1254
80103
73146
29396
17547
1816
70388
61840
87323
16964
93362
17471
54289
27642
55976
41276
30869
90995
80063
43187
65218
45019
84824
79273
46027
41729
69938
83839
80025
44901
87352
28936
85145
1508
72450
53843
57276
42224
35807
34389
54814
14607
17069
10141
82031
16985
60167
22210
30953
65412
48797
69652
82821
485
64652
73677
39294
50012
47340
64045
37370
67610
24160
94219
41960
34161
72119
63288
38311
58856
78688
47992
43169
53452
41504
2408
49863
41479
74948
47114
62845
49899
53151
22844
48579
1668
42956
98285
97709
22349
16623
11162
17062
91301
64258
15955
10632
28275
13323
32272
48462
11287
31608
41731
12618
49991
56183
85669
40759
48595
56856
4610
41223
79365
39597
51076
58786
85410
88902
23058
72269
68885
89052
61868
98099
15914
79181
23492
29701
82145
52717
69997
8114
70186
50372
41653
56886
12584
15302
22798
55504
77346
77292
41092
73299
88217
6385
74685
27831
89663
70865
48848
25053
60186
31693
41101
53098
90431
24114
25635
79447
48545
19323
96529
28336
69052
4185
89133
31161
48616
30026
50679
60013
9055
759
90919
69517
85992
84660
78629
29662
57986
68766
64080
24327
75757
12420
58311
47266
448
82051
68432
74966
66400
52688
20875
330
40551
32151
19961
75607
47646
30629
51006
62743
321
27745
20914
74175
85348
94286
97001
5540
27532
39791
85412
96376
21895
28956
78710
78668
25227
92374
9437
4560
60954
91299
20393
55531
26730
19747
17591
42294
15511
27757
35167
36138
65994
6425
6956
21677
14364
57557
69767
54371
55957
64369
26886
48382
25052
81459
58311
57161
50832
56239
75999
41305
96126
47298
4791
529
71267
43216
79383
16168
76178
67282
26210
79121
65517
68368
50223
65545
13776
94024
11881
12747
65209
2954
68017
79191
55976
61400
76506
1869
18878
12908
6934
4441
54561
40421
9687
27859
52944
24056
63007
84782
67780
78652
46447
3294
52197
57811
10360
38205
53180
49403
41780
60616
65925
62143
29565
11242
26266
93643
34149
13728
66635
73574
64401
39773
52425
80530
47596
43431
47993
81853
88603
67852
7747
55515
68201
96009
67662
84789
4131
36442
9642
42429
37397
56317
16411
98152
73289
18200
49246
57049
22152
66396
12215
50752
22829
23791
77892
58392
30873
9140
16173
85292
80881
54327
89799
83217
7467
49857
95747
51288
7034
29917
87470
74010
20733
23214
15748
99927
67419
78919
8271
88697
95122
92417
15557
15173
3003
78882
42490
43793
62207
16546
35937
27864
55702
12984
3043
45381
3182
73909
27790
80835
63837
65630
20377
97915
80745
67568
76501
4128
21342
97441
3148
12000
67539
44768
63604
21495
49084
24064
83272
92888
575
4919
53014
95157
71765
16013
22616
87265
54318
42347
23054
50556
34912
62642
14748
46030
59919
85831
18492
72877
7110
54688
13630
68495
58945
57941
29726
57113
42549
88329
38708
97172
33404
55587
87112
3870
46270
80112
17498
30726
62917
94430
90684
163
95264
25920
94651
69611
21721
67029
25262
88490
41215
66475
28932
47622
49814
13642
65124
17489
65594
31724
27387
32355
55768
59796
12359
35494
41735
14149
72469
24845
29099
57986
92082
65646
98538
30517
22662
87554
4829
85814
90500
32603
10183
83163
61046
79779
85144
97960
73945
95532
41096
73024
46674
85766
62802
30579
28440
48796
10889
65930
67307
68097
22754
22725
20355
4845
3012
71207
51513
77962
96440
1681
92471
62680
60104
43886
34089
16966
87839
66552
65107
99272
74661
68365
65789
20733
60828
22815
72384
83933
31071
812
4795
63274
96984
3326
25654
49965
90974
93591
70237
55236
64186
49932
30451
92639
51292
97909
88218
32711
40649
19112
10682
3307
87079
44321
8657
34384
29330
96364
27195
55272
28509
40249
70009
5603
1686
41435
46384
59722
10129
78685
27112
37926
96820
25240
92466
31014
75211
60537
56388
25632
82232
35325
87921
86355
32208
26349
30595
91177
27026
67294
2737
19748
75880
94551
41298
32481
19327
39504
14256
23435
99712
12318
87713
68207
61101
12647
98388
9383
33306
39147
14474
83421
27670
52070
77022
89208
60765
19703
7413
48964
98968
82836
35451
50712
50584
2854
21268
19907
54354
48787
68
8276
98833
69317
12416
36656
30358
25881
67870
22040
10607
18962
65635
16598
62773
42580
71461
768
66685
37481
54813
73246
53588
61184
14730
64625
37875
836
47670
71563
55493
84841
60032
67834
95445
51339
33163
38607
71317
95576
95926
14113
31134
60361
31693
23812
51531
28515
73115
26162
38678
64677
85735
81625
66768
93352
30894
86682
75913
55850
4100
73013
11028
24431
9638
88636
67136
60095
67311
8603
48530
77744
72564
3191
97248
78919
68462
78848
60831
65022
71204
17038
24486
95573
35474
20628
15394
13440
1955
35656
79517
14158
825
25725
72988
99994
94776
21852
34256
17637
35134
52551
56917
1790
79272
89694
14832
37866
92603
2217
81569
62286
20908
49076
30483
64229
42110
7767
19896
91906
34040
9239
42184
59568
34261
71141
96612
96211
67927
36209
64089
40964
66593
26287
32309
51562
70227
55889
38332
69142
63330
31392
69439
18187
11163
86093
21196
28085
88252
38943
66552
34394
71792
27579
42426
33471
94416
23021
45385
79077
88472
73734
81476
21636
31074
32913
70335
6211
23676
98450
55743
6045
86896
90161
78549
43840
98176
69126
44846
43132
47242
86672
67751
39666
90463
80230
21930
28342
71147
44134
90902
6201
31348
92586
41549
20923
830
47051
71427
28293
60145
84124
90759
26262
6531
78675
92104
61663
27109
75761
2264
19718
63090
14618
10122
70809
81812
92854
2622
69000
47751
7432
34727
4211
20878
74494
19820
39825
23829
2394
84142
12455
83212
22794
82279
94599
86425
85684
60275
56907
97316
78223
16679
50972
55216
10681
24137
37637
81567
57745
28751
80122
67329
62469
21112
15098
43416
3944
54651
41923
79592
94303
32741
99591
57666
63939
90636
70366
41637
22572
22178
60637
26167
93436
90942
15451
49835
25345
89635
2817
40280
55257
70558
58055
22563
55944
67468
87041
10123
34171
88897
7178
64315
38014
79374
96190
39918
89790
88634
13510
43766
90335
59890
56254
60999
65597
45874
65578
33289
39266
70105
2775
24081
41432
39589
32178
90903
72698
75993
93904
69766
13384
12643
4513
14416
21607
8731
57289
34723
4674
21882
71326
71685
3428
34889
82113
48669
75345
98374
26874
83531
77366
32386
14369
48322
4416
65915
73854
71546
6123
61769
20365
87654
56667
89702
5780
21603
2554
52255
74600
33957
7516
82052
20045
42914
55111
44054
37264
59993
54900
15081
24009
37339
37950
35240
59455
14931
38661
14650
12903
9471
30546
48953
88
3280
5768
81160
3562
89139
17037
58232
4742
41736
81945
48442
72975
33374
3106
89506
73589
93281
21456
69026
82993
98370
66088
75989
92743
87185
6649
56373
98041
23583
32705
68587
91961
23911
43373
33004
60640
76637
4339
65126
72073
47892
81340
52401
71874
17946
79871
74080
86615
96237
99293
43427
75054
95593
24295
78733
57114
4222
65960
40172
54828
21975
78305
17781
23875
95513
89711
76721
1939
76981
31575
45108
68224
22063
73426
32681
66838
89453
34336
27410
10802
98513
19820
95441
88015
74621
25420
31326
1480
85837
87252
58954
34601
50411
44445
55510
5795
91389
76809
1632
22371
57699
34464
13050
39833
27317
70390
15043
66177
41079
2453
14260
40867
34207
56537
41901
8074
13123
16678
33882
96724
92494
54878
42898
51109
56318
35928
90536
31235
81700
40959
89876
57675
22123
39725
55159
60200
56256
9418
10734
34446
57884
56668
23965
49548
70896
5544
29095
94369
27154
63297
37957
29588
79981
40375
13233
95654
95841
82885
67123
66861
91347
88617
6771
63194
99015
63283
3843
82661
92288
56884
16489
21434
79067
59198
94052
38376
49889
94337
41744
49790
16346
40165
77954
12436
82304
18227
41815
77509
32866
74398
24730
99715
82963
54363
78808
86044
27643
53445
13573
56048
97427
32798
42546
94967
32080
4676
87224
56965
81733
93151
93345
19007
79590
2873
83178
17911
70621
57702
33111
49076
99799
85060
98315
98207
43532
74260
63099
61461
54278
63916
82081
583
21296
1861
20666
99563
49766
71902
44611
38088
55791
23058
6520
31900
15718
20004
2305
56200
73765
77944
43466
71027
57522
15116
28085
20520
15327
25469
65446
31055
2793
20420
9330
28852
42280
67313
16768
1278
479
51158
97893
97606
58184
58205
83370
64374
22317
98609
88859
56449
31633
74068
41853
71910
46730
85549
29061
92093
85762
44379
33067
86893
22937
72441
28594
10079
33981
88191
24644
79930
80183
52867
18842
62081
10492
7508
29434
38144
377
84653
39817
5696
26992
66426
55678
99827
60873
13872
51228
92117
57904
26775
54224
35181
66373
48744
87077
19414
45181
6548
87175
86671
7276
19808
96854
29003
23891
40436
19302
65899
23405
98426
71291
96724
64995
33479
90848
10389
53902
3968
30777
59698
58694
17362
24297
74610
85741
67807
41495
36524
36768
30208
40068
19084
25726
92303
23830
69708
39442
2055
22978
11812
2263
9698
78416
30521
13377
27495
68998
39388
30703
57146
59223
25878
2709
82549
90333
45737
21349
43558
246
31108
5131
51044
78689
65675
29362
8197
38382
73567
286
30090
85419
22903
33590
86129
32057
13843
66505
51789
36775
3975
55108
37626
59209
88330
94466
80822
33232
23840
33547
29006
34006
18587
42247
35507
17916
70092
51298
16999
30381
73258
6921
84018
64254
8313
60368
72500
84793
26154
67208
22109
90990
9659
43863
18285
23096
28965
4414
14507
49820
865
3780
31004
93016
89405
43966
84762
13867
16138
16908
12837
78776
12520
59731
37785
28340
42795
8638
97179
5819
73393
71234
60217
5753
99179
26229
52055
64563
1028
5698
10548
37502
79459
85837
74137
31323
64720
9921
27478
72824
77469
70597
23383
9603
68885
17287
15005
51894
71332
89430
40591
17157
36304
10831
69149
23036
38341
72890
11634
91366
86092
81076
49839
77069
74414
621
47838
22702
54975
25753
74159
66709
52475
67701
79143
90718
63430
62660
24964
86438
29353
99874
26909
92928
64243
37807
48331
51302
55719
48053
78465
97506
79742
58667
66242
94327
69548
14820
84232
57765
73643
29757
34950
78602
98215
34947
63950
73
16653
79790
40819
79043
24615
68751
90357
11537
2314
65519
25218
30752
66412
43529
25688
99787
49560
47302
16152
1949
2769
13174
24831
22320
88691
33748
91568
91026
58475
30569
64493
3744
67375
13000
79039
43860
55625
8097
74125
99222
61039
81080
58536
26640
72239
70905
72295
36650
56165
28412
11607
67434
23971
88844
95824
40795
97750
22505
64692
31111
17470
9299
35108
17269
18299
27660
24772
78880
58347
85120
95932
71349
60357
52909
86756
19959
6694
8522
17568
60272
44202
87559
51662
83282
20236
38612
30646
15398
71519
80906
95322
65011
89926
61090
46626
92824
65444
54227
41893
60868
59530
73919
46862
72928
82960
54750
2177
14390
56466
39700
45201
48917
66460
69178
55026
84136
43078
95502
44318
69973
54671
75497
4734
30688
72845
15762
61117
3080
68505
17933
51506
10007
3423
35170
86653
26158
97461
31147
94948
59785
41685
19724
4779
81125
94235
58468
83834
41642
13782
16371
37988
7924
85900
76756
43714
91613
86495
84610
99924
75685
97099
52921
19460
79166
34566
63652
7246
28806
43870
53421
27427
41810
73454
51472
89314
38749
99163
97345
38306
53960
22366
9295
63906
33762
30975
74266
80052
97527
73552
40842
59549
76461
56752
76492
13802
16405
34432
61798
97280
61770
60469
90108
48877
45633
31172
73939
97016
69488
57996
51733
20991
21432
59363
8329
58185
64161
3148
27523
92459
74382
95199
79558
37550
48655
61627
22198
78503
5024
95911
25578
64187
62990
91458
47251
50404
73157
76202
95983
22755
43446
45333
47919
39187
75150
46571
29220
25320
49851
25979
80602
35237
69711
44875
4402
76344
90520
43185
23357
36811
48582
65786
8408
79243
36144
99653
67180
6909
48591
22385
82031
70226
97286
51363
58511
60528
65435
22746
57008
88626
95577
14314
63364
64744
67726
23558
96599
13155
42425
24605
36838
39734
30316
80844
76081
48754
19983
29689
83619
30870
84883
10572
61324
75689
82915
15917
5659
53839
80210
60380
27013
73597
44941
72090
14981
66708
85585
87324
48233
4076
42343
95136
39827
77283
16863
51300
73637
1170
6986
87438
68281
47640
29130
98528
4652
19849
9928
22714
28289
42092
46360
9995
12741
93983
4123
15554
28002
26889
71293
43114
49841
59639
73629
46212
73420
84308
60424
84934
96791
53068
11755
81314
44572
65394
75557
62910
74929
80336
80385
55651
34564
4565
65697
82720
92915
82022
65637
77245
25189
4113
64795
81105
86891
5512
71976
33729
38032
26064
94105
48078
43949
84640
40607
77361
84014
89288
74894
41500
12281
29788
116
41165
39505
91416
47955
33266
18010
90588
75190
60879
98389
23196
25927
80545
15225
17540
61095
64440
44303
76902
37951
90768
35471
21507
17213
31279
4252
16126
73615
31178
80532
80710
37723
34301
43866
47147
63903
22860
59749
77997
39107
44766
67721
51564
41053
93457
2528
15630
70722
49541
99731
62629
95577
63334
48726
4700
71010
70075
39360
37548
12855
33401
86852
30158
7646
14041
48447
58368
31805
54708
60724
26765
68814
68505
8771
19337
65097
33393
32328
84077
69016
74173
62952
47909
61637
94676
24776
91227
75671
74545
76554
68890
24000
74877
93007
51476
79108
43949
79634
85321
6220
49171
33690
4140
79875
53420
62390
9974
73119
69272
37831
16271
91027
53451
50493
81486
80916
52371
50124
86702
52907
73612
41947
50910
96352
83225
78962
64373
89536
7286
66471
26838
35644
9783
23362
30741
79521
20460
7118
22718
48890
57337
79600
68644
73544
90563
2296
2759
7264
70735
39927
26007
1422
50012
30161
24185
41138
48376
98395
77230
9045
9276
37108
85732
95814
64432
907
57888
66476
86213
40419
43340
6322
88457
61496
77465
24530
68632
14628
82945
90859
83926
95014
57034
61149
19207
70111
60801
79678
67068
39350
60576
40420
68163
26475
28148
83216
26863
37990
68902
10787
42010
38047
67868
22304
26243
36281
30915
76567
21920
48853
77243
72916
10371
30766
26978
30088
1612
60352
46852
18304
14455
92435
28821
53702
45746
68846
63527
56473
4936
28042
88503
48083
40818
9507
52011
16647
32917
85807
43998
89444
97415
67326
64627
28060
18209
78617
80381
97509
42697
85180
69683
53237
63822
26492
82797
31642
71675
23866
19855
56363
66471
12905
98421
30593
88739
60691
3261
17683
67168
80397
96776
40963
91853
5514
1196
72043
7719
18568
56438
65361
64478
40406
36771
45198
85165
93656
35817
51580
8743
19945
25430
26350
80036
48717
95330
38943
50740
87184
29812
80231
5681
99476
21637
12152
6044
89847
33897
50573
38236
37327
44871
46235
82005
68664
96201
45106
14402
1964
40400
35289
78428
62694
98640
47220
29102
81185
87284
78528
95846
89251
44629
23790
1839
44654
54408
77582
6530
97631
20126
78774
89949
71851
99590
79209
14379
74064
94005
31494
27319
38656
61181
37003
12991
96594
22757
63760
9688
29381
865
89377
71687
85958
18462
11752
3478
46495
4680
91034
31600
99554
97111
29305
94106
47780
26705
52306
53435
49863
15393
62961
42962
69133
1448
66269
72005
99392
21400
60670
20147
83321
60505
69174
7155
45115
70452
5763
97824
9412
74465
68959
7066
61957
68733
668
93502
50830
62991
50233
38655
3366
66371
85519
870
9224
73471
5133
57594
39346
14083
25930
3234
25217
96960
24194
93245
65279
64087
77106
28606
59672
253
48733
24243
94750
34393
89886
63063
61440
70669
56745
54843
39479
19806
79475
66143
45458
35395
70815
13264
49209
46067
45110
22387
48110
36364
89223
90715
3406
50492
23466
73148
60490
75000
94552
2543
98333
84044
45513
56273
9231
56893
72282
82476
73440
14293
35299
45641
30937
74356
33940
94891
45863
35856
36759
854
66495
36422
45824
52863
93755
35541
7424
30090
83231
94426
9667
76672
96404
70192
39493
67494
68210
83250
56019
99751
26347
47480
21548
48326
12302
46106
54710
42947
32783
2685
78443
21050
15196
59293
26922
5538
66391
52441
37332
49319
73984
76638
32214
9577
72347
1075
55170
39801
24652
21287
94302
19178
8994
16458
2491
96022
78689
2446
43675
67999
9563
47491
31510
92415
64275
23567
42606
48649
38074
34275
50839
97275
24511
56657
48615
19961
61885
57948
92364
6043
14291
34373
22191
62547
67110
23141
89130
28080
85479
1653
80800
47264
23981
58201
69796
36117
1779
4610
14622
23885
54068
58379
26629
21170
26563
18602
25289
53917
40508
93936
17928
70284
54333
3231
98541
27991
89228
88609
89925
61787
74732
28310
52203
75419
41266
75991
92080
61131
86650
93259
47705
66133
83834
17191
41467
16238
10917
8882
29695
64927
95531
37914
85761
45665
52613
34151
91514
37961
62818
6737
11786
72267
86523
28684
25564
52443
92836
15171
53308
72187
760
34158
13210
14635
91173
59719
49502
43447
87573
98332
29841
69734
24823
69657
30997
57770
23745
23337
59182
68707
25319
59674
1252
71685
27776
70691
20619
79029
99296
30899
68286
43360
11211
91212
83115
63176
17763
79977
96481
54251
21893
47233
99499
19542
40010
82486
60462
96735
89636
57642
26958
84474
49768
88649
96925
83729
20684
52316
85484
78010
66166
51389
75533
5012
32132
10040
85987
12691
67207
48164
47810
19025
72518
58244
74148
94174
42497
52225
49389
98496
88320
19716
59890
87290
44509
20490
70031
51684
77874
82512
62172
4270
69671
72235
9118
66692
39834
83118
93
47357
46225
27962
11221
45559
58994
76242
25053
83481
22805
51853
5087
82185
80090
50590
94674
31181
34668
57591
9616
74765
49814
56082
58635
56857
43372
42949
98662
41612
90360
75181
97920
41394
69498
18216
1781
51099
40586
77640
84487
20404
14177
77729
56777
21643
17334
95702
65105
42693
84203
40823
88150
23341
75921
31295
22778
12321
90429
55080
3750
39806
60590
71842
46743
64813
44866
67061
92414
27651
22356
141
50221
35754
35386
56931
8089
38066
31999
3221
83019
72881
90116
36830
92362
68814
48203
50997
75241
13326
52399
80383
52288
72933
38894
8791
20677
61963
82858
86895
68834
80813
25984
78842
45505
43229
49926
72598
14091
84551
24332
78649
79947
1445
44075
13625
68726
53453
81283
18420
95998
88138
282
54248
91851
48291
40726
43339
70421
72550
59204
32994
27651
74314
94975
58439
140
36386
12238
64882
11095
61599
60203
3915
56409
63511
55408
53910
93039
45654
38876
42562
59280
69536
18774
7455
94735
49895
19985
71675
95708
4501
48585
36216
74763
42321
85708
52879
65253
14267
46187
60574
30636
48571
92463
67779
53381
16221
8363
31570
63370
39849
85079
35649
52017
45378
33119
54046
42171
52612
94184
74332
60531
43751
25497
6708
32393
128
61972
71135
1976
51592
27016
32767
43509
57862
73171
72292
2141
57248
16641
16434
79160
47457
96945
78280
19335
70124
2066
67508
90720
1643
49398
44058
49
66505
82630
21161
39632
21391
24767
32829
58981
69798
13575
84052
26751
86692
93798
9135
36050
38008
76316
85415
82650
86882
53207
5298
82518
82148
74569
39118
33163
53518
7809
62211
19344
39104
62820
35955
59467
86336
97754
89136
4709
37138
61603
91050
85041
69246
19486
76475
42667
91320
22528
65679
66336
78971
56813
58313
87168
47768
17887
33230
25310
76531
97471
58985
45065
38196
14300
75073
24802
45606
28984
90803
75756
7390
90402
35666
22959
58843
27720
90335
52261
21899
92106
29820
13830
73492
78
31822
99617
23485
4276
86728
28812
57508
45328
75065
35867
50820
79736
3206
52394
29558
45315
83327
3661
92302
51372
6222
77365
80033
28528
34398
79208
84984
57551
10192
28400
26744
29446
80119
47799
39032
7354
65686
76914
95922
25502
35362
26022
98415
64740
88960
12608
46131
31266
33797
95863
32789
88025
14056
42045
35445
24476
24909
72206
98298
7320
58250
32367
46345
81151
80955
80146
90559
99713
21531
37084
17433
83780
32219
49199
19285
25554
11188
31618
1487
84719
84123
76124
76299
98478
55601
98590
59358
65169
49145
81018
33365
80260
31194
21933
38962
70826
68140
37600
1525
99123
83802
53681
86082
43113
1398
11570
82445
19732
59276
79647
57199
3867
40541
32700
84133
21669
368
75131
53210
4810
34934
49169
80050
23638
93546
44426
35105
50895
87968
37561
87705
12120
11042
56353
79431
28743
48742
1657
75450
85086
31409
62086
40468
48458
68125
22603
36298
60628
56889
75049
1841
51458
97594
73998
61310
36
80160
77111
20785
77740
72415
14871
78711
26993
99293
64864
29782
54197
18619
26799
12624
83404
23136
14866
51800
5415
14338
23483
86639
14913
39095
96526
25899
44511
10029
85404
58288
11669
77839
17547
44977
28377
84637
35698
73061
8382
63914
6285
58749
31755
72084
46916
58417
99862
41246
96661
81646
60338
3544
73450
12238
26193
25009
90535
68886
28697
10259
29820
11414
29175
26769
44525
24976
44593
61941
74654
14187
58057
88543
89830
7097
57856
60769
46092
20070
21353
59114
35240
6675
34817
60417
76412
63150
75168
8350
67539
42249
21210
56582
57076
55312
91090
92533
42968
21181
92656
23833
73006
13939
14914
56906
75330
3685
45665
25255
2970
41873
72125
19870
3917
27624
25333
79634
1670
11654
45272
80408
1998
88410
70288
77743
54287
82390
43623
80762
52773
83245
80124
82652
59463
88262
69483
72142
55954
60374
52394
23518
62798
17227
10569
80050
65510
89135
65348
10148
37015
9663
25262
78546
67255
32189
27637
56669
93342
96115
38102
97967
271
18759
31026
28431
46851
32225
3243
76128
21417
30157
50479
54068
39731
11262
18483
45546
68586
20166
94768
5405
85684
52453
66510
84674
89085
53011
33759
32108
66189
77264
810
48035
38811
46549
29146
80506
51661
83612
28498
53156
94452
81110
23557
35649
68864
65023
29918
44284
94805
15526
65656
92693
81291
72702
94758
79392
7941
93677
96514
8321
64648
51303
84023
25797
38254
75614
60158
38579
30898
50862
46283
17501
99833
21372
93128
76498
5320
54866
72457
41635
80688
53700
41605
14136
86160
92420
61767
13650
93885
86957
81655
74409
47197
75265
79592
88550
36246
46144
28970
23557
99085
51370
28779
23420
30850
97631
75968
35209
63075
76697
25313
49430
4511
71950
49913
69313
40096
45546
69237
46893
93419
27857
10521
17924
76279
33990
88519
28209
49895
57959
86491
29857
71323
55775
78365
74357
94494
49232
80248
3501
63988
26104
14352
95680
85492
27749
71779
60676
97282
34585
86125
53102
49969
93102
48609
3695
5663
38911
4052
33947
62893
76945
71866
62632
36667
74586
78686
34774
46436
75702
81044
5746
36200
27555
63618
42852
61571
23039
77759
85433
13436
99270
94267
38269
87476
32856
6452
23296
79731
96518
85162
41141
13550
78080
36444
83428
62392
69597
95400
14904
24189
45584
71503
27925
62864
40991
53931
90165
63124
95384
61561
91841
46384
15049
62793
99590
67222
2836
19913
67380
85030
42448
6722
92270
13296
46289
33879
94624
5629
58261
42886
50285
81972
14496
2433
93616
24605
91717
27812
11340
89176
29637
71494
51378
13183
44603
97574
32516
59286
95107
53762
13212
56894
48114
33961
44936
38197
81164
22163
25209
67122
63366
21094
29281
89012
90598
11940
22866
18672
94313
47132
92504
47712
44883
66558
35037
34331
1433
44391
13420
81030
71004
8791
49081
4785
80609
80479
90663
19314
84884
10783
34269
83859
43479
47531
511
94268
15486
21621
81092
49807
9305
83679
25513
13207
77766
28124
6859
21917
71994
80254
65230
13631
24428
88469
11228
54860
16367
80581
60849
56467
67545
92184
66402
63149
11862
99450
14557
33469
90513
73033
70476
56346
75709
21179
30849
67172
46797
14462
64721
78560
64630
23764
35547
21955
88326
93714
20022
24648
99440
16629
45969
32325
4974
59089
8368
61517
87794
38444
31931
78491
30109
94810
29825
88656
66118
71788
50416
59803
23795
83614
32409
24548
33851
56277
87738
54203
12577
27600
60470
73230
55590
6126
89754
36088
59648
65901
86322
23766
89656
56399
42749
90974
10006
45916
97090
77457
2232
53893
63515
18276
11808
95455
79260
21710
71212
81482
56055
26961
87595
68263
56378
20923
70850
36194
9113
61758
23284
82458
45412
52485
94246
9407
9034
28300
26634
10358
9651
78181
2836
67024
83299
21457
44082
91442
88860
59556
1929
57677
80468
63503
39527
31186
35853
28116
8186
82792
72226
43187
56952
57287
22480
98835
7971
62314
19817
31621
26957
24797
28334
32248
2675
28183
8254
68550
11083
15433
21300
13201
34089
52199
60699
4021
28410
52995
38960
70356
88923
15409
21459
89680
71989
88100
28042
6391
61748
29337
49130
77179
57879
7999
18742
70118
55225
54900
29340
94469
72155
68474
92100
82276
31530
59874
96644
62994
61075
97879
95755
94219
37534
2858
42634
6684
38030
44432
76279
85467
40933
46289
52795
2790
9208
71113
53554
74865
68230
50434
28661
54487
89120
3438
53710
52483
57506
65754
54783
79808
30710
64951
89284
51486
7355
27769
31689
41309
19988
24705
61899
78944
48995
58420
83023
90990
85695
20657
2078
90306
21762
60806
1381
38820
19361
35102
82674
49294
23782
20560
61326
56352
1433
57557
45602
63080
16505
90725
57459
36812
33599
48158
38513
17410
35884
8241
81660
88918
72030
24247
63432
16348
60237
58587
89998
85233
84295
93083
8866
74457
59831
33217
1836
84146
94633
32235
61627
9249
74846
49272
65096
75624
29586
54215
67424
82747
70156
16067
30037
91867
74214
95255
61492
72817
36553
83792
35972
33572
60416
68273
80017
96928
82952
58158
6060
25349
96593
52834
82425
34601
36702
21681
9467
26252
17979
65535
78712
19123
48153
29000
14895
28036
95690
58084
66080
11459
67175
64936
74957
93681
53189
4197
26472
71177
71263
4059
5273
65742
42700
28946
1211
70713
54528
80931
85937
67450
44629
60432
40314
13892
63702
5675
18205
49907
38010
92970
10520
14470
29336
12000
82010
70975
51188
75385
42536
61847
68450
15746
82219
72728
27349
53881
36830
80476
96345
20299
7718
62564
79087
22427
68013
18266
60272
28566
89670
72451
59778
14071
67986
96058
77870
39631
22490
69358
70699
11544
4297
81697
45319
54412
94598
79469
13499
24131
28255
4017
23516
23110
46487
14809
34188
30146
66409
66735
55624
90303
94719
39495
39275
98612
71690
90450
24784
54790
19793
96913
84799
73710
31701
15980
26554
19707
10584
19069
38245
49474
26748
65886
700
86363
29020
10237
21570
98311
84229
30992
56321
10311
49833
35224
80168
47969
75418
28440
75893
17765
1770
65691
91536
34612
14927
10105
61821
68628
24359
40673
39710
47031
21290
94354
28100
35095
7756
9993
33462
26161
66410
98656
13600
46750
6558
48640
57768
43255
95310
89786
41502
38001
18930
57770
65978
12043
7644
42622
36476
54628
16694
30085
4196
95844
42872
61045
57815
64812
36983
10301
18307
39582
77270
50814
22936
86496
36807
36193
42546
93470
88822
84475
11203
75298
84701
19381
65037
68666
11206
95671
56819
69630
76026
8460
8487
47526
86538
95714
76559
64508
76380
57913
52013
8319
36381
48560
4658
1342
88931
59632
87991
57507
40999
27463
50097
42771
14134
51878
41525
88665
92709
11754
26949
77208
98827
29080
43570
35265
80937
42747
57342
48997
51672
11089
24842
91520
23195
8642
28430
52261
20259
39212
36290
61439
75638
83535
99698
39496
8605
38179
30948
93431
9994
48564
83194
73907
85813
24794
16506
44036
13772
99126
53758
51271
61236
74537
80320
42574
76467
23629
99396
74537
21402
51161
63372
4285
18183
79728
38267
9159
64549
19182
49689
1298
15330
57732
71627
72201
44868
78491
64100
84669
48038
21743
65089
91733
46554
84451
98834
56036
4089
69254
92263
22844
70275
38373
22595
93113
74996
82244
20765
68368
32363
2984
47616
95284
59336
98158
20185
65766
8697
53231
64295
74955
50716
15994
29266
74208
24304
12055
84180
21672
65634
57850
79279
13688
45451
16618
24379
82398
28873
19649
12437
22602
2606
41631
60345
46444
98571
18490
81776
50747
72498
33753
53058
33594
33360
91187
83955
72512
21360
89376
1391
20356
92872
25095
73581
7912
25725
3987
16900
80099
21064
93878
51722
18338
47779
50394
89762
16298
33234
87813
63996
60640
93551
68889
75209
18129
84173
61473
36022
82333
80716
74597
51515
33548
51278
73784
17787
48844
81611
77896
38342
59077
97575
61214
32181
86820
25531
58660
77831
69368
27186
14354
55684
43154
50947
16771
42192
82970
69048
45269
63843
3151
79544
21280
63189
15862
76484
72172
3487
52740
67689
11696
88265
43121
75685
96339
93529
34998
85966
81796
57426
41527
64151
37026
74758
65886
6334
76847
24086
89908
37552
77516
82124
49511
73032
13038
83330
50299
19718
79423
23956
17562
72650
24592
93593
41379
40598
44241
71315
90653
23833
4776
10321
9846
45370
73135
91437
58649
69267
6824
23595
46729
17530
16557
98044
15999
58022
28426
21916
86181
7071
6242
68194
30887
9655
83151
14270
74090
99786
46662
19447
40520
30186
6228
94989
58719
56633
38894
19702
16073
94445
57515
13214
576
48981
98050
85592
1049
22735
20433
72273
40883
49926
62132
31230
73261
17713
71405
66791
4395
49721
74025
86924
61641
5236
18245
57705
26002
81
49937
10420
26864
38032
5554
30556
12901
14156
67575
43877
36117
85383
88889
91661
83504
22498
24003
86493
57778
42679
80928
5933
98756
54878
83848
95777
30550
27683
77097
15311
5654
72296
10561
8096
74151
90143
23091
64478
12262
40446
2045
70011
18753
58580
72378
66889
82156
74934
16893
51042
58711
58844
13117
70260
5646
26907
18593
78736
52751
42814
5358
97146
96124
35849
93983
88579
63533
79952
2933
85962
14826
44407
36306
15869
19586
9206
51744
45077
63765
60634
98498
55845
32414
24455
43455
64197
47139
19262
51317
89408
69941
10762
43085
76557
26360
16336
78882
41992
25593
16327
28678
96086
74119
70822
67913
19912
19267
36801
80611
50483
5714
17569
6412
79156
84647
8392
21321
55284
70771
71412
87779
23618
31294
51786
97298
50082
96824
19838
34247
95145
4714
67942
24959
43548
46115
32210
1940
31338
76091
71416
57281
84161
26238
99199
70479
35520
12602
1071
30490
21411
2725
64882
75704
46003
7207
1976
32537
72609
25625
18163
74367
25801
47289
84180
63661
54449
40408
59357
6785
96939
95340
34845
99588
10282
72424
39978
76229
15514
97046
13312
69426
77063
27016
17279
24363
39851
72763
21489
59637
70392
9170
30753
52024
90301
8092
5296
27876
78712
89365
36590
34205
19184
95893
34087
88486
6658
57361
38424
93458
86995
12710
33898
33366
52334
20346
53532
9946
40996
77398
15334
45518
12676
69912
41807
38227
20699
64297
98915
57236
56763
19635
42195
67809
35768
26091
50958
50261
35058
16275
49755
81120
1150
83668
53338
65260
39823
2488
31065
6836
44834
69383
22074
417
25017
37098
35656
20046
82449
55571
8408
93096
12989
27111
48009
10156
9876
24570
28876
28377
37118
91106
1034
43147
45887
44324
88587
1151
72443
61481
20384
24593
52896
76229
55059
1112
4234
47778
74872
59762
23365
55219
83690
50710
40218
95028
18470
95855
60790
50841
19296
54001
48322
83427
81334
52824
52701
50434
96443
69476
58131
86278
48951
35561
33329
9635
19012
19898
92910
57873
56895
34721
66358
70847
78567
70771
57436
47171
38773
80990
60590
10856
58940
44401
11851
22437
64695
21330
59520
9459
77846
92867
22001
6891
53140
13110
53798
59790
93328
8856
10699
36437
53436
63674
69231
83286
23745
96393
52794
70847
56416
58338
16740
68645
13394
79275
72628
70192
9514
84105
18481
89170
44219
87113
27285
56605
904
94760
34409
5230
91141
68626
39718
36613
3099
69731
35145
71582
6215
46358
86152
37172
30034
67060
85498
74755
13722
3544
87220
29447
60082
59368
90861
59609
8273
88364
65007
21124
36045
48859
1570
13504
57019
56703
25231
73332
57256
64665
76974
88382
86911
89619
49015
5679
73564
65917
26539
52802
26036
21145
20963
94543
68730
10546
39055
84436
28334
18452
6475
19941
6729
85079
32806
42434
66958
71002
884
22487
96617
18415
6530
94190
54964
98487
38653
25395
15344
38822
6711
41952
18066
92839
37045
14407
4651
71913
67205
30838
40480
62722
76747
31529
26008
53135
60237
30367
52719
90049
51496
7734
76190
71698
6537
56505
70760
41537
331
45422
8921
4743
84182
60680
28395
40114
59485
5289
39258
33827
33865
5574
80668
95850
42483
86532
64070
96417
33393
33545
9942
75288
841
8378
35997
52565
58504
64860
65511
17891
11592
74482
48505
20172
57288
93577
13652
36427
66937
4640
88399
73252
39152
95973
5380
6159
86333
15331
60440
17057
95724
4112
56482
36583
49108
49693
9939
5294
48821
61212
46887
52659
80841
3565
65788
5447
82966
13395
41293
3216
86276
57354
36496
16353
51123
79376
30403
92298
76362
12743
54518
22335
30624
52381
94355
45028
91775
51846
33096
1021
72484
52539
24647
30345
81070
33708
18716
34252
3653
8969
25112
7301
62706
15482
70878
31413
87592
37339
86152
90354
37657
83092
58130
91774
64502
32247
41867
94546
22270
23475
5461
60203
7842
96498
59390
2315
68361
74933
9240
27271
40488
64934
40411
95799
3665
27448
17882
22854
88567
90865
2978
50788
38163
64284
11298
81565
859
70689
89822
18119
91959
4957
8256
86213
28475
1240
75218
44187
54966
31788
11206
75767
98834
90566
43547
86973
75752
53940
92578
8163
42727
89750
6753
99816
19681
41137
27602
35637
72684
66706
48110
58806
94440
24916
12953
70162
79904
69082
11693
90757
95426
14427
65956
48822
66797
58409
32214
66719
45350
45914
58046
28644
59880
29864
4483
12760
41878
77561
32037
39050
76096
19835
70957
20432
10580
92316
5312
72335
79248
8411
75608
96983
37887
13709
17146
19371
49438
30036
58212
89898
87277
48838
39931
26910
79975
23143
85026
17469
74192
68619
29476
52246
16884
30680
44035
48830
36554
89513
19478
19966
13599
52297
4946
47262
1827
18433
87853
5862
90748
54547
3277
74642
89166
69392
61858
14375
43476
23931
63708
98971
80387
30228
39756
84873
71954
53228
52961
9767
43202
23889
95925
16963
40758
65282
96746
47754
90628
78210
4364
37787
34971
97968
87586
60327
35600
30858
83372
53751
25206
48954
40383
30331
52794
17079
26565
24998
21609
12235
20337
19524
20924
91638
58905
83768
18772
22581
1078
93368
93857
35072
68954
58021
4040
57239
6662
95200
58293
28256
88182
22209
2772
50511
62182
16425
19243
974
7401
88069
51706
55171
64511
96034
17943
72368
97372
68681
35678
42290
6157
298
70816
85480
87234
60125
2891
20297
80206
12914
28380
1979
1207
36670
75712
96982
24340
74178
80765
33759
90087
84165
41103
9294
87683
11467
32417
36611
91064
13792
68219
40359
62586
41382
19793
68669
82755
99567
75878
33706
5748
90503
30905
82870
12916
81220
53394
39727
60652
20619
53453
59159
75308
21732
43448
98915
56840
85032
40684
1029
14819
3881
1121
80583
24656
34851
53358
96275
26692
35097
41455
62388
71032
72865
22096
86980
39858
10059
27104
77225
19040
79179
15694
17567
8583
63375
66855
74713
26854
21940
47252
80120
25026
59046
83277
51053
20636
44294
90358
7834
38290
1110
10943
99019
32617
65658
73615
61972
59828
4140
21278
16462
67530
72947
95427
65826
97313
34782
30052
32973
32750
58780
86252
12148
28566
38066
56116
75731
1519
77858
7500
8388
87401
11224
23332
52330
22376
92143
46778
72687
28566
58318
44945
59988
37850
53439
55558
84
48900
77654
49913
63513
81537
34697
42046
41695
71063
39674
6900
23954
76167
20504
47831
94848
6871
81339
55653
24068
29782
32747
89560
7761
65596
4663
49843
42803
12209
7456
12894
60706
66285
24586
74510
29659
32550
92232
46774
99216
25205
53033
64969
14180
2078
81577
49792
37434
54784
17390
11717
20349
13153
8719
20853
71592
9884
46570
19283
21128
47191
55372
26457
56560
54367
32665
22470
53073
42775
13895
94504
91536
26438
20484
48632
8062
81092
14969
27763
36159
61707
29827
56508
19439
62107
63825
25568
13802
41367
28677
34431
75618
58916
49399
97054
17170
84900
17168
13341
42674
65705
77423
40143
72691
61854
89844
1554
55824
30767
23164
35016
17906
45910
30887
19047
24405
37989
34411
51807
99721
62715
12849
77949
91285
4222
65655
62928
57366
81992
9333
38250
8389
21131
14433
66137
77597
46441
97627
93054
3053
85171
36842
94933
63271
88856
80517
94292
25074
82839
16895
39746
81343
98894
60196
21399
41635
65093
28204
19129
80816
69092
84355
4276
8064
85475
89136
93040
96846
96419
13052
11177
71108
52561
71361
67980
14342
19087
34141
33910
24556
10818
57071
92292
38857
1255
49821
53641
40445
19474
95036
98067
3907
60690
15244
81856
12705
91796
7895
18159
24201
56969
77715
84603
16388
58357
18796
72271
92829
57850
33264
1154
1238
41513
37149
45494
92816
52402
8246
52686
51691
62434
28896
98802
91726
40605
55748
40527
82737
37419
22897
19535
563
27732
26078
53118
28887
40926
69124
32438
47982
37588
47262
49638
23135
97998
62473
66938
68548
66000
23252
85371
22048
76938
30460
67219
96036
99190
32333
54707
26594
77750
7891
81803
95797
32087
30925
57537
64893
22369
99032
42114
3615
71515
19475
32479
32306
51432
86853
14975
92663
12426
59422
7153
24088
5207
80889
71861
76168
19893
45905
608
49472
12936
81342
92906
26801
11461
46083
24604
52658
97257
84568
80710
26753
17108
48375
97685
55825
87101
60102
31685
87489
40630
72006
76143
53300
52647
89707
61300
992
98655
42476
92843
74735
16281
56895
40561
40791
40544
76317
3586
83878
74754
41346
98345
75750
6361
52499
50613
57547
36888
94778
10291
72780
2565
57435
14317
46147
33231
69002
3058
21671
80352
89929
94345
29361
42545
83146
78019
3098
73917
39774
51752
58080
55096
55818
33768
47995
22668
80244
91082
63779
97848
48
33653
22716
54278
64901
98774
96223
3294
16356
71943
32229
64302
61169
4292
52730
95839
30520
28901
74431
61913
96291
28211
85828
74491
51988
38236
49112
22015
16228
87811
35341
99216
86461
24180
4244
59851
61887
53934
94288
75826
33018
22906
16671
30554
719
60558
75171
64569
68295
92983
68408
40263
34250
31054
29805
29328
18837
22484
77591
81439
4180
27774
80584
48697
80842
79865
18730
82763
38184
55194
74951
680
1099
45752
48298
99988
37701
96174
67909
53406
93666
80501
65395
3415
62319
60715
36539
76067
52830
78252
31007
9223
99231
61637
23405
53036
43245
84720
60712
80942
41509
26228
92677
80838
26696
35967
29901
5313
50776
95342
93733
84998
41536
88188
75105
31778
35217
62470
83397
38695
86970
94096
61126
83175
73489
63602
97094
80022
47825
60094
86311
30268
24409
42419
99586
18579
81294
59513
84793
33473
81120
18850
78322
98474
38408
24236
55812
77782
13360
9722
40171
91295
13479
37246
41542
51765
53939
86992
94405
27734
80033
55033
72209
7359
42240
28781
80994
28197
89981
78414
6767
54673
40140
961
22411
20294
94698
38144
92164
32797
61071
21108
82549
81487
89587
47658
80147
51494
27639
40727
62340
84296
19588
19433
59731
4724
98683
59610
73584
43790
42982
28347
47327
20831
67649
98360
64179
36128
32083
66348
94872
38186
91958
78545
99881
33380
28873
9030
19198
49820
80785
44279
64583
94751
70301
57938
44903
60849
77670
47697
19253
75873
61428
95628
54517
55525
87686
59508
74091
64370
73636
27768
73914
42481
32550
89623
39028
62329
89554
14161
52494
60975
12748
11589
79645
63591
17070
96021
86878
22056
37910
36209
36740
32104
93687
709
16625
69456
43807
61255
58786
84030
41643
56020
68820
97612
57846
56467
85449
23931
50380
19239
51921
24870
68955
79542
49262
67617
48392
35711
43255
63681
86615
42642
29570
91973
53963
48317
95138
97739
88126
96873
8311
82164
57978
80252
42391
37215
88102
66065
57461
87549
33151
92285
32235
64287
9814
48981
29410
91183
30982
71718
63081
29385
68085
15385
43934
67478
90642
35368
42177
30587
98599
78470
90626
13638
96814
82197
45781
89433
61196
73194
37930
57628
80186
92815
92865
9068
33944
25514
96808
69737
54260
4868
8755
43787
5260
10479
49294
75212
26735
86785
35986
38696
47224
5211
47833
53379
31481
2034
34187
87391
60475
39883
12554
64288
15724
81483
28437
86156
45073
91585
75229
70714
59147
11150
78239
51385
78840
13417
22755
46200
36009
72311
89276
51114
64495
54053
22894
90197
40718
3052
75554
53766
13212
95643
22189
47465
39088
51120
35192
90595
96093
43061
60285
20680
79488
12244
36312
16151
37829
32523
9549
87414
39673
34581
35276
42667
24617
60575
1764
13596
17247
26160
152
62768
74195
77069
5095
85227
6547
42746
27350
2802
15095
97308
783
41560
81164
72946
55872
84765
97501
76919
15696
15989
37960
71621
72024
37583
74878
6432
92067
63664
93290
8350
857
77319
93900
90124
46419
13003
79612
99893
98564
61277
98612
12675
75971
12635
10394
76596
5186
52056
54651
90070
30398
3954
14276
54905
20717
16160
17612
45590
28065
40112
99950
23173
91184
8936
9827
42431
50956
11691
940
19608
89374
41213
55618
98069
22061
52037
28415
6877
33426
10238
30742
1073
85971
86995
11685
75273
29453
41780
13355
42840
19881
23638
89732
83421
45577
28934
76942
14431
78509
24322
38195
86447
21189
41651
72890
86897
99241
33276
23067
87024
78636
60466
52976
8700
92761
96288
8302
28800
61885
43855
40797
92616
49196
1326
72819
98219
52680
85218
83913
65376
76961
2475
17020
74499
23642
90281
30807
73837
97137
8831
65638
90152
71721
54505
51127
87659
27719
79933
19616
7425
55875
4833
61588
45940
38366
15951
10231
15573
94956
79994
1145
30572
13682
85622
81957
99703
39779
54843
44325
25817
48555
61424
50935
65557
8068
4330
68498
92907
89904
89332
86295
83953
91778
35314
83994
76988
30189
13968
81299
5821
22153
84401
22226
74687
8331
28958
83777
9107
73543
79792
55856
19716
64125
45571
56182
59805
1777
51591
69031
76136
52026
28774
22360
55045
60251
64673
58425
86612
15264
80128
52398
23145
62946
71380
25609
64827
50113
47130
76545
38606
32361
2781
85800
58148
51502
41891
39518
61078
14285
97908
38905
61075
62848
72492
88080
10217
45682
34906
83066
52672
66576
3515
86246
75478
77916
27365
91616
20679
99376
77867
38116
56943
45787
99105
58028
56384
49454
30010
64403
92880
77855
83140
30791
82981
73324
12292
44838
68216
35273
68626
44290
8485
41193
30209
55439
82319
53118
24196
36802
6899
25357
13090
59887
51351
52020
46312
99840
60141
586
84025
95941
38065
11570
3218
80990
83411
1782
5944
69946
25017
13301
10409
9136
11077
71973
85701
94633
88966
37257
42741
5793
40802
42874
38332
87984
77989
8311
81289
19458
94587
58263
1902
29281
94222
48720
94119
91648
54466
42942
97976
10091
69717
6798
18943
48142
67629
76782
4240
94503
85788
74475
29622
71930
85603
48532
89312
60563
58236
94429
43491
6232
61020
26740
92194
3710
75448
32075
88306
67886
8691
54116
84502
68312
41128
99765
6616
6573
51588
27286
27328
24711
99042
49
8155
49731
56736
12669
69799
83706
69253
90024
55730
46944
94651
79362
23021
12575
13951
54769
22138
99663
94287
73954
99842
58256
25060
35875
15523
11778
73192
98712
39223
8027
77609
16120
94434
92578
33931
86412
46555
83937
14688
27738
75948
48354
52874
19548
4840
31530
34621
63932
95833
35636
25654
4181
78628
45942
81923
7535
73787
29609
86811
71557
82334
1194
53647
32252
21545
5841
51834
38154
28045
38804
58259
14075
32014
21250
97775
54674
48398
48326
30240
4437
81340
31421
36031
85864
17257
4813
65870
40145
75980
1039
88571
1765
724
10880
35830
91736
25028
67308
65024
81439
8588
87231
45983
424
15891
72327
99580
53227
37176
11229
89125
98248
84179
92917
19426
51691
12563
7838
10266
9244
52240
38520
64956
44740
7640
69829
46185
1508
87499
82918
4951
18362
37693
29000
80900
39873
31602
50113
32667
58898
70331
34065
98890
19565
42083
67526
20635
50741
78190
52059
71414
55372
74971
97534
76744
57518
82064
16746
81377
7843
62748
83717
66963
14093
54600
67938
20673
50748
5379
58485
40820
59752
71019
81347
57409
60416
69885
19340
62088
98628
37641
7519
28401
92331
68827
16987
22011
74486
46334
57464
6106
14638
22842
85806
47325
31896
50446
67138
90033
25277
97673
31129
89346
65444
93620
7259
49729
30916
87073
86257
85430
10748
84858
82986
67652
82554
47798
36410
57800
93427
79486
73259
26681
19801
25888
4247
17851
13985
48153
68241
34272
38330
17003
93356
7048
90640
30033
38791
63920
27559
62461
51297
4022
50446
11980
79605
59963
51910
93849
57029
86677
7299
28744
2051
83602
23653
53723
68168
64198
28205
12113
21881
97977
71179
98256
1581
61481
94190
96241
85271
27434
79147
10974
37840
46547
11915
22948
1407
85018
13837
28466
3493
16546
22528
83109
77439
37483
8846
87047
57383
87704
86863
72874
72972
55686
9854
368
35597
25321
78172
76002
97519
37991
75183
41398
59766
4840
60612
90438
84993
63795
35835
96001
34225
93775
48384
15999
8954
53506
38338
55566
62466
36382
49870
68676
11020
94217
82144
30950
231
16915
82148
31682
10254
2538
41779
76600
24504
66926
18579
3750
63426
97060
78415
97705
989
63159
19729
85411
47891
96490
5659
14205
93102
76212
71774
36876
51722
96128
94750
15833
96507
95898
17039
57295
76149
27277
35585
14262
35635
63161
27204
41381
80799
26411
39414
77831
23539
52044
45007
84946
78962
54863
4163
78847
94236
1777
16421
35575
35852
9682
9044
74271
14270
72196
34302
13869
4622
10421
31283
32059
99965
49394
60984
44599
62918
53327
31183
48119
29112
35770
59436
93317
28594
63072
27247
8829
66438
88835
29233
2821
78346
19399
31000
15374
72324
79625
81162
45665
63393
876
59066
96108
81596
56118
51082
5600
78198
55989
35642
76179
31818
3900
93408
67081
10967
48997
52098
2092
29783
65518
53612
59393
75983
38920
52975
19969
11670
6603
13390
57652
91902
47189
70553
29210
91820
85866
18391
25736
73956
55851
33441
33448
73197
38377
82951
29614
53105
13713
13
37681
59739
30682
12130
63568
33349
47214
19532
19400
64596
9451
95497
45085
444
24538
79740
14803
11735
65332
31460
19890
56530
84349
92459
46519
96512
63845
63756
72860
26576
70335
68824
89436
27370
96898
31814
41293
76970
23230
80151
46959
47285
40384
71023
90349
1822
92174
45401
63928
42750
53939
19986
21124
71237
15992
50267
64915
21960
76504
19323
97038
55622
69107
12839
42561
73144
99994
60842
86854
78230
68425
47178
89600
93302
38986
16552
30444
49107
32911
43866
35712
90000
8235
36634
13243
24665
41160
43560
19479
78256
51851
4517
26213
40411
10179
21408
90371
37408
72349
57263
88747
15496
48244
74943
49692
16462
4818
11459
65556
21655
58229
72177
1568
47513
45552
84945
88035
8918
81594
83781
18654
61937
52406
81074
1950
98716
76681
2867
889
6263
72207
7621
47065
55095
27595
25497
28859
84134
51277
39398
12124
20741
29612
83007
4089
57434
33449
47967
33259
32710
57476
9715
19870
44317
18429
40384
73461
56001
59884
69808
74534
63888
6276
10637
61779
22806
52190
94535
24288
35603
69105
71117
87019
24243
14510
54030
65466
1871
80633
99646
93593
56372
23768
92085
50859
31677
56996
33268
36948
72417
23866
84344
25789
86006
58206
91675
49219
60728
96015
32153
70232
81048
90345
51342
713
35656
79158
8820
45016
10435
57872
42449
23097
7586
52213
28502
5627
24112
97471
87676
72899
94363
93486
15347
18719
30175
76493
29151
35722
23159
93793
33050
66560
2439
18534
58296
77656
18456
70939
49573
60099
31660
47990
46610
55042
4320
79455
5091
10819
28771
16534
375
27494
54310
35886
83246
84958
29320
82722
72981
94727
61598
88719
92565
63054
47758
59374
39501
57206
48309
45274
94151
78157
63153
70354
22299
2410
73177
24837
65251
87234
69921
47108
737
4936
21298
6707
76214
37692
80265
97772
19187
98275
72565
15
86089
98305
58241
39178
9250
89313
29929
69542
18599
82007
52791
55449
88243
33272
74986
8164
37649
61941
53381
44467
33980
94484
8457
48266
84438
7427
98817
75876
22082
55855
87891
58497
93394
13696
31214
929
27760
95382
76941
66254
10245
19827
70264
92064
48331
21324
76949
67874
78187
18236
76117
75776
77205
96158
46570
80919
73949
60579
38067
48758
81602
29290
94028
45940
91831
71947
34542
25517
93282
58749
67538
61070
91104
96222
49859
67329
28783
3960
21063
22438
4073
18370
45875
76063
43466
95720
71864
35688
17616
39119
96486
47370
28183
15210
39773
7635
44898
23187
25337
44618
12282
75047
57220
1566
94614
13598
28032
59443
6134
22962
85313
74040
43466
36864
27561
62639
8841
814
34581
24605
58507
42601
46874
31544
63676
96066
84487
69596
36077
88182
12190
22302
78310
94530
34062
37776
63775
27381
9246
19418
28653
36639
28224
87846
6600
91272
27108
36
47663
77623
96459
15610
39699
31739
35203
40530
33324
44956
25821
22758
18301
9160
89111
65844
93061
36841
7509
83628
32518
97433
72134
34978
9797
45012
51049
34895
89110
34753
47969
58708
4659
55030
11207
98278
80284
69277
80799
97639
11907
32570
1966
48610
87284
53630
42941
86894
21157
44427
24901
94959
24757
11507
86918
41757
33910
54211
31107
35631
80148
68410
6244
40759
54740
25784
63256
46598
45348
65393
85143
6083
64501
47183
52845
88528
69662
77409
27879
82663
27959
80182
59845
56710
31702
21987
17231
64614
76705
6172
13646
57863
27564
29087
44270
70090
60114
54015
89510
19256
28060
90491
48829
49055
62001
65962
50694
99539
39729
65146
97987
60756
3850
37782
94514
46410
19873
6812
37757
79282
57765
69713
81519
23647
19887
49122
35357
89967
72817
54082
327
1122
13098
83276
59900
79015
48519
2405
81517
99344
36518
23721
18854
12421
68431
72979
92721
37269
37852
99940
89537
79989
58606
65803
23203
41046
66145
8889
47121
28525
87284
80041
58804
94808
10016
69195
72227
87356
94644
92206
90061
32165
69523
29618
77847
64688
4517
9417
38932
40941
31516
6498
65829
59756
81491
37223
47086
84735
75487
729
61729
37605
16360
74281
65897
26930
60901
98445
17639
23973
70206
85138
39618
98343
18589
21088
90230
96580
11708
31028
20231
83011
73416
72694
50480
52081
74326
43740
23190
66919
71533
37912
52515
94250
67265
19606
76236
33052
46850
91049
78324
92485
78666
46911
51770
46166
56267
68134
88963
22544
6340
71641
96019
90248
35190
32319
20572
44047
44385
32214
5928
44822
23653
50175
25834
40910
65470
19370
34956
30031
64760
51284
8713
98032
64576
18505
1262
85186
89113
80221
95570
18562
93254
75560
42361
52589
33868
80911
40948
68224
61831
68866
69089
84813
83402
41341
95369
47379
96547
19947
12135
48588
14123
51085
67940
84474
65263
86719
94545
6187
17412
2073
46610
80486
90744
28659
41128
57964
64422
96415
67805
67004
44534
77300
87184
5034
607
36582
14672
11770
50390
82902
93917
32236
93093
52761
16620
77244
84950
19099
42096
7838
21614
57373
72123
73144
8756
21434
48290
11198
99118
80168
3396
46419
18017
73238
17956
82785
62199
11100
29124
99854
16773
38835
78711
92644
31113
36032
67080
61927
81049
72734
82969
94839
78514
22645
75660
82433
82524
48889
49423
64476
58436
1448
36357
40363
22188
10217
59705
41336
66801
32342
67791
17716
46231
970
31924
1370
90911
91125
38150
57922
4009
67007
88890
77378
95720
1522
8975
44268
85281
74593
14408
21940
39383
43241
1360
27352
49728
57596
20473
59718
93969
82460
28314
21180
85105
86901
19748
55424
73029
79002
93956
60726
91314
24084
4059
9092
69495
7718
29498
5764
66560
98241
33734
76609
31855
72588
89815
32578
17059
81921
32378
21204
81924
73657
67122
71811
47361
16496
87466
6009
27702
24605
63614
49038
25177
72380
15668
46461
60024
32771
50395
37397
79024
13672
71187
48105
14174
85110
97939
61112
82517
51615
47621
8273
74237
79687
84016
6659
99399
19207
55461
81281
49479
63459
8544
59241
34518
44579
80643
23589
72208
65702
96380
80370
503
92550
61160
98373
97078
28673
24583
71256
49999
84209
43497
9794
23497
96106
93942
75724
67996
30264
55322
18728
61146
71991
47368
12630
76454
61656
47591
37842
240
332
41128
32371
60696
72971
8536
64151
54050
29907
95497
32866
76492
68398
69033
2625
45402
96585
60084
65153
40097
30336
55357
76371
36582
7692
83954
28675
57774
31637
54750
12266
45850
53103
42646
13519
74288
10527
97041
69153
82350
7202
19316
77496
50361
14338
44745
93407
39594
82791
16010
54528
75913
11894
79574
69749
59120
76756
60952
79047
79187
58008
41689
71593
67077
36609
13590
54754
48849
92448
88639
56959
45670
59465
32100
64679
92356
13764
48844
46161
52895
12720
57451
41457
93022
88722
27095
58020
8897
10952
87014
82071
57452
39844
13328
50172
72575
92918
73776
47476
40933
13370
4075
41946
97518
33704
70052
28419
81117
71858
25798
29752
43248
92891
67372
48679
98658
1535
86784
24180
5253
56767
56817
1017
28720
34826
7980
67279
66981
14922
96520
50765
40239
32387
20913
45873
97210
28724
62090
68431
60726
95965
2083
22195
37689
70452
28493
8096
10856
12374
73773
33962
57663
97683
54683
834
20803
13618
35444
13230
23595
11604
64266
92485
91701
46482
46953
79354
93356
88037
10537
23831
2665
50566
32486
4852
61300
82078
14068
75542
5075
26208
73080
42067
50392
22066
21463
43689
72351
70833
17410
4037
71937
84841
42198
6653
85318
27423
35593
46091
35235
97465
78622
40686
55468
84650
52351
28016
56278
46440
80450
30151
8439
44853
61868
63639
75030
90137
26233
21099
15709
44835
89882
79460
99856
44887
13850
49349
83126
18585
31971
11631
99426
10568
20039
21908
35969
37232
82777
44325
46031
92071
6259
11496
79690
59492
3439
4930
1945
66549
31890
62467
70459
5739
94302
2637
61031
10025
90860
71506
78314
81537
55664
46377
83639
74407
52472
69145
62655
76465
62192
7027
68813
65873
74993
92889
53333
3330
39877
90831
91538
4071
37219
25268
14800
88428
19629
76164
72669
6065
59510
27432
90374
23738
83085
52244
86242
29783
72270
32978
46399
60979
73370
50727
70832
60893
14104
56467
71781
8698
7698
70393
86554
85008
51569
28440
34484
1078
65076
66572
21311
1291
4486
67040
65768
18809
10389
41349
81887
18350
97058
41363
96280
63007
29887
95936
72066
58298
27472
25176
31730
59996
90805
50574
41385
74184
80153
87129
85928
91355
76897
97407
82902
70939
18909
7636
81165
31270
61279
69701
5295
3912
10061
56935
97607
81239
31041
22335
12560
31281
27677
80773
19397
480
75521
20346
51723
33104
51336
17449
49289
9461
95315
30983
34468
70829
54898
56469
65528
80244
80558
51810
29310
30530
57908
60881
64495
59647
21863
75510
96016
70616
43958
63775
97072
49884
40003
80584
6527
32584
90678
25317
22264
68020
39977
36017
10125
37192
84111
46915
89242
27195
42832
22306
85457
74841
29542
37517
97438
22190
29134
30313
97472
13103
17363
12298
33969
27190
55912
98965
48231
18819
8062
96865
76899
69926
16426
87504
63201
83438
11788
51382
88941
86434
37151
32176
78797
66998
83488
91200
419
5398
30710
37269
68951
38075
95407
48458
92840
70452
99869
28166
34876
98962
49308
81387
39136
90844
92575
1337
5258
58175
31229
16191
92688
54692
94341
69151
81194
94473
49598
73307
50083
13522
71120
7023
1123
55384
3981
58931
28160
22164
28817
80608
57277
26865
68218
58225
84813
88259
41116
75152
31795
39354
74882
41888
52523
47084
57896
55445
9296
76354
22083
48882
21301
83257
82335
69306
96961
9988
98916
96928
18684
22745
13317
60016
76987
29769
87813
56186
45921
11466
10832
29269
82568
279
85797
53826
82813
41951
63131
90305
58976
15582
32617
48035
68478
79773
10948
21106
57838
20641
41092
1196
70096
37292
77420
82852
15027
82704
9483
70420
25362
1175
79468
60743
26049
5855
55949
3495
94653
31063
10759
39066
95741
697
90357
85407
61063
28971
50977
26330
11980
1636
67135
46419
33006
23955
22981
15568
17419
40459
90897
43970
79925
45163
84158
52609
67077
95532
12652
19163
76571
2857
81065
52502
78117
85824
97969
98891
76461
51592
15823
26291
2196
70546
82382
18635
76493
46260
4202
69025
81159
33950
33095
90029
9490
94718
61103
46683
611
44502
19201
82464
84981
87602
49048
54550
85367
40851
50583
17599
34869
12199
91006
41269
1404
95271
10292
47991
36744
38676
24994
61059
20284
96177
24780
46622
20688
83297
87454
14861
81103
66468
36222
8705
37861
27543
8015
47831
12548
52768
90097
73038
61580
8257
15895
40292
24768
24400
86760
8708
81299
64644
67726
89280
56002
59421
95595
33458
21667
30078
96782
11551
13794
51747
44936
96628
85465
68405
25128
73557
1961
85493
94978
84150
72146
62232
69978
29307
77814
79515
43563
43714
85061
43561
71685
88208
58698
63512
73496
14155
24452
42747
41936
93800
17301
78238
67802
6482
31946
478
37916
96184
12857
61516
60323
59490
10470
40951
54246
93909
59692
41939
45640
86529
43010
71167
25806
59992
16248
6290
10181
37981
34641
53399
93223
82190
51110
3466
97955
48344
13587
12002
79116
87848
6237
66534
16295
63863
69480
37170
76703
58940
81391
81083
92180
94575
10205
10340
49419
37633
56863
25186
35417
44485
30774
39196
7269
63078
18927
37916
77055
62344
66785
53656
65085
78543
98566
1857
1362
57164
63766
67759
3732
75941
54661
83713
63612
76638
40911
26792
22186
71073
89891
6950
30536
46164
43029
72919
58676
73215
37062
21445
56927
69949
10490
60647
28785
90619
82915
33004
62126
35893
13007
85778
41551
32567
81267
85755
38426
51288
44120
92929
70967
54963
44763
6543
65371
89900
23364
52528
88146
4168
80491
70361
50673
73928
21269
27143
81323
87886
88197
79312
15038
70382
6856
41450
95979
47570
11716
89516
23795
28696
85681
76029
63719
74048
76989
71629
77940
52335
89484
8440
70081
11262
87310
21441
37421
82234
80802
78652
12207
64253
4483
59702
49015
41192
45622
84807
94854
89842
38821
7287
20545
37859
2145
38627
8749
49766
63785
84436
33379
16341
22593
42196
25642
20479
6948
70166
1858
96684
99544
31385
81460
25811
75502
59158
25347
79598
96369
58181
73019
44587
41375
81186
4529
76917
58551
27638
92609
81550
59422
80799
37572
43585
44809
48285
50256
81067
76516
9645
8663
53909
81418
20487
21574
60153
82167
86988
31146
5261
37556
81362
38276
86633
29749
15528
40905
99480
54239
69410
94567
5375
647
39892
87953
96104
41784
83057
28320
46167
50995
13333
38443
75388
16106
25457
13188
36440
77735
803
72793
39722
93040
62153
36946
76700
3122
18595
22962
96914
66611
94529
54124
20432
89253
34454
69512
89851
61042
49909
44485
83642
20363
69078
65002
89791
23158
76414
97123
5204
54351
35956
52557
85990
59574
17331
25298
10500
27530
80429
80623
23633
13133
54918
35334
15149
72211
30089
63786
38519
3944
16741
12070
22846
43400
23620
28965
52645
78839
39543
61992
7454
75611
3798
19439
4704
21904
96758
95559
11142
22218
602
51737
6853
94233
93278
9792
59989
78344
57509
44401
98874
11823
78059
53939
1958
33735
63951
5550
46477
42870
26028
9643
51189
75270
17902
92124
45599
30151
25677
53247
58351
72089
5716
86152
58111
37659
11635
13628
83148
78574
89494
94076
61695
99143
87570
24870
94717
43762
22861
8041
75610
37500
5322
79875
64105
75544
75654
29784
92847
38610
93634
55258
41927
87974
37966
82241
12689
16327
65024
6765
68080
93437
85987
71980
30477
25218
7046
70359
64730
70036
85711
30059
66010
61900
8393
34999
41706
93130
91031
56923
28532
48091
6231
19182
83468
93535
58325
21753
81810
77460
72709
86042
70692
7572
69470
92774
60319
83677
28813
69017
26024
7965
56876
41926
85081
60477
97515
34736
45257
64004
74673
65366
38469
22243
84184
39694
84021
51666
78627
80226
12041
62811
57442
71067
87856
35421
22141
36294
42092
86519
84270
1644
94633
72321
70469
82119
88858
12181
25361
89798
99209
94142
21770
5795
48598
16875
43737
4199
38163
48723
33230
47562
38286
15545
48535
58436
94781
58330
20883
44171
84944
20353
93533
18008
26935
41400
45589
95544
29238
41408
42238
132
10296
48095
95299
53674
29729
28426
67706
42449
68589
86770
98271
43921
26563
15592
50868
45780
52576
28533
92140
1188
56501
94161
68701
31318
44337
28375
36282
83188
89649
20079
79727
40568
56102
87358
67996
99055
34351
49208
43756
14308
6744
28890
16658
64947
51413
87563
79875
53430
2139
94752
22227
55541
2633
2733
8815
83685
48551
33011
35197
80191
33706
67738
2107
6471
10138
50505
54763
40286
20693
23537
64142
22127
74210
97196
88094
94850
56149
97199
52145
40385
69056
62097
77023
86582
84425
11055
34364
83197
50566
39306
10001
36981
35239
27586
50737
84388
29962
52738
95587
34611
33723
25619
47425
31389
47645
59119
72088
72951
59085
80704
41290
89638
61519
70004
86034
15970
86
16726
16099
3355
41528
2026
85906
91585
19511
94380
60615
29473
51217
42075
59435
47184
35797
59832
74324
87657
74672
59530
38668
24527
6808
64239
78359
66870
73810
41964
58445
46445
53810
14511
12966
63494
61936
58320
51661
35122
57655
24347
8448
83062
77001
47157
26080
94443
22544
47073
86272
96228
16449
98339
28647
24501
37306
80271
16253
10849
51798
11932
59210
16307
12405
65829
41530
80283
49613
90872
74254
61726
91095
11619
11401
41285
98544
67330
46629
16281
13725
31052
97851
34394
704
5084
69324
72050
92879
45407
59216
37693
74160
14668
73442
14425
41567
2618
12411
32201
95311
13225
57144
50970
3067
45899
96398
43071
3422
49896
25701
30065
68468
48947
77456
59550
22411
72095
82627
80785
59739
29416
11893
12386
6411
1898
7698
62547
31055
58496
1093
59564
30007
24044
4676
33437
27275
56647
50588
97015
24329
11869
92309
93264
92943
16602
21161
52024
12431
45955
71079
91686
57191
65219
30491
23430
43118
99094
45701
88379
34833
73546
61807
24883
4649
94675
11691
59168
82152
89064
14819
5073
68367
41780
5417
80326
70951
46639
8770
24517
77343
3257
21771
11597
6937
45835
45857
5806
23376
44929
83022
69832
14599
68581
68314
28994
93306
62486
52056
72424
54584
27110
31779
97864
49104
55562
18721
56442
32258
73962
84551
84555
73144
10058
10573
13917
24262
99261
61951
60351
7509
82605
93759
3836
24011
1676
12837
91129
45745
79796
99036
75586
41643
59450
59618
97541
28799
73401
48836
12707
63606
64365
92761
43375
37672
36052
55513
10
45738
21976
12518
86781
13695
93451
33334
96216
62282
18271
10647
22265
21410
8836
21402
8275
32596
79767
70779
51560
37768
45710
54971
92474
30509
89254
32345
22863
18874
8808
69264
76954
64289
12157
46538
50063
40565
11253
85091
51399
89637
10938
61198
23564
88620
30898
78393
75678
9115
2219
89653
60433
59260
18959
22051
4932
15217
7892
2201
78859
76315
81076
9244
11650
50613
27866
69867
25999
23116
81475
92370
80036
4099
20581
18075
4532
38531
35426
43075
7488
63631
62516
44648
36229
55573
24746
74364
61531
75515
20482
81815
6914
89637
76354
88517
67331
65551
89660
66281
62620
91477
64932
6726
14487
18802
72109
13420
12609
58400
3980
18020
20278
91977
4059
11352
52879
96370
30243
14982
96429
96052
43985
92721
99600
36245
37619
62248
51017
42981
93613
81106
74779
40966
97039
5067
68377
89433
50950
27315
99893
10746
2883
65653
42742
30602
50539
14894
42518
49206
54962
45030
37146
94321
16339
16424
6314
58217
90214
70603
66780
60419
11822
82176
56089
47204
8428
27557
79076
34007
88203
17699
33372
25044
65180
19806
31935
16235
57681
75532
51500
63701
5168
71383
16090
25305
51140
63175
30613
81311
90319
19443
17737
58123
31715
10285
91407
37971
32117
76946
38111
11196
36166
43868
18751
63686
30432
79044
26911
99312
55772
44029
94035
99849
3665
65283
21732
15139
16380
59539
78700
92962
37624
80737
74873
35228
90897
87244
98277
83385
27110
14170
78872
84676
55595
27451
60348
55704
77908
54334
83647
91686
8810
23779
83051
77612
44762
12812
52368
64463
31326
23799
44417
96520
81262
49005
43896
12539
91536
90009
49218
57410
69094
2404
82388
48851
74684
85706
93963
85573
77576
335
15013
87329
66280
8461
83112
35173
59609
54160
75345
41900
32436
96213
42547
25965
3093
26128
11289
50659
10625
8512
46918
99612
500
6650
83588
36588
85849
88613
44076
94214
71530
18953
26297
16065
43210
52546
54296
81924
65328
24485
85094
56005
14372
67631
69859
52215
32162
70187
83996
11533
62074
57686
60662
86026
56741
38382
13698
23854
25745
59376
54135
40093
89328
65141
88828
93611
56745
3597
51396
19912
64145
34946
77443
32596
53956
97438
18232
71861
59242
97432
99976
65537
67477
1217
43273
22684
73113
18624
80763
94980
28912
45844
57339
72310
15142
97492
79036
59690
40932
30227
80894
12982
29915
738
39892
42800
63877
9543
35784
19307
32663
19991
15775
93531
71548
97838
17233
93505
84091
10350
36310
96455
42866
48639
40584
61525
91858
79898
17426
69351
37804
4265
99455
81585
6191
41339
75017
41491
97365
7763
92118
5349
90452
23847
83280
30989
71197
85358
97359
21809
19468
92370
1807
7848
25814
7901
41353
93594
93617
46012
74766
99019
55033
67253
22142
69971
59168
21751
91441
89695
16378
6073
70582
13568
10896
39846
22860
39429
4355
32031
57719
97354
56606
83560
95338
80021
25065
5924
79428
23836
97341
13694
95855
98540
51836
5438
83653
75291
39353
39764
4191
30952
36704
22805
40453
24159
69529
59639
49484
76196
75160
2658
55303
71413
50797
28505
30655
79910
18633
31770
73099
76162
76490
16030
91295
85566
72152
24097
17954
71157
37446
60242
23523
25087
50162
55977
57873
26021
43988
85758
12477
76435
88502
12525
52365
59610
87581
55181
83570
935
6261
16685
63230
52191
3778
23663
22565
70735
98937
44362
85498
77764
61567
87429
60284
80327
13995
87604
40967
7244
82773
35312
70575
68828
35000
43733
31846
26512
27514
13005
80842
99101
53912
89949
44726
30157
59459
9855
79073
27409
43591
80615
89120
42106
12211
38851
189
94832
35441
85289
25269
45832
25928
63814
57852
68968
78104
44352
60807
78823
5807
74667
73
92666
84182
38702
16196
6470
64277
59340
83675
84957
63932
23279
47587
57804
95032
27716
94590
95615
61985
83576
23516
77325
71350
73203
69608
2573
16198
36859
21989
93865
16854
76312
92124
79469
69290
40173
74295
95137
97362
3237
57558
36494
39871
78558
32214
8127
62854
3435
77911
45054
82476
78746
13737
73028
66305
73242
31947
94418
37627
88650
90891
60537
99736
3013
80830
40633
59668
42169
82334
21479
52106
4552
56132
49747
63069
54473
78117
87385
68409
94321
85275
68222
90977
60617
2310
53370
5509
23692
30530
50766
58714
25384
45186
46541
97510
60150
571
38520
59399
69654
30455
85816
60659
43621
53453
56691
27415
44167
39711
9271
87380
21176
96260
91898
20961
80510
49419
58431
46487
74164
32994
63821
15104
37872
61962
22996
2660
44283
90729
92374
9234
36659
57780
79836
79202
68830
18870
69288
39258
59448
89459
59682
80436
57146
84957
24703
81495
28050
94025
77990
9166
16402
87054
62356
56314
89097
33657
20829
25836
67933
54990
68847
56996
82461
59582
57425
37772
42128
5231
25584
80318
16068
16914
80441
66360
87323
51857
10164
49955
5274
52148
71717
78085
23319
87347
74264
12536
55881
25766
30296
64186
84789
86245
83096
60200
91734
92102
2461
55690
51595
12278
72712
43714
87115
70672
42680
92520
7989
94108
61765
12581
48398
78902
13139
12503
47365
92806
94916
42062
71110
8184
49478
71978
95270
92261
41592
86870
29173
39673
58618
93464
18509
75062
10973
75584
82284
4950
5661
95271
28184
68093
91846
25759
29153
32467
61239
72503
16769
37936
62728
36099
59028
84082
15200
86721
53590
39619
84418
4474
74913
12313
61087
39012
66135
26045
4637
33322
18738
92784
18007
50779
48064
91798
20892
88058
20004
75085
83606
87302
20773
26133
9823
10012
43343
22991
19930
63973
21208
97423
84721
4275
59455
64066
74234
86586
82433
93747
58882
79701
54662
74446
89095
30472
39487
89265
68511
13064
90580
52680
22940
244
80848
72572
47129
32177
32384
5149
73523
76632
4797
19575
7784
6427
37658
46306
84420
93943
69530
44620
15106
80205
9398
72763
13927
32276
45859
51474
81494
76150
5394
29254
22174
75759
67387
32648
65676
44435
53155
62436
18340
71758
44886
83299
65025
17116
61184
87792
84348
54748
58766
96832
8450
83136
79989
65484
69239
99654
9502
25772
18370
59607
64198
32572
92066
17758
5698
56883
57850
47570
19822
19111
83688
38257
86507
89394
38561
20102
95560
58007
80703
73684
7458
99154
95783
75154
1426
73649
40505
63907
67428
66058
50377
1327
18222
745
88887
68836
30424
37277
46542
68464
81961
97448
53858
58646
14668
93673
99048
50494
64478
14859
74676
71516
85249
89490
2574
60085
83184
15603
60585
55546
79967
66811
36420
32178
63789
80444
66946
95761
16561
90279
97911
76627
15501
5885
4838
96921
64712
4824
92639
87476
10044
99482
44741
85602
14562
31167
95556
88768
28473
24917
81439
17275
74014
66853
5615
58713
46780
39614
27512
45768
90765
80143
25579
14046
72614
49936
76184
18113
58284
76827
4910
60878
71457
34754
15256
18804
82437
30000
97505
66139
70539
10039
91744
16772
24434
55478
20629
52902
97417
741
58379
49134
48769
23159
39988
4161
68858
96315
110
4775
61688
44881
31899
19221
4702
87593
56794
76700
15212
35134
97965
89556
50279
69037
28571
19360
79633
11419
99027
71063
83328
86361
39135
84022
35772
86782
45965
36621
28658
58545
70931
96450
17102
48813
62495
75628
94552
80495
31148
31278
25387
26717
20352
3304
63876
58915
1197
58282
39133
50845
99144
18815
30849
96308
17615
73196
1155
34065
40450
79006
85687
53550
94407
89893
30672
59504
82716
38092
55234
53025
38712
99401
99895
55008
18465
32706
30736
28580
85864
91369
48607
77693
3938
55037
54647
72124
79036
36613
56685
50294
14530
44915
68431
59489
16428
21731
40988
3342
41405
36581
80521
19464
22110
23402
5459
85577
51829
30613
77427
77088
61893
12542
92695
22672
54528
16626
93930
43348
72435
46401
22283
98309
83876
41484
15252
22475
6423
37211
77287
39041
33772
48767
59645
52810
44187
67228
75435
76940
3836
910
407
92658
61579
24752
46249
84662
18543
72720
52753
82922
43712
78051
62767
60413
23448
61354
69401
6810
11378
2599
27898
80047
21220
36933
5771
34212
15731
30963
40935
39310
68649
18185
99213
36250
49605
15758
11129
6695
19228
58455
5334
76295
46208
9247
12105
4564
28433
81453
23979
85613
63426
60312
55561
94472
46108
89551
71886
57312
62007
42497
31547
74890
27724
92601
80236
27754
48568
1990
33487
16024
62881
93564
11776
63535
97087
18075
14702
9997
99417
8870
19728
14843
84011
11478
83729
67502
5618
98770
34204
68493
67863
72041
31663
90259
80279
46170
73604
63554
34444
95499
94021
42350
97214
6647
40502
36227
31230
19031
30640
73759
88209
15379
67316
52920
49817
54382
20105
32916
5462
31730
70181
49120
33821
38541
16780
70591
50819
38155
49217
86141
9846
72014
92626
45297
54536
31687
19564
61742
97497
61675
24330
31743
76599
59782
11287
52434
63411
71551
9883
61216
24969
24507
97175
25792
17021
39906
16991
34526
34674
19790
38043
82879
60763
20703
13935
89634
73285
68684
31806
78881
13096
31958
87655
22131
25741
11682
83278
24479
82758
64378
85268
48158
51641
81844
63344
88994
16946
63943
57177
44562
77272
17004
30649
83011
2078
2929
55640
73860
2626
10135
88264
8788
91905
69123
9035
37140
69
69646
38334
93380
53500
41543
9544
60674
25484
65697
83419
44201
52220
319
2687
94938
65026
4495
63958
28871
58668
43622
33392
98988
89127
97286
6148
5003
10448
13599
60742
6232
95595
17282
54069
58631
76546
49699
14311
35009
63726
41541
77513
88710
33546
77472
61930
11680
37628
20237
36671
41589
4412
4120
65696
66281
49290
32762
27380
3674
80173
62090
93499
90708
16515
94967
11875
33301
91905
46697
96259
9799
72740
83413
21024
97106
10492
69526
32231
15786
50885
30175
74765
57495
49577
44834
74374
78889
47599
50328
42067
31340
70974
21598
34925
15529
79426
62087
20338
36818
67522
2902
36112
23581
64396
86520
80838
9783
77414
57049
84395
30090
67482
71308
63919
10283
29218
31906
72143
54982
25481
682
95867
39929
63548
80238
72113
84673
56770
65142
80050
2750
92499
90856
70595
91195
22999
90807
82250
84277
90886
93984
95338
66779
34523
25912
56024
32635
56463
87527
22625
40306
76538
63807
12338
56192
99812
66620
65502
20679
92113
51820
13802
73598
3856
76464
42352
21596
70019
26611
40573
95679
41345
53694
2948
20261
37488
44531
7537
32889
48089
76127
60748
33583
84595
3809
37650
66698
52035
77386
95655
14544
41052
90786
25340
56726
68185
31686
42718
792
4460
85609
8651
31729
22636
60528
56669
97502
67379
94893
94288
53947
43528
76938
42575
93865
10974
45482
56790
46261
22793
67327
59557
75166
29889
93634
89723
20379
35530
4585
10127
89756
83726
40860
39220
39934
1450
21656
60485
53495
13888
18594
70401
74068
18224
91617
4868
85324
86584
96548
4817
68144
30619
6469
67785
83797
59137
7947
54878
70426
94065
30781
29857
45496
48206
46115
20802
62816
12761
29988
9060
46695
22337
12329
62264
54221
77129
96271
92230
58530
17143
59176
250
84541
67333
25839
2203
65077
13951
56914
86965
64774
78075
77500
37827
31268
71492
92236
84298
32826
81507
38608
11826
8560
80614
94312
90883
45219
49432
27307
43070
26861
79429
21582
84845
21424
65344
60271
96138
10038
98884
99958
30299
92240
91081
87999
6971
22509
37267
97134
22371
96044
30799
79291
77324
70397
26747
33058
64825
12513
5265
96107
76191
19937
63110
2736
3105
59841
72640
84239
69871
99325
32785
25948
98646
15406
21065
62646
50104
986
58120
5512
34173
90964
41587
29050
25642
14867
16857
79008
78751
27631
50182
48260
33024
16829
42352
4664
45556
36758
8039
16069
85386
459
47197
63932
29950
44735
13173
81536
8464
50775
61426
63475
86103
72303
59802
46081
77823
99415
909
26872
84719
97512
85745
37239
49906
39567
75424
24087
56075
40673
29153
53122
66451
34380
44704
12397
40164
61790
17452
51346
28066
76608
71896
23786
25871
94037
22094
17400
98460
20782
25312
74820
85371
7878
77467
85960
61857
63112
96846
46634
64652
29266
11856
43274
96244
35785
64935
78556
22807
19777
12343
50168
26754
48109
38925
27707
73248
5225
37982
87395
31666
28781
27226
14327
48799
86421
48017
22262
62743
61650
42641
83912
29449
78228
22437
47841
81028
28964
57694
41690
91735
60738
24723
16853
25907
56356
82645
44042
88506
17885
36541
49281
21826
50219
48297
7951
67339
9287
74009
27981
4891
73083
29323
65552
77702
68169
10708
71294
23173
24955
23618
78109
2319
1333
72654
31386
79914
59588
65463
26777
85071
43289
57767
45948
1245
79079
3818
4507
68019
94403
79936
30192
36460
47877
34486
93733
21343
93197
93530
23862
38133
26662
30638
86750
85938
56674
57662
62610
55206
5959
64896
86347
29635
77700
59598
6922
48466
28902
21603
76990
82087
66153
55211
13251
67861
6364
26730
2551
85873
67128
66001
28387
8648
37867
53604
19359
31864
26525
86596
48575
49810
43878
35588
57284
37474
94850
43324
42121
87293
21290
60983
18116
24161
84952
77251
71341
94062
66491
54204
19721
6871
90963
82746
29176
86209
83150
52104
61223
26418
67120
97787
77176
79090
31690
64235
26135
45558
34946
21029
47355
14481
44407
44310
76060
65115
75456
83629
38034
81705
77952
60367
89225
4519
29709
99200
1369
21787
74907
49422
93559
89284
92239
36342
15700
40293
26589
283
4485
53585
43803
40890
71148
17505
90992
98092
28420
34798
21240
89276
21672
8479
8773
99363
87633
67680
25309
59008
27176
90575
92149
87504
13412
86892
66194
10324
11871
63210
16706
28549
87884
66284
64446
75489
37428
47945
1403
486
74798
78968
60709
33819
43411
39577
79717
16630
21779
67767
83715
38802
38432
78663
58700
35660
59997
11683
75299
30314
8814
28795
66872
86973
32834
89373
88408
1617
7397
18819
6707
52587
10009
76879
99762
68827
28954
24463
85823
14213
32442
77986
74047
38213
17446
52794
80667
94974
27224
27099
15562
64414
3671
94901
14620
92245
88952
53836
87357
84398
82356
47566
63504
77809
58504
50364
63268
66481
4616
41293
91875
94692
1050
41483
49522
88237
98567
15535
27290
90259
37715
57806
94023
23750
48706
25944
36322
92544
40995
82850
5499
75269
14507
56426
21661
81458
32041
18639
59304
46767
4186
67620
16784
85137
39836
10969
45696
16054
31413
37026
90005
95039
66099
3519
91486
91347
52025
59216
42513
64644
36930
92336
29890
62897
44916
57563
97634
60404
37191
10047
96117
14121
37045
52357
49102
89043
53642
57766
45029
40460
35676
64707
25895
93793
97469
90176
28798
53513
49921
12563
38794
83738
44778
99128
38909
41603
76222
21808
50999
59539
96106
3237
69607
19744
65645
29214
75346
382
16622
76055
75590
60969
81633
19767
15387
22897
71651
11783
40112
1979
14017
54365
4108
81162
42897
88769
20241
24756
77741
37514
31751
72718
39688
18639
53586
22333
60582
34612
34141
25191
18339
89759
57673
56531
22256
38883
34536
90641
9157
84738
97014
49490
66776
55665
77873
98609
61944
97987
54316
73406
33382
64185
38335
9268
91514
25619
63670
95543
53657
56103
4178
45583
69024
56236
12888
21265
93141
70161
73668
20880
77933
24514
73891
74979
2387
91605
99022
69410
84278
4152
83200
65319
53730
5976
44669
62553
82346
38740
12174
78500
70288
5728
39183
68249
52397
8756
63886
64825
24333
73739
79883
52335
6891
73486
3351
75317
32869
12058
47932
46358
72609
84496
26719
95232
62223
31256
57789
12741
68164
93481
57190
53906
69505
89267
19851
81908
94929
83944
23388
19628
64446
16633
18779
82695
47875
53082
49378
4490
43996
81447
91700
15014
96673
10920
85116
22599
45993
5846
16625
83720
26842
79671
41332
93940
32104
77950
78399
7277
60297
49411
1182
87028
95185
18916
58361
8691
304
95824
24518
21755
25453
47568
40552
92250
75161
45042
50390
65852
50813
38727
77743
82753
6390
33374
45106
3543
56167
56804
31942
49456
76047
94964
48544
73718
54933
29255
11155
52957
90173
14155
71839
84045
22260
42211
93458
65560
790
54894
1653
99701
50767
31149
70715
34504
55393
74994
87034
64486
93070
47312
58899
79739
75506
93714
89225
38910
2153
37845
65553
43964
90046
98031
13344
1515
21354
54983
99513
80509
92366
61601
77129
9452
13977
33927
63558
36030
96081
97615
66638
42380
28958
71404
61896
68037
11317
85156
99591
5829
96400
42830
82855
63588
44027
40765
47678
93676
71724
95462
38399
89649
41693
21343
35819
99460
72943
45328
4998
57440
66000
57233
64742
16738
31734
59880
75209
26037
74882
89705
27853
95189
11757
25274
79167
25011
12625
52818
35613
82314
7577
33043
18644
86041
88670
43727
34243
13581
20011
87585
60012
59970
41963
90084
14642
54308
3041
80844
8600
56857
75622
47451
14040
98089
71461
84378
23564
74493
42933
7829
3015
78453
32042
86160
96519
99576
97500
5053
20172
53036
1828
41622
29008
58898
21525
97528
5718
12503
59119
88915
95244
34463
8202
89827
77458
63255
11043
18917
70194
78893
3437
86261
34210
69409
47481
7859
24185
67229
9342
35182
68212
63742
99857
77559
98022
79393
81334
87655
32276
13827
21677
81606
29486
92820
94073
43775
36946
61426
65274
59058
12454
18491
53786
16043
40612
88245
59866
46520
84322
38059
68734
89459
37665
58592
52727
24015
19125
38953
69190
46157
25391
45087
13315
24235
71682
6398
34495
35425
9408
69998
2610
92097
50057
22691
89847
9763
66588
80517
64694
16134
4847
1295
51920
49695
69149
25547
85396
19985
66790
66837
11861
8161
94999
62310
1699
44563
23949
30993
5397
44438
3963
47268
49658
53174
29412
93001
15034
67238
61306
7339
52456
27233
25523
10436
97676
71889
68006
70629
4156
86026
35906
4151
16769
47287
28155
38411
3936
22872
71524
47603
16298
99249
3854
64658
72522
25034
36912
85441
21002
6150
93796
42197
78631
50669
82273
56592
24881
84093
1963
81461
64995
82366
63094
11037
91048
99037
78033
74071
62138
94671
15586
81957
54481
54839
77573
81463
36811
32805
1089
64107
48686
66166
12839
23479
64472
92178
86037
42046
74941
71485
9870
10408
17592
35946
13811
65050
14720
76435
92314
88972
34040
59740
43834
76580
42399
25601
13224
33371
94676
50060
61961
90572
39908
81776
92652
2812
50356
61444
10622
90079
74770
63005
47066
8403
32571
65532
65223
86101
98030
54453
33276
11801
16866
69704
88604
34250
96529
86576
51604
78060
10949
57728
25207
79254
97387
45215
37769
67390
4004
91804
21662
49059
27618
40515
84706
37780
31223
37468
5215
75914
44520
67474
62047
52543
97872
38667
45275
46206
13240
87760
16754
17256
53378
68296
60866
5230
65961
94574
21228
93702
67229
6922
28684
85974
25275
20552
96841
12616
18776
15191
58746
12022
56475
98479
32870
63584
9731
41015
47970
35875
75823
94113
81537
94249
59199
65662
12191
12401
77561
29757
6903
78690
86711
98378
53760
60549
83356
5216
30270
59295
84513
63458
62368
22141
5173
94046
78726
84744
10190
22349
27017
85531
62775
15525
40102
44353
78777
50660
23088
24152
12906
84390
25301
38818
81602
72865
72748
19963
75660
42620
39834
14608
34
42700
91563
3372
5863
68064
75337
5943
3812
2024
46360
19610
94632
66667
93990
8885
17806
21923
53309
76553
23456
5240
17154
69474
52093
2
62776
12234
67055
57213
92674
5115
20018
93611
27972
65118
42079
49895
75545
5548
1824
19011
48446
67574
47182
84298
61888
44244
43899
34759
74446
33614
98412
87600
67944
4746
72710
39744
95258
13390
21070
61759
55780
62520
80195
94642
47515
95786
18191
65161
64275
51909
46699
56599
84674
67057
59086
83596
41029
60688
13064
63832
7584
38771
6415
87219
58167
11943
47416
57099
81173
14693
90652
90154
2997
87605
47069
79549
96580
7086
71401
91552
15036
70586
2946
45735
28358
4018
80977
37224
72686
38709
74797
41915
18948
31562
85762
15532
30519
39686
78719
24450
96458
81438
4580
21858
61419
90655
62176
13649
38381
42134
74750
59995
54085
34598
77140
53993
4746
98407
25932
28954
18162
96948
91233
91112
95723
81858
5386
54691
52633
88595
66564
36216
10117
28560
60142
70912
65217
940
40264
72025
82650
88932
53639
8648
89293
40554
84081
21204
17156
63816
14172
29532
75646
6679
31022
29667
88033
80528
61438
55671
9437
10123
54371
75938
77098
8232
98368
12244
35609
66778
91825
45577
99554
7779
6153
79734
54982
33125
24297
63494
94660
91570
34083
7932
6920
53958
78881
52234
97706
68192
18649
14559
36911
10946
70843
99902
19245
36686
79932
2106
3569
83491
20755
73825
58576
45399
13891
57406
20192
61049
5765
80657
65158
66812
60041
19301
45799
3059
1028
28615
2192
99595
9108
54181
30942
43076
24539
43453
90630
24702
43740
19982
55214
29007
17019
90643
13189
6764
30035
73537
64403
45709
17838
26688
78220
56467
22097
5498
1727
79829
61117
9571
89224
46050
22787
35337
9360
69320
65751
96571
82980
42876
11579
21128
80651
6248
75509
27526
28289
39045
26522
76616
90012
87674
2595
69266
13475
59365
26684
86392
99276
92847
97321
99922
43847
90337
71275
44979
82671
65859
84218
13947
71342
92883
51934
15210
52712
22068
20111
98722
29137
92496
5657
37514
53896
69187
51030
88589
72132
80133
833
54264
43362
3910
99017
56081
64950
30898
57368
20521
40608
14275
6002
42920
31278
13608
55681
82605
42704
33605
25043
1327
8907
83513
55621
76211
55705
87627
84977
93932
74164
51898
72648
8462
95122
4023
9470
63516
98685
63877
52001
11528
31838
94935
67758
2884
90491
32833
78585
66217
86168
73293
21246
98711
14304
69707
61721
80170
59601
31671
7961
38360
64250
2325
22737
463
24207
31902
25807
68614
61726
34913
13697
49810
89570
76740
11102
44607
71609
82387
78218
38179
70320
73065
76195
77113
6794
66172
7875
33535
26156
91098
85331
14874
38078
41900
70201
76236
56802
24965
31185
35943
62413
17059
12497
58678
53741
38400
87883
8510
34642
16068
62934
56656
74924
44182
33623
66856
31423
5881
68219
20211
10560
52256
9650
87820
35880
99291
92620
4827
4847
85570
88694
92367
52841
73972
40087
3836
97192
15834
22769
51216
30973
21384
88752
77941
63512
72708
96235
20077
94197
56142
88434
13944
71681
50755
7979
68176
86803
47543
55818
47530
17339
5511
33870
36914
6918
78940
66738
79124
26346
81588
87975
8945
32494
21199
19426
13821
3545
59173
77629
39874
35987
95247
42494
62670
92199
7013
6502
30018
20250
38849
33020
80788
13172
79748
30958
64744
34297
59522
96301
15648
49274
19386
81501
50018
52723
3620
56310
43894
43645
44518
56407
70538
94395
98242
63635
34376
53724
26134
56298
29444
54368
74000
78152
3406
51768
40804
14897
28345
90369
91774
18438
31482
76450
71850
83290
77167
35793
38505
46636
90725
92654
8326
17061
47842
81613
70857
57141
73103
16653
21781
86644
40749
87094
68200
26095
80821
27648
7292
36308
34170
15428
61722
86580
63844
37965
87849
33432
23727
41105
56245
2330
43591
30275
63906
52561
88893
3063
2600
38397
54630
1494
43966
77600
11707
58100
80160
68566
53321
48257
33377
11350
31871
5402
229
16794
1416
6118
96835
47994
11481
2431
26801
6425
15869
15521
64332
12512
47978
90251
41701
46488
11099
45028
46996
94738
73009
47878
71750
28542
87436
32903
69519
17105
77247
71437
76924
191
78029
11645
572
15126
30001
30818
56726
99392
42305
96622
88054
7223
63876
99007
72630
65050
4908
21895
67620
93135
29823
62608
31046
65609
62886
65941
1965
26261
51317
35978
28290
59838
89599
96662
63665
99470
76845
99731
9772
5928
63323
96081
47244
20773
30161
85307
67717
66579
31526
91174
2704
19488
30259
75010
53174
4505
65733
98328
66504
13971
35720
55201
99018
99141
14949
88992
66055
36103
78624
21916
95422
35235
59235
72392
92187
19053
3277
265
13189
65786
97086
8946
20709
85905
42081
19253
14938
16098
95012
2341
77474
82507
59562
36940
56042
20844
10563
3109
40260
43626
49452
69952
26917
52080
46273
88360
76840
78799
46879
84212
97290
55684
28442
71746
45175
87592
91817
46550
68082
50929
42383
75192
62186
3096
84560
48774
68784
82558
26951
32128
69622
52115
41598
87011
44706
78200
50660
7493
72279
96332
38118
89022
83655
76350
72180
27921
48867
60211
49639
20697
27299
18459
36557
885
80589
30569
14656
52202
67539
25187
6251
64786
75284
87032
47446
12029
19137
57776
88184
23740
73521
13809
9064
64846
39114
53512
13620
71564
27711
63977
97597
55921
80902
74799
16661
71677
1259
59123
48013
67262
73562
69620
68579
64858
69081
66915
6757
96304
85653
41303
21801
75527
2321
21667
76893
36533
83303
55373
95365
42628
77119
59022
1630
91963
43549
25188
30303
21896
11451
67298
89066
21062
17494
70910
40807
85060
1167
33803
17320
9290
88771
33440
27381
94050
66952
47082
48916
42623
79237
470
8062
35091
15318
7095
26570
42654
14768
9638
99535
35058
65912
87355
77714
38744
84092
14501
99967
82614
52505
22964
80465
25371
38481
5182
77910
28457
79923
35052
60784
78306
95766
95936
1821
20585
4884
2950
10568
93728
45050
33099
7212
81897
84718
32046
96510
96505
8957
19214
2098
60204
96892
65847
35645
66367
15538
70095
3793
74811
28973
97944
63254
91589
83344
70138
96980
21447
65158
26238
38470
74625
35463
40524
42808
46269
56387
90230
23464
57117
55433
63090
57990
72018
7893
15896
39288
63418
92900
63986
56572
57764
13611
78842
71783
5996
88517
47126
61856
51931
30607
75213
26301
43260
53584
3496
73763
17654
12490
45501
83979
61933
70172
22941
83566
35977
63329
61970
45617
83318
99413
1952
43422
76065
18078
9187
61307
68755
89216
95990
71119
21234
97038
63058
31034
46849
1979
86432
81595
48325
36716
61559
173
38533
73247
78786
16265
22513
49056
14707
35759
97491
8805
65216
98611
47349
96986
18472
56253
56874
71937
27733
94154
71503
34197
24840
93312
90150
3945
2161
67989
16898
36734
50444
81704
6047
81294
67621
10722
19448
22844
59763
22458
43071
16580
17848
48772
67542
86030
19250
49484
43820
35252
40080
38296
73818
76048
10623
54613
13024
91250
64988
13041
67189
62429
80070
32635
95247
69004
59628
99652
14668
16331
58243
76808
98883
34521
65947
71053
14909
89887
34936
9629
72545
41718
31622
50006
41527
55228
37247
1447
35690
70992
20307
23701
54315
36356
58010
59486
57503
34326
83240
62085
40141
42190
5491
89709
92397
5889
60761
59686
65564
95436
9871
50216
58942
33024
51659
99762
35519
55344
79927
71920
59040
80930
71653
28912
48532
19132
88721
51808
49510
70531
77348
45605
92161
46898
32080
77997
84987
48770
7052
95635
23682
13553
72406
61055
52902
54739
28859
89102
71368
32641
26186
3831
44002
79846
85739
8781
74152
27824
60861
9043
15177
23235
17297
42484
68452
41127
19308
38980
44604
1613
49325
36940
46567
93670
57357
73783
88224
20913
50563
15443
20125
26548
19249
80953
16367
4508
41718
4501
2461
42328
94095
72390
84563
29302
81593
52779
45808
65255
99698
3984
32347
68437
55716
38889
69743
86823
93559
33556
36632
1877
90174
84033
55773
36656
38173
8091
87595
35468
3568
64118
42685
46283
40393
41171
86540
34144
92354
95817
84358
72379
98551
54432
70464
4473
93861
24540
40609
59532
16980
18046
22342
66152
53154
31985
35320
3704
99270
83946
56465
87028
34485
75169
94424
20301
76871
43502
942
70877
3635
8174
61700
70142
87994
97539
81598
31871
99706
20191
12511
18464
79123
76624
3786
71141
94776
53490
16825
47656
37622
12988
75139
81358
65504
74810
62518
82663
77555
93577
84438
42337
67263
83846
8369
68043
23314
75197
11286
76479
36176
97769
29265
74350
40798
41222
93615
33222
13553
92524
40727
41555
14909
63411
3825
59976
24562
82097
24014
62122
16223
8995
1693
28993
25773
10044
44926
84593
17247
44158
88480
87283
29475
75036
99970
32957
25076
95119
43962
56383
9729
69805
22694
42794
53726
60923
61144
40263
84835
94279
34716
15151
77406
12953
5253
40533
68014
70328
68214
18284
24238
464
3239
96370
88041
26026
28411
47456
85314
97410
1470
35990
79521
38582
89250
53563
32585
78011
26558
7340
37209
66094
11719
78492
30786
42676
63861
68503
2556
46674
28222
40855
3592
93181
46060
5829
57964
54642
78843
37241
8620
19092
6976
78252
33279
86103
24378
47973
29505
20227
60831
49622
79184
67090
82107
46665
5582
34793
89556
76179
86769
61474
49163
93725
37750
7368
10188
42870
43903
20488
82609
80698
56774
58654
99196
30849
81351
34427
31064
18044
55972
82870
17681
51458
76034
49135
73238
49802
76953
44534
50379
12545
54381
92782
31763
7080
28997
91383
32701
91315
92738
48950
86957
75312
74527
41451
40396
32771
61344
34256
71125
4528
58446
20793
84915
77901
97981
74059
6828
31221
68912
88612
52801
9118
15120
88905
80426
10091
41466
59216
96225
34676
79120
99793
44043
27089
91701
70447
12383
6786
51353
94613
96514
73470
89926
66182
29676
87280
23854
26825
86355
35674
44624
89242
81927
42987
62695
21800
4045
4938
29430
52158
44668
70497
9695
218
91694
72679
39689
16413
71159
79169
9643
70211
75291
56864
50243
41941
55460
96036
64815
60811
67044
9146
19246
18539
91604
89568
53353
25159
1709
34271
91251
51397
59369
95227
61586
75562
67633
16460
39575
20745
27819
47320
39607
18190
40951
46558
14222
44797
5670
71084
81392
59906
74294
68703
95462
18718
92282
63757
27729
1448
11764
48868
76687
90682
4844
67691
54272
52930
9889
55435
73190
369
36851
9031
23695
52823
83453
59779
91898
8417
47524
82950
1932
55427
96679
52535
54742
54320
20222
60552
78843
64419
84300
16066
98267
62445
74975
43949
19048
76304
92943
19201
22413
71597
61888
841
35492
78252
40944
71029
56519
21972
52515
58579
94580
83998
11353
15433
83130
21124
14702
8701
78739
60908
24199
20982
47254
70901
36367
99733
50651
39708
20687
15448
55945
55131
95985
74342
60724
21891
49228
86440
15365
65253
4226
47703
20733
31367
73336
89176
1035
50543
21758
54127
58261
51595
2598
24725
46616
75342
47291
85457
15324
29715
39802
50656
16504
85985
57794
62373
19202
76063
96847
78621
21842
70683
50681
10374
44734
90760
89936
20719
27168
13133
35076
61893
28977
78074
48777
34741
74962
66283
88438
24324
23835
89553
33497
37524
77797
87345
74019
43258
12724
69562
71041
64724
28632
85246
22239
99264
80882
25465
39830
29155
71290
97487
79539
57816
13899
72313
31552
19031
51261
73649
2259
73867
56735
31251
98088
50815
72021
46003
99068
51724
81250
1710
79137
51637
82848
26389
37726
2562
50433
40789
97671
33464
9792
44961
10384
56580
20724
79549
40283
21008
6385
37793
28666
45349
36863
45489
17300
51147
80453
25514
2160
62402
16719
89944
85685
84991
51455
52370
60090
11321
41101
73696
46045
14027
25872
85993
22731
1626
11196
87278
34329
82527
7297
34989
63757
32605
86327
22052
4232
92575
24613
85188
90397
5058
65145
12780
69597
82048
66476
20270
98321
29502
96292
61890
95264
14208
52994
42955
65442
91831
25778
42518
12107
12933
44365
84055
8216
7117
67131
19585
51405
42616
3318
91620
47167
36794
71184
29689
48324
58293
19970
14716
59110
52998
39004
52163
78976
27155
15412
6487
62112
31804
97788
74336
70195
74697
82108
43392
87626
10967
28940
88146
56834
76518
47904
76024
38056
21077
8038
76733
28607
36100
61619
33893
78031
35242
28796
55821
92051
45518
45174
97071
98232
16666
58627
55828
47234
13886
69599
55801
56414
18762
66225
34588
57629
84279
10843
33962
90015
858
47079
41719
58548
39332
79462
33435
41075
47041
44185
96537
84931
67538
21312
66045
83791
24164
56929
86707
90706
50246
77122
81658
31904
31693
18920
73781
49190
91460
54885
62086
11998
89920
28904
13858
37876
19795
84067
57339
9947
41985
52957
52952
24793
33168
94460
361
48868
58855
28150
6873
75570
16494
43418
9134
9653
99219
41489
35994
88410
15118
82234
42913
55681
48778
65500
94039
66104
98529
91340
8174
67371
64354
91961
6228
17137
68973
83963
75874
76169
9007
21264
90006
35670
10746
98129
33209
53908
73749
15006
3862
9212
45422
75412
51478
9119
94640
98751
49740
50726
77453
69674
855
50208
92573
96419
18905
66996
13105
98719
87787
33543
17585
71869
456
48451
33113
1102
91869
15473
7282
90791
57428
91374
82088
97423
60039
56709
31385
96444
34907
24814
61615
94495
1195
19898
21061
91795
29742
30327
72411
86026
22940
47551
56680
6910
60941
31589
78236
54370
92420
90462
71185
45524
46302
4776
9243
15550
9794
78031
99717
58354
28698
19061
17387
31338
67978
50232
90915
29355
87729
75994
93818
98090
41433
56663
22100
92621
93204
31314
83215
37062
81485
31914
15507
83392
53469
9462
71224
70936
13654
32459
73190
60412
64560
19889
3980
32144
95268
58099
59594
83636
40269
33990
30857
33020
98299
21048
8891
33312
53152
7546
66524
46294
79105
37261
88707
41496
99381
41491
68398
40308
37405
40507
87915
14762
36049
12119
86445
65971
15392
59885
67709
29604
89638
83837
55234
55136
8133
13931
9910
51911
93418
7991
74425
33114
72972
35662
13642
11379
84552
3326
36443
13920
70158
26612
63794
99539
87697
76055
22296
61628
33037
68982
4026
37709
62536
30938
35137
49637
81562
98299
80415
95610
36861
70719
79156
80035
15333
61459
43237
94914
42052
74641
56294
36216
33103
37194
11670
78349
38357
11386
78340
75726
74669
61834
29360
4394
79084
90217
37598
98479
43719
77645
90096
90576
43292
81324
50138
95540
75768
44602
39069
84832
94223
4057
55403
73661
27937
84267
9185
78025
82483
74775
27505
77721
27103
63039
76214
46110
9875
9510
71940
11890
16267
93525
1085
46166
89509
54099
9199
8224
39141
84297
57009
46057
48225
5917
84044
82526
65634
87609
24416
66848
3912
80096
82731
33972
71199
77963
81173
86162
44077
65199
23547
46695
96732
54362
77340
47484
96263
63184
99002
34308
42386
77581
90048
86396
65220
85189
18454
62774
36712
23697
98797
79133
98427
45907
6680
37296
24909
84770
39794
63880
90911
47391
43453
49828
96693
28181
12164
10731
71637
4574
74543
1771
91062
33395
50474
79306
73159
50648
33811
63394
8050
36103
50152
13099
24090
70495
3714
28245
31738
80982
43205
84061
23739
43410
15425
90551
94175
35892
16052
80753
8372
51652
74425
34028
62803
82399
23248
7987
51675
57728
14020
49728
54521
58965
55649
75662
3058
24454
21030
42094
72034
34317
25342
12856
68774
57148
71000
98715
81098
66337
93288
38963
56058
77450
92895
19153
10490
72353
17905
41622
74934
9326
19343
72996
51879
52072
25870
48251
25653
68384
5872
23076
24142
84210
20640
91609
92817
17303
91613
82197
17612
43966
4292
14040
58012
71114
52848
25700
97493
99824
12089
81298
82653
82564
23897
75563
96672
73381
53458
22394
11101
80575
88184
89097
42525
23531
61709
64485
35466
71460
98065
72151
52672
24035
16953
77637
21857
54730
64157
87379
80025
52957
53517
14753
94430
73384
27762
68401
12044
71384
75678
54594
42930
54877
49423
87684
82125
98441
1088
8028
60512
13290
72077
32866
6069
97565
3839
13235
88530
12476
82303
16712
22254
60242
60458
32173
90547
35746
39506
71480
51948
6978
72699
81223
87749
90902
55966
58672
6618
48352
62152
21385
3262
84690
3419
97535
29596
72912
72300
44698
70448
18204
5889
67520
262
19320
88521
75421
68827
99608
63080
99560
75
67095
99821
23791
16705
10941
38014
58545
99233
20886
40534
76154
47223
62895
10348
29517
2355
12351
7379
30601
57744
72923
96330
32770
41094
43368
1551
92739
21573
26886
65688
69431
28948
87922
32741
25494
92381
61166
8489
13732
40007
4183
40847
1490
78600
21090
99481
90182
56341
8250
24594
91547
73568
66284
78611
89080
99303
90791
2035
65593
95833
26020
20832
13697
30547
29892
46042
2149
57799
74690
9312
33732
63462
13958
74304
76217
62221
64221
15478
64909
27255
74058
77446
20286
90909
25735
89436
86808
35240
73929
58950
65640
72761
18306
5881
98375
43401
76638
50731
71660
63486
74248
69012
46260
15418
47690
49595
36454
3467
8248
51557
59171
33967
71372
78013
83666
44264
61770
82742
5580
4840
86779
18184
44370
48524
45226
82362
73050
13591
47062
28274
69519
77513
54475
78654
72751
60194
6136
10156
9112
67860
3267
41311
69855
73866
54545
69147
35120
28427
35199
70422
59050
13984
43391
28917
69384
56852
42152
94263
87700
89914
58082
12051
26054
94375
96297
48792
76929
31474
80061
78333
11254
16379
77616
75627
66717
47024
90788
72403
23128
44557
51522
38949
77906
90637
7367
73121
63406
68674
25736
26455
63467
84369
11046
24257
5202
79853
69258
46293
33560
11508
27300
6054
42148
8910
17595
49575
97664
80039
37967
46341
23295
41133
71824
95851
55493
95238
16875
7376
21052
4147
64546
44218
97932
99480
56811
89934
81452
79445
94452
8226
64980
69338
46866
23183
28757
79484
42520
59835
2824
48011
36875
5308
5612
13763
82922
18254
84078
19654
62275
88139
47109
78201
83205
93457
76866
65190
10889
62370
47996
42231
53070
10606
165
37378
87052
11663
59161
16384
14386
23414
70533
8824
2583
28716
48956
59612
49006
69618
95059
55365
55148
31206
36058
21502
39393
11184
2505
44035
46397
54366
34390
98437
84595
15076
36950
37764
46817
87596
73855
29721
2931
35263
73654
13052
76462
31071
4292
83792
80868
35763
90450
97621
57577
63086
86844
76878
45601
29905
53464
50
50572
29749
67280
80699
234
29166
3146
16860
43647
64357
91466
8905
53188
19361
32065
74459
27313
24826
37510
39054
26697
9619
99133
53753
72497
35109
5924
77529
25022
34120
35057
87307
34025
49333
97207
19589
69560
34421
95201
27820
68196
58376
35918
29064
51370
46349
85395
36693
35424
43742
17154
9107
69378
3259
4446
96963
77500
87020
54443
44852
2186
65724
96560
26450
52624
34124
56114
84950
84134
83980
19293
33093
29630
1389
76770
99155
50322
68128
94778
49203
7279
92541
48568
84319
43218
51467
52211
63978
83717
65197
59075
83913
60932
13314
36191
21716
69349
19664
43731
80052
36692
84163
37283
55526
48864
85610
3190
86110
18909
66941
44053
16042
59464
93386
3446
93641
99269
6983
25043
49010
3639
2713
91612
36113
55290
6368
50682
71063
46705
41048
95850
39652
78443
20872
35918
73890
11127
44806
35398
58835
44086
64313
18448
96161
28539
13439
49651
30401
42622
50737
25683
886
27966
64813
53418
39730
41741
88911
45928
49052
10325
73424
39032
19106
19697
65742
1749
10638
67371
5427
92374
97242
17551
63403
28428
79945
83607
17023
19163
28391
13597
62760
20531
99294
23684
72591
36318
18963
25561
72917
12048
62114
65226
11524
33787
70451
3803
40052
60778
86157
98760
48782
31425
84125
39422
15136
82595
85346
31766
18345
46664
87120
4947
19230
74887
61769
97260
21821
42703
79277
58890
26822
45997
74397
12299
97355
95590
33402
94620
4171
73119
64612
85933
19799
41144
8605
68467
74999
82141
42319
30412
76393
51993
27512
76476
55388
59213
40629
539
18690
53667
96335
35449
57668
16765
60849
10913
20357
77432
16240
91335
26331
82034
28029
73927
5674
75844
14396
82111
48219
42327
66069
6275
31822
80564
40502
85710
9369
52294
54840
50421
89941
80569
68603
54613
55185
56261
93545
28491
76757
80841
92682
19354
24356
50134
14038
3741
8112
1946
6806
78351
73238
15973
85619
19336
11209
24302
41383
68548
87464
66768
30437
53738
14466
48214
54284
49942
55670
81504
14166
22870
19743
35492
85262
63838
61658
79048
45361
86820
75238
51166
15766
70227
69044
85416
95571
72733
8930
45383
9239
30457
50591
51668
29563
38467
11321
72625
59348
63595
57048
21430
96716
44574
89057
51001
73157
46704
97425
51462
71356
39158
17789
3325
7067
69633
94113
40820
44256
25799
26460
75712
67329
46366
62832
58804
26726
42366
81086
76642
90788
60033
14332
35068
87862
34496
50362
85131
23106
7577
32109
12441
89022
72170
34189
25223
71209
64847
21553
6129
13047
3196
8002
38561
87506
29381
73688
15390
10397
72565
64687
88266
26519
71083
66627
25008
81945
10053
8892
11541
99002
15808
59757
92778
36379
80444
99669
44417
73583
28209
44970
30393
83098
76716
13091
80042
36581
6682
87881
76649
46296
69683
44803
25639
32520
81579
63822
51330
53612
65396
85858
62907
37120
90494
49469
13852
89821
99744
35653
75304
53624
80822
69752
94861
53745
18142
69051
107
2614
37082
2261
24122
14946
73968
81904
44386
42709
9833
18065
9254
86973
54019
29665
94557
4128
94723
68598
62394
18354
11272
75551
78595
81184
44521
52854
56668
54097
69882
76039
13163
5710
65103
74252
69992
87981
50140
70693
87855
83736
25481
57345
53300
6921
2222
84518
93067
68122
36885
10893
69193
37615
92962
55340
31637
49406
15682
66023
57766
36494
92710
9025
44660
97893
74816
10224
65991
74343
74098
44273
95203
13818
73547
83659
30891
96818
32959
36650
54024
53838
21825
37843
52952
54523
94982
76231
16599
29579
29876
54287
64510
16163
58808
42972
65592
69071
45899
82585
86435
25957
50241
12784
1452
85443
48561
79510
65323
47152
39261
92793
29249
37802
75888
23270
41145
79705
29128
6901
30721
53801
31591
69056
37240
62151
17251
15970
38618
98121
82576
18015
84132
36286
43052
2881
20834
63460
67603
26851
15976
14594
17829
46745
58218
60855
99030
47534
98471
57160
50604
30770
72924
27146
22011
57628
23797
32932
83346
55195
49586
68516
78272
10768
20128
4573
84069
67986
65652
65897
98845
18193
8640
92440
25556
50347
65811
67540
94598
77896
79568
40805
51280
44549
36410
70668
7654
59272
11201
62078
52045
45232
93369
83849
22368
2051
63751
8821
14765
23416
14164
49110
42274
92313
80257
296
45876
17018
83313
45693
7877
12478
86164
17444
50315
80311
14312
58667
899
4611
75927
1909
2605
20425
14499
23225
62436
55750
13891
56937
44223
36341
90298
9139
94901
66077
82231
34294
21652
96940
29189
53120
8417
57523
89354
62978
11970
48572
68467
50141
29183
46595
4627
28344
902
54900
96646
96501
14414
33578
82996
47520
48650
49748
91702
83099
7925
49610
74829
55817
99651
25614
61833
87901
39629
51495
94405
35941
81643
36382
7608
62083
39157
88892
75954
65962
45314
43562
43057
31612
31573
7501
49097
21074
87781
18955
7776
62770
98403
50669
22263
9744
81997
33218
77943
74405
92172
28927
19634
48564
72013
58779
79023
56188
31885
19453
62129
76022
2224
75859
37073
2292
59781
48479
43635
39090
81212
6118
60083
98457
25264
67693
58642
67031
13079
49315
38159
20795
98068
64968
476
84781
49446
58139
71822
53250
76526
35153
79964
50736
41065
29440
64472
73330
26171
1507
80678
29654
68480
97347
53019
90583
75709
49606
60835
67572
54544
44124
19477
82655
93568
82708
17518
98971
92246
12537
92204
91395
15717
74149
52031
66597
81774
48062
61583
7812
58460
29503
3138
97454
97105
80264
65958
86967
70609
7295
7644
20343
9179
39707
47378
97598
4593
41570
28698
58236
1581
7008
21496
41201
87389
85146
80782
54097
39739
67125
62500
1179
372
82287
32939
43659
21737
98154
3533
41141
12593
71933
23748
91131
45314
37937
57378
33304
90522
29149
72911
66771
33047
87185
87390
64525
41015
24179
3343
84313
74130
60101
31690
73759
88147
695
73780
59045
67278
86728
99801
39111
51638
85063
83826
82788
47465
98742
42624
84118
16797
18211
11720
14821
84387
40153
61792
49743
22361
9371
23593
46052
13529
33462
19278
72731
25184
30131
55863
4616
83276
16642
48387
42278
75563
46610
13090
49351
99329
93847
28917
24322
85565
52650
44732
46246
85757
15980
62794
84168
13572
29381
80193
19720
46883
10056
90894
56910
15981
36762
5640
24187
84967
53294
62459
49601
78197
20350
38311
41040
81658
3289
9566
14819
15382
48159
869
66796
89521
68206
73068
73391
50356
76679
64616
68131
81122
60182
96769
35706
6786
87410
64394
48454
88180
72339
83812
24260
49565
42135
67370
55325
59940
39313
48016
49556
6878
45335
92801
90608
92364
58961
97669
68231
90099
8206
78952
20477
86189
4164
54178
88687
66886
21140
7319
94991
96625
66717
32393
67436
15261
2391
64112
19460
99519
31950
77015
23012
87866
79545
40881
60809
50262
86096
45049
84776
31574
84902
46451
94206
22863
27830
11963
51934
94536
88111
94626
17779
34940
49378
50313
11378
64201
5851
88408
15949
21041
47936
1450
24760
64905
32164
60157
46010
34634
87743
91472
54599
7387
42333
78846
30061
18100
28245
3914
74086
92605
15725
27200
59948
4339
45104
68281
87567
98523
71180
72841
50078
88986
81239
65395
52021
19988
30974
69505
91813
45295
84815
38463
88073
5405
8561
702
24362
25015
1149
65655
12784
28327
68842
95988
25247
54761
86633
55032
81830
19668
74316
26634
72900
53480
19934
71830
46513
50353
39073
62361
35215
42556
46539
73122
68101
77572
80014
99926
37002
61165
39923
71435
12823
44047
92612
15815
58157
27802
20610
38498
4653
61637
36190
25779
19743
27465
5325
75823
19906
76718
8803
75248
56759
55997
33368
59887
42572
61391
26649
43808
22439
30460
54830
29659
30519
50722
20734
97713
49949
24714
27428
91848
66818
7780
72742
14144
78342
81365
94214
67866
28962
36720
29452
46094
25522
9627
76678
60724
98523
80329
79641
61235
55214
77720
19016
44889
11494
74280
2738
32821
6576
57534
12311
55014
2636
7663
77399
12478
38882
58519
19173
33822
54430
67788
79719
81925
36387
51568
10699
66542
48854
52251
86686
40944
23861
64549
45094
80048
2839
23189
88915
20324
72633
97561
75960
29146
73936
34639
59403
54556
40390
67371
35140
36189
42982
80958
36327
71354
9075
70735
71577
83071
89885
4796
65476
90159
89587
90850
85256
87625
49080
17235
97120
49353
99398
29060
34579
98984
53088
89033
58256
45870
98513
91795
82383
24836
79051
784
49167
9155
80125
36599
22401
44131
60018
76548
14067
67987
46252
56669
31747
71156
97889
4886
73757
13544
27856
36710
65864
66221
83755
37377
27555
91887
83697
28100
49207
66271
55788
65210
11585
94320
94390
37527
83495
1758
20982
82995
22636
49918
16690
45770
84152
59520
44976
36742
80963
51400
41367
80663
38204
69285
69389
61644
68174
94309
11094
70733
85303
51850
39638
60530
71793
83264
34794
50884
96861
43384
49276
8309
49155
47530
87915
21250
54961
66040
74732
53400
15158
3630
75085
2309
42647
50547
59015
54634
49635
74198
78314
34611
13350
18488
57785
35767
20346
29515
83877
54372
35590
81930
20955
25465
21977
66350
86276
62117
96411
66854
46356
29423
40891
80527
68685
9256
53921
92471
42977
2706
22351
75689
50328
29753
88542
16518
21391
69629
80853
45557
14441
71034
78831
20837
89988
55200
85614
31779
52509
97739
37278
98973
10707
29210
68353
47627
32668
37629
26829
79574
72670
46622
29315
32356
97778
34794
60795
24516
19003
49384
28372
54295
13708
75661
15072
43143
85878
28778
30846
67752
95998
51178
86720
79372
45050
58474
90908
68924
35149
64685
73844
48205
17625
10439
33111
31069
20816
17045
82849
59936
13540
78869
47873
78535
23770
19740
5926
59070
60896
88372
8261
21720
73094
66212
2277
37388
33386
40179
9289
16341
94345
3552
85890
93017
48079
29133
16321
87129
49545
13886
70891
19411
79778
78705
37612
13006
67538
37220
912
6705
49188
92626
19289
72246
21314
2451
39821
25894
61764
15629
12060
56954
7685
12404
19103
80122
52301
74314
32575
35543
75429
22599
17052
70228
12562
69153
67390
26047
63282
50163
86845
72253
89934
50353
89412
44061
5844
57330
34610
5350
65881
54080
41297
35861
39641
93379
6944
59438
92607
71415
47897
44379
83544
33785
65481
40658
99438
14285
250
11471
85920
33887
49426
47671
7176
60944
40138
28548
91755
72531
26396
94541
51396
46555
46461
79697
71722
52244
65381
27358
12705
35396
22485
34093
38562
2497
90100
64548
11123
96520
76737
52465
7736
81531
9287
85010
56515
47302
85766
66116
10740
37738
74111
47288
95439
59637
36957
7550
51840
63534
92568
67232
63661
62420
67450
54970
18938
79026
59924
70345
81215
58766
47401
71288
50112
26880
44382
50563
32688
88332
53391
61383
88679
73059
61886
15256
6801
55497
47068
29354
71999
25358
27322
1201
25362
63682
25602
2068
92235
61860
4175
32689
88462
87887
25326
42636
64114
79199
63579
18430
37952
81064
27938
83086
44789
11697
4697
92915
85015
98353
97278
13467
33780
84335
22124
796
64777
97705
55360
11298
22599
23079
20131
56149
75352
30544
70080
54089
64409
54337
15947
8780
44145
84680
80461
96889
66747
97576
98247
28337
83772
49411
63309
39419
9904
39235
37215
67626
5193
83405
37767
75620
73028
99202
38366
13836
99761
15631
7965
46372
78101
13830
59514
84373
1480
15915
62365
7562
61304
38583
81688
23417
68776
9114
2919
39079
42471
55335
61892
20540
74049
3573
12828
74263
4194
95537
96040
85924
59279
51393
30516
40140
52526
48571
55070
18907
73567
15598
62817
25460
81381
60469
55057
96115
72982
1714
16150
85844
32228
29186
11668
14097
36702
56604
93574
81261
42743
20992
89022
7622
7345
1134
39251
68633
12398
12141
60211
34599
65686
21071
45695
16040
55390
98072
34526
86851
73100
76847
78608
3208
23102
56117
42152
18874
41099
87725
75984
67386
69502
87781
71807
73055
92544
7990
19102
62922
41313
40150
39362
9319
68428
1785
90387
50956
32875
67215
89944
70064
94298
27884
49130
60008
35226
50595
86647
24212
28655
25712
11348
258
76707
45926
74334
28419
5535
87826
87182
53402
49721
19079
34907
66035
40723
68182
65840
66624
46592
64472
66072
65800
4197
84480
62075
46876
86841
81139
70178
73422
55581
10406
6044
73289
71562
74962
50574
97455
51708
34873
60725
74958
17363
60084
61932
72094
19322
6421
86380
14778
53433
3637
67324
11492
88796
7656
85640
16696
69887
14788
24410
66947
78212
87798
12395
91954
84052
23831
98821
90823
70616
4377
76404
57269
89744
49278
97047
51515
19654
67220
26552
24791
84750
78048
5943
23256
2283
25609
93590
19581
41394
71332
76560
82757
35353
95451
14165
61742
40902
76474
69357
65415
70599
71036
87332
17786
21276
38143
7116
66290
19167
29435
3298
59264
48109
84707
11790
94873
18310
75000
74957
14125
23611
31885
82607
77206
29566
34809
57009
50279
87634
41945
95473
73806
50197
43733
57811
90179
64534
66735
30817
32128
24906
35603
99463
22143
71974
90388
27639
90912
81138
92962
48316
96558
37740
53555
99945
11859
73614
23666
71934
8874
71169
1613
30006
97382
29998
32329
83950
33836
91704
59822
89040
19192
71155
19780
99523
27095
97243
57724
81235
89994
57420
42047
74992
98866
21568
37152
66201
56957
59084
64517
91706
6886
12725
78388
46837
41724
29635
45348
4274
48225
4318
97642
90207
19325
79116
65700
6312
12690
31649
55933
67818
96924
53206
6803
39268
31874
39038
49896
69445
2800
6882
47540
71509
86786
10140
25765
72075
94244
24699
73581
49316
33463
12513
80488
11868
85784
98176
95103
40612
24659
18199
52616
76994
5907
65628
78672
7814
49450
68710
43193
94966
24288
75331
45420
56796
47409
46486
28483
30669
75425
33637
84347
56305
51459
99154
39179
98207
42615
37283
25978
97901
40120
51685
74975
71830
11273
62388
93486
87732
88751
38741
40808
83459
2586
14754
34340
84298
33693
76993
27894
25009
68781
827
31737
72591
83889
93532
90649
55721
16042
79086
80059
56357
3332
48142
63695
81742
88379
54311
82695
18363
96124
90758
50179
98344
40662
77342
2393
53507
88808
90929
93672
99622
63236
77096
58425
30536
65562
52401
12404
64625
53447
10374
15762
7654
51119
20162
25290
79984
81874
74969
93712
10723
28202
69372
33791
288
96803
52930
14080
82557
87945
12468
70484
4693
79646
31500
71025
49421
65117
72656
38881
66768
73377
83020
38171
50881
81233
21037
76649
6090
25475
58696
60164
67870
67845
20536
98654
67731
23877
69972
43552
91318
85325
49994
96661
99057
83329
84815
91398
72539
69395
81507
48382
17572
60986
73690
3383
99458
32386
6571
52570
99835
37092
21918
54938
75353
73112
18952
70590
11376
76387
97341
73188
20945
86242
68883
47947
54065
77464
94882
1968
61957
38234
12480
95096
55579
48746
83755
16600
11953
96370
12003
57071
9204
36808
1234
35085
89693
87922
78158
54138
20674
44983
87620
56710
43284
20031
20477
69420
51246
22766
5255
1696
23974
81181
7832
43202
11622
52829
26202
99652
48079
21662
20612
4038
79025
82287
11040
2496
16150
6667
98611
31311
63022
76387
48521
57591
31092
72603
73283
72840
20360
47088
79613
9901
41324
60601
75877
3143
64417
88259
58046
67937
14152
8618
13994
63331
3564
17097
42803
1395
46905
77123
59255
35460
11095
18957
47003
23766
86207
57226
19156
67796
19344
77560
79331
60980
56014
79612
69131
64203
59189
23042
76716
41957
99304
92233
83658
80296
33925
91365
31887
18881
13990
90740
89931
44920
41139
42282
15432
34238
39107
1517
57729
92623
41663
70552
37195
68616
23941
18731
56866
98559
84484
92010
33668
74359
52175
43428
91730
91056
66854
16176
26665
23548
66554
27045
41998
83273
1911
87788
43768
92605
84058
1725
43606
24456
57618
2283
89951
69573
30323
15628
63876
1466
9855
32005
8
27338
9471
46189
87973
50843
95405
64560
38353
38748
86046
78057
41356
16998
95430
23112
21324
96071
34878
90864
79436
21815
65467
6720
53477
73765
91261
93775
87610
30349
62660
48542
49047
29625
49
66929
66107
53297
34875
65840
26050
37678
9850
25996
76916
46817
89089
25785
94113
19171
77734
29441
24714
39571
38483
17876
54182
26718
9940
59267
70830
47161
39460
65752
34285
10962
81587
82333
29720
32263
40788
83449
28243
93582
89894
85692
92681
89312
97133
68978
7340
7270
60060
92419
37201
37064
29565
14241
21125
15225
77217
92878
94544
27973
99059
66484
90851
47370
56245
24456
71796
39630
52575
1476
36749
15539
22864
46231
55902
71824
9568
32055
62033
52393
88056
42543
57925
25859
4155
86952
74145
3596
84504
54816
49421
21865
26705
65903
91394
1190
66777
30504
69938
86030
63167
13332
43804
2329
84722
39362
267
30879
42757
42053
81720
59969
62097
7419
42908
40142
38064
93076
99672
48682
75897
24715
47727
15055
24698
77475
28552
48568
12916
70754
34689
89265
76726
70762
2980
15609
49987
13759
14058
6896
25447
78417
99497
44255
27129
26377
44541
96643
48909
10362
23042
72265
26996
94003
68476
72999
27876
44976
55057
32635
2664
33833
6776
64805
11500
13555
37277
76044
89638
48958
69943
94147
71133
10785
48493
39908
3685
96246
20221
43955
29210
46777
5959
20498
91499
91465
5990
62074
30992
33231
49571
48487
14433
60665
82771
21081
24256
3642
64214
89407
10674
17514
10016
17901
24548
31617
25058
18295
53958
72135
64180
82543
98034
10264
54964
98823
87142
20896
16389
25769
21633
80743
55531
56243
78082
63779
65215
44291
24001
67004
86609
50892
92406
40508
98922
14410
59785
32223
69670
32486
32840
38668
97594
98243
22502
25696
13399
27294
60910
21948
19706
81270
33260
16537
5080
24568
58002
21855
6691
17754
53975
58123
17877
94274
32212
22616
82836
31759
9164
73407
61229
93482
85261
66559
78052
32601
46921
97370
57248
68198
68367
83047
10104
82001
73714
69446
97163
29147
51404
92094
30403
43079
75722
67542
42745
23092
25800
46267
58752
4044
31954
26589
98124
91522
60570
80305
56391
45967
80390
56700
43372
97206
1263
56005
13704
20595
16363
97806
88049
20857
45430
24872
44786
34206
38952
48543
55648
86853
4616
89811
38884
39309
5994
43188
75932
97120
15684
86512
91610
65633
7706
84889
56204
61543
60970
15458
3775
35448
71712
46628
40315
41238
25956
4656
10507
24328
54523
68219
30964
56996
58103
68831
28252
81337
87490
33911
2455
86114
64459
34188
3159
64022
89478
9647
78983
19087
12743
80916
15410
85179
932
58528
89447
20801
49599
32501
6743
56649
43109
71319
20554
65589
87155
72372
5254
65922
8330
53075
50415
23953
56464
77174
67000
25987
20744
90809
59926
3473
29511
56348
42045
91696
77800
80500
4741
45551
18188
96879
85569
20716
2489
1916
93957
94514
42762
43739
31283
19857
81282
41076
29528
33369
17980
37424
95370
52881
89659
17974
2699
52975
91307
47924
77674
26942
81107
25822
16683
3587
64885
36880
74082
51224
61563
24864
62485
98103
68549
32231
73661
30050
2009
99374
29526
94166
5331
27229
45127
98427
53888
91311
69624
19
10572
46497
51485
79813
71500
53777
86344
77970
7996
25290
98561
87173
25728
30606
80416
12733
77508
90307
41726
31034
21184
53902
41338
63097
1751
15701
9036
328
91
31937
97814
58628
48077
3397
92937
81186
45672
81265
56384
35899
87490
4332
37094
70708
49934
61851
68693
47094
26876
87587
30624
45590
15058
28598
48570
41186
32220
61500
78888
50315
29170
58635
24751
84801
74127
64757
56601
95654
65678
42869
98796
80416
74481
1065
35892
23352
36008
34418
9025
42604
59780
88334
1222
49880
79762
91506
52166
8657
27510
66005
46553
80528
52962
24417
2213
83831
61287
83559
35749
45115
85740
570
60223
33959
73205
56962
66451
80486
98766
49228
89087
87155
30107
44101
59830
69716
30700
15858
64022
49699
97860
90801
99443
68897
16769
37827
21963
83572
46244
95514
25199
86596
65581
94458
86950
44803
74617
17741
43053
49458
52982
95267
49804
87017
16503
90622
67673
3487
44583
21680
43528
86804
56060
53315
66453
69046
23341
98947
9205
74259
51250
46812
8892
90032
25694
43345
36690
27888
81981
47441
84161
96816
26061
21435
29148
66228
85971
58510
29144
86933
34654
22348
39413
71071
68266
67596
95628
48886
41720
18576
36582
64233
91392
57730
64966
27466
3722
91650
25983
34139
1420
85494
71462
83215
91563
26524
48860
1426
5730
67704
72809
19550
4000
83297
79787
6693
26754
42915
71458
61337
60721
44355
45903
31241
37888
29782
69720
83800
22726
83636
87574
21955
81433
14303
62930
26748
38717
78779
20711
84948
5129
76010
31626
14882
19820
12837
40607
77154
60381
4126
64416
98579
58972
26800
35886
99265
61918
87447
46743
98065
51295
62170
97327
7664
32686
51717
56155
40375
21305
46034
50308
70653
45245
24582
45519
48120
59432
50843
87656
73965
89761
5435
53288
45807
81871
36630
85491
64211
28186
51703
7080
9918
79334
46145
91729
29688
2407
19218
69367
30963
2696
92468
73390
44206
92734
21680
1622
98420
46099
87408
23229
72257
3480
61042
90900
24939
37251
56601
77986
71419
18259
71979
1372
65747
86760
78048
9191
34497
52898
36650
56310
9869
88972
14718
50887
51389
45987
40900
98661
69743
18837
98872
22188
63162
58410
55835
73268
74631
92484
8297
57664
36280
64642
27307
87551
2362
79984
86525
26518
6215
11806
15239
50135
25324
28133
81608
30833
27782
39183
21688
39821
85908
61233
60687
42430
84064
61391
43953
40199
9939
34216
9127
15514
95373
17115
92594
94693
53234
30911
4852
93219
40941
17978
54113
4005
87109
54986
56241
7352
36918
23633
46166
72202
46465
52095
15010
81013
45307
54747
52506
80376
69831
18375
33435
58107
10744
74541
76900
82141
915
26763
18353
79483
48168
7637
83381
78115
27768
11750
4841
52815
9824
96631
65409
41579
16326
45351
52610
87976
83584
65542
96367
52961
56073
59749
71345
37084
41940
52908
57387
3486
95616
12735
76540
79401
31856
7214
73942
54925
60219
38521
16247
47482
4897
35190
10732
1731
1246
97714
58412
1546
25089
96852
15619
83078
72646
32390
76073
62803
52582
56648
33375
83268
57314
61999
16372
4345
47393
12739
76884
14781
30174
35820
80581
53223
78343
68796
47303
1035
64895
60115
18838
78773
46471
24965
50827
91080
61403
94087
32894
42442
90323
35259
17413
77545
38062
35284
87441
15746
28578
62513
60787
55142
59304
73144
66734
37863
39609
44310
64288
13931
5307
66378
20884
58575
5124
32553
85972
17206
53760
3976
74201
10536
90667
98464
99066
81214
64689
23993
67335
29292
50188
15323
37676
71491
13723
13225
64686
43970
13872
75370
8595
85813
60880
98471
11423
28397
56517
47217
96145
53234
57180
6938
61878
82182
88816
56815
85764
25771
46643
47499
93665
44560
63650
90363
11115
45472
80012
36200
88527
7323
38272
40969
63504
15530
42124
75190
80497
88456
75278
17340
94685
50357
84982
92078
10141
52036
60017
43334
42518
68871
56384
25314
17578
65811
19304
2554
83790
92822
82730
61825
95599
42218
81425
31375
35431
33921
43442
11073
17277
50382
74605
40969
7179
40991
30683
19735
48527
98524
62559
56384
4579
60878
61025
26872
38200
42385
81732
62050
24015
11707
76669
55361
56084
89480
82387
87733
8601
17879
48017
53118
29875
10868
49354
32944
84985
20638
72181
66915
13220
73249
80148
59276
6339
4227
5848
75689
3891
71634
21388
46311
13466
18738
69993
18733
80334
91756
83877
58104
92549
53666
26985
44589
98296
85282
98741
32796
62877
18760
53016
83682
75218
47619
58104
7577
16295
98230
51128
34264
47378
64440
19151
63996
75119
23259
50385
78188
24462
33297
43351
35788
12965
28867
89235
4226
78886
39367
5878
22538
66022
14144
77681
11354
50734
31877
26238
74057
20004
17523
42619
75627
23887
60753
83813
8869
35390
9537
67964
12837
11154
92727
1810
8900
8186
78966
65959
95643
38944
96433
85820
89406
16209
19084
93249
51750
52759
99513
19499
41779
43922
3342
95658
75055
48683
8451
51933
84394
59880
87166
2127
35514
73631
93641
53638
5414
82245
33221
530
83996
44381
28793
17904
6238
34689
14499
85192
85417
75674
81428
97310
39708
55230
64420
70576
48018
69385
31826
40705
89806
46889
35630
86346
11084
47915
82034
65461
88561
47293
88139
83796
33030
94552
22728
14003
59917
20529
61477
92456
20090
65166
72313
87046
85100
95040
3838
54574
38365
34018
92689
85133
12805
83141
79093
55055
26449
4578
3145
81669
16214
22124
22713
48584
20828
87007
97751
96363
39961
389
4148
52619
17661
98989
86680
51721
2655
58255
32346
41544
90725
24632
15530
45439
61448
86758
38676
28646
29537
39294
46789
76978
34922
34710
87767
59885
65245
24429
36096
66665
78710
7928
64429
43969
97071
13760
40605
43932
82807
89950
61857
27412
68500
41991
95377
5321
94776
22857
33183
32912
17719
25254
68815
4339
16313
8723
8983
9863
12059
19311
10628
69912
54999
4559
88886
68038
68761
92099
86580
31444
5599
89710
56681
88212
54234
44050
20488
72678
23202
93541
34555
553
87064
23393
75307
78701
29670
62324
1071
59467
36147
47184
23489
94352
64169
12762
97930
89995
38078
84361
45826
32077
67319
89602
26807
70926
20000
63975
32169
19047
18980
30799
50607
11057
7212
11218
25681
66281
21015
92712
80621
89272
11032
440
51259
7333
63536
85950
95853
28075
54711
96151
28155
58372
91094
77770
22367
66050
14038
79669
55768
3261
22674
70878
98197
29417
72637
46354
64151
29804
97622
63824
54990
16288
59197
68512
57252
88789
4420
5957
8121
96505
38012
45350
37962
39566
70242
66927
45661
76400
96293
42180
75644
85711
15462
90664
94661
87680
89607
73832
81979
40915
327
86993
58720
88682
44678
3469
909
56870
62270
11874
23167
61668
156
96760
9736
30500
32298
47694
52623
21786
1615
15845
1305
38218
22907
1349
27520
85659
6350
99875
36193
9117
21139
36181
66157
64078
73627
15884
74797
85169
38458
28858
85879
70260
34322
43202
50785
57247
475
82911
95839
86334
94448
83608
22083
79297
46933
16941
45688
29356
61531
13604
23546
19374
50873
13771
62816
84951
80602
13629
40805
2673
19816
97793
70330
29582
7019
42122
53244
890
39224
65477
18461
93798
17117
55310
64049
33268
25277
93208
25100
76793
97612
9849
94823
93636
86300
84675
20928
96556
52288
77431
36261
10455
4546
12654
57008
83940
28065
50238
68410
37871
5544
63031
46864
80328
71186
43122
13321
90267
75246
2221
52762
65714
46635
50648
51839
73146
90843
4973
33667
3066
30513
7994
41379
72482
65174
46318
78349
4647
52389
69069
46589
49645
3750
91428
56215
10382
95845
59497
15789
94834
56689
80797
40237
11475
49440
45824
3803
46899
13364
95702
91881
20357
20038
99876
7461
3081
77677
60420
91194
48851
36604
84376
57751
80124
53198
28874
83057
71514
82836
3308
15982
35184
87001
56217
14944
2954
54442
38852
13742
17355
87689
67354
42162
38913
56593
30213
50002
32389
43488
4536
48608
84528
71648
85372
30946
71048
50690
38184
30838
16790
98453
19726
29469
18613
95477
53828
2074
46434
4204
56891
17260
88342
15044
7192
22594
29947
66994
76735
93993
77651
21731
42948
72261
54085
32139
81825
60878
8929
93094
40446
2126
31417
34170
48212
11793
13548
63989
62414
29349
49467
55577
60793
46981
29139
76743
6759
55836
48037
48962
16085
27557
73326
8607
65735
51566
36905
6613
78618
89041
2713
39203
85903
84329
70717
68551
65694
65955
61545
32526
54701
86030
52372
97902
96532
32683
92116
57303
37406
87064
93572
84716
42275
68553
30515
47028
57943
62191
13259
72174
45019
74752
31389
32142
42867
21353
8752
69676
13826
94383
6175
453
99409
6810
14193
44723
42099
13335
50114
11276
88186
68257
36581
93847
8046
9197
77836
25874
83486
76996
13031
30059
10698
41439
59962
10006
14335
22180
75701
6633
60477
25322
335
69903
74029
22794
22883
18862
50086
36018
68567
86385
10539
50080
36036
20731
79756
33756
46801
48324
91926
66177
74440
91218
42550
72243
23907
6902
23503
89647
11977
35878
30673
63545
75769
58551
5107
27778
8928
91400
36625
27594
27745
90689
95592
22982
70338
36605
7268
56769
17562
54059
81733
70818
24452
27542
73292
20021
70759
86310
11251
34620
65251
72801
55169
49436
82540
58832
71881
4410
31017
94961
50369
90306
17038
32981
4819
96512
51122
7054
58337
77744
12390
26741
83701
57516
61126
22408
89257
80556
6436
1718
40118
25098
3374
2926
97692
21682
15910
93462
8084
75622
85577
46786
23306
38201
30490
58191
26020
41694
74824
40954
94722
494
13098
66671
93190
28571
12452
91363
95333
65719
66029
75695
68056
66943
44921
91200
48411
18599
30984
59830
51887
17765
59807
28846
320
81219
93454
99527
9623
34993
24838
28648
59575
67299
59976
17670
95137
1389
73043
33086
26855
20959
73209
32088
54071
47867
56087
96815
38365
6586
81148
46348
62891
91963
18666
80087
90047
83429
8063
52307
1661
61393
53157
71820
20805
41842
4372
58162
46117
87275
45760
94981
94950
14130
32209
8806
53929
5106
20362
95853
27499
33869
35061
4125
63791
36237
39772
10947
38909
92585
96251
15435
14967
75133
35446
67478
5145
26328
32582
17168
80564
26630
48779
48529
15297
33706
3671
70029
61417
82260
70965
63373
93753
44785
2911
36721
75139
70682
48933
6197
47191
34374
58685
90195
15288
60014
96803
50487
17474
34076
53851
38839
4033
7825
85119
51356
11504
42123
80545
23820
70373
38704
25439
70338
15200
92042
75897
78779
73094
95669
16280
68604
1603
66469
80961
57753
85468
63614
97777
18676
63537
29168
99593
49280
42809
90670
12954
95524
26183
99989
11328
53113
82199
75111
92326
21427
34526
32077
80012
93408
1156
54568
79310
39778
76767
25910
96793
28671
66719
41878
5089
42331
22787
53637
42566
21488
85381
81835
68244
81091
70791
18471
24375
1305
38589
39829
75943
53946
36553
76021
30845
24891
99886
41432
20543
61982
19402
62355
46931
20317
59069
41229
10528
20950
3028
60351
45735
1658
74552
58631
14431
15598
68969
75860
11856
98307
72296
44893
54619
29182
1196
52746
57049
63107
20369
36177
87419
91325
50511
52539
94315
11252
1433
75665
15921
53443
71792
11588
70070
68813
82275
11215
4744
56941
25660
39382
74868
2006
31467
48865
42778
28648
29343
47768
62609
37039
64144
62122
14261
46815
69841
91536
67155
72672
41120
71141
40007
74514
94276
34644
98268
58195
70274
49002
71670
57845
82631
13836
97153
38484
90775
53290
50994
74552
93819
20361
1556
83781
65577
27995
15699
44339
91360
87189
61950
72410
99192
22170
97802
37964
54823
83085
69027
16434
71318
81061
62014
70221
78476
97586
40408
84573
61519
74044
15056
58892
92551
2979
44574
78933
82113
58762
9262
41278
62182
92177
88134
70294
23425
88547
81987
69458
61667
76585
68809
94773
27948
56660
4401
48394
25881
17988
17840
25000
27795
67096
86213
25115
80184
77389
92190
43987
8349
87858
24163
38879
10452
82717
41043
75902
37459
60310
32091
37022
36020
19948
59587
16547
41924
52148
61971
21275
61121
85572
59714
99108
6539
28830
80563
27226
6259
17241
49830
65215
40174
8595
11947
70395
23867
97398
11834
53954
25979
49933
65343
20854
89244
16708
86130
48186
30908
59254
87639
18928
43141
88890
52777
58642
34542
35370
62777
37179
83049
7457
80710
68078
40723
64536
1985
27577
81386
91167
79538
99253
21990
7520
96453
75687
42864
37283
90022
77533
17008
35651
91535
27631
8544
67037
43777
63905
45577
832
77713
20452
39254
53344
4490
62555
53914
27135
33013
89444
29662
89681
38250
94193
67070
60663
97670
33523
98220
32391
44765
38429
55246
67608
10112
21772
81449
91118
11999
81222
21863
81159
51033
26389
16006
78346
33894
30096
82008
71339
8131
48648
29057
71396
44572
66208
24099
1803
29459
11047
98827
52016
29846
17369
89047
8114
67055
33641
19856
96500
71410
70308
18179
56199
30062
89099
11145
58707
546
29199
17940
91171
2034
40343
874
58993
8014
64636
87738
34990
541
79168
32083
26920
56301
2935
45189
74113
56328
10171
46919
89189
36521
91565
86242
9180
14026
68670
75523
95315
61638
99011
49842
80272
27479
57583
38325
5064
86805
38863
89212
72190
39016
38235
673
43305
26391
97249
65992
34373
97374
17247
50875
28480
17080
32659
17612
47191
36771
24768
45535
86591
31184
27114
57124
5718
56462
60470
55669
47286
51699
63409
87246
51193
84619
34072
95853
86809
85966
66309
44782
23917
68239
23469
2040
95029
20234
4696
93834
2589
68351
44750
88748
22641
24332
64819
59313
72190
38099
67477
26778
7105
15469
17855
95655
26498
32019
91645
40946
48978
52193
82086
97854
57745
47829
57917
50487
92297
91143
3614
82637
30570
54481
43623
955
83054
63833
3966
42890
17973
16954
81447
85185
71810
38081
89752
4631
52082
30284
29543
43638
40859
88948
63801
12503
68272
94235
4341
42454
28166
60787
46298
34374
63902
57910
16533
87334
18534
42895
44846
80991
71761
52215
82042
17679
14135
6055
32560
56484
36351
8360
94938
49681
63387
75124
73273
78453
24188
12186
98999
91632
24016
69898
32186
72594
82027
51617
61092
42358
22412
77762
3571
27132
60337
23154
35891
84307
7909
95813
32630
35583
69125
65634
59393
47104
43774
5112
34403
88136
73883
26246
20716
57670
24155
82512
6420
74957
35774
79069
34053
73890
45232
9112
49829
94661
47595
97178
60751
44197
81905
48364
84018
88315
91436
44538
79014
85733
54764
28633
33731
83646
47418
78191
99327
82032
77616
72077
41725
57711
52168
59408
83212
72238
31892
49803
80271
86740
2200
65580
21048
25949
98780
77943
45932
88488
41570
13356
16039
68655
77042
68268
22612
59221
23215
86813
7883
43290
77101
31472
84722
39745
54285
99321
76610
61240
9894
58314
67565
61892
2014
65857
52989
96801
99471
69774
18887
42237
90493
674
89630
38865
81327
83872
19030
14080
59705
3377
39614
67
3515
88388
90357
45796
78554
64606
1680
66695
46609
2555
24292
85979
26135
73535
70852
44977
93638
40339
59832
51880
520
73317
588
88807
64583
89703
46662
63671
68376
94165
61488
8264
92083
72271
71960
22952
52192
4450
31342
61384
14663
9167
25169
22864
81191
46489
65252
59237
93177
15205
71370
59542
69541
11957
28734
52165
8103
68505
77198
37593
79272
16687
19011
16032
31158
19968
8740
6520
38393
30879
72914
39392
88715
87797
69810
55709
21161
19035
85148
429
56738
41281
20129
16070
11998
24841
36813
24349
57197
5159
30728
75371
33991
23227
66792
9579
11776
4723
33344
63597
51963
88001
42705
65154
29053
55190
7122
5282
37597
66138
13622
63246
77312
25773
57298
29718
43035
74909
13318
33483
49082
2257
23396
54246
41370
55768
79063
84107
87552
11986
6549
20379
31855
75085
77936
56249
38782
39582
64592
75340
63430
94613
95398
31957
37501
52438
39466
27112
78591
52592
32475
84821
66729
50166
75902
37686
46121
51582
77746
98334
1904
31841
55348
7378
84962
26937
83759
56901
77939
44613
6945
85061
88710
76063
93125
21190
56827
86244
96221
31724
49087
21772
74030
7411
43595
57352
59738
33622
47724
31260
10993
33246
23636
42476
51122
26777
55690
71877
28503
86289
7654
80370
81367
42165
88470
49072
67733
4654
31590
40066
73453
59516
68489
66260
17035
16435
97435
85029
7650
59322
79314
46312
38443
64829
82081
36624
72405
24841
68218
29904
41438
98087
42503
17948
93531
69942
3381
9761
76258
36285
4814
79267
38226
64637
90883
51646
46343
13491
37848
67723
36805
18691
42028
95262
82406
39669
3984
30960
93188
85968
94936
79124
61634
37995
45040
85936
2643
15405
52887
40851
6444
14858
8009
91248
4290
14118
30492
86525
45788
19983
75053
77999
81224
83102
83887
47725
42954
60863
63300
46693
27301
25773
86903
56009
23170
95615
68536
93061
93674
24565
3463
20334
31866
5232
53610
73009
77984
44324
32359
95087
63000
73593
52780
16537
87280
27876
2518
71933
27290
1443
37558
77351
79741
12084
62855
82179
64587
88990
4029
98104
66190
98598
84780
25780
47219
53423
95823
31789
75208
42387
52591
26942
48647
57015
24265
69708
50992
18069
93975
28104
76061
74493
861
57448
93053
25850
69977
83348
25580
33537
65698
50831
68002
20355
80459
98023
58646
15574
63163
63807
74966
55346
55790
35887
55012
80697
94708
96207
14150
47362
13175
49096
32932
41594
69045
99205
71316
2980
18167
57675
18390
14266
1944
14898
58078
38550
88833
60180
67900
11358
2221
71116
72564
87150
42250
17926
93643
63036
89441
56392
96570
84107
13140
70370
28131
5615
12484
87216
67072
72018
3684
7459
48675
96681
37635
99505
51981
66229
44256
92241
78940
27000
61593
38735
1404
3612
63576
70476
42035
11523
6794
29722
44527
34973
10744
97622
13939
88218
29521
43836
4896
71487
8596
95714
71602
79250
5952
76162
82011
94381
66433
37036
71349
76058
35666
49125
80848
90283
35163
82243
4070
26055
23859
83953
55614
31755
71724
88378
54041
47008
8719
67286
2393
26095
14615
86753
30257
73119
43820
23380
14111
58072
83161
12973
52559
25720
14198
89229
46615
81897
61560
14713
94848
57160
60484
22609
26210
13261
5484
42885
86035
21098
98609
13918
96373
25043
18228
86443
2083
83433
70174
16453
8579
6896
98374
28136
51717
513
16896
27942
50804
23644
26844
60290
64131
5566
63451
3708
8816
60795
28701
89943
68559
13889
49335
23548
20136
95841
71438
5745
45701
41429
67394
50180
31817
64636
87891
32945
38580
88899
22228
67988
76127
11994
48042
40242
24332
29438
99241
79461
94591
87494
2352
17630
57654
18350
31202
29792
94823
5634
88181
26484
82829
89404
95953
95313
26236
1947
7878
44376
84975
40150
65432
28032
26066
92202
60651
88974
80978
18692
30977
89282
58264
76616
27759
7654
55955
18064
77993
9693
42028
1700
91534
25659
47516
35342
75785
53067
17757
84062
94862
65694
90348
33131
47548
79023
41957
8497
15456
12465
72793
73125
67926
85140
91097
76751
42878
79602
21842
33129
16230
78030
23168
7686
83565
49245
25037
33414
70586
9566
16806
25610
15437
62038
44413
76762
30806
77499
12303
22258
7803
61256
46448
80118
34912
32055
63167
20403
3650
77623
591
87780
6536
84852
85058
69768
34905
64637
82142
99501
92116
78431
75697
29842
58406
55345
89554
34082
78633
35442
19516
40951
81564
80710
84774
85828
21917
17248
21088
21151
95381
79137
27364
97292
42139
5484
68990
46136
52365
74291
23599
84431
57512
83388
60472
73388
12080
40820
41564
49921
47723
22401
24857
52466
32845
43608
47021
36134
22525
18356
65058
67569
52520
91133
11856
57010
87834
75589
82905
82627
88937
4028
84729
18918
70788
31279
84547
29291
68858
84590
19926
47452
29409
85633
6675
94503
33799
95062
36420
86624
75882
46897
70571
93152
52041
71924
4492
39896
22862
39164
70670
69961
18781
29312
41592
33304
18005
7996
95608
35501
1891
25733
81544
18223
79318
14015
23944
917
57007
15092
15424
82480
22087
74391
69018
48274
90852
88754
97907
24528
6296
56922
17369
26149
12317
23100
36371
64759
39554
76083
1675
75409
38674
50771
85969
29926
15354
22599
26022
21809
64086
53998
89106
58595
6013
13330
67615
22694
31112
73988
25234
713
97716
29710
44102
58718
2947
45057
38128
6697
82246
91740
87713
76405
72350
10709
50102
54713
99623
57919
18719
61499
90521
90451
22494
11436
94625
5133
58585
31784
79990
69061
47727
83720
9586
85547
39771
63398
93050
18793
46980
79728
85408
94133
45439
47222
10403
18092
5977
24095
91167
57379
69509
61016
71717
50354
21100
43269
79998
62289
15174
21648
54371
62686
2138
17261
49648
94694
18193
45863
30887
93748
52335
84563
83462
46051
69876
56952
75809
21541
32738
93960
31524
10595
33911
85398
11466
16925
99956
75822
96707
28991
15142
57780
50322
21149
85025
29310
86585
8464
31824
39496
30315
45391
97741
19238
42799
23867
42117
10612
14944
85428
1430
72234
92455
46682
61923
66229
89516
14694
23106
76635
12230
87002
56676
2375
3324
88615
51618
93507
44800
85203
42407
32683
78251
47318
98356
30493
84530
33036
14009
21556
15824
47817
50970
93311
57749
5838
80944
29202
44084
12199
32515
54597
99645
90524
52592
17264
20822
14177
32349
62105
99250
25140
26714
73017
49978
79473
68023
5728
12612
2772
9
37271
56419
72346
7625
97054
65855
42500
93255
25025
66791
44952
62538
83551
62667
60243
8537
75546
45443
57979
25322
63522
72978
78815
97846
43990
42500
44489
14256
57716
6947
71792
87911
26760
22048
45530
78161
93734
59435
58982
38943
60203
64385
40196
48274
66620
49637
30343
87630
34338
70945
85821
1763
35495
69691
21493
13094
15966
36596
61401
21606
35870
5228
58768
37181
53965
62262
51563
45991
77766
52777
53075
98578
97102
85817
1630
51986
99377
69199
35258
4515
56159
3710
62137
1617
23134
95912
27207
51551
80624
33166
57563
95223
77822
16741
59992
60092
42078
88484
95661
84489
97959
8588
32087
78460
48555
4750
50058
6357
68163
63231
91533
62767
60596
32544
68979
58926
35686
70296
55613
19212
12379
54697
42419
48759
50445
17
21200
55124
29830
35342
11692
6465
794
27309
5769
48981
83479
81071
1660
58816
25505
51034
73361
54766
84284
59427
24557
70566
77659
4016
20862
89451
72491
30205
50274
62190
1819
88890
66240
10677
50425
90139
9655
2018
71092
47144
46050
30515
45363
81904
19047
56994
48627
21365
17435
99454
8332
60508
9622
59703
89281
55642
23052
77621
94622
79871
5377
32096
75588
45113
96885
98619
33542
18525
37840
32534
45455
64173
18474
85213
82786
99768
92554
11854
72886
82861
40865
35540
15676
87298
21554
59174
45966
95502
83992
62473
32829
80371
19164
37853
36175
31370
16113
93163
81045
23352
38921
24408
92469
39170
12734
12621
56807
16043
6864
41610
46250
36350
97720
55773
52840
72839
21972
9296
12213
776
29350
79867
78752
48630
84849
6699
70265
49092
99386
76716
49624
11909
64419
93776
80235
6722
91433
13
96969
49163
53347
37567
86839
16237
99235
72371
62757
5578
55333
87138
56319
83793
30565
18027
30669
67638
30589
2212
54027
84555
53306
68792
26985
68192
16404
84731
46527
98280
96424
46637
39552
63737
41562
58880
28913
21953
90664
13806
75859
68384
94812
84984
33694
29563
35512
11170
96216
20988
47871
43170
10647
85476
74605
20045
48117
13036
55774
54
70384
77196
18767
61766
10332
47804
75329
2903
84967
4489
23001
23345
51124
33978
45792
9669
75364
64507
35665
36004
82828
5670
8846
2360
4696
656
35301
44452
55216
94922
12985
92100
43684
68997
86654
19345
72274
97738
46434
82755
42415
92384
61917
37740
48684
82810
66942
29829
12941
98592
15334
65784
41968
33813
89586
89575
10264
78894
43395
77666
19023
58788
86646
73544
90672
63401
11808
31772
60382
38039
93355
90450
82180
60055
814
83015
76426
15491
92359
23057
75521
61369
2288
68829
81768
28646
81446
54249
60667
85177
58706
77162
75085
30197
55661
91362
30721
57436
89505
81493
78698
67714
98015
89241
24713
3072
46674
49758
47186
20697
45264
14295
80910
4697
82091
34724
75721
6915
71440
25017
54721
11673
70301
34986
14647
44056
49994
42984
49661
11303
63824
19714
38857
14513
60139
49074
58073
47289
45809
49737
50302
34594
40573
20268
21423
90226
24718
77782
18351
88315
44093
39279
41471
70807
99047
66172
35838
73542
83269
61725
18072
16911
30376
12728
98723
10752
55217
22766
49300
75251
66199
88555
38767
82643
67502
28201
65467
81987
65330
8607
28136
48456
42137
55232
89709
70307
71193
52963
706
61134
3300
66907
41344
31601
51764
29243
69333
93323
60121
28757
33317
18400
2735
10433
69508
1046
91269
80982
3472
76291
34574
99400
25909
58511
50181
88162
33369
41796
49685
30621
75877
56101
60396
47126
63723
7520
89276
11915
12574
92384
694
47946
22259
71593
63890
32352
25320
75652
10958
88188
72046
76287
62426
7893
57989
37822
11864
24366
92414
42011
13998
28908
42559
5928
72905
16535
7460
72231
32279
57576
23724
20707
58741
4133
69573
34316
37479
51289
98760
7948
95855
28468
12899
8374
73040
19863
90935
28789
32072
68638
20792
38969
9490
30909
60583
80686
46445
66281
48248
31063
75488
68120
90110
29237
82500
96182
960
96905
95470
47367
57737
55778
3124
44180
77575
71146
22089
23341
26898
43012
83285
70082
82075
96494
69509
9822
43995
56453
72281
70549
73630
99698
39547
32922
48443
66706
24822
65119
14853
61682
35437
6800
88668
48890
79376
65482
27405
14243
65016
32383
69622
80493
56425
41752
19077
3973
91152
37187
49238
21638
23950
66052
59286
48958
95950
87590
26198
2234
31250
42445
3739
96551
5873
65812
55530
19360
36591
21076
49517
16832
6554
42256
61904
66483
11080
35467
39020
45643
39820
4077
48783
40618
36905
11718
54678
89317
70508
18777
15986
63407
56039
40979
26312
34338
72433
72122
98527
83050
83826
37351
1927
90966
30575
45226
77169
81233
28839
9442
12260
97814
99058
74298
25499
93517
45556
71743
11591
43273
58171
89550
96882
20561
43000
84426
53658
77980
92392
55062
81704
61761
64180
54060
2863
71485
97407
47117
45567
82986
21553
84643
8692
83072
85519
66650
27182
41682
56694
6511
13519
49061
19833
68599
68424
34664
61865
11353
76533
13105
38675
69161
87417
43526
6099
63823
46118
88115
26125
74821
4049
10776
30710
76279
83159
9082
78281
47240
33142
44170
42482
5747
73709
25608
65587
64747
49471
7752
22381
600
39685
33065
75033
66836
2474
62143
81329
29999
88993
24291
96561
72816
58076
56247
47155
54997
50694
71591
39251
68999
35591
50885
57313
83850
66721
20853
72813
61167
6664
43615
831
1247
87730
99709
2045
10647
51260
40443
79146
70834
28658
97866
82644
7554
35619
70386
87641
82964
88222
93125
81862
38353
93590
70196
83098
26614
24342
67390
60190
91548
8631
21442
74465
66299
22440
57708
57889
45676
92837
49596
60934
91988
53589
97854
7012
10374
69418
55549
99102
4375
86976
44744
50874
50953
15459
42530
99149
13633
52698
9349
31901
6182
53590
3721
79223
43457
15681
16020
18208
13911
68888
38355
91920
78946
83180
23630
89315
13902
82725
80018
22669
96941
39679
81736
66744
25061
3431
70653
27356
67216
66620
61661
17059
77923
61353
54637
75377
66016
58452
68718
37561
71085
23380
85193
87293
41375
5440
52784
50704
26538
61485
83795
10930
67311
59141
95182
11756
58504
39536
50781
89290
60549
25483
43900
55420
85666
38477
46490
41448
2199
87928
80100
23440
20091
54534
68622
7361
85354
12110
72055
61512
84735
84613
90056
7234
76388
39072
83754
8282
476
54573
20048
45721
55004
8347
72043
99872
46246
42916
67775
7442
37981
69850
64712
6893
59148
23170
59955
71801
36244
57382
22060
83188
84381
60957
31297
29392
26688
46482
79821
46207
27036
68439
44339
92262
95676
8083
30851
29904
51509
10733
59916
83008
52622
78479
56561
48795
56084
2206
82995
16346
37854
78155
57776
59531
13430
75373
70705
8866
70982
21032
50445
55107
2988
43984
85092
52236
16514
36479
35501
83739
52196
24297
80280
69028
1813
93195
96279
33227
14353
44295
50131
95358
13348
20771
99808
34478
93053
33150
42722
91365
52839
97905
86792
48035
16079
27315
89850
59950
97523
55284
94554
86054
10055
40966
76238
24996
88761
29415
40747
53239
65496
54487
82053
9121
67910
15599
76112
7825
21481
69900
96559
9143
61074
19214
23873
26295
58961
49768
35063
42565
53681
16404
901
48954
79021
255
66488
70248
15064
19247
72933
84183
81946
57767
63757
7482
72899
3731
52631
28155
89778
11536
27406
79066
56279
84443
72464
30214
70703
5629
53101
34906
4303
13785
61778
67817
14760
11284
55188
68324
77969
10248
61810
84550
79480
42180
80416
5557
75482
65368
36917
64688
58402
31687
29926
47686
56305
26397
51040
25181
15129
33450
13549
74596
20944
67670
22254
10016
1958
98393
11651
73626
42550
52832
37186
45269
29772
47649
90599
41059
26850
55894
95148
4312
19691
51293
95303
56974
70192
95783
96945
27330
96175
42036
69826
77319
96385
76250
70072
46883
51462
58366
68711
53034
15613
56574
54911
52494
33943
30170
50452
24814
82820
23535
23726
77116
86284
42276
43131
49132
97692
94452
39769
51083
94285
90871
638
81713
53094
97992
45953
42989
60283
44336
51592
20160
83123
72621
13961
58978
20789
18572
76283
72063
32546
11768
53145
92559
62357
49715
86424
61166
56160
54567
50519
94021
83806
97675
20494
84811
38775
43125
92039
83824
126
2030
70925
27155
82214
49959
26646
52612
44671
96101
13242
34466
20079
2780
44822
73445
11431
76217
72218
41555
80618
12314
68654
74540
55848
92892
5398
84500
71411
69663
31809
68234
11372
47855
24976
24275
89566
83100
58702
45205
3264
71721
55265
1282
73609
37832
32154
69586
66463
76573
7433
68070
9833
6129
46151
66985
12979
26710
3984
8809
89877
73356
79786
52586
13474
94847
49208
13386
20909
61711
1515
8148
88776
75045
99912
61652
65588
39458
93139
40692
69099
14057
17895
11744
73768
30317
19068
45065
21671
35759
92341
63603
10704
34492
25724
5008
30722
51286
30931
67480
52990
71117
74263
95551
61426
25265
27915
6808
64811
80021
95168
9539
11856
18108
28444
63427
82515
25644
40687
84346
164
13802
99815
67907
75554
85986
36758
3068
38489
39185
96811
18530
45538
98971
64477
89127
68917
94681
10179
66081
95326
15675
33981
19545
8698
21643
39540
68257
21340
31472
43672
95852
64389
99297
9001
51130
98823
32027
35715
86473
76775
84644
68844
59018
36854
3911
20994
50110
13997
14842
69058
43600
60527
76476
41145
55307
72163
26813
7190
76667
8516
60105
76472
16102
20266
64428
95365
23463
47173
69215
87274
51711
92125
96086
3288
29411
25997
8110
22828
59338
55424
28252
74777
81176
41374
67678
90795
77270
92769
97644
34446
55974
91771
61684
73298
60404
93083
38478
7772
99488
47402
42100
46705
40294
63229
20604
30549
54765
80088
62298
13448
52704
48963
92284
88424
19411
24795
7420
66941
39996
86156
11628
96915
49250
94821
96656
61623
36354
8243
73008
71530
66069
58117
62430
76781
47246
9548
22959
93916
1211
80056
41183
57972
27182
84391
73567
7066
77216
59461
65322
66012
76200
22633
92491
20340
50248
47500
68211
76459
6311
19965
55769
95591
85019
85465
77679
60167
57646
97322
24528
69224
26637
2041
54060
38096
56030
61722
59943
41652
29856
47146
59594
98417
68615
42492
42185
73358
1756
29811
71315
21210
12063
42035
74729
35746
77920
13983
18664
8011
78196
552
42677
71973
25494
54362
78186
96077
62940
73320
12650
88019
95817
8533
51309
92561
93595
73158
67789
21428
5649
39672
88857
50367
14677
7220
62786
19550
40049
68611
2168
38594
5549
53870
40739
75075
27802
41178
68833
8542
46700
36133
45963
55513
56130
12142
87599
68448
528
95685
41390
64216
76749
6662
13804
48744
17486
9402
71911
41290
16120
18203
90965
71028
13091
60217
75047
65125
26748
23621
24833
83753
77996
21061
52390
36737
24781
9826
47553
14701
92165
57600
65790
40304
18241
96340
70545
6683
64080
51115
99474
89276
77347
60662
84450
12717
98354
89546
64832
88261
37075
55561
23214
75223
98600
84258
78723
20589
47851
83557
89715
92043
84188
2349
1081
13166
3688
55261
3323
96119
67022
54855
1955
60307
46694
7790
45832
26335
30400
72373
34260
25929
56610
95706
68307
91152
39154
95943
78219
85299
78732
44607
63544
74572
49903
623
24548
38068
71133
48257
91088
35739
76375
73759
77095
64899
4072
56103
9398
23195
95969
58145
89844
24847
30525
56497
67238
79470
34185
73750
43216
59108
85940
6808
88082
73061
94416
93100
63919
93696
28541
48979
38832
64952
16103
40652
20619
13125
80919
36857
37229
41044
87661
63857
69869
60957
17304
48111
97654
49237
66175
89668
67821
28141
75156
75096
27861
51123
39361
70155
28469
2829
86546
60311
35902
75631
42685
7313
68191
37010
40226
50499
21796
1170
62866
1947
59351
12003
87814
2776
44074
94593
76908
89010
81515
23347
11687
52242
11753
69137
18508
29257
16419
9552
63432
51841
33628
86507
85116
14415
25966
4336
24019
84915
86701
19968
43725
20354
1977
74863
71161
27843
67058
19735
16516
47052
97925
71154
5599
17036
40750
34049
75341
88032
70709
55951
90336
61227
93115
89993
7059
87615
31593
82712
18571
49392
60324
70548
25506
80927
52374
24503
58191
66460
18161
32141
77616
93129
37871
34810
31133
7907
55378
81352
99719
31907
44011
67300
8970
83965
5838
92584
78755
79578
89092
2948
13556
7430
59287
51524
88843
8042
75415
25832
39792
48376
6580
98192
45009
49619
45411
15807
65616
71335
55393
89381
76984
89924
36196
21226
79767
3259
92931
73562
76119
93020
78407
40222
96039
43269
17353
77144
13092
73947
58014
32565
74056
8551
49839
81909
91633
21316
20968
76207
87366
50572
98727
65193
91028
20399
62270
46032
93446
67072
62535
28548
2954
64315
55529
95746
32388
21490
33256
95318
86181
9357
5148
36014
84391
15230
84695
89582
43184
3528
9368
93039
30179
49081
97979
76886
12424
91355
30680
60890
6306
74298
77162
84547
28411
28099
29074
19960
72130
645
69440
56825
84184
4969
48947
7897
69714
9418
64486
53379
77934
15698
66401
99223
65623
85535
33369
62559
19443
29719
31489
9670
1230
87768
87945
54069
74199
81932
71770
4210
22952
17083
26847
13022
69841
3643
47442
93936
22141
17871
73567
54981
75289
40525
81848
21259
54824
95902
60087
50013
23678
77368
50568
8394
61424
19266
39043
59884
92666
68121
63896
77782
18571
34548
69580
76390
83883
31316
64653
95136
86565
15073
71440
28512
47297
70103
85319
38903
36001
35637
89755
27946
14593
4832
11303
14097
63216
97239
35482
52197
51030
29663
66172
15144
91708
58724
80603
45532
12531
63997
42288
7172
55293
42359
20275
20184
11017
93505
30754
21852
78711
77088
17920
54575
84994
84596
59717
75064
60445
59876
98644
75669
70957
39413
40737
1516
87261
58570
76275
84353
25684
27413
21274
95187
113
45013
26743
62590
23463
46004
58196
44760
90040
22802
73927
86367
68386
94476
99513
82383
80030
78064
83308
31632
82979
98547
45574
11601
68549
27323
71116
98758
82086
29238
73748
53033
55382
10018
64597
64370
95276
69155
41671
9471
39952
87453
98784
4123
92604
71525
66654
74421
93708
41994
21841
54884
54387
86293
9162
44178
57485
64932
16828
7816
89182
64508
25423
15624
23924
34868
9622
18937
58463
43118
88952
8872
60996
45130
55364
42817
27379
25244
36826
23820
60471
79084
8822
24741
97508
97526
57906
22037
67224
24841
20721
45227
22897
30203
77068
38175
71416
88834
91492
88704
53565
34945
71575
27449
86583
40070
47594
88030
32226
40601
98631
11801
88237
58515
83117
89450
50169
79976
96034
58663
92970
89759
46970
67935
45662
30199
1943
81795
35908
70599
5010
77252
6732
39015
10284
43637
79792
53696
3173
82763
44002
35941
55344
46881
83837
93647
85191
44636
45660
37694
50694
64488
90268
11359
42874
55645
58140
85229
85771
73816
32632
55827
13869
77692
41861
4714
93576
137
85471
76046
33514
52688
21064
32149
685
90701
31054
82273
69391
57281
46297
84727
74005
97978
22632
4756
78838
80481
93520
84585
28383
61332
50852
93906
30474
31592
85594
70296
6876
17627
25552
74690
14616
63692
93173
86499
64359
65753
51029
31836
39968
62153
37759
58577
68137
2588
90439
14200
73
32896
73821
12420
27465
4922
40723
32471
30968
86310
61454
76924
76348
68538
97580
92744
54650
16395
10789
53297
14487
93773
71977
58503
94355
1363
35628
34273
9667
53145
97486
48573
65346
21873
29711
22351
83329
34478
5799
4865
65083
35879
1158
97107
33570
40275
28285
85302
6373
11330
74030
15079
1482
80802
40246
48372
52624
46712
98802
2820
85853
69194
58467
21392
9436
49818
34060
91876
31918
36578
58979
19040
3935
35585
689
18593
42996
38267
71135
60696
59181
1249
99753
78629
85523
16798
38658
78917
14732
92932
99669
53473
47443
51244
91738
98844
91514
17818
5250
67578
53862
60233
30260
59216
9397
4176
97542
22195
56599
52515
18517
27955
62158
70762
39969
97147
27998
45848
44690
1860
26524
84449
95908
30852
14502
57637
41533
40315
67533
76414
39221
89566
10586
50610
23812
92899
53621
84307
89174
25633
70846
93513
39301
26369
38569
15838
77649
9867
15606
93414
67556
60004
97440
68669
86092
21235
50384
97388
77902
85175
34205
67523
92906
49148
61682
94315
28289
71525
11543
74318
23735
92794
67753
86917
49929
60999
65805
14959
15127
52841
1812
79532
53472
88209
43563
44856
21643
71791
30688
71538
44142
76538
56069
44916
37350
2705
27925
27908
28331
97679
25098
49002
37036
25774
94771
89547
22366
63045
90193
98535
17889
46692
72503
63122
22361
3121
22849
24187
20528
31483
80822
55260
14768
4079
80068
28573
83784
95072
33552
41065
53949
60015
97601
29862
21780
22374
42544
95016
49762
798
79957
94898
67612
59934
98148
87666
98700
48846
15080
26664
95158
10470
37331
84783
41013
87731
67859
80384
70465
38509
68798
23371
11995
70583
48389
97010
39333
4482
42288
62720
64593
9423
18916
10587
54389
68098
80634
60352
59359
96368
65592
58579
73884
37720
35812
33149
3239
68136
43578
20757
32806
85271
33698
95870
43983
52861
57313
76234
44262
13965
20887
19555
56907
20525
78517
72899
5243
34940
18561
77306
72864
81907
40068
42240
48866
7573
91579
89570
91328
49555
34777
38264
44761
42759
74389
77446
13953
8766
99258
26992
14121
67478
99084
46703
92107
93540
25287
33599
42211
8313
97622
33623
18561
86343
14315
79764
26879
75934
4750
37962
31
72918
41209
2804
68291
75823
96148
74711
97498
42760
73674
26073
86356
61635
95881
6305
59047
30735
11724
86060
42777
94344
46264
57992
86487
46442
60693
20613
28646
48453
40219
7696
63233
97221
14289
78713
56389
85919
13316
9770
7544
99142
37474
62758
22109
74808
13581
48891
82723
22851
85715
93219
12645
9311
49836
30086
72881
73265
59213
19253
46415
76901
88314
44506
50377
17142
52041
40616
28396
98528
45478
7743
67221
41540
79851
95397
5061
6300
70854
37140
73936
89616
30151
30900
87862
57134
9302
34299
8227
1161
79158
33015
66310
45493
15091
16502
37602
27298
7051
21824
93712
89573
65773
32557
3803
18650
6167
4661
53155
36067
13930
33638
80854
91462
78047
32427
3476
37053
43957
50105
10655
90127
82856
17269
57011
6387
1552
61917
11023
34123
76756
8191
56254
18975
6837
77212
6629
41300
9748
34500
88809
37035
16827
49363
1131
92175
4164
92952
68428
75920
17076
99700
43475
58147
85274
50207
46541
10881
98414
74458
30589
63985
3055
72212
91909
53857
53982
4776
55465
73082
46575
85084
37742
53354
20135
32616
19458
59657
51595
70491
28461
3669
42162
11816
14808
98766
924
13713
16651
54045
85443
13848
3332
96824
19957
30525
76718
38732
37345
74087
91981
77949
85890
8621
36340
76113
94992
928
46742
70429
7399
35152
83196
97912
69545
81790
99057
94329
48534
54438
80022
9072
7123
37112
70069
95448
76096
10289
41422
88523
82597
67037
51699
31877
51295
13629
31806
17317
70337
71234
85984
29940
7530
19468
57158
51241
77667
48498
45308
32458
12794
17330
19688
63558
36586
29604
29380
59725
5785
76756
68060
7150
42128
95533
64625
41334
39337
65334
54611
62015
92482
2154
73859
9699
7758
44971
82477
47736
47723
2524
39811
3143
29953
18352
60458
4687
77561
47120
72418
64406
26055
11441
89842
23563
30872
57979
2745
41008
71304
34485
17646
20562
66966
65258
58791
81371
75485
19032
80230
13693
19928
80355
36041
61781
8646
83457
90934
91811
81184
66623
90881
53769
53297
39491
44212
18930
1115
38792
61792
59229
18581
11221
73672
77296
89379
63196
54465
30739
92900
40612
45351
28787
2800
11926
24737
30416
28369
88671
78157
35714
44783
92719
19662
74548
91195
93146
99623
65381
21906
55333
91872
67281
33452
21617
51819
41493
41031
50288
82738
31570
90250
72835
23044
94288
59091
89207
7730
13756
92090
19241
96892
89914
12712
19769
55769
53848
19359
57331
48959
6476
67875
73202
20530
39747
37568
95403
89483
61066
52663
67217
16894
83823
83210
82845
35689
69025
23989
17722
96229
68303
62881
45922
18800
95097
57413
22309
77497
69608
39022
8707
88583
60134
61423
46189
7764
16592
42783
68214
62990
78356
43648
27042
59235
3861
91930
6352
11376
83919
84375
86281
8392
95608
78018
9284
46981
559
31428
84566
89487
57803
64131
84604
98232
90897
85405
95131
34548
17796
3396
4296
94920
97092
92544
69324
22777
63278
70418
68908
15643
39177
87454
42170
33240
21046
90551
66064
80589
44666
11671
1900
66870
29913
24980
48456
62742
55772
53201
95581
64876
10650
13598
36542
82403
71314
38638
55448
11934
46667
55982
87021
95883
64016
64513
69212
71133
86804
53016
70408
72967
35710
72284
96218
60886
94197
35368
27316
5824
30298
34878
32917
99256
26636
59156
47816
62152
73680
26296
43015
47604
47017
18185
8007
84113
94333
78069
83899
20441
81578
3559
51572
87862
37129
42205
89848
87384
77462
75299
32061
119
71652
66252
85013
22689
48710
94232
95375
90317
72021
61130
29808
19054
83603
74262
58447
95863
42611
41894
47592
844
4356
9413
79836
13731
51160
6103
99853
20119
59927
33899
98002
94650
3030
97974
40690
34214
276
35323
48141
75043
91454
49328
65375
73071
60875
72032
73632
69636
58086
77686
13145
85542
77498
78468
33242
52900
5442
3651
99883
83207
28335
71022
42162
42643
90452
98531
57499
89834
17039
28669
33069
39109
2358
85100
77950
71381
95348
62668
8311
92106
26965
63398
23272
72831
31133
50305
20562
82734
4952
89680
13651
41883
21686
73468
66591
77258
94200
53619
64678
96932
49769
57255
54908
82314
20754
71181
52498
3434
15280
98943
17912
35409
89300
31426
20898
39680
27736
32401
50952
96425
59563
41251
38227
99987
61735
21555
85681
19328
80434
94213
22121
30456
68464
49378
85557
6621
80676
50312
72076
46944
55597
20456
45114
31549
4355
68046
21045
15449
53169
20203
35276
74701
65073
44923
33353
26945
22189
91375
5620
99820
266
3609
93032
57368
66342
29495
33714
90217
49720
48551
87074
6829
13819
8625
56745
96136
59047
41439
90604
96030
73326
33679
30026
22000
46484
50013
6108
7311
78552
68401
44047
20828
90465
69571
93354
83406
66841
87300
99952
36082
86145
60536
58542
68179
93035
15360
1082
29528
48101
21873
66057
82541
98382
72830
19051
44043
18583
70616
22898
4600
1242
62873
36944
34503
16650
41095
59277
61740
4674
44663
93386
73600
97184
47735
85688
3279
62987
39828
14725
57517
52630
90435
99840
86641
23240
18957
3448
94147
15510
99858
20115
90344
39782
32616
72317
96501
85049
99363
3008
93225
36917
48636
93082
62816
20601
8513
22064
2079
94516
95756
95305
22454
77739
39920
66016
69846
12294
77465
58897
52671
67794
81993
22144
19404
63563
39049
14236
46614
90987
80905
51226
11893
69572
99361
29013
2430
25476
53523
64371
36836
85814
91576
75112
97564
70627
6035
67717
33491
55115
87919
32743
99139
86239
57323
2284
91952
49919
21014
24957
36527
498
89936
73172
56126
61527
52662
50315
60786
80201
66474
52155
12583
37827
17392
26437
71117
35332
7401
49886
538
52483
87906
15560
89363
76292
79917
91495
59432
57696
92393
96560
78282
5832
48656
58616
96062
87023
6878
17499
74800
74189
42054
71821
56597
24260
48908
13102
63749
86602
55758
92678
79292
79542
90132
48233
81124
15769
90533
18717
35941
95751
2499
31440
23055
57402
21416
84920
75626
45297
85358
22733
46853
72943
42072
5169
35811
24005
12498
23916
85348
46950
99190
37196
33433
57013
11702
90708
84405
67426
69840
70739
15836
16301
21695
9350
26634
91444
47651
79996
12961
81569
66448
59569
65982
21021
38637
28195
46341
2484
61843
76962
40179
31254
43827
28097
9387
20347
63092
84169
32653
18943
71915
18501
49349
7692
38767
23226
96474
38054
84919
22705
37000
43951
98629
7354
46906
23845
2837
56658
57422
81721
2684
6519
56627
73219
2055
25565
39107
26400
81832
25832
3486
99229
92899
76761
9354
37387
24952
29524
67690
21465
35946
13230
85521
93805
30684
84750
49023
36393
57816
50024
4725
55301
61545
38481
42944
19089
84609
6940
77556
43479
66598
88246
99828
85103
65282
975
31675
70658
43908
54779
23721
95965
50498
2722
64310
98537
16805
60381
90834
44463
86431
65006
54077
20660
18464
54173
27026
609
87027
67008
26357
5105
18885
66597
18552
67808
4069
27915
67097
80999
18509
11122
53223
3488
28235
20888
2471
49011
34596
96860
16205
77146
25243
73922
36728
66474
14971
52231
11859
40206
58299
34298
45970
24902
69552
14591
69806
62762
10449
30075
6889
40043
38666
33813
81667
63115
82073
39041
86749
57567
33698
85100
36626
75008
73218
96284
65958
95953
9527
70918
95589
73736
14670
42861
1956
28061
83920
8905
36218
62609
45962
45387
8011
94615
50298
38227
71791
14290
21446
9082
90230
32999
93431
76288
90638
73131
61192
95647
52328
65278
8263
98698
89316
57473
85559
72903
60183
65737
85182
2793
51921
25919
79040
98292
84832
93519
72829
96366
64540
40941
32107
69962
70896
78831
18957
7074
91944
25179
50450
5928
56106
36787
78622
96157
19914
18118
93546
76276
53613
76928
69405
34404
97850
67189
98149
98937
70511
21021
19235
18493
42288
50588
38143
47030
3896
60753
62394
55767
37222
50262
4425
18027
45169
31564
21662
80249
86674
32868
83177
98296
10229
85849
84934
26342
32154
56590
95863
93966
51875
25130
62388
24679
64454
17037
78096
17357
68799
91240
1156
82374
96571
27757
9625
79985
7416
99914
34815
16868
40849
30282
47821
29169
47940
98308
74930
12452
8065
22215
79191
13085
89113
44390
68118
50015
97973
93661
34611
20324
64344
36647
45908
76779
43095
83811
60314
79041
68768
24955
21456
94049
92475
66708
19073
65096
39707
46556
239
47779
31880
83979
66755
31188
61045
50410
44698
60524
58130
99683
97971
27907
58335
50028
65388
9498
4573
65266
73570
83480
12955
67028
83939
89449
72018
50731
67406
31275
74827
80225
6116
15229
12281
89865
49227
1949
12423
41904
34531
59607
90032
68563
29814
48934
23990
15125
20016
89164
7615
55702
34395
87205
5725
51016
26320
37777
41472
8457
1343
42482
5444
40518
66837
25477
43132
27854
37407
6867
69211
87139
74572
30210
70894
65787
18875
4305
46705
80888
21789
38553
16521
8481
76181
25
74843
15414
50416
17288
82520
54586
18358
44444
21507
43406
34251
88709
50098
49929
7002
40047
21085
45798
51599
20259
97346
25419
54033
70547
6927
72688
1414
42395
97641
24295
66396
56649
14880
52288
29566
20704
62374
96331
44876
29437
47176
40186
40836
21117
99991
29533
76610
80322
16618
65192
49055
46434
47712
30275
26198
57513
356
60331
38933
18819
52472
7082
72786
52650
59818
94114
79901
24003
28495
65648
7557
13539
82488
66601
78273
37789
68074
8081
43458
50958
9001
67651
28311
28226
59610
36946
99292
76142
34402
33517
10989
87037
18453
71270
49890
31548
22140
67231
80008
44723
77295
18313
88425
89435
94159
33090
8805
94759
3254
41638
79018
5585
67776
52970
22505
25290
41072
53904
28768
92504
19017
69831
91194
53248
40897
52779
90345
47361
28443
83529
79051
86788
68323
81621
15217
53810
98786
67176
92689
41352
63814
86700
75338
42926
76695
85078
18572
57339
11701
99194
71846
78362
34836
86582
10390
29647
31494
43615
50624
83946
88112
16538
16333
8965
91876
98137
67027
87242
87166
69370
12005
32142
94019
59778
8872
18334
72388
1515
59557
24581
74325
122
61923
74644
37828
98304
11949
68084
47525
20910
47280
95496
18631
19730
89122
82665
46546
5771
71511
55816
63248
39941
496
56201
69578
86228
14778
81449
95159
11105
34408
14288
25980
91061
96593
82372
12202
94857
92864
81812
84336
52198
55954
2081
30027
11886
3019
6760
49985
27512
71828
7482
10789
15425
67454
29180
78282
84302
82742
51078
63326
97854
31248
81548
34254
10827
28352
41286
94521
4551
28249
83231
39403
65312
93808
9767
99450
76052
6535
77191
81406
94161
34279
67226
60983
31876
6121
53706
33918
40533
29815
13984
160
56454
3831
51161
57503
45267
53064
70824
64489
36674
65945
47287
62738
49372
75767
75607
11294
95498
19001
3894
99900
18530
26138
99430
16054
5529
62814
29386
42361
55545
68236
42890
20015
11018
60712
24458
46445
11968
57085
24278
73387
3124
14638
46410
84431
87996
7138
91897
24231
67203
71617
23314
27836
53955
64278
52151
20973
11071
85004
61283
55350
46290
36147
84040
19386
70477
6581
87960
5252
78973
45594
7673
18797
30276
66987
63924
31370
97932
69406
4834
89960
60739
63678
34234
90522
54069
82866
171
7034
87001
52967
96154
60975
76847
8658
86219
38323
75581
98256
44199
64776
61373
25514
65107
64742
95897
99939
64948
6938
53991
57917
24024
87085
7158
96551
95948
93171
54728
60029
66231
64001
89897
97440
19279
37236
69380
71131
83847
76158
82719
42544
32838
22566
54194
96872
63815
21391
56346
36476
70705
20167
15328
48592
41656
3389
25664
33254
70681
98981
99814
14289
17354
24707
6255
56261
2996
40771
34793
57859
19099
28006
317
78726
64227
52712
57627
4889
77980
88007
65315
59887
1485
77542
21197
60423
85611
65752
91414
18970
82849
20097
52844
6108
11177
32609
74971
20093
29870
42841
65158
11437
29285
33199
31489
72237
20673
27156
58265
7430
89000
10099
266
40318
99236
20027
2
99251
93896
42867
64934
72051
9021
32340
55496
10484
43665
34515
71104
65259
17199
5140
81916
51519
70360
44995
12699
93914
39059
85446
81751
72727
92276
26375
29212
40707
40895
80178
24182
49682
20392
10517
72837
2091
27522
79882
32763
49696
74786
79210
64418
82165
13211
26076
4306
78314
62825
58176
55481
28012
83771
75373
16992
49234
86546
34451
59552
44519
12089
94372
95662
83440
10082
40413
73062
39268
54142
19057
60075
68811
22395
97775
82641
73314
80038
5227
50801
13733
58642
27036
56303
52644
51558
66708
38969
68514
74615
57292
46994
84891
25258
25235
24353
98934
97554
78831
63281
34551
17583
40103
7996
49646
35446
51151
15755
97727
64293
21213
81126
75808
97194
34402
53859
55753
97158
26989
91930
8635
95632
37427
81957
53844
8146
88302
15578
71454
56043
47377
36898
92409
63204
36800
13819
61451
70811
50530
57801
66780
5539
19061
73853
13060
53723
15351
14160
51785
88659
69093
54117
6765
9678
90836
84666
48715
53717
57017
39959
27390
87803
42481
17969
4089
49909
95005
84171
48528
85792
19435
14974
86133
11295
87172
95661
75620
99323
16260
99269
21717
13180
1165
98147
40681
14266
78172
16169
40333
86842
21078
85453
7834
65358
59529
59393
36750
11986
95145
97309
49698
31639
53528
24149
16156
29007
59804
61207
11399
73815
2765
61352
9379
78504
52570
7898
62596
36329
21579
22675
76160
69605
94010
21713
29776
90138
8872
66888
9946
85037
95305
31676
96082
80744
8351
25053
88560
37255
21312
15284
70258
26117
3539
88370
30268
86006
81033
13462
42466
99276
73589
49557
55381
61279
86725
83220
8253
97764
14851
52628
58421
48337
87681
66331
96798
32013
89518
36640
25540
62148
41183
99462
14547
63660
3555
43270
756
27429
91911
35852
27342
11934
93080
35976
37817
23701
68847
82167
44346
66176
89861
63716
69704
80997
13577
34129
62142
70847
56523
75621
25640
16966
23469
95123
2448
80713
52597
62283
30276
10957
41968
90884
13762
91583
99502
24552
76960
25672
37397
50501
94596
2391
15956
61082
15005
98995
90862
64663
60765
13569
9041
35009
30292
75336
60443
49686
60116
95067
16070
4286
90277
2161
42003
5767
80389
64728
63091
77426
77701
26767
70708
7386
1788
25666
15755
61888
74739
48767
48534
45367
11566
19650
277
18336
60635
45252
4271
58723
87665
18122
63085
69477
58708
4110
47657
58855
28932
42609
3605
67287
72933
79045
6604
53212
56894
20747
2846
50445
90467
79366
31925
13905
4079
67833
19833
32596
11861
4377
87643
24073
21679
32570
97164
19155
94075
47580
89968
6032
47527
78173
16952
89487
64359
20687
59229
15153
74572
36878
81288
43749
65841
95606
65892
55526
83944
25761
2595
122
51094
63723
3482
59060
12825
55515
81989
34832
85560
49200
78944
44919
62504
66083
137
92455
49532
42890
96220
84217
7710
20465
96004
19460
32706
6012
65682
58972
63302
98171
2697
22744
9135
88462
97975
9946
38813
17794
80774
41640
57295
10828
93637
27440
44632
89394
75605
63212
48013
35879
17961
97060
86731
64053
8126
64565
35758
6353
2403
95979
36989
11089
9013
59879
87854
97009
94134
74282
43597
81647
83284
86412
79946
61331
48971
33850
29655
8632
42462
16878
26847
53020
56495
13413
50672
69026
27127
90350
61012
26920
27969
28151
97024
29752
4172
93301
53986
38912
11584
32780
63062
15270
1681
35266
14795
64948
79736
34920
97937
31714
65421
45154
61185
66205
18407
7246
18643
58156
44492
4832
86665
12115
43468
11917
97297
71876
39907
78472
13232
44201
83551
89346
82170
61909
53868
73486
86398
24490
319
95447
22697
97087
11461
66028
83664
13095
73794
36620
64511
1221
70394
33477
86503
52069
45938
66116
55746
85436
29056
7899
35238
97382
36951
56607
92043
47882
7513
16429
17627
77780
4689
5523
50450
92368
24914
61572
56774
34621
40248
68598
43547
16803
20149
34084
20537
27153
1045
80830
66348
31289
28909
85647
85007
6413
54771
93876
61946
73738
76639
1706
29590
67153
20872
76456
29353
11075
65150
35963
15393
15794
81156
52352
55846
89151
72362
90070
10707
97696
31535
37445
60801
8962
14129
40534
75179
11374
29368
95437
33518
88989
12751
68230
16398
72632
17389
80877
78679
92721
50387
27347
85298
75066
94281
5053
28201
67560
30046
97563
98989
21513
53936
51238
34896
62333
48249
5734
13667
2367
66174
87724
96309
91527
39380
94430
28557
38411
40857
3504
3408
32677
5369
73488
65828
69978
27476
23905
63609
2521
50401
79903
99326
46603
3421
18494
64341
4410
14437
32517
77033
16484
58225
64026
9249
45604
55453
69576
86897
61734
11461
76300
4955
19046
95508
19495
59696
13144
42798
85235
43843
14868
80086
51836
21523
33393
22206
72587
78786
3659
14864
84444
79889
98447
63749
27935
28264
29313
79439
69422
1765
24185
55306
29784
33348
50972
66857
88598
56911
3517
36382
66520
6513
80382
76621
76972
87893
46855
80506
28498
6300
29146
97453
21453
77966
47098
24667
43321
37191
86635
63889
48652
74970
12199
66103
16738
86567
77414
14742
18026
87011
15891
95130
96242
9132
31173
1675
93946
96549
17681
51301
4245
53436
81658
52885
37649
25558
41976
80250
1386
54692
56096
50222
75994
48484
79719
47286
48281
60713
27861
35739
65387
10546
91847
5615
17445
90437
21644
86795
51644
73066
44010
62202
1113
69787
23399
64117
23970
60582
42387
10511
31835
8045
58177
21138
20583
15215
48594
60601
22953
88227
82803
45506
67588
75217
11956
19470
78204
68069
63822
7504
78043
54222
42096
64390
48399
39416
54378
29399
42083
93018
93007
46043
11791
8394
15916
75794
77767
80484
57788
88127
57499
33965
27792
70787
34051
40468
25841
23538
45703
1086
91653
20307
30802
12381
44996
66205
58844
25063
32450
72274
6579
85897
54411
17383
57953
76739
2935
96640
32723
98815
64124
10106
50137
81399
31733
70806
30039
82951
25921
55095
18488
35550
33094
51462
41264
53815
90301
55076
51067
645
63420
75408
39758
23958
86703
18216
65077
17577
80325
39026
20848
17445
55794
46410
84734
95460
45030
61946
56094
77368
12137
52997
78557
23725
68522
8699
53746
76522
17952
90020
52971
88483
2078
24957
33488
2079
28537
63475
48385
870
30949
87362
56790
178
763
89403
92596
48566
95969
6419
37053
4965
20075
90657
16603
26326
95785
85884
19621
7139
22873
70030
59199
69042
33915
78017
74064
68685
11727
17173
80748
7153
90709
85173
88124
37132
40024
93984
9665
5041
61417
20547
59766
14574
21624
9405
28304
9461
70905
77911
96205
68260
45087
91785
30280
36096
72748
92964
43525
85590
88174
80705
4158
21464
14150
39124
96538
15448
24947
75991
5663
49185
39455
5445
27357
48736
76022
80337
36982
5086
12614
22848
74364
44013
41370
9539
11484
47399
66011
47853
43689
38700
79023
96045
94237
85930
52487
68567
96610
69492
78027
55029
22261
12359
12220
39744
3562
89417
21029
31065
93378
9955
81113
47610
75515
6085
62922
50807
44258
62075
37083
29888
37231
96074
75339
15849
31520
15610
77747
54842
13661
61676
18014
80848
79593
56806
72526
81984
80171
39162
81622
47685
82806
47364
58631
72109
89187
17868
9410
50435
71781
2201
7573
93490
90863
72433
41303
6579
18657
69236
65411
524
81247
35971
63673
51697
47472
77125
98215
23430
88593
6256
88192
79262
48330
41668
72084
11743
35571
64875
86388
10937
83982
65432
35304
61015
96959
4575
10374
72447
36195
69166
67111
60279
24060
60263
9987
62139
66013
60054
17911
76107
41536
88264
24183
62729
62209
29392
11722
71744
77871
94330
97875
68591
35136
78929
39213
73541
69984
18839
50345
89612
47495
85383
26493
80703
23975
51147
51638
64400
35944
38169
18369
33569
54972
12506
48718
30321
35237
36132
15990
86088
36983
88132
98405
89818
97538
49525
65818
69833
82159
53339
81479
90159
60660
19581
85370
82274
91521
80235
72250
6040
23198
68274
89445
96058
3611
71594
49274
66886
88741
5305
38219
56692
26845
45605
92164
89723
28056
58799
98446
15942
18367
40664
53419
45428
31119
49318
81980
11107
1255
15627
65587
88403
59957
51903
22281
8951
17236
72977
89450
38955
6721
5123
29013
90651
91637
74841
93849
14120
9376
24891
57440
31703
91292
43757
16824
93793
20575
34537
94493
30657
70818
90261
69597
72363
20812
66990
14391
39487
38771
75868
83856
95478
48079
24882
77152
84361
19910
82406
44499
86387
38488
98817
37057
7465
44355
88286
64571
4921
51698
25835
90897
34276
81095
19288
30605
62151
83709
91383
17752
50853
19930
78516
17718
8428
32186
78216
23716
30951
14697
93238
99477
37095
97544
76384
32542
48360
51556
84464
88348
55425
76158
66188
67693
5561
98619
81124
83418
70723
44133
7776
52476
16732
26583
58943
18974
44848
6793
24636
28888
84898
69315
58149
54969
47690
36512
62475
42889
28603
95627
40715
94870
99335
37209
32455
77088
25173
81266
5603
48164
14867
68692
85619
82022
8349
41149
21304
68894
73619
36281
1997
29369
99774
5373
59239
31107
70686
72453
49110
13550
20053
42912
4576
68596
4633
15949
15588
86793
92758
56110
83103
7267
5017
32821
42860
24586
41613
44129
35602
406
17164
66122
63786
74244
66183
29435
86068
81660
30657
1950
53787
44511
59274
20496
27607
67508
55660
81209
68488
59615
30677
28803
48969
30322
68149
8231
8859
98805
16117
46944
12181
80511
30164
93691
25759
12961
4393
14858
83312
3249
84666
54060
52361
9164
78661
88318
55884
8864
46658
1146
39188
93726
32461
10765
83564
20538
50594
97233
85815
18408
2354
25167
82235
22169
62908
22374
86660
23397
85551
57415
26340
64681
26201
22904
30743
43546
78884
95999
14533
71069
98780
69293
86486
31586
48825
94152
26086
57178
81580
46464
98691
27116
95107
19203
55786
22708
38067
76571
89137
71550
380
29990
16310
9590
32010
40383
8395
89492
28372
66449
21073
37606
72829
21222
85224
56879
26184
26196
74620
59340
82373
11656
73444
71195
24194
95331
60034
2096
58069
80216
99157
37000
93424
7038
62803
71312
71990
64581
7447
57786
98888
31859
13290
79557
89836
35938
40738
56483
37496
51488
33485
4954
9675
62501
74902
31061
34207
96647
80616
2609
94182
55454
54513
28568
16436
51484
76210
25607
70599
9634
11974
40731
90533
18942
47978
36929
75694
53161
10344
37384
53625
83140
70197
55906
87840
71747
76419
79025
415
9834
60761
64196
5311
97399
14931
70221
55963
80470
91588
78555
93596
3647
79158
47506
57139
10754
91594
19108
82179
47957
34103
91069
97031
7059
23121
10814
4411
35665
95040
94268
7836
71373
3674
78692
60327
44821
20807
35339
81824
1564
66072
28633
96856
43378
13045
52
12564
26916
94872
48163
63037
37558
65310
68757
94775
5854
47671
98784
63982
67450
844
79669
48885
91366
4736
7511
18463
71606
32599
30061
39450
43483
43801
95132
31255
30389
31383
47849
10208
68417
49413
49426
51523
46575
88848
12740
62940
44027
83123
95542
74817
34716
42120
93206
86910
70879
29739
12735
67698
79151
41179
56596
39139
69012
62643
63071
23556
21283
92903
36097
60909
94988
68335
58386
25044
40996
14576
8966
37717
29690
8240
89114
44147
6429
42981
17388
57877
96354
11628
34119
48964
74632
21196
41282
61882
55571
57071
1636
81095
64305
88331
83736
52644
2694
24842
56881
87910
76935
35646
53274
15744
38000
28324
63536
43038
7302
88334
58540
32595
71645
12546
46918
83429
14239
53501
2630
20471
4890
83214
77457
49987
8820
23470
58463
91239
58247
16049
45633
173
56696
18578
55820
1427
25252
62197
28151
89388
35573
33036
78490
64660
15195
49684
47985
20559
26191
21490
8118
54389
32289
13204
17313
18656
75297
28070
19047
66386
25332
93041
10571
20013
78727
54181
29142
17794
4535
49572
82615
6506
34063
61339
55711
78290
38118
46472
36842
8738
1913
40651
31086
67054
6358
98918
66945
10396
1858
13703
22148
24717
65539
56248
8802
90283
41406
92220
16708
32985
10972
90577
70119
43563
83708
67823
40166
91420
80472
23022
30706
5426
58816
29371
55091
21167
81516
60864
65388
71859
1078
87135
78267
92099
48526
17737
6688
1849
60899
16887
97928
62630
36195
59912
38978
51707
54436
24900
17434
47826
36039
18945
50888
10223
19785
80676
25519
10871
68972
15970
87849
11919
52185
4681
7806
58524
30298
94494
9231
77563
30979
14632
83476
28516
28462
48428
11758
6073
62533
99808
97992
29466
42298
51557
91885
66045
73595
34146
84275
63680
67810
51718
45741
76558
68456
50902
38207
38005
42453
31469
93749
75466
29783
22860
76571
92383
34296
82417
46483
14874
17704
10849
61083
98009
68840
43124
52387
84329
69669
35694
10494
99007
95705
95228
73455
46659
18750
68079
21520
5034
1482
85512
56580
47220
65404
83350
50401
15386
74688
9498
44684
50193
82987
86740
4323
61093
7518
24950
47701
42628
89010
77476
45616
33131
91875
71492
82594
24769
13598
84618
34700
46586
22856
31504
47531
9432
68941
30459
69413
6661
7893
46447
1166
92870
25987
49469
31549
13412
33307
20849
55024
42795
64585
65971
64114
41125
85043
19061
37321
3852
10056
29946
21548
18062
74084
32845
35687
64355
78389
92901
29315
94031
24027
20071
49757
52008
66344
67424
31576
15554
26956
72652
13170
5961
34654
65138
99587
26675
49884
45558
954
38828
56383
58420
34902
29396
55580
24822
92168
55945
35209
52216
11419
26155
88112
49211
82472
79700
72490
24231
96295
31747
58339
17992
29258
17139
55417
20167
96440
10725
36401
2619
56188
96550
61421
1586
74987
66479
22859
57935
3557
90895
44321
84477
30227
15987
20199
51529
34947
95590
67652
25556
31613
3942
57729
13674
16245
69045
36561
39328
21863
24395
3265
87658
17467
73579
32673
80035
21451
26089
8744
44169
16574
86661
79292
30361
2701
8117
45894
89562
3198
15251
61293
40277
97614
94344
96885
12378
11251
3478
20241
49106
58442
49558
55783
34695
68556
99617
76599
74147
75631
60708
74681
86855
27711
12494
33206
35039
49833
51753
13340
58528
55114
28425
78030
88142
25679
29687
64730
98623
45552
10137
43629
486
16686
25960
52526
34060
16037
53098
24385
2195
47419
28220
21003
25594
98480
98810
68110
18190
69400
65325
30481
71611
19206
2936
54226
42105
62057
9076
7087
84467
64796
35900
38795
53034
54048
3441
1898
82018
91654
19443
10154
80918
64194
79563
72050
86884
1569
59162
3897
45473
85214
14198
94059
51579
69906
94074
53903
78958
34082
15972
89570
48138
20410
40426
88143
31624
39594
58028
43546
19182
77672
74605
35467
82925
18963
23425
61526
62564
86588
38941
6143
17791
63558
37352
59381
92954
72249
57345
48972
95037
92121
22922
38179
60925
21371
38854
9563
89349
17389
12198
82590
21653
7218
3736
16911
2441
48273
33073
66202
86254
9065
55450
49873
88296
17260
57940
47331
75667
75367
61924
61460
99468
16416
66591
42954
24332
5990
31787
52065
43738
53778
34994
56244
14916
28158
70119
7539
58031
31606
32452
10213
61041
95057
56584
72439
89232
11588
30923
97663
49373
61049
19770
57567
39366
57464
73547
60003
12470
89480
49114
72447
22296
1202
59588
52347
59526
57693
97027
93789
32142
18865
76043
55965
32671
54361
56366
80429
38034
68345
29009
76178
72836
72988
85719
99283
60999
31190
83464
16080
13821
71175
26163
23206
64057
52678
31101
11927
36676
7936
23971
17529
42610
59796
89241
13707
104
24645
82509
79109
81419
64676
1212
93217
79872
42014
67787
78597
50497
67417
75828
33171
44161
19447
17134
89417
70859
97895
34217
13262
22853
12564
3380
42828
34334
16317
83094
63165
4467
19166
85895
50630
72263
55963
99991
90658
38970
41513
49362
92328
58584
77450
63464
9652
59715
97133
52751
76446
57573
89891
54052
52440
44493
24050
78807
17103
92034
47203
13976
21917
94378
11802
61244
77163
76006
76733
7423
7628
17174
17257
15273
57862
13278
78813
40004
32469
5455
87202
88326
73406
5685
9801
68596
781
31282
33141
43198
75117
78655
95464
55420
91207
99642
95719
79220
56744
60853
42018
36243
48352
13081
35412
33411
39677
5068
62214
71032
10352
41091
72243
88682
97871
13391
51804
43848
53328
6445
73297
3830
68824
96042
41115
89898
24502
33623
92795
18658
12582
29739
26097
36829
76805
43563
71894
21133
20691
38529
30906
65557
61784
57073
1232
43976
57435
50385
70699
92186
71482
7085
42505
80606
4473
69269
1616
22346
70530
89884
77972
58270
31821
31062
70108
59451
49283
92197
80717
44789
4181
28250
7342
4964
1185
93229
86886
62941
88094
67578
99602
3731
68106
33787
68831
54589
90160
66407
82535
68270
97910
30847
31742
44040
76660
15322
54493
92012
95514
1810
66852
29488
51367
23311
98999
42500
44811
60112
1325
85566
80472
63447
22750
27129
31483
49129
43852
38853
89032
92822
37622
42549
56061
32188
88770
43460
59320
30258
26998
71970
65501
6013
87956
52439
69373
14443
62729
99165
29924
65413
35281
7491
92557
294
43895
64088
64215
19476
20334
66567
24968
57542
83025
60948
54340
84717
6513
41728
68612
41615
68038
36637
1735
87318
26890
76889
37545
62387
22047
6321
54192
93944
62418
10444
96963
69081
36330
62811
18714
85790
63835
82591
6977
90637
82395
93773
94365
23736
42306
76837
62935
75679
37263
36356
19336
83585
81122
7426
71117
21004
62470
30785
35358
35064
1625
29192
55465
94550
21859
85775
64238
1679
48294
53239
35614
50231
92204
57376
85936
27308
41202
19285
67615
13604
4917
48947
52646
95776
53123
86413
91748
37431
57176
86201
10077
98211
427
65022
64475
4518
25167
7338
91819
84866
81308
73999
63450
28076
33875
78661
46776
98265
43392
43528
42461
34593
66449
76157
12024
18934
96992
57495
54432
95384
34482
61589
90596
26475
66101
59996
50263
54831
86305
88513
60294
2099
61956
49823
90843
55639
80910
97744
30833
30042
5268
23171
13854
29636
39848
84935
27583
71884
87120
59961
80902
83564
54350
26535
23449
55533
96699
13629
93011
38731
7095
20097
14504
47600
42570
47150
23672
89967
89258
262
81638
97900
47191
28951
55128
7938
45326
34362
76272
11866
79780
49341
48924
86151
62048
83211
22957
31226
19138
47775
26104
49335
61183
3718
60415
79162
2301
36976
13827
18241
47567
64736
85876
93478
86713
64222
33263
14083
45584
94866
94401
67025
6706
20094
55656
66393
71523
66893
67865
47045
38175
47374
23890
50239
43699
62152
44757
67038
14084
9163
39167
41354
31000
38728
67711
95230
20366
1483
83933
61056
28209
40111
84126
35775
72554
70985
64339
40089
696
12332
60179
55773
53224
52300
18914
31552
26714
96536
49621
10654
41636
41169
88824
41547
867
5565
79031
64262
81306
59663
10723
4600
3693
34114
29762
98081
38334
78690
9928
26716
85451
48129
58359
28168
27524
15086
38730
59066
51173
96322
37430
26996
25487
91342
70151
4161
48875
69184
95839
51430
96422
60666
18610
73126
11075
2408
86578
10997
7146
61883
22905
96865
12088
69910
41938
2038
85746
56680
50588
77464
93995
8719
28061
47539
73611
96570
70940
11602
9466
81391
34067
52292
88059
37202
48743
28984
44995
69363
38876
57177
16498
48271
65782
25764
30051
590
36414
47014
95756
7068
38937
46179
8886
5153
14355
12662
18087
40631
74985
34550
10714
27143
27406
23270
51783
99395
67838
95903
88641
89911
35247
98553
8648
13909
46642
90402
23112
25939
25332
5870
54798
33620
28411
75247
81200
50862
22708
54303
895
5151
77093
22369
27963
73272
36908
83784
78766
45392
37505
28294
68631
18297
84299
47212
70328
33892
45818
15653
8734
78059
46612
6165
3148
84734
85969
99836
41912
59345
8143
93928
82277
68006
71737
61582
44224
78872
94231
48800
95006
94966
12666
78832
44605
92706
163
7930
44050
31668
47654
45217
16192
84796
37859
7262
3326
20675
49843
97755
24657
44108
52892
81379
62213
22507
35715
92333
17861
37498
82698
20867
10359
7637
56277
4282
85213
1395
57479
79066
397
74342
93338
1753
58871
6268
88671
65825
71449
96043
99752
39311
21521
15460
34969
5575
67178
79988
11424
52910
58549
6248
15251
53789
69699
78891
25854
32315
39421
79408
8877
93585
23102
70325
6859
79149
93688
2999
95857
63809
73518
98849
56962
86164
18865
73088
69737
19881
95028
51201
52605
83091
20297
30323
66975
97881
67682
17422
95122
92499
152
36300
41095
60612
27395
64622
11576
53058
77274
77163
10408
31729
74615
3714
18297
82618
50916
29430
67175
89292
18287
67303
98483
42235
64880
1107
99712
3831
74644
37082
75474
24827
87130
85184
25633
92395
1983
79066
82489
17678
41102
22880
42619
12002
31567
88334
22698
35537
41786
18979
14900
78693
26773
73798
63136
76006
46254
62836
30307
3562
35898
9548
86549
48548
40715
59191
51600
30994
87983
75830
22547
5396
70818
27294
84960
33694
42381
55230
82501
49785
73475
14477
18392
45486
88058
85800
41712
54265
58984
84006
43293
95164
54625
44043
61951
80643
94494
59535
44300
93441
74072
77523
96842
34279
34867
83076
39856
47873
99016
78772
8374
66617
39052
17211
90361
77473
52906
38874
51980
49176
26594
44501
64737
22186
82106
40788
96327
45344
35672
76902
4109
99939
75434
42731
99227
6926
12291
98585
76825
54939
80466
50750
34825
28372
23788
20969
6512
95545
98391
13622
65391
7041
99524
66874
77584
79038
78687
60318
62034
87365
32538
93152
5595
88332
13482
91218
23872
79234
47665
44960
98466
16812
79850
30824
39231
78195
5166
53353
75483
57062
15931
87149
55913
63005
36480
47554
36189
74676
95756
93136
31822
73231
6219
92525
52397
67200
34347
27292
38838
66916
17925
94490
89690
73344
15557
74302
14089
64001
15081
29640
93852
83308
15870
16903
34970
8091
66074
19043
71111
80281
91128
26541
76748
99916
88252
90001
38031
40661
45607
9282
14138
43929
13364
35068
12646
3200
6129
34426
39649
64790
20317
42947
81605
1327
94405
25789
4856
56192
90018
1041
8781
31338
76373
28542
36460
89885
77031
20069
89108
9991
27366
70182
41762
44054
29120
42971
48892
96702
27635
73413
75882
72039
6534
76544
83422
97367
62217
94091
18799
45505
7910
53570
28422
48567
32973
74877
99095
37997
19929
96933
46648
77484
86922
62681
8601
86691
51318
38441
98971
62221
19339
31066
60972
30013
49363
66756
53958
22948
10722
24031
91511
95026
95628
52095
44967
58536
38403
44463
63412
1046
15647
50054
9474
74003
33557
74997
55206
91260
60864
49894
33495
67937
2192
17968
74053
15263
3514
16170
1659
58659
36568
61373
2130
58286
19772
69803
55057
9437
1594
43689
49367
75636
84797
78702
38408
80110
86883
24770
84098
20964
62870
40061
55507
18820
59918
91386
6903
94369
88155
21779
35908
40221
46706
54553
51734
94384
84667
44965
89257
29515
97548
11255
95014
7617
21376
54154
46751
23786
68126
41256
73672
70184
49895
34897
80998
48830
36908
1481
99417
21268
76413
61638
72865
19022
76466
19015
16625
18719
51286
57819
8968
24841
40588
10181
10656
17984
45010
85051
4704
54686
65847
52758
37848
18053
38769
10481
28555
21378
87740
95617
29123
199
14947
44897
46464
43437
66484
7963
32234
74497
33237
47312
56598
72820
7701
6423
97708
2770
67368
41586
96163
18993
87083
61383
84238
99562
47084
83582
10046
61601
62347
15048
53939
60443
24466
89700
95470
38557
89460
33720
5351
21795
84423
51548
20006
1524
53674
79041
34508
95237
9871
10958
5012
90109
55209
83476
89441
80632
41173
16666
85085
12561
91027
22295
32771
19544
90371
32528
27146
88167
98199
4530
64128
78251
65277
63206
95839
62755
11627
94657
44090
3524
12693
9545
95507
82881
95666
27417
35840
38084
66364
92620
89216
78830
86725
12436
19316
79695
63543
37575
27547
11349
64223
82495
39637
46706
27764
51674
16935
88121
2709
96815
9255
41095
19472
50444
25520
20032
37888
15878
59729
84869
43007
49191
92998
93512
66092
71881
1399
92520
57698
91191
36613
30750
97773
3918
24342
10201
76190
10682
44448
71889
13249
92825
26474
85797
26443
36049
26154
37560
32633
88383
71305
77166
82912
64936
88377
92430
57091
53206
99020
56218
20772
12443
62257
28293
10220
99550
26571
87359
74998
96806
43401
17325
87372
96133
72984
26657
77558
19588
16456
99861
71084
20022
11850
32429
76058
9249
36930
54814
15705
42284
49633
99164
95316
71065
25812
41236
81109
36750
99618
41205
72047
99991
23645
51242
42985
2684
65125
561
80785
15965
90246
41663
21921
13033
3627
54987
72609
65487
52928
84140
84571
71094
94777
27046
91167
26951
90482
93252
71665
79874
11383
35842
60695
46069
94473
15069
97851
27245
11256
7246
60076
36711
15760
67558
4065
20297
82363
38008
28598
92414
6735
95166
94043
95181
28116
75932
57590
90505
27635
18322
79886
18284
90554
16759
44681
33430
3461
33836
68224
20055
19365
60914
93003
49143
5048
92531
53841
79819
23897
77283
97027
32186
49186
92578
50247
34509
71850
54388
79399
90195
86931
5555
6277
71287
18059
15576
19342
97550
41321
3879
83272
27448
97805
36463
87648
86358
43967
38399
16797
16346
79397
18588
73670
43996
17585
41451
99661
32272
85102
81688
16277
29924
71775
47892
59913
20436
69634
51461
22389
8018
75877
13936
24046
56152
90312
56468
79230
3371
72769
98538
24924
46008
23299
97709
38452
97326
68075
28265
60440
21619
77494
40021
23134
59416
65414
86295
66136
15649
34989
82955
30280
89982
66556
27033
67470
52155
25191
39544
795
78008
59932
32091
17753
24009
42198
57263
68859
61038
14138
75058
96662
53804
31851
45917
37837
77519
72529
20308
21398
6828
39243
10109
66753
67024
59608
98720
11043
65261
30948
56540
55039
36473
95072
29717
59975
46310
48897
51444
48363
59986
91653
12894
32344
38246
19107
44883
40975
46120
25018
92465
99336
73941
11515
2506
68534
75712
47673
72202
86148
94697
31356
23680
72979
89315
61486
17326
47460
97487
20488
16116
42047
52171
29237
78504
60648
59985
89114
61674
18594
4189
80424
16594
36723
82736
36514
882
61695
33380
68362
78369
10815
79346
17457
445
80596
74622
79699
31577
48721
3747
46589
30603
29121
26865
16656
50601
84537
71810
91847
79255
27102
98388
11814
82255
27577
57979
68614
74467
21052
10972
29356
95680
29223
39948
64712
16953
54135
41775
32948
51815
3330
25155
86824
6192
23588
65844
49807
21933
89104
51615
10059
70208
89352
36423
29412
86668
19842
21006
416
54307
26980
48288
80902
2643
50254
98460
61557
69113
69040
72891
43941
17234
9074
114
80911
77361
66433
38871
50606
2113
18386
43457
62234
48633
99266
81444
40305
60835
30892
43569
62096
56017
38239
69533
55321
77267
93535
29173
82819
16556
13413
72352
52662
50241
31320
35389
94399
27793
92521
46608
41939
68262
53776
62862
81469
97830
5789
24794
14427
37508
44865
59568
87159
29772
16540
75059
46752
94638
99259
52931
80896
75793
87398
50850
64147
95911
19971
20588
60445
21640
34446
69111
27469
15556
34150
94751
65896
68791
40759
33641
82884
62897
79389
8467
90548
90594
75390
58677
98762
98987
90897
2247
30681
51614
9781
90501
95312
13136
97154
70845
27859
47784
77020
56853
26230
26469
79547
5257
43468
95267
77243
39867
91936
81287
49702
4390
20970
78656
34931
89231
34064
59751
88440
56870
37234
95060
42027
95709
87506
62578
8057
86815
4667
30939
86033
88002
35232
30758
67116
6395
84829
84753
80199
17714
82430
86985
22369
87191
95427
54397
41059
72414
27348
45813
89668
95269
3636
84020
45868
71477
64282
14771
98310
37037
26772
15238
41069
9318
69255
56937
85749
22119
65184
47870
88315
4242
48749
81101
4822
108
59929
59531
54301
50633
39493
23136
16154
67304
88152
56107
71458
21342
79795
2280
49918
43979
62170
24319
37408
8477
52184
73661
89489
40538
44644
933
628
40146
97315
27182
2239
74133
19457
23854
49530
95423
98829
42418
26524
64580
10588
44598
27005
17763
57586
47051
1758
96314
71949
40634
56364
50403
2311
9121
41477
85541
53597
24922
20431
9745
54722
81063
45609
71700
40020
51971
62330
95524
47573
15432
9507
96602
45079
4897
1519
52550
15948
67227
34579
16805
43932
9936
69642
71178
52254
32421
86970
47861
54413
61295
65933
65522
99797
52156
61637
7728
15287
79098
80249
86804
94695
82326
49736
74510
57159
13012
73668
88149
73960
27897
35315
90442
43154
94727
23178
97095
17091
70227
75303
88675
72168
83191
5142
41849
63520
88233
74613
41475
80158
58330
89560
3734
78421
1600
74672
27280
28879
98209
3440
37559
68910
28719
82401
32758
13719
16572
90199
76698
8969
13399
55441
15030
92154
1860
63464
5707
150
5284
44771
70815
61998
45043
30699
81122
85885
28685
95418
59430
86975
87474
14195
68873
31125
35469
91588
27787
99795
93132
28893
74112
25528
47926
84604
37704
18219
39019
44007
2126
15974
64092
51513
46175
1571
40286
7280
67722
31522
71836
386
77138
80412
75310
56361
18092
23656
4219
34555
8817
1033
68173
67234
68185
396
65923
1056
10316
36609
2869
31538
60159
52579
95122
43378
11641
20553
35134
99724
4565
40136
31876
41248
24574
95012
49179
2849
23516
67062
63345
32088
36076
79064
90102
90777
12185
61629
48460
23050
64369
30760
67555
47326
35210
64139
57848
3888
54779
91489
82017
31609
33316
71032
62334
31518
26502
1479
67907
89069
2715
68387
27775
47936
32034
36475
93506
25456
20357
60568
10108
39541
82208
62079
46683
5645
58333
13123
67540
15668
19588
89944
36242
4363
41364
89739
98363
86111
42916
66789
71784
25813
40178
55031
42469
25622
81184
18222
99646
45624
27466
89925
680
69061
65308
5020
76283
25489
88339
94327
44811
19277
48055
57652
93637
9251
63090
18470
60333
78866
56002
33829
63434
60732
52137
72029
86340
35269
36612
33772
98272
8980
6498
11050
41008
40194
34229
73339
52733
26441
47164
53169
87317
26936
35042
85888
58214
83727
52403
61405
58734
53479
32458
67680
12144
54807
45022
6377
20080
4847
21735
27876
81033
44309
53365
17293
58358
97793
78508
45726
52843
28516
40145
60328
37779
64261
42233
75852
29827
79707
45425
37378
58392
79538
11831
91560
51833
4247
91733
48323
77715
76651
41804
40458
75367
58824
32733
90522
64582
93872
7829
95540
95748
71265
13233
14213
5371
14772
56012
72531
73572
36522
41381
71319
72762
93470
93459
46894
26065
89486
19798
81968
72711
2549
53269
92923
66753
96406
53822
91193
76106
72388
33483
41414
77394
22563
15763
20498
9306
74159
95782
59142
63315
35536
44697
4669
54631
39960
34062
45312
98906
55892
76892
71256
56549
38200
20531
81734
57374
14368
28027
70677
70987
71223
67330
33817
38161
79844
39885
21864
16629
88876
28742
51795
91310
33677
37760
39902
63736
1818
69152
75084
34474
24559
41092
97995
85909
54829
82409
95741
23918
60722
7518
56794
66352
49974
7600
81633
65844
7180
71198
60790
85650
43492
43236
59353
44204
6556
95497
99718
73708
7708
50813
45719
1846
77676
92441
86791
56370
57964
34675
275
31300
74234
3770
15086
36808
37766
38589
30258
27997
17076
44301
70556
65415
76147
5630
42847
59657
31473
3759
39191
3174
38727
369
70499
82300
63713
63317
9663
30569
3599
51440
2515
42927
31043
76706
58514
18690
91397
44016
78107
71772
40226
16333
23031
77573
6261
72566
95025
41419
45877
5663
97042
40295
75144
56140
33894
36303
34766
17832
45448
39853
20054
76943
1445
37357
79507
91725
76640
40019
30929
64451
80282
51598
35674
17131
26279
99771
51870
2248
5800
17199
71236
40992
97361
63365
12429
21775
34733
31449
39113
3844
99487
64866
92897
53704
52427
46532
85111
43796
96089
13748
70433
93526
834
47322
28435
70865
58416
66463
29905
16217
38941
3686
66081
84784
8744
78531
89081
54171
62739
54042
1592
35658
2245
86857
30989
60714
35386
58521
89623
35538
52311
12040
44389
96793
97901
36017
80717
83010
1746
85794
90328
90607
82403
8110
85958
13750
111
85458
34695
7115
50752
36156
55106
34051
84987
91878
59782
63408
76047
31135
43668
49942
6477
16160
2546
21120
39354
35232
14703
27581
10170
11042
17763
30751
65120
47356
32060
89448
75657
77113
35457
86487
46674
49823
82246
64367
14576
35943
28850
67175
8484
35139
68264
81664
22709
80035
85574
85469
60679
49173
52849
43050
18159
70336
57990
24252
33700
41819
68742
9983
84309
67596
9450
23641
3924
52017
2369
55357
57821
29601
28762
430
43270
53110
17889
22191
88180
29676
53818
31905
29533
80805
30137
70563
82431
47738
18102
52967
96973
1262
6382
64859
39755
58796
10362
10279
85338
94122
71023
75191
67617
20052
25302
46805
1173
83241
46756
71972
66449
61286
55003
95859
15524
40932
8428
35287
63648
71847
18015
81268
82699
60915
56558
98765
20958
87627
86056
88241
59612
23131
67832
38081
76984
38652
5117
10603
52167
56478
82424
18718
76716
33552
24238
61402
6076
89091
64040
92899
88626
71357
42526
71142
87236
84577
44795
36578
68727
28714
59856
6413
90562
66126
83360
23710
76885
15095
62758
93299
36466
35433
64254
34037
48677
26282
86399
20997
18321
4422
48389
27808
78367
4390
4516
97311
10785
79936
26169
36854
88490
9755
85019
19631
67648
91858
76392
19647
74453
16174
18259
68944
23731
41776
58649
8098
47277
53969
94649
98702
31755
12931
78719
4073
98543
95303
6330
30369
30776
14033
43584
66653
52465
32674
80950
79215
15964
70224
74223
80304
275
55186
50854
13571
28945
20205
91746
58495
30980
83566
26450
49242
85377
419
18162
52380
93967
21007
732
64457
95203
53586
20670
86040
11156
77868
37447
77232
85678
18107
68430
54025
1095
22862
15942
8014
55614
48402
27577
28626
84650
81712
96618
46854
88762
64169
4852
40400
45147
94370
77319
29946
37992
58863
22493
10133
1970
75063
65168
85796
37904
74156
85158
19157
89730
7768
64848
44741
19069
10359
67568
63156
81075
15046
64328
87661
67621
51763
42207
76951
11372
10396
70366
10781
1808
79082
78795
80232
6117
65719
86708
81446
31242
20680
4398
76891
20127
9675
43781
19069
33232
32580
69621
26261
60749
95396
23379
67417
42751
22000
40783
22011
76497
93260
25936
93530
5278
12773
19524
4822
4759
1759
78471
47365
49981
30509
45609
24113
49048
44344
19952
45918
31364
62238
16786
33512
80710
61530
56686
86341
92315
55298
52915
99355
65157
39341
85183
9012
19079
50410
61815
7613
64391
5251
6277
71777
14069
25309
98131
8701
31939
56435
86386
27103
7900
77337
38057
19080
81927
46746
70558
17616
83333
26574
40275
78174
42489
94363
10224
78159
69827
75053
3757
30071
26546
7856
3524
89888
62073
97257
92598
26708
40577
96549
72107
88659
57020
94928
17009
718
7746
22323
25205
80870
7019
5479
35550
1100
10787
64553
70935
57659
63051
52723
88899
36744
21011
84400
91014
60993
15428
87115
36125
96876
3069
87649
87423
47131
44803
25783
26431
81019
43374
60113
31054
19354
53544
74096
31245
16595
83546
60044
41620
23781
37463
80280
61670
27867
7782
24451
61388
67202
46811
63256
33182
1364
8239
35254
78980
61942
89223
31323
91260
1514
95171
79874
38741
87124
44884
70594
48247
5427
96824
30295
13658
45977
2144
87702
2572
10973
9258
7569
80798
8209
69311
71551
74128
93926
59609
26104
30577
93148
95993
3960
61207
55031
25873
62297
4784
13434
20622
49890
52242
95571
30776
5625
97439
95647
89796
80371
82909
93894
76280
26310
84972
8599
61462
71579
48900
13619
19269
85280
12140
22422
40199
76619
94041
4575
23105
24601
14084
71324
13975
98980
84067
72550
9589
81811
67210
67246
2923
10361
99360
59550
51334
98078
3586
148
99499
76628
86370
93036
45151
16443
66137
84033
44877
8714
32148
21416
29371
44464
1730
3138
15666
99662
42968
54787
12408
2053
97005
25573
97638
36382
74145
24551
3181
81477
25348
78370
22446
16031
91825
96536
18405
85237
80926
97593
65159
82923
38543
73983
38916
90780
72102
79030
55784
72369
61117
63777
3470
21863
48281
34356
95465
33779
50010
70957
97770
30770
61280
88712
37874
73489
20736
13101
96961
81838
44051
98450
71673
68553
98742
34710
61203
2305
31705
57628
1907
6979
13597
47858
64130
93874
97474
43835
99066
77042
10544
11504
59326
75566
18910
63951
7100
67874
35425
32615
34545
69909
16567
26538
53840
93472
93395
15584
55223
66027
56922
87926
83521
88727
36152
21655
46445
67959
33878
95577
27277
99173
94399
20747
84151
82576
75954
81887
33445
73207
45743
95166
86448
64785
37359
15702
21090
23756
97293
92911
17965
37183
97757
5713
12709
46209
61903
60055
47927
1682
2847
98175
78344
110
15093
79713
64340
49504
70992
6952
66732
40468
31098
57978
51230
43145
61222
41879
37495
20556
87683
37218
13507
77287
22786
13130
73822
30035
94159
81384
22513
85101
54373
47841
43165
83228
49161
33116
4171
2325
76851
1799
26084
45636
29660
59100
51975
98158
63996
18900
80010
23889
34891
99237
56161
21095
28484
55641
4526
8357
58956
2483
59102
98060
27561
95118
79441
60005
19442
15144
1442
37742
12987
93869
94392
91262
61027
8433
77010
15670
41153
97574
9020
76869
14003
46315
74596
83548
43473
84134
71579
32369
41540
98174
52739
3891
24862
99347
20547
44382
88674
74127
53174
36604
6100
40359
53828
31051
76014
32951
87771
4325
69133
6271
45367
16455
37726
9675
77779
45575
91826
83646
54209
79535
91916
99796
48977
70402
27123
6659
63926
86933
37337
94551
32687
31838
9208
47246
79700
54721
92354
20489
56247
84270
44678
74116
39561
56121
72068
89290
28201
28014
11025
29146
23629
92208
7720
76993
34245
21463
1952
98059
18479
56610
21298
29806
43750
99776
33293
87825
8568
97510
10927
4521
10625
48346
30139
42496
9467
57438
39838
84858
32737
74073
4622
10491
23539
19512
4405
36217
93146
72116
53776
74609
30928
35067
21482
58058
98965
72150
64720
22529
14101
54004
92213
68909
87603
12243
57456
45174
40953
1609
86642
60886
91032
82331
44077
87927
1529
40736
85993
39529
13985
1150
97343
49445
69115
25952
50390
4574
74205
82182
34892
28641
47499
32051
4196
86575
97662
61160
87868
14701
42744
67691
99780
47081
79181
21081
36785
46339
27531
65322
57090
21987
12279
9122
50623
90830
26306
66354
49404
71052
45227
87753
55388
22111
69254
44061
54507
71123
45577
64061
93903
48365
76714
93424
58562
97442
39499
40053
35882
2478
38158
8682
73114
75820
9960
95304
19131
64695
64545
71621
89004
15553
92151
6276
81257
64668
13194
30084
93692
75128
96745
66357
6588
5726
76195
90808
86176
36030
3497
66511
12561
58637
69605
54559
94174
15458
77923
93031
80981
65873
23286
39585
49259
49273
97184
22865
97848
24137
39515
8197
32318
51907
78021
1330
23797
96160
56952
89760
28851
5871
48044
82230
88776
30294
20019
30407
78832
45723
32368
82645
41647
82502
86515
34257
41915
70732
70449
23102
8106
49454
49683
91618
47880
71385
10077
17832
69009
46322
13126
58459
61658
77194
94092
46988
60073
41096
80778
93896
13050
49423
95053
94224
47774
23923
23919
14224
93584
5719
52194
67747
55753
94242
14121
12319
34117
1136
50861
67120
72656
71752
38999
96281
33083
7415
96471
61013
56981
54207
56028
12252
61764
29559
47141
92222
54892
89879
84062
1214
43122
93281
37613
10728
92612
9934
81903
20912
68641
96981
72264
8126
10689
66340
72199
68313
34646
66225
7352
36066
84975
71064
11144
80512
77625
74479
98276
53555
82270
15042
35728
82296
16385
33862
48808
91233
98074
64139
98760
22716
90964
87054
28291
79175
97662
67323
13719
54691
47535
67609
2608
45925
11407
76943
34879
93315
6671
85024
80175
1506
78928
82408
54375
83259
46036
22717
72456
42849
26089
54703
60207
13222
14257
25239
69894
44558
62020
75636
75667
86283
57163
18527
98298
69333
85379
96730
63276
74465
71195
75999
25695
88230
32865
66885
37301
49895
32551
20588
80654
5914
5336
8018
35145
65454
37067
74870
8093
97629
69555
40482
22717
19176
26430
91414
61069
62394
80441
9876
52690
45394
10548
23710
66558
41164
87410
41375
51657
15043
99260
13279
79851
82781
75547
87026
54433
96973
95583
49283
30760
94005
69639
14916
71333
95364
52258
10348
39130
3225
15223
10958
81172
72891
11946
33109
32295
57549
91979
74176
73039
44988
32491
67870
86122
28666
12382
35126
47736
53017
41752
17132
71059
96220
82988
16835
18659
23442
95302
78150
84835
10731
48985
98286
82475
42491
87023
28282
80879
96578
31116
75295
37312
37204
84396
66301
12453
70918
74146
47931
39781
89369
51391
57167
97999
55052
59602
87330
96938
22183
77888
71351
83059
54457
57732
78414
51934
35523
33257
18620
98909
45487
4148
7606
40894
2026
45823
31361
30390
4415
22319
59970
68184
40331
92468
90564
57201
780
47369
29244
83827
87141
18281
48988
13628
98720
3839
89583
80094
83290
7975
81036
1830
25706
6978
90840
32797
55806
5133
92485
3639
59219
12555
48143
27776
5794
24811
82993
76215
11113
84605
29597
67056
73248
61849
55000
12283
14474
10346
87696
7228
2592
53185
43474
43903
99341
60373
45799
19905
8228
26147
57155
5753
42965
24909
73332
54652
99004
14955
99813
26527
46652
22255
18007
51981
5770
22579
97112
78150
94657
6579
75563
20678
8486
29015
33855
11003
38521
13982
16333
27505
64930
40557
20143
85221
40809
32264
84972
43344
79026
34805
36515
65454
78141
72381
6665
45235
94594
36257
35265
79574
86876
91090
57801
33973
41879
80520
10747
90468
75052
272
43910
65659
74931
7233
85359
95159
52331
17951
11832
67123
42800
86405
69821
75078
92495
90623
33335
82787
89480
58723
75246
3931
53799
10773
55746
17409
13410
17172
19954
91
27521
76149
19891
91909
22557
51111
87401
41673
49869
7521
1563
92345
8826
71909
61610
80111
68721
20582
61080
56218
65384
62878
60252
30970
2847
82452
28
37575
39224
27886
81515
58626
45412
3051
94524
58430
64830
68003
13297
53724
87982
56123
79648
178
45949
59520
48508
19160
30221
56276
83895
24917
39726
85523
90838
54415
37801
68652
91875
98737
17534
62916
71307
13241
48929
50920
82263
87927
61561
12287
56490
51881
2084
63629
30399
46497
31009
49459
60697
95113
11488
47335
77265
7028
7598
17847
25270
79105
54057
63731
58573
44234
67044
38628
21277
7293
14536
52148
48728
10802
1795
27677
14182
41361
18731
7770
41836
5386
40639
11233
7152
17508
30014
57030
89923
71483
67534
21933
83409
74872
12416
60716
89272
41159
84702
42250
96304
42319
62738
83838
87774
88416
91947
62672
54788
92220
61702
17971
21129
5771
13387
84150
40644
28761
90722
97385
44897
53841
37137
15702
58966
60733
43304
86116
49502
2999
55770
44729
87503
52427
47420
95988
55005
71992
75693
43180
6502
44673
88990
66887
94574
8963
97591
46917
63045
98431
17348
82110
58895
82360
36138
81339
21264
65491
61937
7097
38147
64167
40888
29008
17752
44133
46490
7949
73174
56729
25868
20494
42190
57204
42224
21118
92970
74384
47451
80500
54492
87248
83629
37411
3458
53849
60470
45048
48090
83917
75049
45137
98946
33616
63344
19624
99160
73468
66017
54121
1998
3846
54750
17630
73216
52230
11694
88359
2395
797
34590
57959
5627
8984
55426
21586
83753
70069
88980
39672
60302
68239
13373
17394
36196
45018
92429
65806
35351
62965
60588
84888
94813
96545
6322
99871
14332
63120
57746
98934
21625
36934
68765
92951
50803
11050
60206
64759
50768
94282
57854
19127
63968
79456
64124
57931
59138
55817
77991
27463
13104
15050
91197
77587
93661
79317
94890
18730
19234
26052
73182
45802
15332
18227
58939
85097
4360
27450
51152
37268
1157
67167
39754
82124
8243
82990
40182
21142
94126
93763
13283
65251
60645
14100
84835
58203
30897
96177
80686
24247
13365
59103
75091
66482
68102
27431
98896
75295
61109
65916
98551
79154
64156
90513
8556
56618
95474
97737
32806
7438
75934
42252
47023
30471
39013
97540
13588
94831
41297
63145
26397
76836
92533
45499
26995
17673
23024
95759
68911
74679
45294
12253
76245
32809
81125
4551
42776
72187
55659
95642
53359
74989
80123
36784
95605
30227
47663
7446
15080
5434
35627
33543
63106
43490
61929
46018
72521
67569
23344
4470
54993
57167
24493
20452
17572
56617
54655
28832
19185
92463
87425
53395
71061
11577
78125
69397
69612
85063
80666
32318
91870
51393
59258
71201
99651
74545
18855
90264
31218
29373
80303
64114
97431
79399
86362
6006
3989
3435
73054
55642
54793
78003
37813
58318
47848
48167
78341
32173
34150
12690
43111
78145
94039
99673
60728
73105
54014
83943
63718
47598
97771
37404
98032
66281
49553
51353
82229
65561
36726
79583
78178
86646
81850
76304
41807
30609
27598
93023
75520
31196
63297
79289
54535
6347
17511
43867
14236
77926
31702
79132
67387
64665
80047
75459
25264
33853
11311
19363
97560
26956
86217
40304
74958
98431
88502
46168
33627
9338
37062
30093
29295
53993
95365
33481
56105
5756
53150
58374
82401
70183
29166
25278
78135
59176
62833
5986
55644
44289
96903
69402
33496
5600
46936
96803
89291
62053
15155
60567
39257
85030
74049
35759
23890
72613
94248
65762
92420
70657
20808
6007
62101
16612
5763
73721
90092
18874
94373
52100
6599
21515
87639
87290
59014
49551
83581
65963
47646
90836
37665
90957
27828
18044
69888
83414
74097
33241
35866
44417
92163
27893
82281
44349
63023
47298
94246
83996
920
73804
15144
84688
89459
61145
93894
80410
72184
40821
96048
56883
76069
24551
26515
67812
39065
65586
23304
71283
64779
30040
77531
90622
81529
31647
22010
32710
85067
12392
45292
69897
31661
21845
36851
38925
77469
8054
1795
71398
31410
60303
55280
43399
62329
87517
17355
96465
49598
87689
40259
22317
82143
17123
45673
91195
91285
43294
4067
39041
21967
96596
72238
36265
34639
75972
94050
48770
58124
89515
96014
16110
55066
6767
43583
69269
35099
4753
21460
56966
34303
84367
46181
31711
29444
51824
44203
86946
3741
60551
86580
74709
95539
29733
58427
94225
37846
14746
8206
45335
38319
18334
3178
85881
44193
10060
74016
8333
33673
30294
39991
88565
53468
95279
91359
95056
1727
72708
66535
75847
19489
16417
30416
70646
42997
2968
7154
84024
69491
56628
55640
29014
51960
12269
40119
2389
93199
17478
88432
40770
22481
73243
73835
94903
84682
14005
83821
82762
17130
58492
41189
80153
62303
22471
27245
591
7466
45560
97646
35825
81073
29564
46222
1183
5894
57651
94878
94897
12604
14157
32545
63562
52136
20471
23639
7168
63566
91148
91679
79479
97716
73596
1776
19017
99617
61888
81006
77291
65687
67171
97819
45
82323
41174
41633
19406
26485
6630
21292
67030
52113
68435
56040
29564
78688
25963
35064
76076
59381
69008
7570
64662
25678
19379
60243
8756
35610
61024
21887
49845
37501
62746
69525
41263
10266
36957
64150
50579
56356
32047
16980
93360
29999
13666
89296
6183
93507
5128
22157
48341
52219
4000
86825
10954
6843
53053
48013
38088
66415
73599
19447
71966
73126
55689
47689
69653
75210
2575
38538
64650
58070
32398
69623
22035
57435
79808
8523
94639
29731
47376
14948
88124
19720
64520
54278
15401
83303
32562
19829
77660
89628
38368
92458
89435
60988
12679
26087
20731
57076
7211
55458
85816
98320
16339
59322
50198
74143
20216
51332
32559
5196
35380
61406
11102
98598
58787
47836
1787
75066
40820
8883
41061
13688
11139
31147
95451
95993
97407
76701
18415
28642
43789
84171
23363
35079
23240
53184
89511
4205
42435
29406
66183
48266
54880
84831
65935
23737
81914
67293
53433
50155
10424
78755
87909
6943
26503
827
78773
91567
76209
16994
9635
33125
71960
78458
58167
2032
96453
93892
83045
56473
46633
91725
84646
31320
65441
81
2138
33827
15123
59950
83809
70634
715
78231
46012
38171
84953
90228
58292
49464
77206
67206
68135
35480
54838
5515
62849
53029
39720
56793
97383
50198
20039
45295
36706
3784
68169
38804
95484
98015
12813
80258
33011
18191
81577
26484
63927
14837
1081
30704
55191
12689
57880
96387
76297
88796
68935
90048
20991
22014
70781
95419
79664
54111
57330
81119
75803
46324
83835
83845
77513
15523
65697
78744
84708
13495
67048
88541
98847
48204
85430
66111
17249
68809
8250
70163
10366
10817
73571
67051
13605
53676
90895
7732
55051
5870
55456
90707
58699
12175
94961
2592
70144
62085
39313
60413
28873
95238
3462
94256
78753
34302
10351
60773
6267
30758
95329
46602
20189
67190
93651
18324
43964
19849
11656
34248
60690
89883
15756
40402
56687
71369
72127
38800
64404
70140
70070
72234
1856
53137
70709
36948
12715
22826
45558
57493
76486
687
3577
83758
21351
72608
31912
43189
31951
65225
60510
35329
23973
11281
11453
85638
93372
88259
9962
23686
48648
19413
40118
45006
85849
98231
10835
86728
4340
20476
13009
64248
50964
91228
70068
29514
15773
22979
48056
37932
82097
62213
8912
19929
36957
34482
75870
50372
248
69204
69911
37950
27105
58810
47432
48007
30702
29934
11051
28549
24232
19290
43683
44442
71221
50575
71157
47575
8828
46824
1597
79945
22155
95440
70819
94397
96876
86056
11416
5262
359
35437
4104
99954
65300
88186
58285
4094
18472
35160
19575
70892
6247
58901
4895
62814
22184
86187
30377
98526
98501
68036
61533
44460
62934
39703
50112
20400
73089
7497
69449
61679
44567
88857
30009
24445
64796
5828
63678
27062
40570
70714
70015
16016
3808
12593
27210
34937
76940
6587
72899
73591
76087
63739
78660
1537
9345
41718
58807
99996
5491
21064
90932
2782
20879
37020
45302
81948
70784
49462
63461
15060
92121
90057
21911
49413
46611
25101
83136
83005
96047
59700
11646
72143
57644
62115
98830
73321
82045
65917
69049
92811
62925
59669
26174
15
92957
41314
53961
59407
32504
82290
73573
49784
88402
65682
25903
33452
328
19540
5355
44711
6746
73237
70341
96414
25269
95963
66393
362
30153
69200
71596
63849
85310
56047
62014
82225
13679
60158
19857
56322
10987
53263
56783
19808
65559
23444
41875
12462
85783
88348
97630
56972
95271
47304
19296
26598
27351
1455
67405
62912
73833
82932
88820
28312
15465
4696
87939
4266
89287
90506
89018
24093
48693
61084
6221
25115
85354
23069
25982
410
76614
73126
14349
37329
92084
54287
10429
33710
10067
20949
19030
556
5999
89879
39438
38174
12714
15746
99653
51990
61964
74205
39926
17093
55809
61258
61426
83055
31229
45537
64345
14692
40584
4896
95703
39661
23274
77092
93296
67601
29639
71162
43701
76246
87991
77377
85607
8096
28503
79802
51749
77298
84281
2250
34234
96118
38814
53640
31552
33593
62957
69387
24168
16247
29687
56734
23367
30186
43976
4331
70188
70586
83529
2031
11437
24648
68474
30808
71915
94886
14775
93144
38535
84274
38974
31860
45348
41969
38190
53871
51599
11565
78576
72636
68718
73271
19864
31071
63903
24497
92487
79990
46785
72115
29595
29512
68943
10349
63583
92837
43312
27604
27706
99128
58670
23145
89735
89494
95095
83103
11420
14851
17573
35949
17483
63700
95570
76699
68010
33355
42619
82519
7093
80616
39330
65803
50134
79015
2578
17761
8309
77339
68846
20821
34699
89100
84669
33127
59221
35692
18360
64972
21330
44054
43001
68090
29805
19192
51964
21052
69406
95981
36515
34303
60253
43443
20886
59570
51156
87361
89149
85914
78425
53873
46116
27719
90592
59302
92135
43456
16942
51512
87010
15192
75452
92144
67493
66791
56676
79783
34828
92430
98804
59412
32486
16315
58234
41758
49467
82347
88756
54567
61540
1487
43315
84001
66964
73977
91138
17101
44738
2859
40129
39098
94572
92822
74651
8531
42549
24546
65109
20349
23148
35537
60011
62891
94137
58841
39282
46881
9882
69921
73941
63034
54889
29673
7317
53281
82096
69338
83429
72208
97100
45169
3898
24863
9132
31177
571
12542
64447
93873
17638
33900
68956
77188
64916
42957
49558
987
8971
90888
5997
83530
66290
36823
2967
4758
50939
73519
60495
72217
84651
71076
23499
16697
92319
2649
71005
90269
6541
72822
47170
21583
92777
92719
66125
44916
45172
47662
35809
37674
27052
92179
23886
72438
25730
13705
81540
37549
25245
6640
40248
47340
87621
41779
7838
52461
30455
34352
20941
68125
48637
63268
85209
21335
61837
83831
32801
80792
22209
26572
32311
62445
61928
68087
34816
3593
44853
8745
65457
426
94285
4408
24678
67665
12349
96133
6751
75350
90516
41874
85167
90797
30404
98272
34197
71722
2177
21963
37906
55948
22482
59826
5208
61142
75289
57983
43327
38308
31204
4668
94049
11397
54992
77903
49746
47921
67360
47685
6937
23306
1703
75993
80823
27717
94028
12069
53349
70912
78406
21045
65431
79441
87950
82763
34431
49477
42660
75887
73083
89531
52939
36920
16101
59271
94566
47414
14581
64117
51460
48269
47240
27441
92924
80107
50702
1896
14334
54711
90964
24092
44115
48417
71544
3847
39255
97661
40112
52362
99876
87656
10787
19877
44389
94784
1710
13997
35573
75141
39523
30119
13465
51699
80712
98290
75808
37800
48450
3809
26908
33299
15427
46451
17527
2418
35840
16123
34544
12763
13681
99307
79702
22944
88387
52147
84048
89325
96120
79255
65094
70072
50124
80863
35460
62028
42368
86236
82575
84767
59049
58141
53809
64390
82127
1135
24511
72149
38568
85980
64626
36114
9353
90626
33593
36474
14651
70170
78431
87829
72537
86857
21600
66363
41228
70334
7809
94302
14907
67462
91296
81363
10135
71166
24426
17492
99868
2586
35087
73619
67304
32446
33106
94856
75761
4854
33457
54668
39858
94566
17832
94227
84619
8284
92566
33145
66820
68425
97326
52910
18938
15845
17857
84441
57539
65625
55104
29134
58768
67247
9741
44875
87870
93449
8915
10303
26050
71348
23928
44749
20167
75535
57857
35203
62207
99015
99609
37554
5610
58828
59310
25982
89893
89526
10907
46185
17903
38340
4621
79582
84451
93150
86649
51583
20265
99543
22436
64151
69968
98559
4599
63622
60979
79134
59364
360
18991
18772
83424
17350
76839
1589
41886
32290
56130
29236
51971
23038
66972
51353
43697
79870
25388
33610
48691
51756
36661
11001
56430
76260
50655
41111
368
30620
26777
86541
74543
35840
92664
29260
70217
33356
88954
87674
3556
28432
48966
7216
62611
34991
97180
90041
73138
22366
52465
1494
26146
12287
79
73870
48506
80491
94622
46800
64262
76261
54362
20088
78837
64834
78758
22688
22908
77015
78809
72540
33229
15992
7800
80916
68247
57336
14103
53319
65153
38133
72743
4496
70651
7932
64525
51580
61000
90782
96516
27966
40856
5355
75582
97271
86049
93917
24654
58751
90935
46476
81885
14958
35134
90525
29769
19263
22443
14139
78418
68598
21639
75992
82488
5795
54733
66291
525
61036
45915
30272
28833
10337
542
43775
16926
47216
43115
43606
66609
28130
34126
86243
38371
24621
46728
71132
73396
3486
96135
17369
7270
59273
37703
53117
91474
55459
68905
45502
63044
53288
90398
75379
70575
59307
89534
85157
10034
88365
23299
92195
93363
83158
62082
60203
56437
75339
77455
72457
69295
9652
74864
96638
70988
92064
59268
51370
25200
76446
49503
18414
40107
34943
15436
8778
13175
69937
50978
27309
44609
40656
64757
33158
21417
63493
91708
73728
55853
75340
57213
67967
67994
60041
66357
5725
58229
18101
6313
59980
88025
53348
54369
16231
49268
32930
7486
62319
84881
51691
37572
19547
62074
41860
90351
12909
94445
84867
37423
61823
86739
72023
20002
49376
48041
95374
50908
77077
68909
10092
52543
41821
30574
87068
11063
89901
51734
60856
94382
27115
56653
57139
58750
71357
99259
72288
87944
53234
90293
77731
74466
51871
61423
42906
85289
47236
52924
76716
68737
97138
23710
27075
69633
43832
76923
68172
59380
82756
72730
99046
39021
4874
18130
53828
10740
66432
19377
46387
70829
46730
4257
85163
10984
26588
38932
25477
10219
74376
68440
35612
63088
14985
55747
35355
71428
96405
54873
20936
95017
17229
87437
78548
18544
18824
40644
16936
89364
42887
55171
21127
29510
1288
10085
83133
4369
81434
52642
69332
55638
48016
48874
86860
2683
81823
15964
60897
53314
84523
22640
7711
47465
53210
29
68174
49292
70398
67076
79583
25354
37990
47330
44124
14420
26491
63965
25204
22218
7671
78829
26632
87845
38551
64378
64172
154
77803
61914
45403
13027
10766
34371
20461
78674
26907
7447
71050
8647
71897
30096
61623
25921
40169
77047
68646
49592
36867
18700
40127
97236
6340
17249
67440
62417
9899
68240
23148
4560
34377
17847
65007
11881
52915
16707
74108
90955
32354
39811
42817
97273
12196
98937
3152
96052
35304
16961
25159
65026
37656
19430
91117
93440
72830
40660
64129
1484
20047
41730
36520
70715
88439
15737
66282
97180
82481
50842
34638
8243
34539
27838
86838
78682
76870
77774
29615
171
85630
36237
33073
7492
92153
1275
46629
24775
55952
31080
61969
90832
86299
86158
31103
38758
44322
3982
86564
11346
69298
77165
50231
8101
83275
20499
43978
85504
79977
96957
23322
38398
61885
36624
14496
48965
46714
97234
5044
46524
30964
98861
10456
53888
7145
33568
75528
53100
44045
64114
87240
80610
89038
33027
90016
18074
99349
91390
20171
46657
36690
57340
14559
39144
27941
69902
47505
69944
26356
27038
70526
87478
3838
14878
12012
84957
2380
84652
24220
62618
95268
97872
11963
95406
49546
77711
66830
28766
89541
97523
20331
45000
8662
12542
75921
68863
26376
94941
16508
25382
99222
40697
96798
17839
27076
66755
71044
609
22603
77251
72301
49674
76878
52302
54623
43719
96106
1039
17975
23330
52819
44408
17376
40118
33826
6754
99328
92713
97235
86996
61564
61674
24246
66127
7034
52763
15369
616
78016
15979
37902
83241
94193
93124
19995
7579
81814
86718
36190
32031
15078
33852
60934
74706
58381
46645
6180
92638
4935
57691
20288
65343
97581
29576
83985
67481
87926
21574
4684
76403
84944
88044
64475
66921
60567
2702
13328
9895
77501
20665
67822
19804
38239
33074
31050
60600
83818
30859
16347
5962
36746
88408
6182
98951
52175
11472
82795
66134
61528
56763
67556
76229
50304
54708
83037
26594
64174
57881
1504
16156
9343
27920
79059
91367
98788
27653
18290
49347
52214
66892
72149
88333
9763
53977
30567
17162
72286
36663
27203
63758
48978
73278
87880
27408
19760
73091
13221
95742
26008
37558
79801
46133
60197
52772
17338
18875
16859
26002
21504
14930
30524
79412
27539
20128
72422
32244
99406
56173
77
26650
54393
62654
43573
64596
1079
98650
48150
10872
57711
22403
88015
61547
43683
11264
96636
396
68946
13494
93864
23018
76105
16492
80442
43893
75663
11550
31726
4860
47539
63294
20034
39910
43286
10060
67301
85278
86804
65529
14050
30127
30854
48618
33387
89001
32327
17494
1228
91681
64765
66972
46499
9312
49995
19388
44433
88124
18997
87638
86232
13343
83940
56212
45012
4252
15440
75143
65970
93146
30437
38884
62794
57728
1204
86911
46272
97876
14100
81143
20568
94943
38280
89550
80286
49643
48961
25427
65665
68156
38347
31129
17065
47684
33756
45344
62415
38101
37497
19330
13561
57749
93903
67381
62189
67455
21328
43746
67717
51804
70444
48094
8604
56808
71020
48145
38031
98487
43055
88841
71591
10896
52972
78117
39020
32050
86781
97983
40004
39555
45023
49091
30664
39507
85531
15367
57672
4333
61610
59635
92187
11964
96194
23650
89815
24604
77339
91952
56602
93986
40061
43370
6659
53854
98912
34582
52586
9703
17379
67386
96559
14421
72960
43620
44705
37474
25610
8159
44324
61811
97462
43631
62439
79756
53805
67745
5990
55314
96947
47144
12806
37981
5329
89117
97882
92086
55476
77273
88406
12635
13651
66136
94243
37189
74896
58093
42991
7555
17855
39170
55634
24520
68505
308
28167
7912
12124
49355
65498
87930
7617
87958
11023
11113
73720
54762
14972
5530
97568
36307
77791
54582
6730
96080
14144
13846
35605
42887
1346
16636
29432
77818
88079
47517
99105
26757
78434
60973
79156
34371
72783
22665
21254
39594
49839
79070
11967
17447
14776
23139
90217
93678
67866
38824
69156
28150
88567
90157
9429
8667
22069
53444
42488
48914
66213
59345
74273
18884
27812
33336
71498
45347
10675
26784
62751
54008
28636
55984
65171
97158
22154
54222
79457
66390
90123
49633
67851
27969
88872
54516
5647
99885
20606
98206
87054
60239
34453
91260
48071
84762
73259
84877
27409
98669
54656
80424
91154
33414
43034
339
39545
19928
30014
19420
76184
99760
69918
65810
18418
66637
90590
15640
18125
65073
90101
55021
57505
21988
55381
1267
21223
37251
39783
39878
21153
24028
90571
14586
94772
37698
52725
91663
45500
80789
30901
43106
20416
81111
46403
71670
9262
65617
90812
83621
81811
86793
49946
34796
55312
85088
72575
40949
63916
43930
22384
38004
31116
4738
29279
13489
37502
90379
35969
59890
64042
87696
93805
10374
57466
37735
39414
40416
78266
84811
63339
92430
15252
52901
28667
24115
37083
83879
49556
66944
42708
13612
44866
94313
46051
41021
23172
64696
73898
57786
68567
33830
20467
78579
57781
94210
38221
1694
83215
21603
73861
90067
99090
62010
98298
77398
85436
32870
13756
15967
49551
49888
29782
79903
85070
69957
34220
99481
97597
21305
5391
6564
12617
77904
30749
4077
4917
75200
87060
30860
48797
58932
65301
38108
42471
52097
46305
67452
89086
93360
3205
84851
51162
77044
8533
99443
35935
6616
43964
32193
52063
82651
92519
50312
93166
31641
64605
96096
19209
14610
68659
91555
1962
76138
80428
96456
14065
73859
77934
99792
34161
58854
30932
87729
877
6338
39752
90507
1599
29288
11537
7118
67207
34529
82384
18491
52246
23025
93415
2580
78190
7034
26094
16267
47307
51313
31663
15817
590
67875
4488
97621
72586
3067
91793
38842
19017
53815
60968
71227
55015
82826
91643
6690
12714
82644
44225
86727
44124
15011
49877
39647
37324
30615
94779
1407
35640
78035
62698
36146
43723
79531
7653
89916
29390
7028
92007
95917
98467
11064
45578
32701
64469
56519
30646
88020
78481
38115
26243
16739
13837
55581
22365
63098
14314
91652
39767
58221
65572
7527
85945
10732
57071
5672
21783
5968
64310
78892
15784
68448
92270
61694
84209
45866
56362
33480
91135
2417
50067
78179
23553
29866
68731
91997
44342
64562
24188
4610
19379
40898
63929
932
85827
62634
68
22223
83130
65644
61378
59999
51721
19746
57271
61783
48609
54295
73965
84284
27445
45274
28594
44539
63434
10734
83533
78807
1648
51546
4276
26526
54810
95410
6671
52810
17634
14220
73163
42524
4350
39436
16360
11224
76898
89495
92360
85931
66213
7743
34915
68078
609
49615
45489
71984
5063
60517
1236
29480
2715
82424
52502
48525
63612
61922
63421
90345
91510
76142
50303
21895
71365
4057
12448
86476
8435
21703
29800
83359
26911
73787
38848
46536
40874
84718
43451
77409
70489
11032
90852
65442
22226
78799
52080
51601
19130
91191
28019
18819
89373
3683
92153
53279
47263
70806
24914
18050
29802
84507
97411
81903
31514
73173
45469
83209
53906
57887
96015
20988
71550
63438
74372
72051
14121
3414
94142
3562
84339
80687
64302
21690
52927
5966
77581
93649
50074
60707
45966
3591
41501
50999
94029
67386
25952
39783
59174
67084
55437
57666
92706
60472
74488
81327
27050
93223
35881
33366
22237
77500
23336
74549
6274
24491
12539
73006
27661
38377
79852
77929
40630
36100
96597
52255
72087
46087
37646
5176
40038
70789
7637
71782
87977
15698
79922
14770
13336
579
58725
82074
83483
70701
48312
68600
30292
88916
97619
81825
48212
64726
29171
47451
96486
90925
9964
30105
91529
73955
90570
78627
31002
18222
56965
98040
12995
26485
25702
78035
83662
95748
96822
16543
89847
90006
28299
51971
77410
31916
66196
54004
59964
38186
21544
51433
88584
44695
40272
71411
84164
39901
62557
70808
87317
36330
57495
16173
91971
94851
25445
85925
19117
15384
38466
64035
46374
67365
73912
357
46657
56779
62631
94598
65076
90094
13497
42078
7636
63867
22288
30129
9099
76811
2636
67131
1872
79661
54878
15084
72292
36177
64658
66072
72575
99102
51219
84502
17870
18502
89274
57589
51109
82984
90882
93588
83742
71590
99322
64934
36674
93637
40694
24507
73114
75462
40308
74814
79999
62234
22131
91999
99276
54949
55548
78570
17492
25544
16448
91694
69183
98381
85049
98040
19139
78735
23870
12681
67108
65486
99524
24852
67606
43577
84109
24254
8977
8463
3076
64834
83134
14059
86471
79790
76338
4613
31819
12201
98045
47712
73069
31071
64145
82799
13895
33744
68881
62100
39141
41133
9132
53403
38087
50839
53945
97570
72781
42299
27110
2618
95474
56550
65233
82237
18511
81567
10375
47443
1671
6878
5601
77211
48586
58812
85161
34154
60382
10311
3707
51505
78685
82584
51462
12053
83742
20337
27001
7396
53847
23273
29727
57676
53917
96509
8522
15894
11205
91468
77784
54726
30441
13523
92916
53678
52151
43104
1312
685
52406
67985
10812
92100
5154
45118
20132
72934
34567
18707
6471
20909
28847
14383
92366
37671
95594
22023
94872
32224
59208
83568
84657
48897
30746
56411
69689
25192
23915
97731
16072
34611
59828
61745
67722
39139
24224
12987
34750
69344
82725
36270
35017
12283
69741
29824
14889
83031
48672
78589
29650
10190
29217
624
20653
36689
57549
24781
18244
85410
43436
70095
68652
14758
2865
51324
93050
60892
25539
72807
19376
26972
40693
72973
10471
28302
51948
37090
64316
51743
45757
74338
27073
44883
95864
10958
20498
4414
10773
48435
28754
96616
56256
65906
34153
4393
41480
4244
51193
89166
70594
54082
46083
60191
23502
14512
77904
44994
1745
12424
23165
10192
57877
21409
8650
47038
31847
92018
8861
80336
3831
85634
66584
47647
70365
26121
29473
88305
79858
29794
79622
6464
14644
42398
38989
84827
23816
52022
4165
51691
58745
447
42168
95627
6140
28998
12916
48372
62699
39632
21741
99081
67665
5619
48165
52488
66411
40212
74569
26874
37841
42791
89557
55118
84850
91364
97570
36770
81407
22778
87252
61266
86285
79811
36546
47839
42951
29772
90038
66961
87911
3870
92706
71904
75950
96069
88055
65008
69536
45729
64512
17441
57121
7505
63271
5600
76096
79564
41465
20089
49653
12927
81023
21830
60794
37739
63580
65032
70482
63270
42517
86827
66779
78401
19865
16672
73091
93961
73853
35812
71071
54517
99553
96645
28567
72940
81998
93684
20057
77591
63509
54315
43079
27159
58066
37460
46075
96273
36445
18869
95419
23367
15441
38658
63839
21311
55775
74220
31102
97001
30570
9123
11200
29726
12317
99602
50228
86427
37977
52322
82096
40973
40958
41184
18374
44565
2546
45128
7865
51259
91020
35843
39224
2563
80502
11647
94991
25212
72760
10857
52982
60567
83676
96127
73811
69720
91309
60416
9986
89788
17255
7743
50588
83311
97250
18542
66004
56880
87982
43819
76871
1890
82918
84869
76880
13510
6068
34706
6120
2088
36170
10195
72339
33138
82592
27780
78943
83890
16436
227
19144
28964
68134
23151
12341
57566
66656
33884
62038
58614
36952
88329
99296
953
32077
97627
84578
33143
85784
99663
4150
66514
22786
6123
3280
37087
29433
20488
64598
34760
96035
94514
69203
63446
70831
60345
78443
6089
46861
56046
71787
13134
5327
29256
80751
85072
16136
85659
64783
21316
38959
98270
47083
33838
38729
51311
82461
80107
80706
64866
70612
90079
22705
1921
40199
68932
66924
7899
56994
32227
9642
34839
5938
81694
58179
40168
4663
33860
52146
86118
16445
49064
9299
56961
27818
16108
69523
65837
19351
87680
5790
97478
44581
81519
70402
59878
56350
80855
54678
81872
37122
30750
20963
54874
32032
73574
82233
92892
16201
80840
78590
83355
39403
39185
24921
45507
89614
32271
82443
79693
53166
68640
81251
37719
24119
95150
22136
33616
3478
13889
19415
72013
9753
93872
49668
20091
85122
23589
53736
83194
6021
27875
97993
17994
32969
44961
66882
38509
81669
30778
76047
37412
11011
30584
4916
95769
41683
30108
73322
6850
37375
16531
2626
89822
12261
91307
9136
8375
82296
98099
40998
65503
78572
83333
23762
92943
16439
84729
28938
18268
3726
90871
59968
17687
58029
61065
9507
28353
28691
7928
30517
57903
84378
24515
95965
28187
95990
98456
24875
26476
9322
17063
52205
93854
27742
2394
4270
76385
99867
74391
80701
68126
52517
33645
22577
94507
43892
53534
96654
88158
36606
19933
46735
37196
78093
72263
97024
93693
81935
69835
76540
73689
41183
98331
97073
95511
77160
19664
41389
26614
93709
96007
93365
75323
44456
56886
71546
32787
59559
89540
3180
56433
85540
14337
32377
81546
53626
84796
25230
98850
96583
23370
90193
62355
39111
61549
8141
96590
29260
27319
67931
48010
82659
22480
92269
46900
3278
3574
42868
91972
1403
99803
36326
6602
39097
81711
55216
31186
65848
17119
24478
36098
45931
48747
78646
63139
76898
55831
20406
34225
2280
79399
51444
88495
51128
79040
73646
21751
66240
94466
92159
80128
49338
2177
30190
72822
85138
27848
46687
20394
30980
54990
45030
98374
59951
95624
84939
13554
10887
1343
29380
46100
23600
77069
3464
28971
79838
88743
34363
65937
3797
20634
95081
58009
34760
68221
21713
78383
22102
35524
51271
71371
54386
39455
14482
83894
77043
16311
51094
91759
17879
97586
49174
48970
81536
828
53496
15676
50036
32158
763
9730
53922
91036
32946
4178
79647
88633
66272
93187
72144
91721
37488
26763
88022
90692
4028
90598
27367
53987
48150
34794
93153
58916
89816
25823
30107
25823
31870
5266
33787
84491
81797
96846
30203
68094
18429
27327
87264
57768
11534
38335
54648
89304
21161
75986
80975
80531
72572
22481
27337
15365
87409
1993
47433
34156
20731
69048
64957
23976
8615
29729
2869
90694
73597
85375
78771
64384
5703
67933
40023
44243
47217
80617
57286
36849
34235
71542
16178
10980
7916
66627
87999
2635
77907
75086
10891
99812
2024
84219
84354
86497
77596
57304
90374
73325
58651
64706
11244
65610
60745
83294
84702
11070
570
84236
51365
50640
81858
28697
75046
35159
51382
46161
27476
66237
97601
13419
9359
89645
89418
73188
4275
94902
91999
29957
53946
73202
33213
49322
96931
4150
51726
41827
99870
36910
42674
97344
96488
53430
85093
22875
6175
90088
60103
76653
29395
21006
22422
25309
74675
33976
38477
65006
49887
97276
99149
97416
99159
51522
36354
13275
35321
7449
59495
2697
69644
6658
43348
79715
32008
30632
63094
41637
14258
88225
37191
68716
80491
6419
72040
46807
66536
73261
49706
78578
83616
91242
29635
22676
3364
8158
33037
8872
3150
9663
48221
61549
45805
94207
72888
14574
80538
25805
32601
12968
9930
57263
14403
78133
64585
63411
33589
35812
67626
8847
15800
99190
98570
17802
17279
82336
34303
85275
21433
50113
12867
76966
15678
36154
76529
51347
84610
15320
94924
1974
65050
22965
31210
26779
21556
86155
35426
3105
87687
36258
94564
28957
10404
11966
88324
56053
87053
21334
14551
3004
98425
57545
70912
75216
56019
44819
55283
52533
28026
82594
37772
906
95984
17623
79818
13328
25178
61727
30090
92433
14656
85598
23170
39977
23997
9554
19865
71783
61557
87898
17386
85547
47526
43404
71775
11518
58956
67903
85527
56321
6831
91391
24275
77983
39347
70479
19175
80979
94728
26533
24102
2745
74012
44913
41786
98955
93532
70638
8970
66708
41830
447
93931
54306
10669
80536
94985
23675
29648
38386
65616
93187
13234
20829
56703
98145
4227
31934
68007
94407
39120
38665
26272
38424
47205
48730
92953
87015
38615
92905
96984
70575
59897
54399
70031
47528
92527
12697
83818
62657
31453
41741
36732
32312
49189
37584
12004
53205
64645
32674
11343
82173
62197
72497
98619
67559
54507
24913
42224
77698
89190
52167
46636
33643
14605
23416
19458
38653
25183
30236
34873
78831
38541
22052
24935
11171
36717
70371
21336
69497
99526
9284
73572
25299
78684
93509
67308
18772
21201
53456
69059
87777
64730
75547
70062
7356
32750
34799
40031
45165
84088
19871
88597
39710
71353
48970
47865
60427
70622
90295
78199
55619
95653
8491
91020
34378
75053
75573
68483
1289
64435
37429
99712
94302
94996
22235
54495
70073
90605
52517
94970
2787
66573
86826
36580
82486
93801
20851
76138
81940
21906
75140
28461
58833
18772
49186
37533
74204
95505
1619
87448
21643
77487
91226
79519
68676
21440
63703
82103
5158
82559
50295
75779
50397
40643
52594
7521
15329
97421
26495
86413
54316
85615
76264
49189
41901
66034
53793
83459
90835
56631
60664
23142
27162
75117
68519
24741
12440
72662
77528
89562
83577
91668
44985
92466
2122
7176
62727
1940
18714
9753
19719
54947
9138
7780
6924
15558
88129
58513
92620
15199
66829
35605
61403
83567
17324
53534
360
97925
81552
2558
50005
45840
29737
64148
52794
73454
98450
19933
62484
64252
57099
82132
12782
68284
69266
73227
9453
87094
12802
94470
76315
80625
604
2161
1037
1241
16008
87482
54046
29984
70634
14739
27108
23377
22685
9572
53776
99241
60459
14281
67708
81342
1457
91218
51881
98373
28176
54898
60255
81230
71386
31904
66270
60265
16467
72120
21903
15610
38788
13732
1181
26641
32417
7256
35763
1571
17330
28107
67832
46894
65123
4582
80848
2937
29978
89528
25296
16379
65855
38840
26449
7380
40424
88916
22059
1124
18560
1947
56097
53695
82554
20644
61542
34783
35507
73244
75350
29590
49389
24792
28774
83857
22518
16364
43053
63934
42767
32059
38538
58911
72751
69470
73806
28401
21574
6127
34557
6920
48177
31064
675
76327
96948
61036
63778
66973
10356
36267
95548
65903
78447
53039
29091
98734
52046
58650
31270
3023
27009
9537
22995
83022
87108
70581
7913
40916
58611
51325
70181
7962
26554
79606
3593
67664
36485
4950
45600
92760
89633
81260
68078
57153
28805
96246
7353
74236
67952
2310
57632
16243
76727
99792
16230
66524
70321
99721
23061
57337
88940
85893
7918
38998
12920
91431
30030
63717
20024
18480
81773
37376
93157
60312
20073
64402
73839
15038
38567
4592
50010
44198
7050
12454
18797
82743
17787
52994
70532
85913
21716
83108
78623
7629
86875
18297
55738
57236
19430
97775
33789
19294
82987
8961
63884
87560
92327
83273
47144
6022
10039
8954
73544
94748
56548
64914
55896
55491
1964
35236
36422
66254
17010
48196
71192
13462
44922
13717
20297
3080
13827
17285
51337
39759
19681
20995
16632
60066
12818
55650
16265
41879
68606
21919
18621
38482
31919
17615
27129
11044
69314
64584
3882
84895
61910
88937
51746
75718
61499
44359
24544
83006
66600
16607
30355
8572
52181
14840
96769
12837
77218
92457
72772
1998
60718
49335
41293
27083
91471
68231
23778
59612
83858
7106
34048
1166
3388
72701
20919
15467
9494
37958
43292
30066
43887
60533
37815
68109
89468
94234
95373
36402
66047
42540
36615
28722
13638
67152
76419
63314
7887
42133
12156
9385
67051
60081
82027
78940
31440
2797
4625
73359
51885
24629
13070
20134
35996
55422
27022
71452
61432
84021
9214
26305
10090
58941
82911
32639
51556
25423
3701
73209
1861
55235
86301
20391
87048
946
17204
70315
51103
94832
59176
87935
43069
99797
35674
57405
10143
66287
44716
49182
55085
81069
30971
63881
83162
72990
60158
76563
30035
6474
8973
55647
66452
33191
11904
18989
28841
49877
12264
27422
1792
7412
1640
62955
12861
93288
99281
65897
81392
24496
17738
78519
2552
90739
3702
76310
73957
80880
42947
25949
56200
28352
24956
60017
51173
10191
32584
87041
80215
52564
39836
72563
97727
67640
41245
22957
66819
15184
48744
80564
34581
33331
17495
81473
34828
84258
8892
44308
84675
44687
46325
38637
2131
44979
62676
24879
26172
55197
33568
22758
66474
34633
77509
34954
4253
83018
82814
56444
50856
16179
60440
12834
40462
79779
35465
94753
91305
34945
41191
65879
65055
44996
95287
71435
8408
63722
2055
51976
26376
33458
69921
45707
58145
94003
14738
50439
93177
28788
32116
8005
2435
15713
81355
800
70739
47443
76717
17245
24300
72643
83140
30382
85618
26185
72735
79814
98246
85314
85040
72197
14347
4705
99684
44519
41765
66348
36528
32627
40977
63879
94963
13154
17913
82921
67379
18721
20899
15197
80573
59137
21257
46677
28835
12119
8897
27426
50269
57074
89961
69625
94236
69095
1894
9337
40154
12886
19101
33030
19530
8203
71262
14801
86457
25466
20306
99541
73280
82459
12361
69416
82800
91312
16815
51498
94040
72313
38364
34456
91488
75618
54326
74265
49610
21394
91591
36856
72782
44562
17385
43184
90984
15133
22393
35213
15078
83396
52353
43153
44680
56573
51743
88755
12939
30110
13347
30019
53199
8096
36862
82136
74150
22963
70283
66896
52302
37103
63499
99912
16860
72632
87459
44339
80540
29810
37073
90394
30961
56091
65303
13551
37971
98421
56808
9010
10768
34980
58335
89324
81805
88781
71453
78288
69334
15981
14133
63856
98734
88401
21905
68980
57424
9958
56976
88108
95220
6179
48883
97907
81250
66636
64079
39418
66340
60958
55677
90965
96231
75692
99195
26000
17714
26632
98914
5336
53705
59457
64191
81494
44125
3201
87985
48749
86048
55301
99785
68236
41593
41042
10417
98076
13343
10685
30692
22505
79406
11969
86872
84694
27058
36049
40442
10978
99296
61499
14513
52138
13664
7915
71056
41609
18308
43578
98655
40365
56953
60386
93886
85211
81641
15841
12782
10409
85059
4000
20271
85474
50233
76959
86601
27886
34079
14011
36224
58914
53799
54213
76573
75471
9680
62953
70301
1381
39587
69195
33841
23859
68909
86287
47495
65979
90488
79742
10489
37930
64045
21022
75131
5110
20840
54796
67075
10050
3396
15179
24011
84083
96197
19132
64136
15333
99374
95606
63370
23249
88708
3867
64706
1294
48301
95090
57522
4530
50422
78357
47160
99118
69752
30968
1207
73985
57165
14717
82722
83426
8426
74748
80411
18882
71607
90428
44409
75738
30880
11920
79095
61659
70957
92315
58222
48343
46860
50870
1911
16876
85712
42760
6846
83622
90778
75501
87346
47358
89945
3151
84030
21885
40759
87454
11058
46710
13185
81216
92725
68813
86033
17164
45011
40458
88068
89723
83773
609
12843
75615
40350
68356
62216
25070
81811
94582
40589
57795
75057
96062
18846
56141
8178
81600
20811
87011
84759
22965
47821
38082
79334
46543
56442
92465
94839
27501
2914
40867
92027
71630
1156
27582
67245
23747
58944
54000
63451
75892
41146
74640
38169
58222
39344
8175
82757
7962
31053
15137
22486
42150
10304
1205
5711
12487
17102
62492
29381
96937
86496
59513
62847
68338
70494
19917
17741
71671
53233
81255
50212
47311
49438
68624
87172
12702
93928
50781
3864
27071
51697
31653
88532
19847
42470
35071
90168
69771
65475
23731
82854
26668
50647
94516
65535
6838
82872
69747
86994
68091
89509
34010
72297
59358
50420
99218
41600
61657
48518
57867
92444
39477
59866
2349
56407
4062
81596
76852
93207
27179
10997
3636
53928
56160
83899
61829
88045
17522
98988
5760
54641
91795
38997
55005
84135
45239
52757
46283
57983
37855
48203
43845
53223
31896
19218
59094
12541
21644
90009
3077
85343
23146
86770
52100
60112
81262
24916
54522
74878
19703
32909
58175
5066
68351
63202
74616
84330
29102
46024
27761
42227
3413
21427
48180
5415
47901
22496
56513
48919
53308
51230
68106
57694
9011
76399
39276
37193
9241
57754
19864
45428
32277
84423
790
54012
69859
13143
77904
76323
77312
40323
13357
37686
97255
21084
97117
94519
36031
28025
81890
6705
27370
16402
13924
35094
74055
74025
15243
57510
31598
89264
76109
67937
74569
15799
62474
96981
27061
61835
56300
22252
67547
55667
34291
91814
16087
2756
63786
73622
45235
92481
60792
68092
76599
30776
49321
83173
9665
65803
56301
10359
70920
30963
87505
82497
62325
17653
88902
84767
31500
46552
25124
47355
49984
72156
85538
32659
36072
92737
10109
98263
14138
28803
39747
44320
97284
72257
77082
5064
40458
17900
17866
1780
27585
28222
17643
35472
61121
8893
64549
15061
67355
33320
84290
98501
35019
89956
73314
60893
71906
74792
6729
66344
80832
88788
53264
19150
80535
69106
89846
32439
84499
87207
64505
9454
87087
31220
30515
86484
54625
44155
3173
4810
58349
2175
5333
3711
29295
76655
60294
66609
4893
49368
74984
49313
36217
47734
12272
13787
33898
70707
25583
97345
55486
93693
73878
32638
46442
98458
66494
89894
34006
47259
54095
69621
56301
81013
65929
94881
35476
75772
64649
75951
66552
30368
71191
68716
89654
46355
57916
53474
18504
58073
57861
72582
34823
65207
2760
87620
8898
25021
42872
22365
82852
69722
40542
51269
24282
72362
46368
62248
34820
57174
80717
88084
20755
53039
77959
61787
77200
8372
16750
28610
6320
68321
63497
77736
63251
30609
37711
81455
25821
33910
15397
93507
89388
73299
54613
15922
16585
58309
8917
10494
63318
59972
14302
36349
89677
75319
46216
19153
74090
57696
14065
69704
76987
43855
4925
70605
55841
41961
92975
13548
75529
14233
87891
7934
88616
15760
29809
88809
23545
21832
24603
22324
61083
12846
14742
67770
70960
8456
1620
19747
44271
31671
24828
41050
19188
29152
92026
24683
92193
55199
32894
81884
44531
53148
34553
49
47065
21754
89341
88955
53888
49788
56431
86666
64525
15589
99913
62081
69833
37871
17269
49494
29444
34584
95843
44661
15211
3730
21698
90362
8650
71901
7870
25920
58878
21402
53196
31121
11745
7217
54543
43498
45303
55482
8744
81851
20719
53245
58461
32299
30318
346
94284
15084
8341
65291
92510
51328
6205
50619
14150
62188
68283
33112
77059
28128
23204
12885
58717
68198
82573
53163
36370
18745
71050
2141
33149
64916
99851
28952
14650
9838
59209
19032
57225
96036
59931
22295
73132
65291
16333
10669
73704
2654
27784
70391
62382
83069
43920
48860
50398
11578
42472
86288
67471
8887
17195
95430
39870
4860
28007
40263
45627
45059
47421
29356
62243
61736
26171
96134
70698
94241
74098
51948
8733
75591
57215
93533
56883
50621
47937
64349
51344
98824
3289
68947
60616
57940
11887
97550
45119
79981
81997
80859
95
28059
71269
77337
77918
51175
91554
44199
38311
85370
46889
36468
838
63866
79916
44782
48794
7746
21339
3622
99202
21188
22037
51889
81883
83537
57866
15058
66558
27119
89274
52768
12281
93431
37562
45624
50918
80818
45639
80792
96940
74871
89795
79362
20735
89311
93230
42737
87983
5252
89802
87816
91050
74132
82113
1740
9675
16316
76573
52771
41504
79084
38763
23863
16364
10565
54003
94431
5395
14703
86692
53928
59500
63141
24382
85242
18256
45132
8135
67193
39117
43608
11026
68306
26945
40635
62342
47636
97629
38193
45835
25452
1371
77681
29562
7811
84284
35602
86308
98474
49556
41390
40418
58361
14424
16231
62765
16040
75909
86636
73832
69760
22841
60305
33527
49861
84293
93698
66991
62869
83912
94411
21038
12413
90243
20970
7839
96321
31595
52704
67074
89377
93695
88251
68103
58520
94820
60257
96217
94581
52475
40314
11192
57116
77131
89567
37492
49507
58683
55947
95569
87962
85791
43947
59369
99564
77217
70797
78506
60922
41068
51273
20322
37278
62498
27912
8744
34413
61905
37402
13831
76517
91112
96136
79878
73518
87219
85516
63636
2586
20232
30512
20629
98749
30711
31172
55100
19998
49707
458
47044
34539
83207
88797
4588
40436
53467
19436
31936
25753
95289
87803
62296
76297
23831
19354
1922
41795
69181
84615
88751
37216
80378
16418
57235
15254
87074
98781
58181
79602
73001
40965
20607
45232
46121
72788
81304
11438
82681
68273
66934
4746
43831
64861
52665
75042
30809
70935
7388
40036
97277
55877
16067
31383
64355
75934
82700
13985
14631
52472
70630
72321
84263
84936
40603
34411
16255
71616
14629
6764
60996
33102
92663
26874
59050
504
18615
75188
63634
2047
58905
76985
8357
19283
93015
69144
58906
42523
20017
37268
79310
90905
42488
62217
3371
72265
29914
14867
54301
43106
66594
40128
12185
57887
6422
29509
83347
98426
53759
83168
4602
83687
98388
27862
60623
26071
43482
48564
58752
93850
16172
34206
94697
23076
81420
12274
83772
26617
51039
97055
31290
55423
99264
28846
24374
692
40595
12754
37778
12920
20286
12657
23985
31103
70203
85911
38964
62984
28161
73261
34668
11580
33870
33213
90294
48359
47270
23424
22970
37064
15904
12091
85571
58073
56161
15502
66427
57222
66520
77071
63988
25187
99672
71195
91305
21879
56298
4379
48543
94797
31372
85106
172
45197
93133
47951
74437
6606
88914
15324
91929
83369
44076
54847
83623
475
72546
28662
55707
89853
41792
89416
96263
69772
2942
61807
11266
24578
27856
49937
16282
76124
20213
27323
75850
62119
61646
43511
8500
11554
81396
25746
72822
13854
36134
56345
40227
66715
95619
93288
21335
50286
82708
77258
90723
75554
34197
27010
40638
36272
94470
96115
90854
83771
68377
59866
8377
49350
44005
76849
2173
2854
7308
62487
66266
38707
49734
56600
82469
6985
93468
66363
33720
57656
48426
50064
70789
99330
41877
76079
66041
8788
88255
52327
21648
30216
78295
24859
58316
41005
76064
44928
88601
38118
36222
73359
8400
59371
64766
31768
20167
48302
99955
49557
87901
98735
91573
90221
81283
36050
83049
40371
44103
84763
20012
86740
21469
55210
72503
26580
83925
51412
42484
60874
17951
84378
22013
77055
64058
9829
43265
1910
21428
20661
97302
32511
49457
39642
28506
75153
83067
8716
31967
2228
40452
26966
39391
57313
53816
506
78233
43818
79604
37161
23965
30172
82874
9215
42766
27464
44359
7059
48330
78907
37921
55027
11407
63782
72470
16149
94808
15033
1006
37644
52670
36728
59480
23161
96107
6747
32323
27878
40601
59525
87373
69266
38247
30572
35276
14493
99306
80571
26085
39102
50189
54371
98223
83496
94723
77635
38951
33200
33208
47425
34983
17772
18892
85128
57936
96499
67967
8428
56532
90278
7690
8157
18896
40451
10272
59991
6412
29826
76063
49672
5377
82288
10636
31055
73618
37672
45355
8973
34852
11275
6036
4949
64008
51239
11335
5580
60605
38552
19308
24150
97393
50066
15097
98126
65478
55580
31620
53911
22503
64722
49078
13211
84245
81270
83201
88493
12372
34540
18486
92702
20660
19086
27822
12751
25630
74002
67277
1867
30922
16036
84429
40667
7165
30830
36811
8083
91111
44005
92918
66247
91992
34180
2619
29000
2665
34692
16757
88810
69959
87990
89872
15467
27389
54326
94790
93007
5069
11479
47286
38305
99089
24961
28305
90790
3080
32920
89451
69089
71139
48875
9263
81978
83527
56972
92153
18675
72664
5015
24028
74787
8442
90015
40659
35066
9600
13376
84603
99824
41157
49665
9849
84781
50222
93374
82374
54050
27037
41410
61139
41031
53089
77259
3588
21946
40840
99542
38137
52705
70706
93005
89035
38175
86428
89528
45650
75028
79267
72563
61262
63373
48845
56331
12701
11246
510
50440
96225
43277
64639
10213
44211
42142
45783
16005
25721
48235
89269
41185
5955
80378
70087
99608
91148
19290
35386
53146
86871
56850
99546
8703
22919
88634
20780
11807
98596
96580
367
1081
44009
97397
70591
39634
31089
82572
94533
28193
2879
65331
47433
42794
63496
50999
40557
76280
28657
26800
13583
515
88720
67218
7408
40382
54492
32359
64870
9279
1232
78793
90861
24184
42702
91501
88479
90395
7210
364
84406
42425
67147
90581
30132
67537
38374
2948
21761
13717
12479
26490
37560
70667
3987
99418
4701
5705
33781
5696
26616
80370
53008
6573
25158
97249
48287
24654
45857
58686
56993
9387
31554
38172
34353
6838
50976
50836
20742
6621
73115
31536
82892
38359
67766
71858
65659
32522
58755
52319
39329
97947
51415
87643
61230
20015
2260
78481
68306
35695
54637
25814
31081
4470
45407
82805
37240
16448
26648
99118
94204
72971
57938
6034
32949
18212
20428
37638
65783
53385
79910
61114
26574
30355
14657
47882
55695
1591
37391
84051
49911
4388
7555
31699
38480
87444
19116
89600
38816
96509
93691
21579
66933
13012
4226
31957
21398
84357
35416
94806
68047
76697
4293
82830
67443
91470
77209
74998
17394
19374
98577
64649
7328
82843
821
38646
93153
51725
29330
35730
49353
81606
48589
23224
70895
53918
55847
68979
13281
37911
60793
79624
53598
44713
59098
36987
44568
76077
30043
88784
17959
5155
73609
53944
79903
28975
40742
86044
91075
78442
71922
5877
59523
66177
45172
58199
97936
94774
96598
36524
47033
49593
41110
45112
43176
66610
79047
69154
50294
12006
6767
9641
71279
6317
13740
15023
43639
1284
43122
73641
48227
25
70160
43153
61740
69055
58829
39857
58682
20215
31227
70491
97374
91994
49856
9243
85655
91215
1142
60714
1212
96233
34060
46870
74848
62458
22470
55672
24928
45211
58887
13585
20149
70802
69225
70020
1008
68606
56578
29658
11089
21582
37401
15697
80036
36138
68651
61930
55625
57156
57440
42051
11983
69273
51384
62964
58499
72797
45245
26953
60415
38454
29779
36421
19238
89020
7644
74407
3113
25240
91146
21333
98633
63921
19444
51141
80617
3335
788
9560
74596
63055
27457
90105
19656
2875
90016
11672
43087
59487
33654
8416
20261
88143
67349
92725
22292
92394
24044
74216
12553
6124
42219
80030
67305
4951
28823
74698
23024
99783
61766
83710
31600
74467
84754
40959
14473
37632
87377
9616
1885
50074
72482
32739
53858
79019
12480
42410
91143
21386
49795
65635
98154
54039
42341
43833
70236
50868
21269
43454
5451
59468
23668
14406
22812
32558
8648
42990
50688
50913
77091
33555
32273
19241
37881
32430
45911
35913
47042
28959
61684
54043
18206
79804
83546
5289
4129
40082
6326
76863
72408
66400
85409
54972
22841
11967
70498
43058
76130
87275
81463
42068
82767
39682
12043
12150
614
19452
2359
59701
54661
12435
49719
41435
24887
5184
5615
42694
62011
14802
65217
29915
67426
24581
20379
63621
44686
10865
13766
14774
2865
60593
12529
63176
25840
53516
64874
61585
69911
53897
65944
57508
69290
54554
17339
74212
46096
74147
76116
13279
55578
13133
69127
28601
50135
98353
7885
42709
31190
80698
99971
65094
59966
21473
79108
38617
55028
40164
61278
59879
92065
34787
8125
54662
26793
45892
69736
19148
19553
24737
33649
47452
7375
85063
90674
60654
75504
11692
91220
52734
48949
22351
11650
49618
94502
88877
25922
14567
66844
82269
37628
7134
68543
91164
54416
49827
99893
63319
44931
90123
6509
40427
69281
60061
29246
72225
87042
56700
6739
29445
35078
68884
78575
92098
58052
87998
69879
38559
39333
78521
25348
34122
52293
19688
5994
84284
89012
69862
42484
11593
6046
18469
84178
43117
91300
36729
63075
44800
9210
83120
51145
80355
80780
33326
66414
9055
28004
42690
18156
64234
27681
42672
10503
79893
30285
14559
66220
28536
82409
8033
23915
49781
61424
37875
27565
48404
23269
50986
13254
71787
68013
49394
99045
28610
60652
18798
82803
19459
2319
59237
45817
8775
6900
81416
25993
72077
13111
22561
23324
37407
88650
16069
6531
64288
4906
37309
89047
91502
8061
41000
95479
80702
28692
29559
35682
23806
76130
95072
42809
20337
65440
97611
60083
55026
44486
72040
37162
85196
38737
85464
11160
53819
2732
73549
89812
32687
46272
26337
25048
92534
53796
17480
44820
89789
59767
87061
14248
49970
28770
97529
56208
12266
24122
6360
11822
95197
99295
41978
11321
28293
56355
81751
8073
67035
26226
3457
92779
75110
47480
66002
5225
81275
12508
23513
87469
91774
68322
49760
49616
36797
37942
94551
95865
74426
51886
16425
96507
49015
86573
33874
72175
28022
78857
54328
97021
89164
46666
70866
46797
96794
34450
94871
90194
13822
49943
39580
81590
4924
78381
50063
21116
98226
16522
38271
12786
25661
51702
37354
48954
93988
52804
9612
11619
43100
62695
8305
10850
58986
34666
75695
28153
163
52686
67259
96377
19106
69385
8785
34778
11944
64530
16528
95862
62226
50524
96748
74585
64746
16684
78125
67679
52090
88151
1244
56006
64747
21293
92400
71859
13274
13926
59796
37334
47740
17245
91314
49927
48603
83901
36939
41075
93496
74804
31108
93124
87017
37429
92117
39535
43599
70932
55094
48651
85571
89894
54550
3861
58360
48979
88796
93366
29528
94913
77891
30104
85186
17566
29152
3233
67909
50803
10191
6658
32483
45647
17510
4915
28453
16707
56978
96216
20393
83363
71754
10283
67054
24834
45840
19994
38865
46875
62464
66768
45049
45532
35938
21505
540
44810
73222
7131
99190
88693
41876
64543
71182
91189
71803
31000
38512
16504
78895
39186
55746
43104
13089
21802
13004
74145
4138
19220
50110
9715
4996
43179
22167
70980
79485
70609
47331
31507
3074
83871
61995
94440
93049
19011
739
14939
92232
32345
9128
10459
55378
26337
9838
84625
74865
85080
75833
66647
46135
24101
45116
22637
63334
41105
96935
59955
52590
54810
7951
68672
56522
66417
20766
72960
9064
98121
25457
54766
65166
31754
68198
49319
33261
68749
22315
47536
38909
51538
9748
30748
86494
9651
46592
53031
51890
43816
62271
14783
12775
54066
5171
34101
23344
49204
43783
70334
21849
16730
84689
80971
60918
89275
38812
24971
82324
58451
16279
2592
9514
66331
39113
80170
42756
19618
56217
64618
70252
13010
92030
55253
61826
42535
2560
26049
88788
35487
61232
65932
45071
77644
11240
26448
5599
99261
56303
59731
47481
59770
72444
13300
78154
37395
58360
30401
58591
90063
58816
21895
43344
37104
84161
58859
23566
36105
42261
98912
67431
25896
4440
60846
38000
46157
45793
58369
34612
38244
86707
98472
87168
98419
21111
38539
23239
86728
3302
45757
92300
89679
6627
91332
65695
42304
43871
3867
37454
88101
8185
99333
21980
5696
68421
80626
7215
85213
17869
15788
53769
73309
70983
58755
13872
85612
3927
60415
11938
45663
22811
94906
33361
62076
36596
25289
6474
98343
54747
50842
30723
5921
59150
81297
9268
87626
50489
9741
56654
79155
13765
84720
49480
96203
89960
43710
23317
90058
88252
92263
40791
22161
98950
37763
26304
21796
87357
21908
34843
35207
50531
53126
51034
31233
29118
38936
92224
39091
22158
81524
84649
55388
20697
43886
47677
42196
97751
22210
64208
98826
39892
24168
88448
21132
72166
74920
15987
9700
59416
98853
60349
10408
14485
95800
41044
8634
83335
75723
62170
23169
3774
80233
5804
65837
3241
59599
98090
91084
67821
59499
45214
41071
48796
17791
19464
16093
59357
5752
6101
8212
32546
36801
84896
43506
11922
15799
2424
20690
77166
93482
1875
67408
21136
74912
27473
28244
41626
3633
52038
42577
33392
30626
36490
47827
10721
30257
54478
90296
72743
28562
54008
54862
94258
43400
90731
52803
16704
70992
526
36347
71766
38954
77445
1349
26613
49304
15372
25389
81143
8608
8440
62740
3825
20955
50408
57309
87382
13498
76044
36084
735
85973
49885
97360
52507
87956
17230
94281
7951
90349
1782
73649
17712
54401
89698
22001
92063
59345
42821
16257
32030
87373
22499
58546
38616
23645
5205
22121
43323
8120
29602
78812
83210
86898
82762
32719
57889
70329
81080
55351
7827
87488
81036
27626
53217
29703
24628
73697
91733
66611
49446
21122
64422
14982
90552
25684
71922
16003
1541
61288
27734
51386
56534
41415
41570
82548
20595
20956
49721
63572
34215
49476
89554
88066
70877
50982
55553
28121
15702
77428
74943
98370
99231
14595
20987
76419
30724
63206
60567
64140
33057
46488
13060
538
79252
87478
46798
45123
92913
83421
90576
82484
75271
95851
85889
3673
61171
30319
67554
44909
2566
45333
47384
94955
81646
68609
39888
73210
95681
14404
46937
90440
68084
59186
89338
98394
20734
80379
73307
30885
44466
65506
32981
15876
60064
55211
77482
79984
97793
78881
51378
150
31536
4620
7875
36017
95696
25743
97891
30203
91348
95754
68405
81054
29160
24667
2531
21672
13311
91263
73488
41644
40346
80770
95271
58511
2324
8500
98680
92966
28347
49106
71697
57421
19538
89339
89924
52609
98740
39023
66793
37989
53971
86982
86245
11162
22905
80669
57347
72987
19171
73178
40678
74747
62206
14658
82270
6630
39304
7130
24774
57715
49820
82034
57447
98711
67400
64043
68641
2163
12945
81680
14753
88809
6902
27938
82237
63731
23276
2019
37663
40649
36917
82073
50498
98878
67292
46717
17607
97700
28112
12634
29027
42678
15117
66331
7320
76757
94175
217
83792
1435
772
73496
62625
47805
44793
37029
85441
3966
33770
96445
29759
10241
14001
65978
43790
98397
65949
3243
96171
43372
64442
28329
17869
63845
50868
3758
44781
65680
95093
83375
1685
40343
70781
98723
47281
38031
65734
8759
48245
5974
50112
65100
60040
6571
87020
5208
90709
52459
32094
63768
9727
91482
75117
11102
81005
18630
18724
78612
97153
71181
3329
899
48905
60370
84704
27186
59005
93023
55246
60065
22009
7057
59457
83969
48800
66935
76033
78822
38005
83469
38962
49079
65782
12296
62543
70815
68376
23192
605
89880
59473
27795
13818
15508
42885
38928
32832
82601
55759
30685
6128
54178
59881
86595
55786
65063
20181
36836
56451
64801
92362
83605
25226
97825
26469
74747
57223
72674
90120
26744
36704
33627
39745
3730
43146
10951
50018
81435
2026
70058
28064
62588
33152
11430
24194
57890
92512
89025
84720
37397
83439
29189
33272
53571
67540
57734
38061
25809
92153
65000
79053
28656
59001
93902
53470
96963
54229
14325
15869
17666
23177
35190
48924
34178
32822
69989
28066
40518
35436
84743
63461
25806
85551
48044
9426
1023
8497
49160
21361
26307
7867
57722
19004
13369
18178
91511
44560
2588
25950
71827
92172
14155
37467
3218
87114
50406
30915
84224
61112
55761
40245
75188
53126
12040
64965
32910
25780
15265
24951
36355
81476
94307
1452
81443
84465
72136
127
36022
17825
26057
4803
49792
37878
4920
79195
56627
40260
77290
15462
28943
2608
30483
6530
12979
7710
77849
14411
95444
21688
68534
46684
34035
98832
51158
90260
51918
28229
73476
78395
66944
59663
93122
73852
38882
9435
59359
84320
1626
88482
72295
94911
72223
50975
34244
76147
16849
38788
22478
90235
21087
74451
2806
65375
13080
21646
18296
3773
25133
71594
75371
77089
56703
58373
13866
16962
48511
81544
38640
23719
17225
76580
11253
24572
71515
30360
65209
54179
2185
29906
94669
26315
78948
82107
56011
65457
87105
93355
14667
47530
35625
64583
33398
56161
97740
6783
29806
86572
74147
44241
22206
23966
33884
13209
35523
37203
41226
65655
82720
26577
3154
17603
85925
53556
54544
95687
76005
13225
53919
94983
33028
80036
97025
84382
63593
33816
60286
80043
54373
94328
23617
2302
85490
78084
71719
73656
40005
4941
41
59363
82576
79192
28706
36262
21950
22628
64530
71203
304
90173
61972
58028
6806
8115
75037
26289
32182
84180
70421
31516
18207
11747
56982
57217
95458
81865
69031
48441
50382
25161
59959
45215
22359
48055
8270
53960
49633
63206
28211
65010
17298
30751
86935
61788
73064
87445
3897
47655
48008
25347
11104
24365
39232
91578
84130
88625
60614
97160
78106
16401
39352
26826
7673
32743
53969
82376
21249
53632
96905
47352
63363
32273
47368
5757
598
60863
8535
37940
41801
3802
29955
44937
19159
37859
33488
97995
66710
39564
1101
16771
19838
17977
33247
71335
60773
63487
75089
39386
82010
35006
652
63453
57827
19891
71151
32141
55922
90366
40258
71982
65011
1022
96369
72854
46057
82489
90519
58213
11943
76728
24751
9602
21738
64725
44475
94576
72582
71651
92689
74087
56926
69060
64363
10029
71555
72046
96940
75423
31666
54903
63116
65212
805
33188
51854
6072
23755
34396
89956
5895
19912
44866
87339
47018
80315
55176
54605
96266
62644
56690
74161
93176
17988
35915
87011
7489
53630
22401
87922
1577
8947
14518
1148
64025
24841
5988
23083
86230
85252
13666
50587
99399
19796
64201
37592
4600
50310
48592
12804
23505
17883
62746
30139
71776
19008
92214
61765
61789
80250
71113
93432
85252
66181
17312
13238
57710
66844
51187
16869
33891
22697
9078
68679
57223
94095
84632
54094
47486
13137
95371
78555
14108
81688
58024
33061
80307
6903
14321
57611
96750
48694
51835
63509
90574
75326
87327
36082
5430
30175
34179
13447
63785
78755
95873
63837
7293
91376
21210
52784
15407
76069
71762
26997
24202
54061
12382
37734
65272
5782
96167
89442
84773
68831
75047
62776
43428
69450
60421
42401
70147
63683
83583
61940
72165
89652
75613
47581
94457
4572
3325
33134
58648
88753
15945
80581
23687
83157
64789
41910
86342
15103
20191
49033
96338
90673
8397
58364
83871
56253
95944
9301
27214
66159
90327
31032
16980
34280
64872
55079
94589
20313
95449
9370
43984
82194
94682
31425
91999
83468
42502
94340
2288
8347
55553
29866
14213
75743
57507
36899
61241
64921
76326
34142
75040
31295
67703
4055
6284
41756
99422
14048
82076
8239
12863
56072
71721
33793
87183
80347
73528
5466
30113
73546
50297
76775
98229
18906
99185
44912
67610
87925
47984
96531
58937
56673
6883
15319
76342
63510
79016
29540
71009
80379
78475
28175
4447
85005
48550
160
69192
58246
45832
6468
66539
9697
61875
65255
90472
77325
53034
63872
73548
70280
17208
14315
12727
67895
85474
35221
15781
73129
89938
70517
2513
90813
44500
85250
9711
15680
24468
83897
14705
35558
73543
69885
2374
20885
92719
7214
56846
86441
81298
58555
9492
42695
31955
10071
39749
49690
8814
22899
63785
31891
30454
93950
64376
71625
23026
40403
69820
73180
39910
68543
15729
64656
73173
86168
86882
3609
65520
74204
69722
12723
92078
92030
9827
43879
73813
48557
43781
26107
81317
49098
14474
29410
50367
49157
8851
16362
15476
58647
38528
72586
63268
42630
75923
6647
27808
17947
38247
83239
73717
93399
11323
47703
13804
80375
71163
96314
57946
12900
97258
70735
81663
39352
82468
69101
67980
94219
11561
99985
76588
76789
40782
8589
82433
4970
23715
43645
48543
19779
52650
17134
18096
40487
45229
10095
97829
34723
53147
17763
78938
23152
65465
92617
32030
92227
49495
15186
3928
78727
83852
65298
26191
79053
74039
15483
87799
51307
36389
84424
43044
94530
32365
92983
86303
67092
75740
72258
77056
47798
55518
32668
268
1235
19875
91490
9419
29594
41946
49351
71816
84107
20964
33402
44928
65923
15578
81414
55
4077
98540
58730
22812
32167
64959
51963
11011
47650
6982
48616
15829
61697
97871
5212
35143
13321
83428
42676
82038
63388
37756
52371
42772
95917
25113
23556
6250
9156
57630
64152
27940
22101
43534
82062
27607
9001
85273
61332
47544
25619
45372
49693
58457
87912
68205
81745
63269
68585
41937
16171
51734
15514
36051
12648
87946
26353
24300
57816
87431
63613
47949
59604
62192
8751
43374
88381
40304
58988
65590
84664
62440
33642
93951
63081
50795
3179
64833
53887
91587
71499
1820
32306
70453
28109
90422
26629
45335
50011
20409
48732
71164
94904
41431
69950
92032
10010
74947
11305
48569
60604
1032
22133
86057
63700
53141
97865
63914
84063
82508
48079
65002
40080
40618
59167
39355
86396
66599
86659
30125
53251
7020
49584
80216
21313
39678
87642
65825
72380
48603
84948
59447
89638
53354
64578
46079
20511
78231
53492
98381
14968
68776
11797
90140
6443
36113
75494
37328
89885
4111
89226
99413
18215
15690
8330
56915
14695
92605
26695
97846
84733
40665
94337
71680
67398
23444
65648
75280
33597
91767
55737
71542
91058
86903
17015
29535
143
57655
17436
59756
448
20852
61696
46599
1636
90658
34396
92283
37843
12193
32485
70253
85052
77761
21176
14683
49628
22310
58463
46296
82842
65732
82176
50983
9872
9837
53698
22285
80261
63107
90953
64720
35465
61941
4438
63036
40582
9748
943
56712
56517
3148
7189
69695
46402
19756
63265
42163
55593
51041
36607
60550
23215
29293
97614
13330
35541
95799
58575
326
60044
30709
5146
24288
17951
44795
47088
35770
98480
35277
96544
9576
11935
77883
91909
99768
92620
42854
67351
50273
94956
59086
1850
93684
89768
90824
56794
43865
94470
26316
43038
40066
37950
93736
57884
59778
18586
6115
71435
54035
1873
29361
28020
54107
60206
8501
85307
30039
52892
36892
41154
31179
13343
32355
13265
41931
38023
52201
83978
18700
16256
33958
41730
46532
3036
94910
85100
87090
32766
15674
73963
28588
12754
53608
45801
50220
55707
97504
55147
60334
13904
91911
26353
58378
23604
96756
89081
83669
40241
77856
91739
27956
76188
82743
21737
60460
49153
81786
80607
94299
51288
40952
74578
33876
86175
22710
38201
2518
97511
68490
43197
68181
93312
52669
7632
45199
43695
91491
10791
13170
51439
91960
30791
24488
90097
29065
876
78972
91416
23590
81135
73076
45160
30009
61099
73837
3750
14972
38510
20459
44209
7118
15957
23793
60102
98441
89720
53273
80770
6484
84908
20979
48812
90124
22370
89673
72320
82381
26262
61039
69643
39086
65888
172
71875
59376
1870
36250
54134
30318
26436
64803
34669
43308
20087
24947
36873
56011
78805
17708
46518
41489
50480
27145
35778
68701
34346
2900
91898
13597
90510
8149
56965
97819
5758
67313
86740
87522
68914
35340
90642
61397
71418
66244
10628
30301
42377
37082
86253
33291
13730
1807
31835
48247
13811
66810
18832
25209
46102
43924
83509
40599
24458
1544
11954
91354
90537
76773
40762
57476
97463
46637
64234
10090
88809
5065
41687
55697
45163
50941
21199
37833
31562
53457
9723
96625
76382
54052
34118
39200
84971
15959
22843
98612
78376
98630
56291
68788
8185
4940
71605
14282
29315
17121
20590
51737
89822
56532
23655
60593
19813
70195
40608
92486
42638
57765
98256
92423
37582
51404
76509
29751
31175
26356
43641
55020
79858
26207
77839
99958
60917
57267
71176
38671
44748
4404
85632
11372
50095
24719
10487
40835
16450
55461
92253
94091
79836
26790
51590
83508
64279
92250
71064
22300
38019
11578
77196
16085
47021
79493
18657
95814
92195
31863
9679
90399
63619
76021
31115
96318
35200
29328
93446
38249
85116
72805
54848
14256
33130
73780
62981
31469
42854
43222
85236
97796
49386
88975
95524
53206
20882
27122
48637
43278
47095
47188
78868
55963
25897
70876
41581
9664
50650
5669
49052
47928
59462
48567
84960
25172
48246
94050
51424
44974
10054
15846
67068
92423
12874
92175
55423
46612
84562
20512
60504
85343
88748
60164
88263
6351
9484
66645
63930
59417
40987
18300
74625
44450
63447
95570
70325
40807
66609
56644
87956
9686
51585
35876
54540
48221
15140
8049
53191
33228
17818
14593
44843
50133
82939
3171
96486
36307
48050
82508
86557
98473
6358
27035
42137
36736
22080
63806
80500
70758
25335
94173
50244
93029
66082
23225
96607
45851
17413
39787
64400
95398
90081
59143
34647
35659
58748
42736
20559
69282
48352
20839
17000
56990
72984
57692
42149
48276
78448
16940
47729
92678
10501
5524
22747
78847
97921
37559
68847
70959
99606
45933
38019
22900
72312
31398
54994
32939
19076
88705
64698
33188
53545
10878
95558
94893
73556
67573
71933
3421
97213
11987
66762
52164
92795
59822
62135
12612
83433
61108
25834
98989
29893
2980
26792
97419
54217
34245
27544
72820
38892
16739
10656
26462
11404
81887
26076
8233
40116
60946
14996
66762
78987
56891
46904
24669
13001
22316
76934
97532
24508
4600
91846
31731
13059
89828
29698
19492
67726
55111
39120
99798
99154
16127
47086
65888
94467
98356
89970
21837
93404
99182
35425
58434
9300
86778
4204
48637
71876
42192
12884
10812
34948
30158
96406
36975
85428
30540
39553
64762
25747
22739
51367
91162
56448
93428
48886
19753
11817
50133
13158
12034
63725
14184
24810
964
52327
60261
47433
76749
89004
58597
86526
82802
32746
99522
4181
45147
77217
89584
45401
87700
83704
25195
39048
92609
49561
82038
69852
71367
91033
25302
30433
64718
10667
66273
46000
23759
42032
58887
11090
61573
95826
80004
84612
14719
45630
94480
62624
67239
36769
5600
4061
9803
56610
23541
92156
68440
81743
39482
22276
79840
51347
86855
65282
24822
50287
2415
36815
29152
24870
93565
30592
93305
67806
54522
63885
11424
62143
98912
5509
67717
10090
29128
32189
62420
54331
56030
36652
58629
10976
47987
69667
66534
98792
8401
27261
32563
69496
95401
18661
11592
33559
34650
80260
39970
52769
12994
30220
45412
71190
70145
31424
35125
25137
19193
33422
4587
39448
76680
38180
97527
60788
73341
1452
46325
35886
36171
64247
46891
97812
72275
37763
54314
24330
51052
29391
55345
25305
7974
76256
40308
40946
1830
89130
76528
96393
33327
19998
21919
29713
10853
49204
1195
53845
22181
83333
26381
67544
89052
30001
1587
89623
89104
8242
97036
47758
56959
95885
42345
8080
7575
42371
79770
79165
92686
31763
17852
44615
9847
57177
21982
32819
62119
97178
97788
34235
61963
57162
42243
71839
89269
68557
28132
82041
410
68520
46610
90585
9021
99073
86838
53191
35311
91191
25767
20269
15611
88342
47303
5562
41605
42687
36678
17621
44234
3040
3083
93120
89588
15249
31598
26183
41556
19354
91975
1914
42447
69474
51319
45345
79438
4767
55371
23895
78511
9776
94527
2323
67368
73903
79797
44647
13118
42401
56309
40324
21444
7904
5588
21858
14632
23486
39658
69702
13415
9768
41418
68270
90385
12805
65497
51117
58038
45250
31828
33808
76325
82610
13897
58295
37669
76705
49445
69876
24884
54903
18847
57665
58263
2800
22391
99871
20216
35066
61949
98820
35082
96391
26416
99666
25353
3902
11688
86565
21330
13886
37114
89732
7930
27405
25310
99665
51997
26458
8143
33525
70965
85912
38180
58040
28361
27012
46793
29058
83292
64920
13568
93329
64891
72405
56094
48638
15281
12930
68232
89910
40052
85923
59262
37259
17603
80317
60624
70060
59612
98087
68534
69685
5053
87520
1181
9241
42592
59805
79313
12619
55087
76729
31896
37365
53926
61515
86456
24467
89243
2557
84464
67861
25923
23313
52127
52850
80511
35961
47940
4982
69069
9837
33925
93787
86104
82596
4185
54201
54815
34193
14934
21115
51276
62255
31202
65482
2810
79577
39388
34286
14783
93701
99833
64148
31804
51306
98137
74962
13781
58404
23429
18250
58741
3528
12985
27816
75046
15440
31694
82321
80210
58448
19708
39238
52909
28146
66320
30059
10587
12244
28966
41043
51755
42394
76997
2263
64629
13757
58292
70280
47882
15611
42044
63972
85443
73402
97527
80009
82543
27159
16052
17251
9224
23669
4477
45365
80202
65642
84724
9015
19051
62048
37385
61361
53192
64367
14554
46850
4840
53386
2169
61297
17596
1611
93088
73632
77776
17588
1672
58127
4972
58735
88972
21940
74630
22664
23208
77615
69849
98279
69558
68265
74692
49493
79351
18348
34551
55451
82895
4437
89136
56209
62695
84956
85045
67220
19960
7666
53180
76813
49044
29672
69488
77814
87804
35844
21781
96359
21572
49450
46514
15858
49063
346
71990
60160
79432
44541
62929
53395
81252
87056
97419
41962
11458
59324
1241
44037
16334
76566
54417
61322
51994
13320
74005
80804
41080
29700
48372
51348
89931
41205
80279
17276
46146
73314
28461
17463
11072
16324
21076
43208
77429
74871
47669
53190
85755
716
2324
7022
39461
69699
1990
16048
64486
79659
7040
81559
19353
57232
51850
77657
45098
74365
21679
47786
73623
95684
50324
59046
45127
72486
98105
44849
63783
27547
72546
89377
5880
71002
31473
22680
23701
16241
34648
1385
46786
51031
88593
37992
94816
87811
2360
56355
84374
94714
32640
90872
46197
21366
11068
22263
78068
32918
40900
99096
30804
49811
53930
44167
73438
40666
49108
74413
53375
97847
21998
42674
47897
47854
97470
29246
46769
71829
23633
56505
97535
90131
23188
38691
27182
20937
16257
48748
2980
61907
55913
51695
19735
19467
88535
62407
54354
77748
9584
31907
1921
6917
21259
90678
52487
75135
26366
57097
98456
63712
36359
23587
65086
14647
29623
63979
68505
90740
62590
63986
59206
21682
27862
5672
17743
88455
76344
60392
60523
44287
93171
77475
8865
28547
22405
82173
18057
15428
49711
96805
94318
98672
10971
29390
17616
6706
3085
61027
56744
3222
96787
99325
12392
56964
27649
56580
52586
14134
61835
11233
34317
5963
93980
45594
45779
84406
53246
87523
67283
49266
63519
89433
65905
6690
97697
74780
74264
19077
35546
4045
67237
95086
20060
95433
21849
45750
57580
41669
62956
62206
91241
35202
53971
31467
33445
64672
85381
38280
78050
66705
90961
11942
46495
54510
85903
12653
10811
75324
19840
87033
88479
19388
42684
48894
24537
51792
66940
45417
95201
9335
53046
56745
68278
76614
28291
84781
7019
57896
11110
65957
31708
72461
19032
12058
78462
89436
27226
52401
45289
65315
30403
78049
7168
404
93964
1389
48294
955
53395
71490
32048
24354
92224
58322
57661
29266
12274
5153
87437
86223
7567
78307
21670
24514
59573
20847
71453
88161
66815
28756
60416
31110
52246
94901
50925
25800
79934
86066
21902
64532
28504
64026
39380
71625
33104
83980
98736
82884
35624
36112
76498
24472
61971
96979
91332
52241
57397
60103
87832
99424
9059
69254
798
54763
70933
26058
47280
94438
59359
4132
2888
48654
47322
35896
44546
99210
33253
73831
91574
47979
81502
88333
78947
48304
51563
51341
49052
12915
60669
30854
77460
51244
4812
44383
54245
97981
44489
29042
36467
79511
1083
8378
15
38436
44301
95852
97407
30718
24183
64822
59798
21160
82681
79754
14175
59730
54014
14087
27766
8537
65738
83074
25088
60626
23394
67624
32225
65714
32331
83674
17197
42310
36350
92334
33228
6798
60642
89622
59248
57988
47942
19139
31755
4513
4844
64505
59570
62428
44637
5734
52760
71197
51073
76598
94770
87975
8256
64968
45088
24075
28151
17730
16953
81386
54873
8998
44759
35949
18908
79998
86382
87428
47642
49206
46221
71525
73576
63831
43471
3673
90484
55562
65737
92520
81085
69077
9583
58733
88510
1645
97866
36309
79381
63551
67456
3157
50398
69941
68180
74833
51287
54349
74052
27781
60791
95789
2447
91523
3105
98961
96183
6485
27282
95301
15470
94986
73590
15101
61684
78643
8656
99628
30975
74772
63785
2696
86644
98122
16080
76773
30647
98493
64744
29714
43910
61510
67034
87317
41171
41891
86584
7055
64886
44200
85078
36391
55720
40637
78816
6831
33214
21034
513
73359
67726
53531
39304
42017
38422
65944
67198
94850
23242
51989
20975
30113
59833
54714
15559
59012
66866
50857
94021
6850
98990
16782
69631
41672
89279
74031
14180
50095
12970
79095
20294
52488
38510
41802
73429
96408
60726
32638
19165
88290
16781
88393
58772
32060
51771
20460
21606
16045
72957
52591
86230
83883
43348
36913
97448
98992
63268
11673
42965
97500
82716
23281
43589
38891
1290
13651
46592
88551
28970
33482
91432
76844
47761
26331
52927
64608
5819
80080
8400
88284
69516
84517
92685
30398
32370
49879
82707
4993
9466
51317
49132
34839
73155
84136
60526
84933
68427
10047
5341
98007
74333
80089
65112
14209
70735
71146
23592
94299
45056
27138
44731
65184
14730
85415
3571
55042
92332
4980
10606
42732
81785
75701
327
38411
84410
66514
59665
67663
61594
87257
68752
53395
10088
32419
30542
21340
80577
91087
59958
96913
69391
58261
60571
74023
21489
92874
15448
85648
5361
66404
52538
69849
25761
49482
3307
96485
11722
12567
82026
58294
73019
77933
99922
9993
48569
53243
3959
1553
7245
60435
84434
9906
94513
70438
17837
53318
78328
87073
65653
26712
32930
33510
26743
62576
20043
21994
23965
74871
69550
78094
90903
367
86648
24524
88711
41141
26898
27979
25872
24360
30384
49056
23942
49143
45050
40582
77258
94043
2334
38161
62415
57219
75023
6764
53104
92947
71788
40736
82516
95840
67528
27711
12159
63758
31381
2875
5449
67188
67922
8501
31374
42085
51411
61313
86727
94376
12555
74643
42871
19039
37514
32429
41425
50951
84492
29295
90572
98328
29498
57006
78820
77173
40766
26789
28010
9863
10011
11078
63704
35322
14485
33038
91775
79335
27276
91220
47962
94046
12902
12594
2946
57928
12184
19097
50018
6076
97652
84268
62222
57630
10397
75316
37219
39464
15196
35757
65090
78173
60127
61394
19141
77156
76071
82912
90169
49008
56197
75379
17330
84438
58928
34500
63520
93162
50570
1928
69495
72979
36884
5567
29599
3577
86262
81103
86849
92360
59149
336
84709
17767
21626
31371
5548
71595
55558
45568
91904
28272
56396
19549
89020
22232
90405
84728
333
4638
10751
76009
33798
41341
29258
41012
62722
53451
81413
37680
54970
41413
373
16907
18059
94381
29185
53774
93281
94505
45272
90885
16780
68998
43724
87446
7153
97443
69497
31794
66710
52608
92328
77063
50505
5468
19793
28112
93867
14994
96305
42553
57166
32200
87587
93532
90268
29813
18162
57376
14332
61464
47512
15406
60934
17895
88231
70576
74055
75514
56302
86649
9502
34197
97683
85058
44020
29290
58863
37084
22041
85896
77658
13097
8339
46136
75323
49011
19845
26465
85166
80126
60582
51887
86394
46883
89817
88854
83769
28324
44630
1169
36472
8734
53032
37889
4786
26407
84922
73027
30456
34942
4935
38454
39767
3296
16015
3402
53843
62270
32187
93214
33875
64767
10339
7513
37553
95624
91705
50734
85229
36779
98011
11685
35322
91404
29177
14474
86137
6608
44550
80133
5317
76900
99893
68884
85944
21740
14412
24404
84886
90267
10990
24866
43329
44492
52982
4146
96834
56379
30426
78816
99359
69701
92658
19593
61084
254
32538
70772
47060
85711
64223
98336
23327
55813
81943
87178
76949
62651
28606
40392
47662
90154
43570
87102
62763
34691
1894
48322
68361
77964
81799
76203
95073
93389
65768
61650
88424
74456
54662
63406
41861
77799
99949
34879
62291
92311
14035
59845
73476
65257
50063
3929
98239
94490
34365
33584
84914
91554
59923
82667
11254
57468
39903
38605
21131
74822
63917
26985
75350
43486
87177
57955
55845
61579
87508
42414
62594
18475
3949
78353
7987
16695
99271
18287
34927
82173
3069
50268
85971
75434
94267
45679
24439
27019
83328
65314
47262
99752
38848
2040
48558
3442
21620
56138
42873
1648
4753
46177
24434
62080
27869
64184
3559
18691
13098
49381
15482
86546
4052
22967
6761
90920
52614
86900
44175
80597
65599
16910
42367
60811
16969
42878
9120
23503
45390
56493
67697
22266
77309
74412
40341
71148
15139
64965
60099
93275
44992
61198
88384
63317
88785
42964
25826
2338
60938
41693
92165
42750
349
26231
60415
35785
77687
59720
93963
48924
16000
40021
52162
79613
36172
57902
18174
28334
38388
21022
34470
33140
10865
62819
25450
36963
2557
29867
64467
31703
11468
98653
13003
33443
67336
46002
51650
86580
67170
66343
99084
59030
63522
30932
66620
78407
9356
54097
63719
98516
37854
61401
4006
51782
64691
94543
96090
40664
68167
7677
92495
29707
64745
68737
91589
17125
92288
91346
95600
74009
14259
65699
6357
30712
72470
61561
19544
67974
66278
75202
24542
74065
46947
94113
74406
74243
36973
54872
60050
2705
94077
98530
45106
64665
80699
2652
92009
71320
27422
84981
662
50710
7969
90428
31559
82
73132
12326
39914
12595
84041
82210
34193
8553
4981
16762
10367
80538
401
41490
22246
80526
99787
5738
63227
24077
98917
96572
42822
32832
43559
39619
51987
66116
57969
19181
71088
52697
85091
99731
86106
1470
702
61513
91850
90196
75521
83811
21380
74787
96754
99638
11011
19565
77404
10062
40553
77211
96758
52365
79434
95654
74321
40129
55332
8665
59098
24869
10396
5016
39690
7154
29740
88673
37747
10876
88553
66945
9828
20626
53441
83413
74486
90975
20602
69709
45393
84540
43339
41508
14277
25595
73413
64206
65490
28386
61329
65931
72814
10354
66128
77181
60503
91907
49388
9479
41501
87575
28419
40081
41838
51676
39318
956
91626
15652
13572
10361
59066
45330
92595
63269
60864
16371
25976
62916
30543
98059
94866
8087
12537
80937
61335
4423
89770
60864
67732
56105
85894
72235
25376
12853
18045
59093
69635
63289
39685
10923
91067
93396
37699
92673
64734
97285
90560
36924
38277
74523
20218
19035
73255
87202
62895
9288
79952
8425
21595
84686
31795
43342
93401
3955
54775
51116
76339
6467
8836
257
99749
54250
37808
63053
53272
18169
61682
69207
57596
23291
29411
54989
47126
50827
52324
26152
61463
32989
2428
42402
5392
99689
41192
90144
14885
789
80778
74078
69148
83622
52896
35450
4936
73836
54739
80681
48219
66470
16426
57104
84457
3060
21134
83676
49889
66591
99974
14787
60202
74892
34579
13920
24258
28273
20816
96792
69030
20499
43647
85340
34940
3774
78365
94421
13924
74444
80953
54290
599
15242
4708
61907
44817
43063
15578
86492
13482
56832
38054
38466
18316
82214
60009
98499
47755
57462
14548
30204
15654
18993
45214
48356
5864
55682
50742
76002
33829
8583
29789
21489
89957
39615
86121
60173
37708
94882
44791
14339
39461
89414
18978
24891
19732
56063
23957
478
73475
3260
9889
19365
5354
66881
85173
50869
98799
13468
65985
26310
80960
49876
11369
88722
43055
70630
2544
58480
80302
87598
99477
158
92401
12722
92822
15394
84889
45242
88198
25616
47663
76321
86862
5107
60660
1646
90145
77769
76389
40335
61405
46683
72072
84876
25106
86573
15274
21204
89225
41773
1621
73288
6869
74907
28509
15182
30510
48507
16323
65777
15664
90835
36558
95877
77131
76489
12270
50857
79185
29649
6178
3646
3052
53798
67642
59921
83480
33695
4235
40733
79766
80139
92202
91899
31665
21571
79133
80277
60423
6388
54604
96157
50268
22666
16558
22328
91578
65158
54721
56579
29132
19234
86286
27096
94777
39862
91431
35866
92400
4075
54728
36029
23332
59826
50806
66131
51629
37016
677
63897
32912
34790
92477
57418
70684
11963
93192
34769
24389
81118
5762
37429
68631
87491
72138
52854
23936
36431
57450
69034
80675
7443
44705
4586
82926
29016
14061
41224
75459
9805
49785
85753
83458
69063
45597
75421
59374
44094
67193
61540
60024
43883
18446
82843
14615
93279
49188
55668
38082
91017
34460
64735
26078
53252
14580
97689
41689
11216
44112
32358
8350
11811
13306
51779
80892
9385
59762
40579
18694
87136
59075
1179
88286
29630
48909
67680
54580
96565
520
27147
4743
97798
4433
73463
13994
67448
43965
80900
39911
36512
914
80884
70583
63823
41471
54559
70286
45773
76120
28487
85338
12868
87488
67929
54651
54083
61140
92188
93347
39002
25835
74219
45837
14735
31319
56891
20233
70836
60453
33737
16956
78712
65245
68321
3673
8976
89593
5363
15315
62229
38098
71369
42886
96412
10814
12907
97295
11586
10515
94768
21324
64136
96755
25493
46048
25395
47860
39363
16352
12971
12160
35641
38476
91319
96414
93432
27246
14983
78893
50465
94909
18444
72651
7468
83962
12434
74617
3416
11278
44638
24919
55713
4528
47018
80628
10846
28410
77313
28948
1020
36177
74619
41504
25512
96474
40295
82387
96523
61169
60603
6984
18938
19529
68628
98006
56693
77143
28957
10971
38117
2037
74283
12433
16786
78354
49491
15288
15466
91931
35705
32440
54692
78838
60759
44923
89135
51426
69805
53565
99747
32138
12226
36217
43666
25093
76777
38468
13292
73237
68197
41430
92865
7206
8380
70932
40728
46840
29847
95368
63981
69912
40978
43675
6544
29916
36372
72560
91161
6135
88779
40630
25494
4057
89792
8652
33564
84451
37038
51265
97154
81311
16774
3211
8639
78713
97362
4447
10437
34979
66449
68177
12788
2119
75826
7343
32687
21259
33841
6225
26793
12003
90924
41982
82415
20700
8870
5333
19203
4505
22173
55451
9018
14952
68887
42107
38439
315
31575
49369
99539
3986
45982
86340
57797
10873
75862
9490
31152
90612
83906
64224
24898
50921
49419
68716
36139
31858
13417
89291
17958
6647
5981
49435
54493
10161
57998
30195
80767
92468
3190
50989
23808
44730
76881
55516
12496
80124
74613
59764
42828
68571
19648
85084
38382
1992
55495
36127
65536
84104
58253
12075
58630
51729
855
39367
15234
37143
55483
30849
64745
29967
20963
6294
93057
94251
3668
58328
48072
14698
98991
75203
20240
82928
48591
44837
41031
11362
15517
86436
67362
16271
25245
81186
31910
93919
66526
15033
74308
14790
5474
19368
4985
71831
12631
25138
37391
68305
53045
57239
28338
25152
3430
9816
4204
6983
29438
65387
73480
80804
47575
85366
40416
63804
58023
92555
67237
3966
65354
12710
78252
61984
8960
28135
22154
73588
70905
84386
17463
3050
96349
7520
36664
2042
72431
23900
30176
15707
2016
33770
18309
20976
94736
79955
34883
88852
68195
19234
20881
52231
98825
18104
41441
73609
65056
3410
76384
2666
30433
3587
83760
95689
1044
20401
41194
82325
60206
57829
1739
80264
29489
39944
38905
52484
91956
6266
54460
42562
64203
170
60296
54828
24374
80345
92259
47568
57618
59245
39782
15663
45114
26342
93522
81508
76592
31245
17199
17611
45126
58431
60077
75372
70290
44026
65065
7490
52350
82720
66540
50105
39446
3522
57250
3232
91857
2016
30658
73833
35808
37410
80274
54754
335
737
30568
56975
42376
57614
91063
24113
95771
18659
815
49706
43210
67280
22947
89597
54063
77238
49418
18070
5619
63511
53269
37772
91221
22162
56260
76315
76333
46318
57850
57757
30287
52099
33552
39063
39186
6182
82246
51116
57363
50170
38599
25763
42811
83105
12783
51467
11912
14019
83275
3986
93651
82460
22203
75427
42723
80766
7196
13354
37310
62495
53555
36467
31676
86647
99747
29746
59560
29954
50865
54310
84978
99619
2848
1947
52141
17788
79663
98566
54193
885
33398
90986
24239
57223
33992
65408
38591
2945
91114
38583
41376
91051
78331
18908
54686
67658
62644
72877
1654
91651
44961
48875
36083
34356
63691
28389
26751
55535
45665
21456
66449
63131
7911
31214
16749
23019
20532
72682
32454
9406
63100
88705
87637
4763
23283
21125
52840
35195
35713
97647
52914
89367
2009
50374
77610
60786
36737
6315
74838
47717
34767
89412
51631
23488
43830
18650
68503
50895
9566
96319
36407
72787
24414
4975
63307
73332
99215
52129
57315
15899
19161
93387
61447
72265
23594
37459
54016
5886
37581
87556
84182
4758
85237
13229
40451
46432
72472
28691
26953
52672
47923
27984
94640
79445
92258
48761
87952
81804
98134
61494
91348
89005
41592
84286
54714
96080
96867
7174
34499
37603
4163
23621
78057
90904
99446
70392
7079
21956
74637
63864
10048
15645
73408
11463
76369
44917
99770
14128
462
63640
3983
5778
56824
28923
31128
11492
50156
67796
67336
46079
13499
49940
28245
89121
22690
38034
38156
60885
65359
82839
95321
52917
32828
52305
73951
80424
46607
1022
65056
69523
60901
90031
96722
38718
94596
96673
30246
97139
61919
28946
58893
3084
43571
19585
89154
18716
64554
60497
15717
71787
9348
13672
25851
34550
56918
48299
38100
94463
64867
16360
77927
39495
79643
16469
11942
78277
94658
88335
16300
23444
5727
5371
67277
16691
95774
94931
14801
72368
77900
94261
14671
97710
49041
93101
39791
76940
46160
81730
19112
92114
82704
56770
37934
75056
24111
32013
69814
79015
79662
51897
66877
30987
1418
85905
38160
24590
63826
4627
99470
51627
31093
69672
43192
41324
7437
8430
86264
60689
43975
73091
27793
21947
92945
82876
18255
64077
73720
71941
25315
11577
60788
56872
82974
75391
28004
63817
71123
18193
56405
13794
79821
86815
70785
30621
90828
71708
64922
4692
96086
68652
45677
83896
9845
16413
64204
92076
32467
85023
42433
3582
71345
39707
48869
96359
91567
97853
56330
81237
32367
53999
52507
6618
74942
47149
41917
3057
30287
38016
22549
84507
85808
34052
65080
13478
91812
92887
96993
42851
65726
47058
31465
6919
15463
35717
2905
77810
62929
48571
68524
96652
46437
6071
58969
25934
49332
25205
94024
50921
45743
22617
50728
88806
15884
83083
740
1432
22168
5369
97586
18236
29616
55112
10
53890
40327
9339
80248
88843
4644
10282
24358
17834
72417
77617
39862
19113
75560
75645
32013
13475
14463
14691
12807
13225
82795
98663
55579
65785
47217
88921
32219
75010
33222
34079
35589
12755
7111
91870
90202
13147
59257
81213
85701
46911
5864
62033
52921
48065
83205
56149
35414
62738
77063
31491
91896
90069
72606
15186
18799
62063
24706
79452
5935
30093
42232
53166
9293
91473
82562
26993
59483
9668
88740
42283
4141
64655
34030
73204
34277
37601
36045
29109
62602
74736
66913
70970
9104
39495
34420
82090
66657
7197
95271
63940
22616
75412
28840
15588
7193
86351
84595
93632
31830
62458
36285
71980
41120
54175
72102
47623
68010
57060
26225
22861
98484
200
38141
23381
83560
26175
17208
63155
84995
48418
40561
15920
1984
45556
44125
21160
66871
78847
60362
58676
34790
91478
69596
76660
47039
91792
75285
67388
14897
28009
99988
8354
69723
28749
59252
27805
27111
78494
57346
79622
59294
92591
47393
94017
40960
37435
23327
8865
12517
64511
47455
60332
10659
59499
32864
36631
87624
64104
31887
11979
40156
16730
23344
54606
60023
1358
71195
49479
35330
45192
50508
15807
63804
39752
24690
26122
81304
88283
83502
11772
63838
13714
61113
52557
83401
430
53839
84350
83047
54786
86994
17336
32947
61660
3808
6553
37861
72891
49331
24759
2726
66791
89956
47133
91898
68568
44206
26246
76463
77362
77107
47396
63682
37454
90320
53550
32232
75770
55434
37358
78829
7207
35691
5547
84566
31406
61034
25107
63068
48230
29116
47134
23540
20389
48445
13063
93343
87128
55720
34572
62137
39239
5682
71213
79873
15922
91494
27742
57334
55132
43339
9201
52206
82185
89511
51596
90792
6429
40080
83563
49320
79541
55495
85130
79140
40528
21824
99595
70399
74544
12552
45397
26275
71825
60817
88539
19833
68002
36015
57150
61409
20406
64494
78509
84728
74461
15716
44901
74137
53578
35179
93129
36545
33265
22952
32895
67591
68811
3013
3723
43262
51763
7855
43208
24394
14652
4271
23717
70120
30597
49935
36217
74890
59478
57646
10640
64903
17292
10227
57811
55052
44982
75347
46749
2722
99595
19763
66808
82559
25311
67625
27560
65140
72073
59183
83221
69084
55956
11485
20857
69424
99103
94257
27175
90801
81000
67256
73449
11849
64351
19593
89950
46423
9025
22441
87208
77876
80106
92656
61059
94269
92325
94876
41938
11002
71038
83977
62530
55715
44280
5655
98338
60963
50944
57542
19680
98223
16650
98375
48049
35301
85760
49651
13195
16846
8516
25623
828
73473
19055
54004
13210
34206
86214
57028
3296
18308
59423
99372
12864
72925
49409
1945
18905
13917
56518
52663
72305
62724
75941
67454
21181
40427
57088
92745
8651
10027
32789
36657
21247
36558
74576
75777
99570
29403
77964
88414
9158
30651
37987
57506
8833
83917
80800
26640
61043
67415
81272
27531
28028
85859
95216
20255
11315
13080
16069
77921
27774
98261
18731
23388
5615
78524
6568
11742
50908
94893
52658
34331
10531
6229
34006
86638
3931
20675
397
39282
40258
77635
30833
28633
94110
70761
85203
44889
11425
60888
29319
70250
92865
75609
84861
96028
55378
99553
26243
3240
60073
7006
26451
54663
95337
28136
8515
29021
55250
76609
20545
7558
11478
81319
54373
5804
69683
41071
27977
41654
83226
3515
4439
85372
75933
51230
94294
85032
30384
3716
47849
11690
32302
35496
73936
42727
90983
78144
44416
78791
50007
44935
45874
42697
26575
77953
78663
59242
24237
38727
30602
31237
25845
8134
50257
28079
98674
38320
93853
48544
98974
41101
96523
33493
28979
52123
39740
28635
39047
27286
11651
22868
4066
66395
38284
57851
36277
35838
91112
47498
85495
812
85952
66667
76168
67556
97753
21357
81691
75824
31236
2850
52038
16743
36632
57226
30111
72076
27407
41129
11735
8627
3204
89908
48146
8141
32795
76454
35548
85889
84980
814
93863
15296
41023
13657
60511
26805
68108
90670
18509
64616
39952
22351
93904
50478
97517
32716
96952
24037
32988
93036
57102
21286
85722
70729
24448
9525
90704
20145
53864
43761
52111
68272
61387
28066
62591
17471
84030
18701
6541
56581
61449
16528
72802
8074
56795
77701
45300
20243
60511
3135
30266
18690
51028
21106
44355
54570
6513
25750
65576
72692
98147
49573
47719
83857
98741
85937
26743
45808
12386
17595
12697
73192
28340
42026
63457
228
18425
62375
36455
80621
24578
8969
52066
60197
68580
59515
6906
81039
87973
21820
17333
40863
88717
1401
57756
95945
5125
57874
68080
14143
27665
47821
63829
5210
74248
21111
6723
58775
11587
61990
39806
82911
46711
66483
74653
16356
40422
45967
49872
55797
2462
27268
6234
75310
47805
47097
23911
13081
25262
15887
120
75437
9659
62507
65401
18769
76408
3686
32795
18882
42811
24451
74951
30371
85852
15628
72222
65187
8014
6025
86885
13689
16450
25040
76471
19543
37384
39688
25875
79016
21121
83306
70730
32240
94085
24711
16464
67810
28353
15095
25527
92723
41988
83819
1306
59862
99510
39740
63350
74213
54122
83406
94589
81601
15862
18082
85392
864
22710
49655
11543
63053
19569
16011
30003
19046
68027
21384
7178
39880
27912
69954
62866
24601
61307
46043
7734
25672
12299
30639
50732
77851
93304
47127
25271
5028
44606
38822
10336
47670
62078
92621
55907
52455
81055
14433
92612
55331
85364
87347
54825
98847
60603
87365
69436
42041
85289
79431
42816
34086
38093
49284
99936
81516
6290
21866
35239
62867
11500
36032
62842
43596
57881
98372
45907
82772
70103
44038
85834
24773
35773
53903
43734
64981
28249
42348
89877
52030
3332
11537
80743
38685
3860
82435
37767
15264
25037
68074
20371
26753
97788
11344
83974
20558
69886
50893
22338
6786
98913
64823
23520
22588
79133
51457
35728
87075
83686
53219
36350
59400
3597
40324
88557
80752
71340
71920
41130
71134
72583
15012
63509
11932
98836
79035
99850
20441
78447
44852
24028
26720
155
78378
9511
85484
17368
87306
3803
35780
91967
98362
64893
33632
14761
32323
91522
88096
23383
1720
30383
23547
6920
81393
14763
72909
51985
40074
41818
68830
75660
89345
96521
46092
16760
22198
43180
21572
28242
40042
39874
84724
2923
29646
57034
55518
84343
46276
85340
82213
17928
46709
54004
69655
5811
58380
2783
68591
75073
80705
9621
88388
18451
52901
85655
65678
85836
84194
74770
56806
40171
90734
61839
75705
50234
63873
9261
49839
97381
64481
57242
70381
32851
41559
22183
48959
21518
62661
28465
70039
31519
45535
93036
8279
18917
41135
51417
69266
80046
18666
9236
15398
60999
80147
37279
63785
40477
39137
64204
1155
85403
9099
21110
2130
26662
25194
40086
65642
15
76028
67516
73803
18846
61524
93775
18520
94980
13361
58528
42287
49431
56893
96541
85220
62732
3237
66828
95505
95177
63343
88654
97777
69754
24391
38842
97040
75106
32053
69880
31336
82985
82739
12397
31050
4063
92583
1465
75677
53284
68512
33841
3985
6137
43994
59473
57525
39494
39353
56522
9791
69085
14743
65607
78552
16147
70477
29527
71557
37030
3731
59368
26116
17810
28683
47189
33063
87390
32633
17577
93422
95058
6257
29342
46605
57333
42054
92909
64486
49809
30419
24833
36775
59365
68214
86248
61635
42247
13965
72251
76597
89131
82144
91782
15012
13383
17444
41045
90918
35365
97421
24605
83549
44638
21984
9286
54542
94383
14919
51188
94412
76156
13477
3556
67276
38666
28868
11477
55615
25260
76331
87856
2464
84204
98764
45360
58917
7465
8766
25204
24312
42619
15413
62347
22961
64846
15022
90872
13565
29131
29033
97447
2409
12927
12852
92652
3849
66850
11788
56388
85903
77247
26448
18005
36612
36170
97925
26094
68366
41204
70728
55732
74233
94131
29149
67715
54117
51625
87214
35074
37370
89842
77570
88192
65120
41454
51985
49081
24048
50162
70036
3511
27404
79206
42606
90950
65304
59988
83331
27788
46692
45852
36852
98237
78933
88706
35132
82918
96484
18703
68988
30621
4771
58825
95042
30433
75035
31912
49590
22710
29949
53099
37335
98764
29029
631
78579
30643
21935
77669
51929
52585
67703
1175
92502
92476
85601
55469
68239
15542
60247
13239
37702
79080
41759
19796
12179
4333
66906
48296
22230
80056
73579
88615
97049
57563
96654
40198
3376
62432
36834
57914
87515
7949
41014
45204
18466
15942
97320
84124
80244
66897
10927
75711
29835
20305
90959
80050
43450
1406
55448
38393
97408
46115
20116
90365
96964
82506
26037
54126
63873
14920
88388
76090
79979
46171
50604
92257
45915
89520
23217
74487
10332
6367
37023
84790
77358
88049
49409
39609
43110
68533
14083
12688
10787
47796
46830
79671
82642
81166
70571
2599
7083
18997
20759
88729
50744
5188
27281
97450
41975
98753
75979
60730
68469
74558
34430
5963
36630
6835
4433
49202
92451
3786
84412
94187
49357
19832
16028
6169
32592
69926
42994
89904
10425
67676
33627
63126
45369
89721
84933
58351
46266
9539
83584
23574
39696
25651
65204
49273
99953
38709
17589
54262
31384
34345
69134
39373
47645
2630
30260
14909
20908
51549
90131
4398
28312
76817
3547
65743
74989
66302
29381
86399
27111
65746
36171
48732
27726
51639
97629
12472
24570
44191
86737
30843
8822
71232
57012
86667
42708
16349
99230
52630
11555
15507
81885
73953
41281
99512
93839
97310
11763
577
59491
80985
96392
13697
72704
69350
91586
84259
92114
93505
31286
12659
44466
4443
14003
71185
61238
64564
63943
40056
79791
82791
4579
44609
11378
7414
6589
56536
92922
31365
84247
2932
74214
3192
37477
41820
8138
28081
66963
51358
47959
82128
78965
23195
38063
86985
68419
48006
76411
52949
88124
88885
84537
88286
88413
1050
30078
10423
90049
42665
1261
16952
15959
88890
35788
71350
66476
67401
92010
63904
99372
84876
25933
39397
67631
12721
63140
84766
59159
72890
62279
20370
10549
3528
67122
42136
18619
4932
5905
60545
73458
32223
63529
37913
56388
13660
25948
62954
4687
15016
91631
12097
73295
62606
23400
60739
49722
96903
93842
21797
48276
25654
14660
66550
29380
53714
80459
91053
68406
1412
16655
81987
59469
49424
76485
7486
76050
59611
27589
6520
74467
48014
93998
18028
43790
87247
40204
8400
61150
25781
71708
56560
66691
1321
54270
20567
91454
22443
82000
55402
64001
82061
91136
15314
22685
6571
20012
497
38226
62312
29861
58719
25759
20097
43730
465
71858
86284
99783
87334
34525
69337
47905
71512
63542
61275
45924
29865
53254
6136
69324
89159
77588
48129
25325
1463
42294
74730
78265
40217
44009
76437
43016
93448
12620
69255
20780
856
83431
59389
39465
1702
18534
65124
68436
94220
24524
49079
77304
47143
66300
53725
29526
64623
98320
26553
42718
59349
81227
16884
17375
48511
96302
51345
92854
61925
17460
77622
32629
81783
77998
61002
11317
96964
8625
36387
5201
8573
48805
82440
58333
55897
1331
34888
9350
22902
14772
18715
121
1008
69715
83915
90289
63236
94504
70858
28358
4192
19833
63174
2854
47781
27231
51929
23994
60794
26507
17357
56507
66492
53284
89626
68485
30925
69525
81621
87479
97978
10915
59460
56821
69943
28992
24606
85130
30986
54734
47741
29084
57489
52839
84698
11200
76445
8798
90674
29289
16533
78676
61426
49816
32988
5383
34190
90940
34620
56141
60539
56132
58944
3212
56664
30652
62836
85994
22792
66904
77546
9438
75671
75212
87830
55286
98078
54329
896
39742
45890
37267
48872
59175
61516
78694
36083
548
64408
84527
81489
3427
14536
39244
66149
19034
20043
25762
61305
44177
75447
66703
21405
88340
35190
32938
50612
21335
7830
79475
21376
20331
63989
38294
7451
37
83175
77776
10512
4704
31269
40906
32152
14486
55500
1676
24779
8221
74020
90054
45853
75401
69143
8281
93381
94458
51097
76302
28106
80720
71442
27409
87200
1965
75900
56148
35573
423
11221
27081
35127
86556
177
44121
87713
68932
38391
55649
13902
3502
47392
88652
68752
74033
49436
22330
58869
62948
27239
70038
21931
40791
2657
91597
70976
70585
66395
85233
25955
39168
50648
39280
36105
86714
76325
55900
61808
22199
29033
1719
53107
52552
82812
83015
77386
85271
21006
31752
2363
56657
25185
75688
69850
32201
71606
70488
46198
24063
85259
78667
23696
47919
21610
53981
49222
48627
80743
35954
16494
21068
61075
49256
80250
4996
35498
63324
25850
61954
63875
2891
76430
48457
46266
81870
41892
32033
85850
58381
89537
7329
56481
78846
99124
82569
97708
11203
41430
56924
10291
77344
72776
87881
48895
71179
2077
22239
91654
39599
69044
96926
24141
91438
98620
56080
68031
55810
29402
46810
99304
62353
78184
94910
12637
21558
71697
20121
75327
85422
99468
3626
81282
75924
88911
33343
58701
68939
29677
7054
11472
63237
92552
27956
88763
5204
67487
84236
96605
19436
24994
58131
50213
21435
71773
95573
82637
38677
60347
43026
30602
7937
84886
51857
30666
78297
9561
62445
32419
17371
9294
58689
81367
81952
10463
17545
76900
16070
87128
75115
29966
55507
66719
73931
22234
53725
50471
802
68540
60272
71422
29411
46784
66658
10370
57012
29865
17079
45481
15074
41456
17890
25123
79759
71261
43624
29315
78176
72658
18811
18328
52923
71247
4882
9349
46572
72813
77350
86147
486
15324
36098
77346
20513
15684
33291
6909
17988
80449
30721
4306
82864
47214
34589
88529
28437
94114
83717
45723
94734
30306
98622
29771
17392
49289
15798
9830
72407
66016
80539
88421
64391
72687
62811
10867
62167
17933
89384
36550
50292
93740
65561
44131
50756
92505
26434
29959
80946
75590
56585
96233
84582
4831
18859
47597
82099
44667
71854
22924
40705
56078
79357
76966
26586
35847
37180
22514
37172
58854
95559
3017
52771
32974
50185
89019
61038
63546
88980
59837
18709
79825
37288
838
62612
11129
68130
58771
45770
66583
70760
40760
32718
22539
80912
86557
4678
49814
69879
93877
15118
22175
51089
71390
59835
80292
14407
87721
34006
35656
78383
41836
52307
232
70079
17033
73535
33479
65720
65680
64289
31052
45485
16737
40182
84641
37019
5551
39571
87677
5783
15075
32248
4113
7309
18366
68519
87640
53932
23954
84818
27285
92566
57977
38059
85186
79330
66278
68712
21695
26873
1511
27004
24143
21385
9986
22155
97031
92100
39845
653
77645
21103
43441
96048
8081
51177
43963
67290
95401
41635
35169
91518
30601
42097
38100
71185
61244
85206
91871
9724
7855
90835
82406
26049
77852
46233
9961
25400
1005
56267
19663
47213
16770
58436
98553
23186
86303
9099
19717
31352
19230
34062
96452
10274
81698
85516
5828
27105
69553
77608
37372
45144
33860
23900
63524
56251
55261
18339
84028
59488
19172
72142
43613
62205
60505
53220
64639
68550
96938
86206
63589
55666
46014
7393
84070
38096
12328
50116
70094
74462
76055
15047
78747
31006
22322
99469
40551
45198
83706
76416
66433
25811
69766
4899
48402
28821
95258
55603
1923
55380
49387
40011
38851
64836
37436
52463
99253
39261
57072
97786
58138
48774
96925
46207
449
88056
33011
19224
27026
42091
81306
24246
99635
91785
77207
86853
18886
44355
13939
31410
44053
11325
67663
38059
24759
6105
82290
35239
37523
57283
20707
56063
49029
61369
27266
81596
23606
79146
70190
50410
60002
77588
7934
24609
57459
95558
42180
51882
10832
678
65948
54367
93773
17707
31916
74394
66773
37616
3038
17556
75701
97753
77607
914
66646
14330
46290
98523
57882
95409
80270
49455
22720
29799
13134
48575
40361
30245
12253
50190
20285
80721
24644
86519
27508
96125
12967
19855
9463
4514
74861
70845
37864
76974
64859
19426
73385
11616
66219
37879
34078
40465
66197
39387
76752
57817
17449
78406
40554
25481
82198
64656
22286
69689
50244
19892
44523
73057
78426
20665
86603
61113
10061
75495
32043
45973
31424
63807
77800
46569
97593
12426
68587
8474
17170
86457
37767
37346
45284
74814
37616
97126
5377
23470
92531
27624
89735
93622
29082
81517
65996
57992
4486
24097
50585
67748
26560
6871
39230
99063
55896
21192
51543
20515
91945
56221
4152
86560
81942
84249
58724
79418
939
81746
24606
17000
10229
95539
16101
29249
22623
71214
87997
11331
24489
3718
86516
9677
56857
66888
90022
7372
83740
64551
52746
21735
88793
66893
70458
59640
28393
31743
22519
26347
65002
3318
92969
97897
58128
25720
93423
37786
34224
2608
21270
442
74895
82775
51847
13107
53808
27985
2568
98508
97567
22722
62473
22706
40417
19652
82431
17580
41971
59682
15345
63754
75727
7074
45322
63523
25476
86853
48545
51942
13382
50452
50934
76268
3410
80262
74717
88193
74616
64615
81258
54774
18326
46142
99439
54708
904
25016
22497
73376
87961
20605
26418
30533
65062
8887
78999
17194
39984
99242
64947
75494
79499
95945
97475
19013
52995
97603
56692
32203
36974
73926
79680
19762
99605
86745
88987
81988
18360
93597
71524
21747
59508
99433
89776
86364
97622
7603
8485
78374
47978
5078
49702
13954
73713
70317
80902
39994
82227
69476
45228
2422
21805
23499
89976
17635
99179
19901
25596
37599
19160
37642
33172
26001
77068
94716
60937
29382
42357
75294
22591
34180
32036
12194
72846
63152
63700
48587
87518
52149
57335
17206
72014
62660
91688
15646
2836
98308
42407
97008
80746
16581
11180
17918
4318
45132
91296
72332
13770
73144
8931
83007
26497
75606
4233
56398
61155
84863
29415
82432
93322
88234
88425
65512
53493
766
37300
79683
50237
62411
50906
10370
51194
94162
41890
57491
82506
45665
7306
62705
99170
69409
58909
74390
50028
74898
49270
97356
65281
35868
23563
46146
23524
95243
31978
15933
93728
10820
60915
83847
52892
53527
85816
58489
52096
92879
91923
9334
7633
8348
74429
36354
72143
62518
443
29837
12473
23684
61659
86247
21947
88817
55090
98238
69526
87216
81362
38996
61674
73848
83398
93455
96439
98608
61690
89444
7132
91083
81992
62461
44929
83669
4212
96146
88725
58114
39833
56984
13986
24137
88746
46321
44911
8285
11030
93184
51656
31013
20494
77894
91172
90322
23170
21700
41861
68924
72233
13034
4923
16007
19238
50414
98678
84489
92525
38928
59125
88858
56758
83427
61121
81554
31155
31859
79636
92731
54049
84259
67297
87522
55203
61453
1209
60644
38892
80462
4261
75257
40979
63191
52277
18169
73401
130
42351
63507
91428
32300
65441
85934
23128
977
84876
18858
21275
11638
61396
48258
77377
49835
6659
445
7513
66795
64874
21367
99730
15492
45688
5626
97351
97446
2516
57820
39574
89453
59888
11763
5452
24902
52481
56616
64703
8174
70689
5688
41577
23853
93474
33672
65198
72183
33878
3969
10701
39015
69969
9295
58799
90952
63034
93055
70199
52374
76378
19715
19539
78649
72768
53174
50931
75711
72766
33348
51846
14517
31578
72411
1502
94676
37208
49520
70761
6549
31731
46034
22262
67652
18671
35768
79481
28620
74160
6271
73229
84848
50197
95119
4295
17681
19995
35353
27570
40135
85726
74750
70540
76600
46066
62868
76493
57252
77928
98652
28622
59258
17590
82375
77078
71731
11412
67480
83882
73520
72389
95005
59462
47731
31307
52107
16669
34984
48366
68503
34368
40457
86790
25053
20503
33484
80741
24985
24779
70165
59598
52172
80719
19260
5047
42108
71539
70787
23628
68163
32488
51199
36720
38921
5057
2668
24039
82187
61456
79368
97355
61386
82017
8604
91048
83826
8713
60204
75535
74976
64874
18733
97069
39764
56731
16376
55804
11305
82937
93953
58009
15897
76764
50030
88243
73787
63261
2428
971
98858
91070
33565
6158
63077
67146
79267
17042
52958
69460
75295
14201
53032
43675
71884
84479
13033
41313
81061
97090
90945
83117
81741
25168
46278
13817
35848
73057
89492
55491
9605
8192
48227
24033
8551
69809
33369
97488
2678
77571
43046
97452
99771
16358
7960
73515
94141
2644
81420
19177
77309
70966
65241
34205
23482
58384
38783
35678
49353
84587
71906
10057
6028
68173
12891
69526
48957
96841
4357
60519
60646
40640
38833
49930
52256
14200
94719
18392
30435
83811
73205
88677
62257
46674
46275
95410
46825
3076
54842
40185
98379
19566
67195
12579
7544
94005
35035
6854
43790
99220
34636
4189
83482
57302
95053
46911
91167
9658
12747
28773
87741
41565
50995
93766
31043
76342
79185
75983
87118
73609
30784
21467
19252
5082
38841
43461
86255
5709
88234
67268
23392
2570
61534
36013
8298
72968
22276
40040
34308
10251
15567
25847
57647
68308
69456
93792
67212
57974
12561
28510
8998
67616
37488
33533
66223
60954
68112
83253
62176
16820
86335
12540
71829
94782
21500
15799
9760
79714
59348
54801
42971
72474
32085
25040
99512
20087
43460
40862
17218
53106
6308
50847
86637
4407
19360
57358
1265
51582
49920
45324
2405
25190
11549
21626
54312
86907
63087
55743
65420
61644
10802
87858
39562
79362
37836
41479
23309
21629
63707
82295
7356
487
15872
2880
62464
65590
65057
97633
90949
33004
9631
46033
39902
8026
43982
88290
5797
50270
32983
48320
12034
3998
14354
27459
84082
93211
83665
68261
97006
43498
14933
20664
42113
88178
71443
93887
66536
98866
64820
71393
79387
63518
65282
89156
87989
15337
36195
9615
61919
62410
3396
78409
1803
98457
19141
55710
29555
88665
43109
48210
26776
82872
67008
1061
9015
87678
49830
968
50601
36234
5707
34719
46315
99723
9578
95346
6495
66770
26653
29830
57076
64426
51952
73563
9957
13647
73809
76184
64019
18087
34677
80047
7914
70722
26565
54860
71739
6339
14454
94011
66627
24788
5533
87106
31407
62061
17336
45865
27878
8991
88424
30119
89556
79032
38118
77802
98419
58592
73565
94268
63294
98549
70398
62658
35886
82306
53171
67048
62310
86922
34419
5717
77482
73278
96224
42389
86220
3237
58216
60922
67452
42574
29885
25673
39132
43332
21365
11703
61698
2188
75351
76523
55438
43878
17375
7784
91163
50362
79501
18989
33907
91563
67669
5220
34837
10994
92513
80800
67040
12953
57250
71914
69337
49317
95385
12056
98270
63022
12474
73841
20231
64838
52366
51313
55352
14702
75343
16367
34579
47632
30767
65712
65405
61311
24674
92943
93546
95275
9562
62178
87990
39450
82069
77328
50827
61803
46448
83341
28627
11973
52994
57646
11103
76409
79312
85763
76614
88491
62853
95635
1699
7047
96933
91898
54100
44809
20259
39713
41282
88693
60980
10433
59784
86334
798
29378
23617
86136
89332
39066
15813
10876
8964
68076
72100
86378
57375
3634
89628
39917
63611
53405
40194
80962
66950
32573
53077
53788
8850
15536
3300
81881
42543
3208
35349
38301
95157
42550
93505
94914
58081
27429
40129
188
10130
84310
71642
37643
64955
58200
27475
338
28798
2009
56114
74630
24212
92052
32219
84296
64695
11115
95884
47169
43984
61979
36128
28784
21837
91462
32815
96101
28156
15912
97224
20238
45423
21738
86971
74530
39145
53332
24638
34534
36406
40691
45863
25861
81755
93863
18538
65143
4654
43387
62262
72892
79290
94446
3397
62702
81237
76804
45039
10304
95186
60455
86456
61467
80279
74857
37062
39095
13323
99708
77922
51860
75533
93723
64087
67886
91832
32264
87833
82470
22340
14458
88217
997
66694
85650
1982
50134
84607
48879
44636
27076
34126
94439
44891
80576
96589
28421
10459
96078
58231
57919
56981
68782
32791
75141
426
31324
65657
95346
36766
52763
98084
93043
93523
48282
49852
32782
92907
17634
98192
1373
54611
81503
40307
89939
50591
44528
71615
94953
52999
31373
55398
70205
83605
37396
32825
6060
86699
7072
27562
53352
68017
8541
13326
50411
58884
29630
41541
41502
35491
32755
8714
15196
28836
89931
44282
41574
64912
56696
76865
68669
36270
98857
29172
69778
93233
2310
18046
52592
18266
11833
89326
47022
64646
20733
7902
23088
97095
57867
72623
63013
18779
8415
83409
50282
33531
16363
92911
22230
23856
42893
89797
41956
37942
80060
8148
55688
18037
65562
22692
2163
85027
65688
41559
70463
95097
51453
86047
98445
97867
93557
62653
91578
94492
85624
39681
38311
88011
94524
27488
6711
99452
2037
68026
33901
8361
34752
42639
56461
98892
33223
73970
29610
8830
32131
80513
64234
58934
13378
77207
63534
97844
43527
6581
69122
10491
38486
16557
24975
40601
92559
28438
45939
11629
10276
90323
34856
86518
51936
80487
33098
99815
16331
39332
87764
80209
23612
92195
94415
95006
88404
38698
4894
88402
36291
56307
12866
4656
47027
36876
22669
30583
12612
60488
58908
84864
10938
3587
66946
41112
19668
39187
47585
85005
69620
20099
96190
74064
22892
74312
27758
65668
60351
80878
24133
52794
57137
99746
62923
98972
88126
30663
55899
72297
50251
5888
47790
83533
40045
81537
18241
41269
48839
37510
45323
4116
33662
33383
63010
73273
25369
5122
53814
10945
97214
32683
38910
33155
88492
65767
40108
36501
97771
41475
25569
47010
73949
41415
36258
56116
31335
31086
50317
77540
42889
53068
57960
8802
30451
93502
66657
46244
23210
37127
16622
90264
11382
62359
93141
63165
71020
5015
68262
17582
7097
43946
88243
42615
8715
81143
7241
37498
63132
64219
41561
92366
23403
94171
10371
12022
86942
61323
12957
62400
75771
81721
36180
45254
94084
81137
41038
78704
56954
59221
60936
77525
77404
36850
84405
80194
72039
6737
10555
97026
64649
64451
23890
56582
97593
41546
30235
41646
41153
31854
86452
22149
66969
66419
68379
99767
71063
36408
44269
15677
14950
62589
38670
33462
59385
15919
96112
78754
14095
69836
15734
31158
34513
62461
95176
95127
62890
83322
79580
5025
33564
50506
94321
3031
1707
40746
29847
51676
85885
88096
8004
63211
24465
20622
51022
55326
44855
93628
69590
97943
2831
64488
94123
44767
90051
5114
29407
64957
28895
60584
39714
85342
37213
84758
68043
12433
78046
70635
28715
86989
35736
63585
22432
66524
9772
50163
49218
44051
91898
36595
39017
98854
64780
54179
32324
85130
86987
30163
4061
6227
8960
5696
36362
47093
6779
88871
82463
72036
60542
51073
83167
13853
56783
35174
36544
79082
63967
99029
18930
35125
37869
29480
3103
91358
86001
86847
56788
26630
42589
72497
92716
65296
42080
64507
77749
89655
63918
80874
5405
80418
18001
87269
59546
28144
26058
76191
79691
74489
35261
42806
8396
70700
77257
21114
34654
27114
40511
64117
25003
7263
88064
41722
52963
64216
75303
97301
92448
38824
61560
30622
17580
66874
99303
4204
25783
41112
65345
44496
51633
2137
59666
87235
32347
14993
19681
86650
35730
84011
62216
37287
64563
46671
17797
70063
27955
96725
9416
36991
55238
55936
80153
51278
38581
6071
10767
26500
97707
94259
61783
40335
69638
58424
29582
55075
22450
83010
67008
85894
77479
54762
51555
82033
79813
41287
69611
45918
71150
24244
15316
20390
56848
58649
75954
4203
5786
47149
71407
47694
66132
4821
10471
25509
58505
22160
85443
36397
62312
27578
94343
56200
79722
91011
37900
36910
80729
72111
8779
53954
19456
43283
45025
18416
53412
6194
5713
30087
21332
95897
23963
46409
80297
46689
1602
62864
98345
40204
36257
93775
20055
21316
35309
90384
25709
92076
39680
4120
86801
15882
19566
27751
64040
25765
20067
31893
27043
70400
24684
38334
91024
39116
45554
75819
40929
71630
96879
4743
87088
93024
4086
71286
46412
70818
41931
67879
90181
22292
78947
62910
19263
74591
16557
9122
45507
26321
69915
6770
99306
36241
21864
94668
45042
45513
92163
30690
36407
46814
20067
31120
95559
19567
95432
5624
18341
44804
87065
25577
31344
41420
51078
97800
97506
66466
32208
2832
62064
8420
87087
87786
71468
18085
15331
5148
98558
10805
12534
67397
14780
22913
80234
50231
14215
99912
20089
6466
39283
5068
3713
59953
64586
4187
91087
71445
47173
3335
62974
99030
46817
9498
47729
90454
19620
50895
96965
76225
10015
15227
68671
91720
41781
45337
2277
57430
55707
93837
71829
820
9631
43311
30014
27246
85680
26563
9179
32141
67056
83037
85157
9813
39138
21700
7677
22673
84060
98211
71810
4015
93098
31578
37343
17586
75919
35396
16369
90777
48454
44850
16436
12250
19724
74929
15493
18511
12259
45382
91231
22942
27918
51928
95398
27688
49101
70404
58118
27445
440
62736
86404
58995
90636
72937
16313
9584
66126
71695
14964
17656
41088
66327
91730
27579
48052
18632
6621
65974
64592
63710
60973
50887
94774
14297
21664
95968
16687
73519
49193
54262
68591
33706
97900
50897
17203
42337
89791
1190
4772
31049
82485
59679
27573
41181
84959
37243
76879
8764
71611
7028
73055
45318
75178
63964
52324
23079
42127
99890
37612
2915
27486
87710
23341
54204
99588
27361
84524
18248
85390
99975
11754
59452
46530
15064
8820
2791
22017
9351
69934
6708
25224
90038
35962
69659
4328
73708
47672
1518
41408
30757
80234
394
72929
71133
15648
7189
89495
57419
3506
92944
56218
25063
69772
89612
7568
67651
84457
63726
61738
86996
58644
34922
94066
49693
48658
89901
45423
65692
39731
9043
67237
57725
93057
32884
67698
37038
28562
85665
46074
20592
72164
96854
20091
60482
41590
71019
63589
9943
55650
32322
39381
34065
68720
49147
4407
90989
75972
61694
85868
90662
39079
57037
55426
83444
87958
33696
97233
17721
79474
93249
5719
53080
1586
51238
73551
24850
38746
27844
36878
47184
50487
97220
87811
78199
22847
62539
72554
58996
296
94093
56002
34457
13286
98407
29612
45018
886
28481
5240
94802
94320
47710
17172
37744
50278
78591
56561
17682
87309
45846
78746
55072
25287
62573
54362
94450
3402
77235
35361
2073
32096
72945
38182
19614
73821
77918
94490
46191
7715
87808
56800
77238
1606
64740
56046
22331
98239
68026
56806
34319
70139
80763
66894
14485
58771
23694
63321
58017
12766
32087
27301
11149
38500
91600
35004
26987
71180
31808
14673
21582
48410
81456
57566
63723
36195
67951
6964
24458
23512
11610
19433
44228
94792
67353
68641
58668
18712
75882
803
4562
49933
64265
90538
75717
62177
82640
36049
94585
97115
39628
30410
98088
3260
95969
85294
54342
35039
18069
58709
52031
54571
40481
77244
99941
60452
17184
37691
19387
72680
601
6866
27662
57356
46476
35020
92768
93832
48322
52824
35594
32887
85846
8715
68395
42298
87327
87703
90185
39624
72181
39290
32145
90772
18828
95961
39194
32221
37128
14052
42565
85453
60741
72147
11669
63142
82737
2457
69431
54008
28564
17207
6648
21696
62038
60415
61675
73150
61124
33942
38184
16461
87897
42907
94768
76488
63608
47633
83280
33472
32744
94718
27872
92753
33605
67277
7174
27621
43206
71642
15877
28845
55473
44679
3985
9057
90753
47128
87175
99438
80516
24813
93271
83055
20122
79643
51919
41981
6869
91857
31748
93482
51276
94211
63060
58515
57483
12714
21231
21483
3318
7826
4240
24893
70834
16279
89926
23493
43593
81066
80338
39677
38561
92287
39441
27934
76318
23514
30421
548
73324
20507
23962
18910
86689
60294
6482
70972
26038
46183
43823
15862
35113
82738
82434
33358
69574
32982
72827
63099
28577
61096
4799
68743
91128
51279
13854
99727
24708
16710
45204
37175
86800
72960
32011
85013
34008
72647
39978
11665
23400
29602
82753
51642
93723
91451
122
44422
45599
25407
30529
41088
16055
58754
62518
64657
42844
47800
78906
78855
74144
3796
1340
78810
69199
25700
20781
27032
68413
36562
47986
90676
43692
81167
33868
55690
93183
80262
14892
53839
4145
2073
42570
24040
11329
35407
85171
12999
53669
41278
47130
86655
66188
84634
12220
54618
61387
19601
42355
2793
46129
82089
13473
68001
98483
94584
96012
57152
76995
12883
75370
56029
93223
32451
33168
72310
69327
80006
98780
53143
58690
45763
26336
5159
51859
21918
35953
59771
79051
196
56424
14472
92225
55184
53512
5822
37812
84227
63881
51067
39118
59231
38400
91378
53032
89658
38632
98246
90663
22365
83597
75491
50758
90568
51625
10380
70975
84845
17613
83571
81309
8299
43519
47854
62881
61627
84162
31274
59687
46302
43010
95489
42577
78433
70612
1738
52567
92019
1972
44839
96700
82436
68436
23436
25473
72895
48915
63651
93133
77930
25595
76271
24725
1926
9330
71588
41443
19828
99225
90657
63730
89294
56899
17991
75184
48046
33838
19010
98153
7913
56716
11318
93906
99171
34236
13610
61334
12346
99419
50247
2390
12131
85142
35500
23684
1496
74459
15750
36333
92137
5112
77453
87992
11260
34519
46266
77249
65726
52984
46972
60321
73481
10724
17019
87594
44027
65456
40255
41697
38520
41803
11543
84022
19314
4966
2337
62513
68200
10520
6480
35728
44136
23316
48124
23926
33660
11010
18701
63000
52295
86718
34840
26911
23908
59123
29706
74037
74283
19281
78554
21692
16757
75725
57200
20790
58628
1345
33530
97818
19220
92329
16928
84235
70487
82630
18227
65139
37324
68456
95943
43909
49283
71904
96691
29572
71410
44546
42859
76000
71959
67603
33550
86303
29572
52949
69072
22421
34853
35623
25934
9085
75826
3241
55844
85549
94981
14231
6077
59465
17663
49874
46827
48437
46776
24183
11915
41941
55318
84940
49769
43978
60530
4451
55162
3311
56031
18876
94948
11054
70644
32120
48807
52738
12855
8532
79890
77432
95519
16954
64757
99600
79636
17028
14472
67024
19052
13484
96184
98997
5855
28491
59961
35074
98515
1321
23740
48980
22765
37935
97116
91650
6870
43018
83561
36933
99312
83835
83901
75104
83952
28120
97471
86430
37684
10146
76962
16009
5012
48439
81329
75507
17734
51563
35932
17475
40061
79760
1453
69986
72373
50515
50618
92345
43567
3887
33773
10933
83665
45785
98094
28618
20423
13378
59126
1944
15059
93075
15382
13067
61621
76547
65131
14189
63846
32816
14965
49849
1976
96460
65384
39209
24305
73754
62270
88301
60494
7363
95278
15973
15471
13495
66117
97362
82494
40152
95448
74920
4403
15074
29078
31593
97122
46320
58044
27732
7288
52961
91649
92687
70227
51436
95663
75327
95991
61619
35123
41893
45236
15189
25163
74148
23829
46178
30049
91614
94274
2643
48619
54578
83449
96425
59477
70486
83542
5349
57944
42108
61534
18120
76449
42625
49740
46832
75183
32825
54069
50688
87402
75340
8008
89393
96327
47550
24764
31968
62073
15216
11335
16325
15367
38925
69791
21677
22091
18875
84381
41885
23365
79571
15805
21921
43112
702
98219
83648
84215
48235
57621
44996
56998
97240
60372
81089
86303
43684
85914
87926
57751
29496
98574
15256
54010
30490
43895
50379
28945
57145
20183
45
71245
42572
8178
21152
72340
76717
96529
77547
42965
42671
65521
87076
41588
13062
66959
77776
14189
6044
2468
87271
39334
42034
17984
81582
40083
13628
3980
92032
40745
49109
9266
24098
4728
71872
60250
69047
38549
17162
2097
97180
26990
75956
40282
27870
31310
19163
9248
99116
35463
11081
67977
77414
82433
86719
44863
72939
90543
71902
4546
18631
82841
7860
6654
96538
1603
71782
84633
48475
2639
11592
24710
2156
40121
77073
2088
32130
51378
52288
6693
11388
26792
95913
65578
977
55923
92583
66695
20991
69583
25845
16133
80034
45247
63447
77420
72962
82493
43417
11157
89605
41712
16907
22367
70361
93698
69262
58015
35839
68592
42413
53666
71771
98371
22329
90270
8193
64089
16054
95548
52046
66247
71906
28624
58199
58425
26756
91840
97376
2163
69015
64205
8865
23999
11779
69720
28441
82104
68604
19769
41581
61670
3430
88266
90650
30136
2148
72926
79596
36600
48879
18656
42704
40609
48992
77642
67709
59676
31279
34894
1093
34943
62605
37796
32061
54193
6705
79496
49257
43946
72712
26913
43983
68232
17575
33411
74923
16296
92609
61941
94382
86067
87855
66865
86590
66221
85930
92749
49632
7243
50934
43073
55288
78447
64846
56060
30136
40664
59009
94831
81228
64179
41868
24041
82713
5601
84371
35792
40637
61482
32371
56832
46918
81050
96543
32724
52001
49816
54759
63958
6850
15022
31539
64686
43885
48642
84318
15778
82418
41691
79084
22801
29896
43185
61284
47038
22257
41093
61260
15504
21804
28750
3033
23734
71719
54833
94883
54010
14784
12181
19787
49503
50495
13960
22419
74678
2692
58167
95537
11497
13555
14320
61894
46239
59705
66209
89645
88308
59855
48082
76211
82825
83753
73555
25204
10347
91867
92145
94050
174
34697
70417
92178
67442
50179
7530
53870
66347
16861
76134
82079
40468
8152
98
48785
62399
22740
35208
40575
5310
3427
79613
87666
43915
52306
35145
33153
34486
94957
58110
81621
78022
11812
82561
42791
3841
36330
5647
81240
87288
84633
6327
48226
68949
23247
66868
7711
52708
62790
51015
581
45095
1923
94136
22385
73602
4432
1280
56667
36112
14441
71490
39872
26488
38864
44740
59469
88392
7195
45930
35936
84054
55689
6342
27440
736
55379
33261
1379
10801
56700
26837
30402
38237
78660
17805
80330
99687
16926
83530
93595
45157
20550
52547
40487
55093
67109
71738
77379
98103
44606
93173
51999
52983
9036
99552
55297
88264
18966
40334
45200
20817
24741
65202
38219
55048
18965
43956
24361
78978
22845
93736
7887
54871
94296
29061
40444
39368
11704
38251
61280
54879
48237
50392
25019
58735
80325
17607
29410
41968
14980
70725
7325
6448
10269
37983
69279
86252
41613
72531
71807
91050
31765
25206
43940
53880
59487
5709
48420
20142
46212
65147
31952
29908
78007
76300
8069
78213
35374
18563
81540
59469
6011
87309
34281
163
71756
44338
85251
63598
60211
9495
84842
41909
50439
99221
83107
59229
57502
73514
87210
14261
9833
23159
76215
32756
2101
33161
88115
61530
81268
19487
63079
4705
94774
46954
70346
19408
61144
93822
16938
26852
81175
52501
44335
41030
85858
97073
58072
26176
32288
29165
21218
25849
24026
75521
58989
31977
59213
20241
9687
51674
2327
28372
13607
3870
7851
59977
3946
82885
36608
78537
62315
66707
56974
99983
94529
29899
70691
68366
26019
80733
29951
91313
45921
78483
21252
29894
97007
62519
66355
42223
9381
97040
93328
63634
55429
49978
94096
70963
53453
77574
71399
18681
6749
5509
17015
99117
76630
78535
35209
9028
2221
56375
99382
22047
44979
76447
62147
30336
67393
40189
32349
91123
85554
67597
35936
80837
49748
52506
17643
88207
63731
43904
45500
81009
76889
66326
33169
70592
62418
70513
25691
56853
4776
47470
69491
33670
89980
68806
82040
41430
49938
99428
38368
49234
72287
57998
41312
49585
13577
34047
1177
85439
58523
42297
12564
32774
72437
88839
6643
31546
73111
14802
5062
58336
46651
30051
56172
47951
54976
89150
70020
95714
8323
25228
26051
82677
42471
2148
14633
40550
85533
98757
88969
80736
495
74866
63801
96946
95803
55383
40179
9765
74594
41200
33790
43157
39529
21945
24645
66172
32521
19875
89133
91170
88991
92680
46061
11451
5729
71417
48438
85152
52613
5581
16831
63298
57060
4652
46978
27588
56686
37200
75216
46113
41622
44388
2217
64970
26022
24178
13575
62309
58445
279
85914
18373
84257
90326
80798
65095
59253
88181
60991
69343
7820
61134
97329
21286
99147
33606
57214
57738
31359
15790
50905
10624
55879
86089
9128
24684
34006
97874
24671
45136
84965
21489
40038
69902
26751
45824
83358
83485
76346
69778
49252
71532
28278
58767
61994
54986
78361
90095
18671
40200
94958
43344
33831
76599
96605
33910
45796
83939
28445
16021
24102
90437
61815
21967
88192
30465
77277
8798
45557
71464
22969
3561
44259
57632
80323
78984
45201
59150
78653
55151
3766
31655
17682
15508
19834
9405
28918
53845
47355
86189
8667
85557
61400
25677
18302
18942
13665
32928
75352
50331
56394
34213
2889
78348
1315
86681
26057
57996
21913
56795
86199
26266
27283
50425
20574
66003
9841
91333
95166
89638
33696
17149
80585
83144
92965
19256
92075
68810
36715
66543
556
34681
13279
36238
78141
54772
91091
93930
80287
64116
29100
23522
4827
33771
22653
9012
80126
81369
48426
80433
48420
20604
65216
41876
29008
41958
35049
1850
75980
81796
93076
20028
56584
33722
82553
92402
31527
6851
69395
7117
98753
13170
37815
40530
78060
22991
25676
93328
22165
96894
63423
32821
66122
79144
9822
13893
58975
83152
24720
65156
46916
42364
18726
49288
72828
58625
7358
29127
19597
26750
31687
76535
17882
27826
90318
28743
42946
16266
23028
66636
88771
5214
6506
65037
13128
28216
43086
77528
56503
62360
70332
98055
36936
62497
5735
48906
73016
2356
58824
64743
22659
50309
12239
74173
26846
85990
47419
71599
32645
63529
58394
86977
62903
24749
87424
14688
39055
69104
1557
63065
89888
92577
50340
56174
59952
33474
18646
37043
5168
71385
71361
862
7369
60898
306
70910
62614
59535
1663
6387
28812
58495
57443
23448
84176
96094
54118
32509
89460
15673
8718
57680
89661
64766
20843
59124
85110
96808
29151
48713
4730
35426
20596
75151
33420
68363
21739
94654
78347
81710
69314
72936
56027
87492
89503
33168
33081
41653
4230
58749
33422
65495
20150
8154
377
19773
20734
64010
90184
44749
717
45512
91823
74314
67437
16754
45457
60768
36318
84930
91658
15786
67791
69458
37512
52215
27774
23903
20721
76519
66942
86965
1020
75864
63717
40555
81062
86462
99934
58548
97064
88259
3804
4182
97625
51089
54806
20038
41589
61548
43377
50313
9327
43161
89244
74484
85640
55917
4619
40514
56690
92717
29231
97884
69518
3342
85040
36789
51252
64836
94997
66012
20919
6048
97687
81234
73603
29342
59997
85736
39501
86728
57147
54414
36842
26193
53897
55684
8197
24271
52198
22910
78635
15803
24579
4491
80158
21570
30253
12175
70335
31361
94482
79781
18968
56684
78082
97348
20824
71135
14274
50620
65363
81352
81740
35653
7356
21433
22990
36365
10882
28882
38186
30588
28660
12868
76298
20200
415
80531
59636
83408
65046
10664
1901
83153
60140
90078
10893
9441
42117
88848
80952
71880
75841
31406
31904
63927
65609
42015
99024
35576
55304
64918
45578
71194
76267
27518
41084
68531
94832
19647
72359
36396
87178
65892
21725
27255
72450
57252
43116
10910
41331
51318
19437
74784
87074
71175
85070
55745
54720
73976
22418
52847
52220
64911
36810
3617
20578
8602
78923
67802
51004
99346
12271
17065
17084
91587
74729
62261
49575
11939
86432
76530
6174
5861
95632
15437
75181
57881
20347
76524
48781
93037
28743
19897
7585
56832
17819
29750
51932
63533
65430
87088
82923
42713
30057
97006
73373
7390
65580
97072
7815
52223
39259
51207
29620
81065
73756
59566
57290
41086
64635
62086
21485
28304
99854
3563
73233
90275
15597
70010
79738
15125
60706
5373
99253
3688
54964
22841
98483
11123
35720
91305
83836
22818
85116
78942
20488
64933
36150
21047
6455
91445
43989
83565
56039
5420
60140
36449
26877
5084
21928
1292
44392
71670
31876
23846
96559
72120
58472
42920
93285
70310
26158
61821
71124
20989
25880
342
46755
75704
1517
30984
58687
87579
5277
47402
56104
5363
954
52889
20040
93557
13863
34052
37141
99706
4163
95438
73406
67608
10266
27668
15048
86367
41688
23502
35055
65953
85126
84025
88922
39392
98534
69558
12009
23038
29412
30558
99139
37681
93841
71268
6002
88291
35657
89595
29257
97132
78034
38256
85305
60294
55062
97112
61321
99480
34087
79687
8051
35819
52717
47308
49166
50068
99566
84700
48288
34795
28313
99837
67903
84417
74164
44117
79976
5923
37621
32488
86338
10217
85442
74147
65510
34173
61782
35326
66694
16960
17582
69753
78070
84859
62954
29912
75066
39459
60849
74843
52762
43246
39417
88750
48140
6018
45166
42926
74156
53956
69309
28418
61157
62683
86258
19277
63578
19414
10633
654
88307
55315
87305
5828
57088
79059
10820
38477
90706
93183
66623
13990
7841
14085
41955
63523
69379
38629
80370
44320
81905
39564
89592
45311
2605
93964
98556
75411
23120
28743
91676
29648
90248
68495
36614
81739
92635
6538
66420
20092
17684
47307
99552
76630
56983
16221
23466
98747
17977
27773
96029
93801
40408
73768
18414
30965
86793
58582
88357
54743
85988
49784
40895
49488
74396
51283
61016
53406
86759
22588
41734
19692
23019
23564
21150
14113
84369
49749
51927
34604
58098
12313
15741
65323
71921
91429
93370
81405
86410
88606
64283
33607
85472
95621
58644
67690
25107
33770
61204
50121
92072
44749
79934
52425
48187
43374
10581
8835
1012
98628
71168
80404
94199
65205
339
52752
71936
23810
76391
87251
44372
17226
79018
47136
13231
93248
71868
84255
63605
73710
44315
82128
25152
50027
26111
70500
43895
73088
69126
7997
3503
55933
55415
25242
45044
47020
59831
52547
10922
74439
40223
87937
22488
52149
96586
17446
62551
23014
59473
54201
58732
78083
10686
28874
23770
45478
45107
97155
43264
12193
37770
74574
60548
96342
9415
796
97422
66567
57503
14102
87767
12505
53091
93643
45419
14957
63536
50538
60490
24179
22704
8711
42049
7206
10259
20169
3717
30546
30928
48122
64060
25908
61650
47578
49303
88104
75911
28770
51066
64606
98719
8340
1366
98601
46235
64961
79336
18351
655
65031
44027
14581
22380
58377
52787
683
84940
60497
16922
12439
56460
40476
1267
37654
60082
53495
31037
22249
69423
65455
85078
27008
27889
51089
33415
93397
82535
53880
89640
92899
74978
35165
58364
34781
90724
56511
65659
42842
95190
35698
34828
83686
40495
91189
75383
79128
2355
33944
15729
79027
17870
11251
9862
43730
35054
54706
10940
16673
86765
38569
60600
45237
36989
57912
48216
43483
55364
29417
51176
13002
45513
44151
87088
2148
26678
66922
11090
3373
96245
14025
14055
804
40185
73437
98473
2445
12831
68046
90455
68142
7364
15310
67167
7714
61239
2190
84709
27591
40189
21642
69644
94680
82671
14653
93342
2366
47530
93678
12836
2623
40355
78449
91266
92957
43141
55736
17486
91289
99273
47280
44705
96007
77545
8188
57739
58600
57541
56809
34257
21012
42071
1932
46979
61121
3832
20932
79751
12021
93259
77086
41997
4858
9130
37871
4264
99698
29183
32351
25247
6219
76880
50453
16024
80567
71284
12808
16204
54620
19740
19154
88526
85769
43856
99098
11741
27440
75628
43258
5102
16618
49541
20818
17978
7541
67660
14617
79932
73755
65563
2280
24506
76245
1520
39416
46859
76710
88407
2456
95781
55218
41171
96803
49011
65546
22213
89604
17862
62637
67817
36661
52972
76227
6602
15178
56041
99046
54100
87005
21765
65270
7026
77864
16553
68501
78283
49222
92253
42733
9719
55877
72595
2567
69533
96310
19163
43344
60408
76984
5521
44046
26627
91821
82439
68004
49504
18136
24839
61429
55291
71820
52383
40633
74470
99402
75076
91922
30918
3264
24360
75510
77454
93049
96374
61309
19020
53339
52510
50418
40122
69312
50387
25209
58674
14552
80598
43011
49376
55561
15519
4637
67441
79447
50764
42265
95291
42138
10289
46000
61715
94205
43673
40680
98893
95273
24691
13501
50728
57548
65924
8439
51086
93359
99725
6400
11056
23004
43505
71626
92389
76670
37417
40519
44355
39554
13519
87274
68389
74640
99866
66797
7409
99204
57437
58462
74311
6101
61022
37546
3484
8078
87582
88600
76252
96953
47348
88228
89297
44795
42457
64413
36603
62637
4299
52385
74350
76362
39909
48124
32513
17031
3623
1628
43292
77357
84075
14470
24163
45875
57120
32342
72817
51153
50188
25797
77792
47393
58745
23836
22670
48510
39136
52840
38089
86180
49566
45831
51542
40803
56191
68712
79558
21871
55500
23938
37048
57223
29316
88159
22625
79994
72343
81497
47925
3886
75238
13962
96260
45020
89846
81121
27886
60431
6480
16578
86646
84253
71464
87213
97803
51822
679
77173
29277
82049
23170
54775
60618
93804
598
36171
29665
72979
97837
43017
82512
34212
74430
86616
47857
4907
3631
11592
32033
10934
65212
20482
58572
9695
8748
93202
85700
89695
46208
12488
80461
9757
78597
29359
72075
18055
18439
64297
22097
38557
69384
29626
98278
57927
69652
3214
8137
65032
8119
61914
56999
34817
67303
30896
80344
19160
90064
42069
71564
19731
29896
92610
50485
37840
75447
2460
91297
67815
69600
10866
14465
10198
93206
8605
68314
2439
27241
65943
80117
40962
50565
59125
82154
63830
95336
31350
93485
72299
43748
9042
99313
4557
19455
91685
64417
21658
71347
99276
91693
54318
45046
56138
22742
56115
98030
10838
83757
36726
19476
43365
71434
76567
68481
52693
33586
32060
2006
47639
9805
82255
32328
74747
87573
22180
71408
74364
69372
21315
97168
85898
35516
6249
1370
73992
84601
57605
76942
68849
66692
52974
62063
42512
60757
75627
67195
52051
98319
51430
59251
46291
29097
59575
99472
57160
736
92570
6974
64894
17379
28660
82604
33371
62939
14911
47897
49238
24030
44197
25305
56115
47348
94493
89980
39659
58409
31230
12615
31010
77698
41619
45336
28082
63683
5167
23215
19922
57108
59747
29632
40822
89212
65254
95524
55647
78969
53885
25340
69874
25404
16056
38382
66436
61170
86888
78471
15330
74935
97374
74757
31650
12614
56511
97132
38631
65331
54544
13751
15252
8573
10630
93843
9643
5915
87265
4223
37267
34117
54710
57489
71186
62975
45872
74681
95510
96178
79801
75343
68529
73172
72054
18814
83523
60895
62768
39052
75668
97335
39091
35239
85507
46813
76899
51978
87215
21116
62288
22145
53947
8275
38561
33989
77429
1890
91343
51550
67042
8207
30880
65126
36305
323
38476
36271
95222
5804
53485
94040
93422
84280
61715
81033
22653
15465
82666
4493
70384
72002
64614
18006
84406
36532
14993
38235
96490
54537
39793
46586
46478
42078
97311
67345
49542
38456
40433
24976
63896
3242
90225
58682
23076
45286
57180
68878
47059
97787
57796
68575
83658
62638
27424
47233
73004
90207
77264
7678
47694
27129
30052
25743
41380
11324
33335
14886
49531
57198
16145
65067
33926
49355
10010
50129
25582
56196
8332
56260
38060
49991
43074
33727
76702
85640
96684
47658
8633
63850
35327
42916
73569
99296
1747
32041
22998
49345
14259
62906
87538
5733
65465
66918
92349
14955
10422
2085
92824
82349
98855
55019
78318
20470
26148
84116
86248
59250
65266
22333
93688
96955
92586
33005
39592
26592
52273
97621
77639
71747
13699
88518
90441
65951
38997
56785
52988
21212
27941
66156
88938
31458
20642
15650
42080
31211
11714
91180
68788
26871
70060
64913
8444
43200
89638
40223
37531
49190
62332
10469
10895
57333
62855
34378
67150
63872
56982
63436
28364
26170
44970
23289
88951
66683
77400
808
81768
44163
41176
63839
32
43661
91447
41195
74486
7057
29500
28240
30494
38057
82565
22148
35648
26440
89377
38666
85586
75205
78792
75876
75601
48295
17554
80063
58321
62769
96094
10715
56019
75469
34766
99474
68265
44624
54232
35987
61404
194
72876
18193
75928
16913
56212
28325
2223
57660
62955
6772
28472
465
46517
14759
98578
41221
16653
44471
63758
68434
56652
50938
1662
63722
87637
45086
96306
50406
54978
30787
62845
24257
19883
3937
41964
34519
71685
19354
16961
3303
39243
50005
98461
93971
9554
65551
21855
7280
79317
59228
81282
32
44893
4129
90101
28611
45660
59945
22188
67826
46310
51354
85101
64761
16134
42693
68649
91352
57881
18804
82643
96096
17218
28147
70244
60370
85617
16617
68337
48936
89812
68222
16547
84856
17492
82057
48654
37692
75186
86925
23176
30694
63785
2404
86375
87753
66778
75366
73640
51467
52549
64958
89342
8682
5157
8999
2062
82623
58639
1150
40131
85170
11923
70398
40535
63278
94495
70905
31246
20034
9624
82726
82495
7682
34330
94850
83306
78578
96316
95017
1047
19197
84036
22128
60755
40347
20387
18072
35979
16820
79901
23800
99247
3754
6670
84298
53485
49496
10620
848
80378
88215
42090
83185
66795
58560
34101
59116
37668
34660
43746
38433
9606
62262
29485
19141
95768
201
21901
24942
68819
70080
80479
29887
88093
33373
49550
31219
39415
96325
65733
62860
1502
21276
12937
32185
76525
42301
42153
2407
90978
91001
63908
14325
67429
37986
55120
49762
3812
8872
58071
63384
38408
68
66261
12930
92191
92637
55413
86275
62514
60308
25388
88432
82676
16137
85511
57493
96256
63933
57955
47078
29956
51844
36
2605
13040
45841
84389
62750
65928
93129
50795
16038
11556
69286
72582
65527
17036
13412
90104
65748
44927
10019
24478
62410
82213
81691
84641
62979
64076
45894
98677
72925
99135
37219
32900
79658
95645
72130
95307
42717
20214
72827
54326
56400
83103
5502
32722
72395
7047
27444
75994
33576
22619
1893
2163
14352
31126
44182
22334
2951
21770
21491
33844
24244
15597
4136
6369
83268
65803
68600
55782
26817
21549
5011
18060
82190
62169
3001
61363
22008
56464
60513
77149
55561
67378
93322
21980
72179
9559
45636
73895
94309
87888
51168
74749
84944
93498
56320
98352
74948
56868
88828
66473
8135
45108
92354
69684
56710
49453
7431
71832
21707
28233
97623
15470
57085
14372
83007
49752
10734
54429
30449
72534
82771
39226
22766
63489
50589
71304
97750
38007
36870
99049
97456
96231
47931
31492
97733
81245
21757
4825
15103
10731
32289
86797
28828
89264
57917
56631
30611
69293
87668
73879
81335
41875
30965
48550
62260
21644
10985
7980
79561
29522
22946
40054
38118
6955
89213
67144
42533
84569
19228
71000
19075
55774
42979
70203
59459
39457
46188
14569
87372
58047
96677
22397
10567
77158
55323
67152
7109
81344
64401
70146
78150
51822
58772
30468
33451
7814
1813
3615
10141
74646
34523
2707
30591
33797
11983
19185
14817
91161
40952
49149
99190
79663
38855
62929
75411
17941
16368
79750
43226
56489
25157
50289
78669
34142
17693
80293
8864
16867
94724
5579
12237
33954
7359
531
39758
25381
10577
9297
48505
23486
72890
78478
66111
57105
80557
33726
94044
42898
90097
20157
10536
9559
21625
13790
95972
16172
96644
47030
77979
47583
11041
56487
80462
48219
65767
55636
47927
94850
43518
45883
97903
68621
6767
58738
45826
60025
12352
49579
89912
14812
69298
57146
14162
67906
89811
25692
17490
93390
50961
47308
70247
22057
91272
98028
86507
92217
77866
92236
22586
83088
61467
62101
46133
97494
20262
53904
59765
75355
19517
88076
41369
88642
73032
43028
34772
66023
15382
10752
13359
64721
97921
40567
78391
65107
88052
66244
33253
72857
24017
11278
6013
81229
18530
7018
18138
1747
29791
35999
51011
72424
42286
2991
45373
83062
16679
72646
86244
507
11977
93067
96424
25956
74895
33195
89357
62437
12459
52191
41291
46488
76988
50526
50140
19647
35963
14681
51984
64318
90385
69536
35425
6873
22785
86732
35553
85939
24822
44138
73841
41325
62222
43918
61892
61495
52704
87176
40203
28202
85015
54325
53174
53258
73917
33633
49808
51465
92763
42276
75283
47794
22975
74550
8374
39640
13576
24637
86802
63751
71588
22944
90663
66746
95895
42077
21486
99222
13861
6608
52783
73188
44337
40331
40214
79558
97357
22943
68921
31328
51108
25033
14541
75141
96923
29007
90840
39626
17387
17032
26988
21087
8456
97085
64016
75235
79862
9754
70084
91622
62254
85353
86768
24167
52446
43047
31174
28844
11564
45202
24846
67009
40601
84633
20106
25022
50593
88533
26237
43277
44734
74401
47775
53076
30062
49450
2383
17296
48938
66132
86082
92267
76925
25798
53383
69745
4110
70460
76560
25840
3267
86762
19292
79157
12949
576
34313
33910
57026
90854
35438
32795
73902
21636
28433
64251
98105
86220
93125
26087
21015
63954
79185
21612
88313
30384
81176
39598
22897
88168
59287
8127
58601
35326
73351
18588
25800
49225
83614
87273
45919
69941
5568
63845
96335
51963
11655
3140
66860
67184
64934
72059
46617
66825
1456
23042
24006
67283
77948
39058
95504
675
87473
8627
29024
71609
65319
15392
81109
8873
469
28379
34717
85830
11991
68640
44538
49599
44427
56903
89134
48067
3990
46309
73649
79671
45484
12303
33308
62636
83696
38167
97601
62020
87666
93251
20449
93187
91368
25833
53876
49033
76908
23820
12423
6565
61614
45283
40708
79373
24640
50682
74187
53367
7398
91388
37419
1267
60581
7582
51623
23824
94945
77017
13128
93730
62482
22514
60318
52624
17115
30710
64109
95220
52521
75372
71505
93707
17741
5873
35464
58518
42964
35965
72491
35135
90422
71246
54348
61442
28404
56434
76263
46846
1858
67261
52607
88297
50592
69347
31619
13163
24803
26031
58547
40151
59758
55957
30603
56166
83572
54879
38735
10435
76119
18550
20747
19889
65456
77219
38127
59268
66233
90144
57207
57536
93669
61996
33484
76302
34981
96803
44064
39291
24807
16872
23943
81596
1285
4678
43512
7954
54794
1495
14678
179
16759
2067
4360
32395
59439
1276
23883
25429
38479
39202
97166
75582
82353
94872
80686
20744
29583
36311
93583
56538
30137
25351
59660
16913
19166
86096
25180
90440
71223
65295
80584
81848
25136
10704
98248
22474
32307
2050
56709
86936
91302
22992
843
58007
345
23923
2528
51652
30821
91972
80354
12649
17899
332
56956
22173
48606
4835
75624
60639
88483
87629
44545
84620
83558
59640
46040
46044
6971
40560
52537
6089
59815
91597
72314
71472
41253
4159
86531
74171
54139
79488
25307
775
33992
93293
89162
93410
90348
83951
42267
17472
10366
13255
5082
72599
73371
8257
36487
34827
54330
85463
91779
86658
75486
39148
9716
38361
83061
62013
90586
72912
30925
76894
85723
65262
71015
95763
24119
78958
63561
91075
13221
64064
13525
29103
87403
67485
69601
39735
72296
4163
54791
53650
7063
16182
37165
44748
48037
47046
16889
27217
75
93970
37342
58261
85989
32260
18943
43627
70609
59769
24320
59110
75019
17254
28673
6221
56423
94519
18696
73782
69225
35133
60735
24862
20137
53313
88124
27961
86023
25766
94302
20991
25809
40638
83423
68753
93794
94425
17775
82079
95852
11747
83646
59287
40723
72973
83615
53997
93366
60908
22695
59291
77434
69279
87775
47060
82356
16593
82097
52008
19585
66586
34175
32904
55644
96690
97997
30422
36373
63568
32106
70721
88368
70373
71807
56119
29411
95289
65452
92655
86722
87513
33398
42057
40942
52931
30526
77901
8995
75671
85283
67655
96635
86296
78794
78790
68669
53292
77790
74685
37073
31642
62884
69322
2553
65663
15364
89532
64475
45271
52502
1498
84574
4887
89784
64663
99144
80522
31018
82739
190
60116
10503
30421
28578
20915
84888
79613
6220
8803
14058
96070
51722
31502
37854
39137
6158
27843
47470
97591
12637
95747
59354
37837
70503
69054
35922
44742
43533
12014
64867
52480
3701
55432
18703
53797
31664
68026
15663
15467
10720
22298
70746
92168
23778
72498
30618
41935
81339
3763
91975
88737
90991
45888
20501
21632
84414
51845
600
31499
90347
6517
15049
24809
55939
22874
27452
25143
76110
88855
73614
15108
63729
88778
58876
82532
49097
63306
5852
96831
48199
88348
74138
75922
61555
77082
36552
85721
59979
53037
8889
42660
33316
34955
71949
65885
99112
47410
39007
66258
62997
6475
70712
88846
50490
66332
64270
61686
32109
69811
69046
31982
26680
21014
4365
67546
11113
20212
37495
91898
89268
72222
8935
19907
6721
83638
60372
31710
20309
41831
15906
69617
78597
20818
6038
46855
34710
3671
38586
25935
67878
27317
71306
39651
12529
81963
42542
19212
79700
71760
21920
7971
3225
82077
71958
3317
81641
35895
62985
15062
71458
95543
81004
8904
44306
76268
34855
13013
40701
46711
96198
4015
72654
95264
13488
52331
95173
55840
29155
49758
69024
84333
9748
33979
63247
70771
67549
76405
27279
48928
24373
17471
15118
17959
47869
69123
57029
92830
88114
97927
11361
18475
79977
43934
11669
69282
19488
15880
42138
30385
66111
56940
38669
89986
86939
82009
5576
76107
49838
4870
83631
51641
60718
63897
1325
36552
53966
43468
33975
92651
83261
44867
17123
78208
50796
93555
90748
62654
57821
65126
1252
57453
33167
80675
66484
97714
76798
7594
16696
40736
80852
5707
65031
22300
96935
92741
11298
93676
99436
97723
73655
5726
50702
82295
87508
37874
53458
61379
12121
63220
41523
64598
55026
52242
7534
21208
59175
56563
94201
63522
47288
93314
55497
40309
91847
34604
60265
4428
69837
44994
51310
74236
84853
10090
44696
12420
22739
89039
71589
45196
76409
48970
57791
52676
44908
83215
76403
9734
77209
30788
62711
46271
4408
11777
52790
84255
7893
93662
22548
21618
52921
91715
2606
24031
86999
87028
73810
90558
48983
94923
99301
92282
1016
86748
10364
73620
65031
33082
58290
36566
61497
21682
95447
85910
9277
76051
91083
22288
1048
88648
30418
28068
88539
31394
53541
58592
3822
31943
24488
82692
64081
33964
64971
2074
67315
17323
81946
38238
18389
63830
92048
31166
53237
83845
10729
54743
65141
30110
30647
81016
94321
73942
74782
48014
27387
65106
75773
67887
19100
26345
76167
90630
29405
21090
50091
99084
72532
24228
89061
79929
3830
31022
72915
16502
75843
47065
17113
78923
59300
30426
74067
30095
77900
12035
61223
19254
54930
56427
57727
2021
91091
34774
69033
67567
47724
43560
74523
69450
66991
87615
79265
14267
5386
83486
85653
32384
31951
12286
13278
33950
12878
59729
12268
65981
88110
66695
35913
62223
98553
78047
32404
45427
58525
88749
9022
17026
48164
95368
93077
72520
19143
3444
96984
51067
94801
60184
60399
67675
24763
33843
28426
58103
73812
19009
54126
65743
54161
92141
10506
16684
46462
38965
24639
14751
11686
91005
93639
14108
81701
6278
97882
26818
71716
67070
8192
46452
10939
57606
9037
26503
81401
16446
5245
70502
36111
54208
83209
27482
74862
20039
19552
73932
776
54208
94238
5756
86709
39433
53677
12587
49067
17030
53392
36939
80852
51433
3360
21489
86216
64766
87432
34481
32925
83016
31423
91875
83782
79909
23106
38996
44904
56841
34213
15146
29084
70357
35157
88633
65700
71829
21003
83943
78722
89276
10987
93539
37984
13795
68938
92560
87261
45558
28497
50304
38986
6495
88207
87012
37270
22298
25959
58920
90975
97373
99016
26483
3489
78049
82174
9430
61780
51658
30745
61553
50186
99461
86144
94920
28880
93936
80782
46394
8397
91655
10555
53600
67193
77866
18124
76797
88319
99892
62405
90704
4320
89956
7888
48687
16739
93697
59516
50103
26178
64099
75741
97804
89008
43359
5708
24922
45577
70852
57749
17915
43824
88751
42885
2632
66644
14743
10098
86101
37090
61249
87033
41233
35402
53787
64566
92677
5459
73939
98051
34654
38523
75080
83587
45771
17742
79263
2169
35188
22960
59025
61690
73508
92647
56873
4080
46626
48457
94635
6250
94903
33138
9674
67758
24787
26994
93715
27564
72633
31439
47886
69287
96239
75837
22666
64336
18691
80594
55789
97721
9922
79859
72135
90419
47348
17089
84400
58633
70732
65856
82142
15339
91213
26565
4403
62581
18236
45103
90163
29696
79543
38799
18358
83026
22392
56302
99493
14049
52679
79843
92111
24074
69859
92358
13602
53795
14109
26382
24209
18963
28626
63286
27066
21815
87037
68263
89452
77737
70202
830
92001
53127
24651
36132
94352
58509
41166
50219
24245
80903
75543
93057
41853
60629
53191
30716
12615
69288
98935
97220
65827
89564
73929
27129
58660
13549
8206
39147
50582
22057
26032
43345
5861
77551
44471
39058
57184
94790
17134
95455
64428
55291
58339
56414
11428
87838
95605
76660
94209
46450
71707
37380
27887
83674
26926
94235
57682
94878
36308
23672
76815
39269
97000
30971
4424
35506
57689
63572
53930
19840
6465
54092
40914
71024
47083
52922
85859
99840
26635
25968
56441
53140
17820
32714
26947
70101
76360
28450
81610
58040
50544
41549
27821
35364
83358
51384
40517
78417
9860
30297
36165
49794
27647
66696
90889
57296
85813
53395
53404
88018
88756
42821
95995
5535
89462
79735
66398
88141
97855
43658
34376
25714
51839
24764
15541
53438
45220
57684
54297
23599
29323
25667
93719
27587
92680
58169
65474
2723
81000
19674
63495
69779
81476
60089
78999
15856
41487
90957
98568
59414
20940
22573
19210
32373
84781
44742
9682
78139
60182
48934
76676
8859
28072
57608
74216
36893
23120
29606
76682
6769
6608
20316
36907
15730
38864
47308
99643
68686
41284
32656
45285
36022
92650
46850
61243
49335
15299
54543
31932
64508
58634
44092
58712
66651
29547
54991
81595
41288
39272
86634
23675
72898
78771
24496
6162
40167
70506
64905
67852
27010
78065
64585
57793
84684
61412
40840
22852
19168
80026
32324
56524
70639
58099
87758
10428
84351
522
99984
32692
36457
57410
81913
14307
12503
88293
29057
12470
39866
1476
78302
42428
8902
22926
23299
11565
19568
88748
7724
71418
6735
36854
2829
7800
83440
3388
11527
38922
9568
64794
91434
87209
6810
12583
10736
65291
35164
46656
85546
13543
98259
40042
18240
3457
52751
98437
91069
15194
90258
58385
15588
86206
25646
65294
63884
22595
72172
87580
48316
57270
81846
14727
33768
82574
53353
63189
66600
96157
75960
35317
67174
8972
34067
63218
55568
94967
40553
59251
95065
70681
3903
64751
15058
82443
80930
95825
10946
91690
52933
17582
10923
98777
70486
21045
89244
28415
47274
98908
63360
78570
84748
29362
24386
14448
13952
98732
47996
67088
27992
82850
68666
82211
61813
7634
73555
81537
84368
3374
53768
16123
25311
57605
35814
57196
94943
33152
77019
68978
71042
64477
49781
88310
28741
38842
80382
56282
31840
70418
73538
96089
38707
8580
21346
42690
20112
10237
44063
62201
1449
41755
41937
62441
42218
68740
79663
3204
96962
69836
5135
28997
67679
41589
65920
85214
58708
19811
94455
62782
40356
38457
13424
59638
85033
14363
82759
29103
64830
67300
69550
28915
26627
55328
48087
69980
30771
99511
69173
14035
47716
75653
69254
42089
69177
93995
75913
97489
54622
39668
72986
51942
70823
9409
70113
25233
43264
4291
97564
41836
9247
50730
77122
79683
26704
30695
54700
22533
39334
98094
25901
80278
66409
8818
53819
78313
12853
97264
48996
38863
67258
64007
66094
64575
98181
91439
44430
66902
92828
57082
83533
34301
1238
10528
49044
37590
5704
86229
47568
38014
48469
32308
91553
48962
81013
61752
4818
55162
91145
35091
78229
98886
17430
96370
41839
34674
57617
89503
48038
36962
54627
32349
45802
95896
85914
48183
57788
58408
90421
57009
73684
53971
98061
10624
76184
9095
22441
73845
31515
60910
62050
74128
25301
90247
5107
87261
54746
24115
76723
99379
98391
75273
94556
5305
94288
98883
44097
25830
93625
90656
97860
18730
4448
79793
7581
14610
45226
85216
44124
56680
30558
18786
39140
75375
85866
55204
34241
87817
73126
88093
67805
25748
33831
32509
10882
99345
41175
77535
77571
82796
99924
94135
59386
42999
54742
21879
45486
86107
15148
6178
66104
27728
13221
65810
75670
60987
74291
28570
22951
40362
42102
27256
60138
57356
29960
929
95495
484
76690
91472
28363
6298
93026
84810
95651
80203
40988
16570
76365
3748
39790
70989
74676
22638
37373
49101
39936
70750
32949
55975
61037
36506
13846
8816
3818
54174
28969
15873
61823
40574
48663
91724
3241
37960
31042
18405
59261
33155
74509
27465
35757
68164
69391
65334
14843
26349
48160
23086
3286
67180
81082
53629
96475
52180
95547
27245
7827
15455
27465
83739
71255
6547
41217
76047
8375
83094
39113
3324
45290
65238
55298
84430
31698
73440
77034
12720
57232
67404
76458
91764
7382
8593
28932
88760
83710
98996
5014
74383
94435
96461
61854
4656
76862
89287
46841
13417
39029
89969
53822
79974
49433
12094
48945
21511
52426
20283
37631
8029
56082
34732
2555
34430
99837
58583
51452
60443
72923
51420
83050
56536
3181
72066
49715
32347
63851
77814
47306
1807
95056
19176
65520
59979
55116
3562
50119
89720
46487
33859
24017
44620
66537
14873
66083
48974
14005
24433
46436
97921
89148
40624
78008
750
51371
96104
10977
43805
91980
73157
50980
15485
591
9993
38226
96150
56367
63696
98749
69145
38297
98385
13981
44892
99245
16781
38133
81110
25047
45603
62713
27388
75513
96172
83335
62082
30226
69630
29781
96572
51371
21326
76208
65094
67661
17740
34306
96404
68540
68046
21087
51667
40126
44951
91239
41069
48280
42054
18015
40417
61672
77407
55740
87730
45821
23404
39262
90557
97950
55857
84760
79869
58068
38547
37371
85212
48409
95437
12936
99092
43315
54039
51437
86434
55352
47775
54245
1806
38717
94515
67452
86574
55438
42004
35048
34433
50618
2903
43183
52800
29396
58204
98745
35937
5243
9302
10621
86529
90439
52995
4840
39908
73535
31303
87284
35924
49198
93016
82314
20442
24564
68203
10184
48473
57038
18111
3110
54007
51999
91753
51334
11528
15282
58449
79889
16326
53882
91888
47056
95501
60506
46931
77646
93495
50813
19738
17337
68201
41247
52209
36368
32080
97010
96573
60103
67711
63932
64479
99877
1264
64837
77654
41291
40456
82453
68728
28929
81894
97898
45164
60539
74871
4909
96776
5322
15337
76629
73793
26108
60256
68905
45658
52706
24683
63384
8365
36505
67571
99181
29441
80745
47632
4950
36576
44349
91954
18811
9859
70962
81897
80096
15721
20434
9727
55024
26381
54867
92087
68353
8380
56905
32069
23520
90753
65900
89463
706
26655
80934
82329
44356
11415
68401
59370
89541
70738
31019
15621
64895
12692
40570
18870
38088
65833
80195
33378
18319
91520
49433
28403
33946
79981
56409
61878
52592
91802
10230
70715
75975
50355
86812
83499
84829
25995
93586
411
83165
11193
14587
96928
13465
62830
61682
22713
50621
83929
11331
55593
45274
88707
4760
20552
69063
69336
45606
85119
60169
50908
81302
89316
88396
54490
50086
16456
26617
90873
19388
40593
50410
59959
23617
65580
71414
24415
53227
1815
52965
4846
14831
34807
26665
12635
5020
54628
34717
17001
44176
90077
55462
70197
29465
18837
37630
4554
55992
41957
27185
87305
38552
38847
38584
62178
98550
78576
46567
24090
1866
746
31789
26240
29778
84135
388
58008
46523
48531
16019
47630
93436
38562
42042
72590
53226
97194
10058
12166
80404
78236
32208
88066
76344
75027
34677
99191
96195
64187
1572
2057
95059
22358
70543
33143
16998
56315
23431
10866
42578
3561
90375
6652
2995
38869
24562
72983
11604
83613
23306
14633
35491
78925
70192
78468
44649
54782
30330
69385
71930
50555
15892
92684
13983
22425
17386
56889
90648
76490
68218
38485
60897
29971
43363
94748
93977
12024
83264
91980
15389
67917
64972
47794
69855
30894
54853
75059
22781
64750
12261
80277
3031
27224
8600
27794
79128
8659
94717
43347
51304
19056
36394
51114
77723
99047
94121
28396
53727
83072
49079
62628
56911
66243
91862
27015
61712
3418
66703
21815
64661
17708
61713
36670
99601
74848
52039
76575
91462
82764
78761
33286
61286
20096
28423
26860
40787
30896
85451
30689
70479
89042
97410
53375
55013
91761
39353
99551
44192
60412
70284
32276
81013
16503
42704
71428
68316
70826
13771
21991
21458
65420
15130
45397
66544
47990
1893
89394
75681
82332
4497
23425
88686
36435
29337
26677
52836
45641
53933
90222
44391
96956
95864
47080
35008
15166
34857
83683
51290
57064
94443
24172
88189
7373
91187
75387
96561
39586
17675
71731
14623
87195
62347
91274
6916
14195
17813
80064
20182
18735
28638
41799
76756
68205
2438
81265
96980
84514
60037
74981
46191
62195
74251
40062
86170
78792
9988
68376
98897
98260
2346
56050
6560
83535
30489
71413
47224
91393
77448
95684
80587
42428
59780
34645
59623
25539
62205
40236
89939
39943
20667
99570
95772
27825
14700
41443
32415
86694
91121
21865
93058
78483
90270
12200
94004
36324
72935
95679
39120
69308
17061
20828
72187
56213
4224
47421
96678
17767
48209
32803
87425
75700
45996
81487
76530
37332
48957
95147
86759
11739
70545
82601
84005
56001
53211
84551
45901
63414
7912
87381
60687
56776
6813
40975
33459
14152
69409
27905
38076
47537
20080
40369
92738
20276
83786
64495
61180
58915
56370
17760
6657
74913
62447
637
89902
63625
30370
86145
75651
53679
94565
21763
8989
3935
2511
23925
88933
35721
68507
61041
92903
72383
48774
40206
7452
86757
47370
10881
83451
32802
3138
73923
17535
84476
96718
35889
90714
17781
92256
77429
79753
63922
49639
86585
61457
31492
54101
78119
7154
44042
45341
92620
98899
518
79209
25377
43867
71755
20429
51106
27464
78084
48738
4735
49309
8424
99243
29064
62686
15148
4465
64572
64995
70153
89214
78927
4081
93672
59960
80016
67002
65822
68197
80638
30291
97737
93831
36831
34890
88565
78756
34422
7368
34300
67476
53883
37712
83204
94889
58319
60111
32249
43069
60416
28127
27070
27681
83192
6491
27853
42025
71393
95283
92253
6152
96824
14239
89068
70451
78295
92829
62089
54487
49097
85473
91952
72122
19236
78921
22092
44651
40024
11627
47763
35997
64380
12721
65247
61338
5121
22621
2339
41246
62185
29041
98620
22894
9418
21014
68807
17167
81639
23533
215
5959
11307
49260
57309
66966
88619
69043
5243
36787
35809
50993
80760
64321
5999
79871
58409
59770
89189
17977
51572
53551
79341
54585
19715
8148
99730
69079
44315
69527
65320
16666
29408
5407
20453
27080
36898
17794
77255
36155
88110
17768
52838
18185
72110
6486
88310
3489
81822
15808
19541
23493
39937
44408
47678
37941
19884
78300
63785
46941
23177
20766
16194
3761
34604
92617
28930
48789
90245
27156
94250
88938
88016
44478
9671
76030
35749
97528
42300
88904
20515
15858
29921
56575
25923
37048
26445
33662
77928
70267
68291
78533
88937
93125
2096
83316
14205
87741
76494
21558
44688
10135
8845
4436
33240
89828
55927
52012
20253
38463
98492
3789
2205
8519
1252
33362
85719
73928
58933
67060
83963
11751
46856
3629
45996
52763
99666
77008
58863
82173
86253
4721
31403
37552
12236
26310
23099
5949
26605
84790
12611
25770
45567
69636
69227
17636
57287
53891
86315
12072
76761
6040
58111
41612
23534
23854
25048
39885
24172
69319
69444
46616
77562
13701
16582
88901
8249
11305
51918
59980
88956
21603
62748
10699
39420
81185
66553
5219
34668
62771
10940
33793
65706
40250
82395
33100
28936
50495
16012
42877
28122
79005
41364
14429
61316
66905
68179
75457
20635
86253
47016
86158
17995
58824
89
52029
70813
97939
24609
38944
58238
79390
8542
57645
58883
2584
65949
40530
7533
25699
20665
7394
11190
14380
44737
40575
20173
43745
64152
71951
97031
90217
39479
15654
59987
68124
50520
43310
55274
49890
89260
74564
53367
44596
49475
31803
90625
37308
21110
78060
15716
19871
11225
9655
85833
73182
77487
77986
91180
73081
76332
81836
89602
3038
1633
44675
86417
90514
91845
43493
77342
16527
80375
65232
31976
32691
71519
20104
69042
55930
63345
23141
96794
81607
93050
32207
5590
44954
3764
56361
96844
99830
69717
72236
45101
34160
44346
83958
54002
1954
73321
28581
39725
22341
85830
96380
41414
51010
76722
16361
77988
64393
99228
76035
21947
26084
38215
44681
99158
70962
83505
59237
42402
54079
45303
66916
69829
41900
75198
86561
54648
52214
78584
27595
46835
84094
34371
55739
47078
51158
91151
71977
6515
25937
55162
31361
62452
70049
33059
22818
79518
9842
13703
77280
28011
88393
29250
8993
26516
70478
37195
92539
83466
48064
65644
35658
52067
61633
71329
30640
7567
38205
86155
76974
7237
13539
71098
88312
32327
50104
5825
33232
40895
58372
88539
90304
49768
26888
90485
14865
38729
54566
77072
83122
88142
67039
27996
69230
29323
38315
46559
72494
45629
77199
59932
75947
19347
65140
80818
8989
57976
29929
97930
29020
67792
69541
82055
62503
68278
83421
57351
17615
9683
69128
27663
42972
30138
15966
24433
22814
50120
11978
13603
44434
79549
83495
91691
99693
38565
89851
41186
46114
38991
40802
98372
72201
60851
23538
55574
36526
94471
98236
4616
13332
47591
12061
31817
91939
95281
74051
6514
44368
80092
73561
74647
83103
66598
33514
10447
58102
9473
71834
77993
15377
44553
56724
48902
64210
67946
90679
86870
78049
75533
18286
58938
70906
27544
9894
6117
76081
22053
18560
94573
94666
51759
6044
65418
29079
15407
93625
17164
4848
18910
32449
22345
83114
71451
62517
88382
66989
83782
99738
80492
43013
33694
79373
56023
43787
6315
22003
53261
81257
94649
78386
91243
38678
12040
92078
83981
15802
19889
12481
70507
60335
38686
89403
189
10242
8562
25023
30861
27854
11298
41886
87541
53005
23421
41218
83979
31842
2802
17733
57641
6570
64530
20670
55180
6295
83978
37522
47287
60362
67973
81085
90175
51192
7753
13790
6995
22007
49199
3098
84080
39209
68899
91835
16719
5674
39831
66664
80809
69771
63350
55731
15647
79697
26201
14465
25960
10817
25632
92764
17003
15092
15927
56600
17645
12408
91655
31931
68896
29798
62799
57821
38445
64259
53587
77903
79450
15861
3213
34621
44335
99538
52317
56281
40426
95944
63662
87820
95693
82321
92309
29075
63145
99377
404
2963
97775
78042
68699
87790
88529
44265
13115
87759
39045
61324
66418
85600
94359
87209
297
72009
65469
98362
62110
50574
94508
9594
63611
31353
25030
81539
45917
87526
13944
76563
82779
25957
1492
61775
44095
84908
55646
12242
14003
83048
29749
79212
80246
15447
14115
12576
59135
39999
22926
91205
55951
14141
27226
70923
94738
48396
32394
27477
45694
96210
36508
54837
24913
55847
26509
91216
66072
46687
58845
839
68472
42885
36037
38241
51052
99140
38471
34415
96361
6640
23664
46979
56703
1906
52448
66104
7890
92719
41462
93753
17254
74032
23245
72839
85660
54075
94082
75527
42868
29889
79367
35001
64149
3121
94978
3170
28938
81216
58048
32913
59506
37593
93521
6235
9786
85251
80882
82347
57003
91058
64729
64474
22084
49953
85562
37152
63822
79185
79484
72706
47331
53523
27858
98498
1671
14008
68867
34313
29190
21361
48614
86110
39146
7090
37450
13090
48162
46421
20685
99801
88975
75796
68775
42294
12277
43943
23360
83367
42309
98858
22656
10882
54341
92045
80178
80828
40785
34936
37146
65138
98302
2178
26636
66216
38320
7720
13511
68782
37576
59584
84870
86565
22529
362
80973
47381
89230
93853
34118
5208
75805
38198
62970
63252
43663
77344
73477
70460
56263
70619
65135
39188
85393
648
77156
73163
21453
28500
49273
63085
90606
73531
66265
3103
13538
33931
52997
25573
10113
14392
11383
24880
85170
18133
14847
21180
55503
74231
68009
18050
29656
66
62857
19787
29835
40622
67819
64613
66675
20291
93034
50243
53914
98977
83176
4147
47721
72585
89861
51413
64977
5554
44396
91181
5208
42589
93690
37181
95574
82219
35504
65350
28333
65027
70533
54840
33386
13774
28379
93501
39871
70547
64482
76215
12443
32272
36304
19480
49354
85951
97030
64063
47101
8991
45980
69998
77049
35154
911
26683
776
18287
27305
70741
5153
65804
68098
26973
36868
15299
58110
30740
94204
37453
908
6952
98704
85518
74162
37500
87801
92814
81353
72346
60369
9062
41855
64072
15844
45753
95401
66509
45992
67543
97839
32466
21912
39952
43670
28481
66982
26973
91639
72557
34376
52359
14646
12938
33403
33176
28419
18801
89757
90350
55471
36096
16945
26455
74954
57251
71794
94562
52533
30272
52323
13344
97495
8265
21862
92408
32105
59970
83969
61564
82441
48036
86841
82950
18588
65515
66671
91261
50090
30379
59161
65501
28053
39515
84435
85264
5345
40501
74741
76481
90241
91454
72636
13928
58428
99106
92171
12093
41735
5882
8850
11952
14071
47759
41643
97284
77568
27617
43703
89659
45069
57333
85852
56459
47144
9880
83667
98689
94911
42068
79577
62132
27684
36351
53191
73442
59660
88976
51969
57394
12763
17765
61802
71782
85761
35086
94483
8753
13184
72358
91672
72284
67412
70940
78480
21912
45330
66425
50604
83499
39472
73470
12992
20977
29843
71295
2962
78495
76599
45914
10099
11254
34493
60901
67921
38745
20884
72813
51176
11807
16542
53216
28378
56385
71565
69933
3296
18631
30750
45092
77466
23600
22947
22788
12475
70487
98044
68350
1943
58563
52465
14036
95513
12767
51192
86970
14367
71571
16096
90998
68579
63643
25854
85386
39435
82281
84838
86203
63227
27815
78318
45156
48862
1727
40506
96736
60455
4689
70003
90065
39111
72644
13187
82988
98065
60319
33891
91199
45504
30988
48375
81499
8931
57699
23121
57683
39437
30148
82570
87499
30421
20638
61387
48462
95026
56889
78111
82676
19428
86673
50850
73213
3371
26250
60437
26397
86089
42547
45782
68336
52443
96973
58071
97134
31515
32845
81289
7548
60132
30827
85017
86326
57709
44310
3220
1984
64106
52194
8172
57476
87981
44745
41587
99822
34840
54875
92506
83994
68952
1618
22100
2571
97030
30766
47171
75168
79918
23392
44229
26573
78719
85284
74498
55794
95956
33257
94717
40523
86928
84864
36605
99817
97579
2704
54481
39275
4252
75414
57877
64350
18686
75541
10438
94008
48886
79932
96772
1722
20794
49165
91797
4090
29134
17361
88529
65165
83949
82838
50085
27209
93068
14112
64973
93554
13889
54200
37710
66438
74432
14420
28183
95738
30656
29252
43002
11221
35786
17880
32818
92593
14925
68868
46431
30955
33303
14628
94389
19086
13058
57557
15153
91601
90964
65330
2498
59032
75710
41652
47753
98357
77305
25563
86454
62831
49063
35433
64925
17762
86445
73332
92757
73304
3237
43268
69039
29468
73680
1654
42246
86391
43477
25227
57717
79634
48517
26755
33891
95663
24544
58489
96112
44060
69231
34074
52943
1325
796
26536
34997
76873
89460
57325
36466
85730
30887
20337
20265
15305
84072
33818
33818
57182
82114
31554
84872
5408
57689
22607
5440
15968
79377
22489
17789
55980
7045
98480
69447
40547
53082
79147
5358
79264
70756
22592
31238
58154
12558
81323
9650
81184
84617
7059
34535
34444
65716
11365
43760
19526
19451
53043
15469
14769
3944
97258
96822
26678
77797
85358
81060
61480
30876
25298
60805
60716
41547
70088
19215
1382
4990
74956
3357
26810
14986
28451
80795
5079
48054
57355
89407
42444
30958
71297
12795
93273
97899
11106
98844
6539
85418
22814
72520
3182
62344
18626
82970
44781
3136
26225
75543
98873
37093
25900
56296
88642
74908
56071
33178
86185
87579
10586
26305
82191
88104
12985
38464
41880
23764
68384
89259
77893
32653
68480
47578
3849
17386
98427
34543
27688
3509
68
54516
69751
79391
44717
36341
40800
36113
41007
60838
40887
34160
85176
38219
81293
98215
9447
49619
73557
19407
67360
25037
89600
72031
12281
3354
23275
77726
61300
47581
3689
30475
84776
59172
43564
1700
63446
62007
44494
7977
39084
58566
64881
50944
41369
1846
36283
95426
7163
33390
69697
21673
1315
71368
6651
45548
71796
6646
74942
19565
78670
65593
38327
14622
49307
2300
4379
79378
26525
15329
90132
71596
79674
46347
79670
61574
35192
73338
86767
63353
8749
1313
21024
6479
27746
59582
89014
94661
10437
56429
24611
38057
54173
66070
30106
17768
71893
89737
20237
91794
77045
80883
62454
71304
25751
50213
99392
19352
96217
87348
8251
2722
12755
25558
161
11547
7105
35903
91241
16238
75673
70556
95934
10061
4515
56429
56578
10359
54343
17618
91562
59174
92998
92215
69638
59579
55226
45810
14896
29699
52817
15632
91164
793
43008
97615
63547
50071
58316
39168
17322
52968
29907
58575
77045
55427
63403
71757
29365
34873
72317
60632
22644
81182
23644
64036
75490
93820
83872
96431
62284
50845
22070
82562
3282
34676
69282
94821
15256
78671
19360
18322
12348
89512
60168
72883
85302
17221
63642
21700
57946
99211
79658
5809
2032
10149
65771
73334
93849
69935
38001
6884
90108
34770
25786
27519
74528
28763
17993
41804
77448
17642
54884
36441
81634
28534
6600
9165
80822
87559
93863
55585
52475
71284
83070
54094
67048
71192
35988
13496
21635
87754
48224
71255
59168
55616
66972
47127
71532
61467
77684
91521
86427
49954
87396
34749
74001
52369
27114
82519
52781
3049
30452
97269
37869
39293
69129
72642
23264
90295
53325
88720
96694
95546
15032
40560
5700
60984
40015
686
27834
15993
98118
47091
96967
78276
21804
29996
71960
47854
79408
54556
164
95450
86207
90653
66340
14787
5291
42929
78379
36477
61194
43297
51391
53579
36624
26853
79331
59525
8328
92577
28370
11004
68315
84465
43490
93476
20891
17673
5543
75781
61031
17644
1754
70046
49843
73426
73229
97797
47044
1987
93347
38117
49934
70190
77133
15928
21449
54759
31869
9921
6282
8655
998
90618
42611
38091
36185
29452
60665
60648
17834
58628
12001
35206
31461
72522
20946
9141
90525
61666
21957
62970
63481
2804
33418
28730
52586
17622
77743
41714
83613
89498
71033
69438
22476
24570
38538
37416
40222
32276
41428
89922
43772
13976
87458
29700
19687
38285
14368
77379
44037
43752
80521
20898
51909
62655
45434
88287
66002
64048
95507
65864
69348
98036
45801
21234
62440
48206
23355
91593
36735
1849
40978
10077
41587
3685
4929
22518
58964
13512
69400
10443
24447
89630
82059
37429
22688
40637
57304
47166
27609
26124
76743
46922
35293
78414
86544
67932
35913
76309
80000
89079
58154
7282
4396
56660
10902
44621
2888
6541
80520
5601
86712
73699
71312
5236
73351
64902
92226
2785
76500
83753
17734
61725
52270
3934
86979
94283
82159
56837
5545
67219
30140
11192
90622
87531
52139
23233
75052
76658
28545
92577
35506
2216
56547
72581
12258
32453
89570
76247
31605
82541
44152
66982
706
49818
49847
53501
73958
67457
56414
64753
98611
11024
29311
91935
865
15240
90972
61191
11907
70240
75703
77734
43202
5726
2799
15165
5840
3520
87001
19014
27304
46453
47941
91591
99317
40070
65336
4510
2388
91883
86156
57425
6217
40670
33331
17139
39533
26176
1678
8142
12282
8144
2701
60664
39769
28071
82945
81579
90317
56744
50570
