1
5264
9507
11179
18605
26316
31579
57089
47118
37591
16899
77543
63158
46763
66254
78947
84210
89473
94736
100000
1
3822
9299
14230
25693
19205
89324
36842
67711
47368
47318
65895
31971
68421
50847
78947
84210
89473
94736
100000
1
35729
66739
9885
21053
26316
31579
40154
37829
47368
19405
57895
63158
68421
48508
78947
84210
89473
94736
100000
1
2774
13859
5580
21053
46265
78033
51455
42105
36602
52632
57895
63158
68421
73684
78947
84210
89473
94736
100000
1
2879
22331
18321
31886
26316
31579
36061
34829
47368
37968
67395
63158
68421
43993
78947
84210
89473
94736
100000
1
4759
9140
10925
14590
44301
31579
73200
42105
10607
52632
57895
14548
42254
73684
78947
84210
89473
94736
100000
1
23723
51879
15790
17754
26316
54235
28685
47880
35531
52632
57895
44896
68421
73684
49758
84210
89473
94736
100000
1630
32397
33091
9491
14115
44843
28372
33102
55216
13156
37897
75969
63158
50610
30601
78947
84210
89473
94736
100000
17937
4712
36068
11713
21261
44036
43961
36842
55037
47368
52632
57895
21282
68421
73684
78947
84210
89473
94736
100000
37403
4223
53131
9606
21053
26316
57969
60520
37829
47368
52632
46481
36895
68421
23865
49072
84210
89473
94736
100000
1
4759
36252
18725
16708
23671
28372
36842
51282
4657
52632
70108
56243
61500
37906
78947
84210
89473
94736
100000
3816
20777
70294
14230
37059
16667
45575
36842
39690
47368
14901
57895
63158
68421
73684
78947
84210
89473
94736
100000
8840
28292
9507
15790
15789
26316
66735
48687
46156
16483
47318
57895
63158
68421
57649
78947
84210
89473
94736
100000
33043
12898
10527
6792
21053
47568
31579
68494
61368
47368
16563
56355
63158
68421
50497
78947
84210
89473
94736
100000
17492
3485
17703
12423
21053
15723
28372
53010
34491
47368
38476
57895
63158
46633
21539
78947
84210
89473
94736
100000
1
5264
10527
12761
35248
14933
64681
30821
32345
47368
17776
77443
16258
68421
73684
78947
84210
89473
94736
100000
30650
4164
9345
10985
21053
26316
31579
39575
37829
27695
52632
57895
63158
68421
73684
78947
84210
89473
94736
100000
15062
27846
7790
4092
16209
24130
71457
50833
33766
32503
52632
57895
8425
68421
73684
78947
84210
89473
94736
100000
1
11386
56751
15790
16483
20788
73597
36842
73358
5815
47318
45689
27589
42001
73684
54694
84210
89473
94736
100000
1
9103
10527
6857
17064
26316
31579
46431
56357
4657
46370
57895
8707
52267
50920
78947
84210
89473
94736
100000
38656
5264
10527
16000
39656
26316
42114
28756
48471
47368
52632
57895
56780
68421
73684
78947
84210
89473
94736
100000
6165
3771
12303
10535
18948
18960
31579
55479
61217
22564
52632
57895
51716
49733
73684
78947
19388
74903
94736
100000
913
4759
26948
7299
18507
15311
53445
36842
50141
42573
42343
57895
25248
68421
73684
78947
51730
89473
94736
100000
1
3402
10527
9985
27726
13074
31579
36842
42105
47368
47318
57895
63158
56614
73684
78947
84210
89473
94736
100000
31542
3210
46950
4553
18948
13643
36243
35273
43533
25506
52632
57895
56780
68421
18889
78947
64095
89473
94736
100000
8472
6209
10284
15790
18641
13109
85780
32625
63266
33184
25308
57895
63158
68421
73684
78947
84210
89473
94736
100000
1
2884
44602
13305
12507
26316
31579
38428
42105
47368
52632
78254
55542
68421
73684
78947
35762
89473
94736
100000
1
3032
17931
5251
21053
26316
31528
64397
42105
4657
52632
73700
63158
68421
73684
78947
84210
89473
94736
100000
1
4759
25908
15790
18626
13558
31579
36842
35730
41570
19562
57895
63158
68421
49763
78947
84210
89473
94736
100000
1
45164
9507
7483
13003
26316
43615
36842
42105
42573
45674
57395
18253
68421
73684
78947
84210
89473
37025
100000
1
3313
9507
7202
23488
13838
34532
59860
37829
47368
28500
59960
63158
61500
73684
70976
84210
89473
94736
100000
6948
41981
60085
14230
42150
26316
72904
30165
71292
42573
52632
57895
51971
68421
73684
33166
84210
89473
94736
100000
1
27559
9374
3596
31925
23671
64343
36842
32454
8358
15706
57895
63158
68421
73684
78947
84210
89473
94736
100000
25673
4759
9507
14403
21053
26316
31579
60152
53701
10950
29740
57895
63158
52843
73684
78947
84210
89473
57491
100000
1
4271
8458
15790
21053
26316
31579
38931
37756
10077
52632
57895
30526
68421
73684
67879
84210
89473
94736
100000
1
28028
45095
14230
17918
26316
31579
36842
42105
26042
52632
57895
63158
68421
73684
78947
84210
89473
94736
100000
1
3357
8165
18435
18948
26316
89335
69884
48354
7065
14718
57895
63158
68421
73684
78947
84210
89473
62981
100000
5768
42880
9507
6969
16805
36221
30472
30388
35447
38472
14124
57895
55671
45458
73684
78947
84210
89473
94736
100000
1
4759
48969
4200
12469
26316
85749
35713
42105
12244
24585
57895
63158
68421
31602
78947
75776
89473
94736
100000
1
4575
33745
13781
21053
19410
31579
36842
42105
47368
52632
51654
47051
46828
25433
78947
84210
89473
94736
100000
17524
18873
10527
14230
26087
21612
31579
36842
46909
47368
18058
77256
63158
68421
73684
50433
84210
89473
94736
100000
32555
3545
8029
3402
16594
23671
86681
45323
53297
35465
52632
57895
56780
59648
73684
32595
84210
89473
94736
100000
1
3985
41333
6040
18948
23671
31579
36842
53592
31333
52632
47772
63158
68421
73684
78947
84210
89473
94736
100000
18015
4313
8782
15790
37942
19216
31579
32519
61220
47368
52632
48793
56780
51021
73684
28369
84210
89473
41625
100000
1
35193
20383
6651
18948
26316
38857
36842
37829
39993
16979
57895
50810
43283
73684
78947
84210
89473
94736
100000
1
34683
7502
4694
21053
37213
80553
27795
46077
47368
52632
60883
38416
41441
73684
78947
84210
89473
94736
100000
1
2501
8698
11280
15052
26316
31579
36842
42105
42573
47318
69798
63158
68421
73684
78947
84210
89473
94736
100000
23523
3596
8121
10424
33153
22579
31579
33102
42105
42573
52632
57895
63158
68421
19753
46474
84210
89473
94736
100000
1
22916
10527
5749
18948
22561
31579
36842
42105
12089
41297
57895
63158
51927
73684
78947
84210
89473
94736
100000
15549
44237
13347
15790
18384
20105
31579
33102
71060
37960
52632
52071
63158
68421
23129
78947
84210
89473
94736
100000
1
17713
69345
4159
18894
44918
57887
43400
46341
47368
47318
57895
18587
68421
73684
78947
35295
89473
94736
100000
1
3288
8728
14230
14801
46678
41025
36842
42105
47368
52632
57895
22619
68421
73684
78947
84210
89473
94736
100000
1
2497
19422
9098
30834
31398
85360
32785
42105
27661
52632
57895
22522
68421
73684
78947
84210
89473
94736
100000
35207
11827
66180
11385
10860
23671
86089
31003
42105
47368
18032
57895
63158
68421
30937
78947
84210
89473
94736
100000
35924
12388
33485
11215
36721
40351
56793
32389
50969
37706
52632
57895
27491
68421
73684
78947
84210
76125
94736
100000
1
5264
10527
15790
17333
48077
30290
50288
44500
26790
42658
65887
63158
58659
73684
78947
20087
89473
94736
100000
6232
18222
10527
13876
25370
34487
31579
36842
42105
21251
23669
57895
63158
68421
22206
78947
84210
89473
94736
100000
39151
4759
8011
14230
18948
41253
61783
36842
39771
47368
30414
57895
63158
68421
20711
78947
32061
89473
94736
100000
17175
23326
8071
9592
21053
17349
73657
29271
66105
42573
33287
57895
18603
61500
73684
78947
84210
79095
94736
100000
29380
46097
67259
12127
9872
34721
73078
36842
42105
47368
31529
57895
63158
68421
73684
78947
84210
89473
94736
100000
21588
14767
49473
13930
21053
13807
48310
37165
64894
6689
33287
57895
23315
47824
73684
59491
84210
89473
94736
100000
1
4759
63094
15790
20276
16676
31579
36842
42105
42573
52632
50048
22596
54490
49419
78947
44522
89473
94736
100000
1678
3357
24643
15790
13676
32227
31579
33102
57886
42573
18001
57895
63158
50988
73684
78947
67991
89473
94736
100000
34828
4668
9507
11069
17504
15250
54709
53582
33698
47368
26441
57895
56780
68421
19276
78947
23827
89473
94736
100000
39006
3385
17629
11474
11523
26316
35472
47912
42105
47368
47318
47937
31691
42982
73684
78947
84210
89473
94736
100000
1
34412
10527
10296
21053
17478
31579
36842
42105
47368
52632
57895
63158
68421
73684
78947
84210
89473
94736
100000
4243
4759
60504
15790
41686
42284
28372
48380
54445
27752
47318
57895
63158
68421
55054
78947
84210
89473
94736
100000
3901
31292
24457
10852
13026
19238
71102
36842
42105
23573
52632
57895
63158
68421
73684
78947
84210
89473
94736
100000
1
3233
20567
13217
12516
15008
28372
36842
49066
16463
52632
57895
63158
44127
73684
78947
22872
89473
94736
100000
1
5643
10527
7522
15934
26316
89225
31287
52120
47368
52632
57895
63158
68421
73684
78947
84210
89473
94736
100000
21168
7992
7651
4027
12276
22366
31579
40781
36621
12701
52632
57895
63158
50895
73684
78947
84210
89473
94736
100000
7896
4379
8140
9405
18530
42776
31579
36842
42105
47368
52632
57895
63158
47292
73684
78947
21123
89473
94736
100000
1
15176
8192
13662
25204
21384
40371
62757
42105
47368
52632
57895
63158
53022
23808
78947
8408
89473
94736
100000
1
43828
9507
14230
14875
19104
60763
36842
70711
4657
52632
57895
63158
68421
73684
78947
84210
89473
11665
100000
20664
4759
45416
3450
15442
20549
51791
36842
60463
47368
11544
57895
26905
48125
73684
78947
84210
77512
94736
100000
32302
7391
46538
8187
16726
29664
52449
69599
42105
47368
25016
76263
63158
68421
73684
70301
84210
89473
94736
100000
1
4505
8782
7813
21053
28812
31579
36842
42105
47368
42148
52071
63158
68421
73684
78947
75635
89473
94736
100000
1
5264
18296
12594
14503
22570
31579
36842
42105
47368
18947
60376
32421
68421
73684
78947
84210
78802
94736
100000
1
46064
10527
10625
12280
38214
71674
36842
75115
4657
47318
57895
63158
68421
73684
78947
84210
89473
94736
100000
30021
14746
32625
11647
21053
26316
35142
71309
42105
42573
52632
57895
6238
68421
73684
78947
84210
89473
94736
100000
1
3009
10527
12196
17906
26316
31579
35841
63493
47368
52632
57895
63158
68421
20295
78947
84210
89473
94736
100000
1
11601
49897
15390
43025
19068
44573
66266
42105
47368
52632
57895
63158
68421
73684
78947
84210
89473
94736
100000
1
7723
27405
5049
25870
29730
31579
33102
42105
47368
52632
57895
63158
68421
66254
78947
84210
89473
85245
100000
9477
30320
40355
14230
17111
44094
31579
36842
37829
24618
52632
57895
63158
68421
73684
78947
84210
80504
94736
100000
1
4110
33175
13122
11891
26316
31579
27956
42105
10560
52632
51862
63158
68421
73684
78947
84210
89473
94736
100000
21041
32824
7620
15790
9748
26316
56126
29386
44287
47368
47318
49112
63158
68421
30108
78947
84210
89473
94736
100000
23038
2876
63490
15790
17426
15249
69637
67985
35258
9819
52632
57895
63158
68421
73684
78947
84210
89473
94736
100000
1
4759
54569
10237
18948
23671
75582
55196
70827
47368
47318
57895
63158
58774
73684
78947
30252
89473
94736
100000
1
4759
8565
4937
10041
21229
67664
69723
37764
19719
20516
57895
63158
68421
73684
70976
84210
89473
94736
100000
1
12503
8861
15790
21053
25068
28362
36842
42105
47368
11281
57895
63158
68421
19751
78947
43112
89473
85245
100000
11853
2847
21271
15790
11777
26316
47010
28184
74594
32866
36671
57895
63158
68421
73684
78947
58460
74604
94736
100000
4393
40745
7499
9344
30389
23671
31579
36842
42105
19473
52632
57895
6238
68421
73684
78947
84210
74937
94736
100000
8275
16478
49747
5486
38125
23671
31579
36842
32640
8777
47318
45841
63158
68421
42394
30007
84210
71561
94736
100000
1
4759
55858
4837
21053
32776
66775
36842
42105
4657
52632
57895
56780
68421
73684
46497
84210
89473
94736
100000
38945
18698
54023
15790
13518
26316
88151
58653
42105
47368
17063
76931
11042
68421
73684
78947
84210
89473
94736
100000
1
5264
14682
4424
24136
28348
31579
61715
42105
42363
52632
57895
6238
68421
73684
78947
13178
89473
94736
100000
1
3619
64425
7276
10077
26316
89053
36842
33055
16832
14010
57895
16367
51468
34713
78947
84210
89473
94736
100000
15722
44794
59183
15790
21053
24813
31579
36842
42105
30959
52632
52071
63158
68421
73684
32337
84210
89473
94736
100000
1
3309
44736
7762
9860
27714
31579
71898
42105
47368
52632
55264
63158
42688
40796
78947
84210
89473
94736
100000
1
31793
53511
15790
13737
26316
82559
31775
42105
38215
44234
57895
63158
68421
73684
34236
49630
89473
94736
100000
1
3792
9507
3837
13638
26316
43707
66850
55895
21511
52632
52071
63158
43958
73684
78947
84210
89473
94736
100000
1
4492
9507
15790
21053
15283
60391
36842
39597
23345
52632
57895
63158
68421
73684
78947
54252
89473
94736
100000
25404
38891
8530
3926
21053
37758
31579
30787
32124
47368
52632
57895
54785
68421
73684
41140
84210
89473
94736
100000
1
5264
16836
3473
21053
19413
31579
36842
42105
47368
52632
74226
63158
68421
73684
78947
84210
89473
94736
100000
1
11018
53003
5105
37263
26316
31579
58705
74175
27987
52632
57895
63158
68421
19201
31098
84210
89473
94736
100000
1
2756
50285
10533
12991
26316
31579
69151
42105
4657
52632
57895
63158
68421
21555
78947
84210
89473
94736
100000
1
5264
10527
14230
18644
43736
88512
36364
56873
5736
16912
76696
63158
68421
19660
78947
84210
89473
94736
100000
1
15158
9507
11691
21053
26316
31579
36842
37783
36758
52632
52071
63158
68421
73684
78947
8408
89473
94736
100000
1
4024
19278
12012
21053
20369
28372
36842
75125
47368
52632
46978
10241
68421
73684
78947
84210
89473
94736
100000
34696
18312
62034
4619
17249
13081
33298
36842
42105
47368
52632
57895
43250
68421
53050
78947
84210
89473
94736
100000
1
5264
8083
6881
21053
26316
28372
32732
41414
17032
16410
49230
19740
44664
21572
70976
84210
89473
94736
100000
1
4370
40574
17753
18422
26316
31579
37263
37829
22040
47318
52071
63158
54996
73684
78947
75776
89473
94736
100000
23064
3533
9507
14230
39490
31766
31579
36842
42105
23190
29652
57895
63158
68421
73684
70976
29740
89473
94736
100000
1
3625
69991
15790
11863
26316
81146
36842
42105
24082
18888
59689
63158
68421
20171
78947
84210
89473
94736
100000
35352
3148
53760
11297
24401
26316
86166
27477
55705
47368
40425
57895
63158
68421
73684
78947
84210
89473
94736
100000
1
41193
43852
14374
26600
18303
61805
33891
48914
19856
47318
51711
45504
55165
66254
43336
84210
77266
94736
100000
1
4759
60197
10566
19916
37179
33049
59842
42105
14486
42733
57895
63158
68421
73684
78947
84210
89473
94736
100000
1
26820
69284
15790
10760
24616
46008
57336
42105
18133
52632
52071
63158
68421
73684
78947
8665
89473
94736
100000
1
38821
8526
9072
10632
22479
54136
36842
42105
47368
52632
52071
63158
60071
73684
78947
84210
89473
94736
100000
1
6416
26295
15628
19058
26316
71487
42412
42105
47368
52632
57829
63158
68421
73684
78947
84210
89473
94736
100000
34945
44630
44031
13247
33856
18258
31579
60322
42105
42469
35893
57895
9764
55390
73684
78947
39174
89473
94736
100000
1
4759
66420
4165
21119
26316
52014
58075
42105
47368
52632
66211
14418
56450
54177
78947
84210
89473
94736
100000
1
4259
9435
12002
18023
19482
70081
36772
42105
40120
21647
70761
63158
68421
73684
78947
30999
89473
94736
100000
1
3479
57395
15790
20885
23671
46426
28931
43961
42573
52632
60083
63158
68421
73684
78947
84210
89473
94736
100000
1
4382
7796
12558
32986
34385
28372
44101
42105
33318
52632
49105
63158
68421
24208
78947
84210
89473
94736
100000
14614
3258
9059
6422
21053
26316
67101
34253
37829
47368
52632
57895
63158
42908
63744
78947
84210
89473
94736
100000
1
41059
9391
14230
11946
44076
31579
33102
37829
47368
52632
57895
63158
48679
73684
78947
84210
89473
94736
100000
6872
7380
42752
15790
21053
26316
70798
58014
42105
4657
22045
57895
20172
45467
73684
78947
84210
89473
39209
100000
1
4759
8669
10937
16995
20569
31579
33102
64170
39474
52632
57895
63158
68421
73684
78947
84210
80504
94736
100000
1
8620
67771
14230
20097
26316
39901
59292
37829
36723
52632
57895
42670
45851
73684
78947
84210
89473
94736
100000
1
25506
13766
13827
21053
16456
31579
30566
42105
47368
12690
57895
46737
57291
73684
78947
8737
89473
94736
100000
1
22938
9507
6765
18948
22313
51867
29134
52996
47368
42079
57895
63158
68421
60250
78947
45368
89473
94736
100000
1
2954
53281
13046
24784
47894
31579
44359
42553
33795
52632
53055
45983
68421
73684
78947
84210
89473
94736
100000
36254
4733
56686
14708
18948
30516
32242
40817
42105
7260
52632
57895
8624
68421
73684
78947
84210
89473
38046
100000
1
38226
9507
6922
21053
18753
34680
34284
42105
47368
52632
46533
56780
41898
50194
78947
84210
89473
94736
100000
1
4382
60408
4514
35611
15168
75894
36842
42105
6584
46475
52414
63158
49101
73684
78947
57164
89473
94736
100000
1
3818
9507
11644
21053
45640
88291
58749
69670
47368
46886
57895
63158
68421
73684
78947
84210
89473
94736
100000
1
4220
32667
5809
21053
15498
31579
53012
44098
4657
52632
49622
63158
68421
73684
78947
84210
89473
94736
100000
1
5264
8218
8932
21053
22909
31579
36842
42105
5121
52632
50585
63158
68421
36824
78947
84210
89473
94736
100000
31869
3402
8262
15790
18942
35634
31579
27500
37829
4657
52632
57895
63158
68421
73684
78947
84210
89473
94736
100000
1
4759
7657
5540
17620
35317
31579
55268
42105
47368
29880
57895
50650
45521
40391
78947
84210
89473
94736
100000
1
2590
35706
8629
26172
26316
72211
67971
37665
9406
52632
57895
63158
68421
73684
78947
84210
89473
94736
100000
1
4759
67088
14230
12277
14823
31579
30706
42105
47368
52632
57895
8737
68421
73684
33368
84210
71384
94736
100000
1
41835
8334
10282
13098
23671
41177
54513
42105
26312
17534
57895
32086
68421
73684
78947
84210
89473
94736
100000
1
3934
8858
13510
18052
26316
40401
33102
42105
47368
52632
59654
33959
68421
25440
78947
84210
89473
94736
100000
1
38983
15426
3282
12874
14472
31579
36842
50040
13983
52632
57895
63158
68421
73684
78947
75776
89473
94736
100000
1
2934
50291
15790
17576
23366
34534
27399
42105
47368
47318
57895
63158
47677
73684
78947
84210
89473
94736
100000
11970
3214
9387
15790
18658
23671
62977
66884
59237
47368
52632
58622
63158
68421
73684
78947
84210
89473
94736
100000
1
4759
35041
14022
16514
26316
37795
33546
39708
47368
52632
54666
63158
68421
73684
78947
84210
89473
94736
100000
3949
20865
15258
11440
18774
23012
66550
35564
75674
32083
52632
66621
63158
68421
36240
78947
84210
89473
94736
100000
1
2969
8867
12115
12678
14305
81062
36842
42105
47368
23963
71234
63158
68421
60887
78947
84210
78508
94736
100000
1
16584
14096
12696
21053
22468
82093
36842
42105
47368
19402
47565
63158
68421
73684
78947
84210
89473
94736
100000
1
2726
54601
14476
21053
20659
47829
71044
38416
6671
20513
50286
63158
68421
73684
78947
84210
89473
94736
100000
1
5264
7790
12063
10869
23671
28372
28229
42105
4657
52632
65570
63158
68421
73684
31106
84210
73053
94736
100000
21551
4325
58207
14230
26840
23671
47189
72666
43037
47368
52632
57895
63158
68421
73684
78947
84210
89473
94736
100000
17912
28664
64585
5394
23057
26316
80167
59567
42105
47368
52632
57895
63158
68421
73684
32289
84210
89473
94736
100000
1
4759
25486
12716
16407
26316
35336
30930
42105
10053
15800
57895
63158
54859
36109
78947
84210
89473
94736
100000
31389
3347
9507
5180
10747
20098
44019
32494
42105
28156
52632
57895
63158
68421
73684
78947
84210
89473
94736
100000
1
4759
10527
5110
42327
21269
84912
47208
37829
33216
42157
74107
53397
68421
73684
78947
84210
89473
94736
100000
4361
4149
33773
13155
18948
42742
62151
30117
42105
42573
35380
57895
6238
68421
73684
78947
84210
89473
94736
100000
16714
4558
8604
7496
36659
26316
44702
48628
35276
17070
24302
64867
63158
68421
73684
78947
84210
89473
94736
100000
1
16623
8310
12154
18948
15322
57871
36842
42105
47368
34814
57895
63158
68421
20677
78947
84210
89473
94736
100000
1
46288
10177
3831
11483
40887
64916
35989
42105
4657
52632
68823
63158
68421
73684
78947
84210
89473
94736
100000
1
7357
8907
13566
21053
19494
28372
34027
70533
6469
17902
57895
63158
46442
73684
78947
84210
89473
94736
100000
15917
4731
23135
11510
34072
14365
35144
33102
72763
19126
52632
57895
6238
61500
73684
56115
84210
89473
94736
100000
1
5264
9507
14230
21053
26316
30278
33102
36407
21452
15137
57895
52723
49728
73684
56347
84210
89473
94736
100000
1
44308
69500
17656
21053
26316
31579
36842
37829
17676
14125
57895
63158
68421
25105
78947
20611
89473
94736
100000
34303
20082
27063
13885
9567
26316
35266
61985
42105
13595
47318
57895
63158
68421
73684
78947
84210
89473
94736
100000
31397
42856
8606
11325
40589
15409
31579
66817
42105
47368
26455
57895
31425
68421
73684
70976
84210
78421
94736
100000
4032
4672
9427
11735
38324
21405
29042
69118
74756
38436
26822
53583
13684
68421
23081
78947
49082
89473
94736
100000
25464
4759
8747
8902
10868
32304
31579
58647
33021
23258
52632
62657
48255
68421
73684
78947
84210
89473
94736
100000
1
38873
10527
12073
14376
14296
69974
33102
42105
42573
17686
61479
63158
68421
73684
78947
8408
89473
94736
100000
1
4759
14819
12847
12407
13431
31579
71371
34714
20980
52632
57895
6238
68421
73684
78947
84210
89473
94736
100000
19736
43058
7855
10228
12752
30212
70160
36842
42105
18930
52632
57895
63158
68421
66254
70976
84210
89473
94736
100000
1
4192
54966
4978
13970
21240
28372
67809
59437
21270
52632
57895
49774
68421
73684
78947
84210
89473
94736
100000
38480
4759
70422
11081
18948
23671
31579
36842
42105
6724
42769
57895
14664
68421
73684
78947
84210
89473
94736
100000
12148
9829
10527
7143
21053
32562
82093
31767
42105
47368
52632
57895
63158
68421
73684
78947
84210
89473
94736
100000
18214
4636
10053
15790
42045
26316
33355
52064
74708
47368
39313
52071
45831
68421
73684
78947
84210
89473
94736
100000
3519
34743
10527
8482
21053
19540
31579
29572
37829
47368
11027
57895
12263
68421
73684
78947
35857
89473
94736
100000
1
2734
19219
10928
33972
29224
60218
29831
42105
12456
52632
57895
63158
51645
65867
78947
84210
78623
94736
100000
8678
21141
10527
10096
39983
23380
47943
36842
72022
42573
52632
76302
10937
44709
73684
78947
84210
89473
94736
100000
36681
2639
69406
12748
20488
26924
31579
36842
42105
47368
52632
57895
63158
68421
73684
78947
57851
89473
94736
100000
24359
30724
24834
13477
18948
46068
28372
36842
66334
47368
17724
57895
63158
68421
39337
78947
84210
89473
94736
100000
8452
4706
8778
14230
16759
17675
69054
43706
65307
19155
52632
57895
33905
68421
73684
78947
84210
89473
94736
100000
17524
4184
23779
9033
17707
26316
54718
36842
37711
47368
52632
54216
23192
68421
63081
78947
84210
89473
31442
100000
19953
31733
67836
4372
27212
23671
54128
36842
42105
47368
30510
48397
19699
68421
25602
78947
84210
89473
94736
100000
1
15303
50487
4601
21053
17187
31579
39058
33077
47368
40708
56683
63158
47942
23539
78947
84210
89473
94736
100000
1
29578
30748
5862
21053
16323
31579
36735
58936
47368
52632
57895
63158
68421
73684
78947
84210
89473
94736
100000
18905
3146
68710
14230
18422
26316
88553
33102
42105
4657
52632
57895
63158
68421
73684
78947
84210
89473
94736
100000
1
45420
10527
14097
9715
15969
42629
36842
60744
47368
30569
57895
63158
68421
66254
78947
12651
89473
94736
100000
1
4281
8348
4860
27924
23671
33901
36842
65509
47368
34861
48912
63158
68421
73684
78947
84210
89473
94736
100000
1
18947
23050
14230
21053
13594
36181
36842
42105
35077
52632
57895
63158
49326
19747
78947
84210
89473
94736
100000
5733
3225
9507
6026
18948
41391
44033
71676
42105
42573
52632
57727
17773
61500
20523
78947
84210
89473
94736
100000
1
3192
23594
4436
13628
30839
31579
33102
42105
47368
52632
57895
63158
68421
73684
78947
30451
89473
19342
100000
1
18876
64353
3848
9770
18548
51696
64980
60572
47368
52632
57895
63158
68421
73684
78947
84210
89473
94736
100000
1
4759
10527
3650
10932
22162
28901
44870
36110
47368
52632
57895
36807
68421
73684
78947
84210
89473
94736
100000
2006
4151
9507
9250
18948
16380
36131
44876
42105
42573
52632
50538
63158
61500
73684
31829
84210
89473
94736
100000
1
24133
30863
6338
21053
41261
31579
36842
39097
10953
52632
57895
63158
68421
73684
78947
84210
89473
94736
100000
1
3521
46210
14230
21053
34731
39611
36842
42105
47368
52632
57895
63158
68421
73684
78947
84210
89473
94736
100000
10742
4759
10527
11123
12667
24931
31579
29961
42105
4657
52632
57895
56503
68421
33839
78947
84210
75460
94736
100000
1
3747
68348
12146
31015
18853
54611
33102
61708
47368
23237
50781
63158
68421
73684
78947
84210
89473
94736
100000
1
3021
9045
13476
40670
26316
31579
33102
42105
47368
36204
78277
63158
57095
58893
78947
84210
89473
94736
100000
10552
4759
8732
11662
21053
40225
63164
36842
35949
47368
52632
74083
63158
68421
73684
78947
84210
89473
94736
100000
4142
28769
19986
13937
13850
47554
75296
72736
32582
42573
52632
57895
63158
68421
23082
78947
84210
89473
94736
100000
2021
3588
10527
10457
15257
45433
31579
32251
42105
42342
52632
73520
63158
68421
34897
78947
38900
89473
94736
100000
38272
22744
22796
15790
14801
16353
65948
36842
42105
11530
52632
57895
63158
68421
34695
78947
84210
89473
94736
100000
31869
3854
62865
11163
24279
15097
76624
42137
34835
47368
52632
57895
36737
50024
73684
78947
84210
89473
94736
100000
1
6315
13357
7573
24891
26316
36249
29540
37829
28037
52632
57895
63158
68421
73684
78947
64612
89473
94736
100000
1
3974
10527
13536
17385
16069
31966
33102
67420
47368
39563
57895
63158
68421
46919
78947
84210
89473
94736
100000
2603
4759
47395
8042
21053
26316
31579
36842
42105
47368
21883
61282
56780
68421
73684
78947
84210
89473
94736
100000
24606
5264
64660
11171
14477
18399
73842
42170
42105
4657
52632
52071
63158
68421
73684
78947
84210
89473
94736
100000
1
45683
7754
3593
16085
24192
61846
56977
42105
19870
47050
57895
17944
44955
73684
78947
84210
89473
94736
100000
1
4759
40434
14230
16394
26316
70356
36842
42105
33347
52632
50367
18406
68421
73684
29022
84210
89473
94736
100000
1811
43839
35408
7930
15496
14887
31579
36760
61800
26792
52632
52071
63158
68421
27497
78947
84210
89473
94736
100000
12448
4759
10527
7140
14161
20279
28372
70513
62568
47368
10956
53823
63158
68421
73684
78947
84210
78042
94736
100000
32435
4759
21769
6019
34088
34383
49369
39869
72153
47368
32131
55138
63158
68421
73684
78947
84210
89473
94736
100000
1
3061
31658
15790
17151
41829
63159
71024
69850
47368
52632
57895
63158
68421
73684
78947
20886
89473
94736
100000
1
44255
10319
19011
18948
23671
31579
36842
32927
47368
52632
49074
63158
68421
34583
36797
84210
89473
94736
100000
1
4720
54184
15790
10162
26316
31579
36842
36573
9265
52632
57895
63158
68421
73684
78947
84210
89473
94736
100000
1
5264
7923
6969
21053
34526
31579
39032
42105
4657
52632
57895
63158
68421
73684
66948
84210
89473
94736
100000
39513
2830
10782
5315
15876
27990
31579
36842
44487
27770
44731
68119
26300
68421
73684
78947
84210
89473
94736
100000
1
31635
10527
3812
14426
26316
39385
36842
74043
47368
52632
47611
18077
68421
73684
78947
84210
89473
94736
100000
1
36611
67925
4203
36988
18955
31394
28091
44318
47368
52632
57895
63158
42042
73684
78947
84210
89473
94736
100000
22431
45125
43340
15790
19796
26316
41988
43539
41933
42573
39705
70787
63158
44941
66254
78947
84210
89473
94736
100000
3329
4116
60680
15790
31428
16151
31579
36842
42105
11457
52632
57895
7786
68421
19046
78947
8408
89473
94736
100000
18061
4262
60471
9264
16357
14339
67109
36842
67208
47368
15727
57895
63158
47785
73684
78947
84210
89473
94736
100000
1
3899
7939
15790
11389
26316
69849
45549
42547
47368
35902
57895
63158
68421
73684
78947
84210
89473
94736
100000
24261
20924
7631
13552
21053
15175
71034
56433
42105
4657
52632
76870
63158
68421
21498
78947
84210
89473
94736
100000
1
15098
28057
12679
13951
26316
81784
27995
46832
40569
52632
57895
63158
68421
24131
78947
84210
89473
94736
100000
1
44264
10527
6820
16494
18394
31579
36842
53450
9798
52632
52071
63158
61500
73684
78947
84210
89473
94736
100000
1
2965
10527
15790
21053
31211
61709
36842
71646
47368
28321
57895
63158
61500
31194
78947
84210
71456
94736
100000
1
23906
8496
4551
12415
23671
31579
42574
37829
47368
19169
56622
6238
68421
73684
49079
84210
89473
94736
100000
1
2656
28974
9313
11981
22248
50503
61691
67913
47368
52632
68212
63158
45931
73684
78947
84210
76693
94736
100000
1
28454
19238
15790
21053
27698
57654
49879
35529
47368
14811
77153
63158
68421
47792
78947
84210
89473
94736
100000
3312
4235
10527
17527
21638
26316
56010
33102
35538
23936
52632
57895
63158
68421
73684
78947
84210
89473
94736
100000
1
37503
9507
6850
21053
13590
31579
36842
73650
47368
52632
57895
63158
56714
73684
78947
84210
73873
94736
100000
1
3304
44172
12599
21053
20716
28372
57793
33649
40656
52632
46538
63158
68421
65921
78947
84210
89473
94736
100000
19673
44071
49480
6339
15944
26316
85526
51735
42105
47368
47318
57895
17166
45191
73684
32851
84210
89473
94736
100000
1
25850
55551
3837
13355
26316
31579
36842
36621
42016
13603
57895
63158
45691
73684
78947
84210
89473
94736
100000
25320
4759
7966
7309
15690
41667
76189
36842
42105
47368
52632
64934
63158
68421
73684
78947
84210
80504
94736
100000
3710
3509
20083
4355
14708
26316
35340
36842
62879
47368
12534
70410
51976
55677
61960
78947
84210
89473
94736
100000
19551
3070
8955
11755
11314
37585
66963
36842
75488
47368
52632
57895
63158
44468
73684
78947
84210
89473
94736
100000
1
3796
10527
12558
13924
23671
54341
33102
74216
42226
25906
57895
63158
68421
73684
78947
84210
89473
94736
100000
1
4759
49116
8386
14096
26316
44212
32480
36856
47368
47318
57895
63158
68421
19022
66626
84210
73722
94736
100000
1
43010
20434
15790
33733
19673
31579
36842
34871
47368
14363
57895
63158
68421
73684
78947
84210
89473
94736
100000
1
4250
22063
8482
18948
23671
59531
36842
50682
47368
24934
49963
63158
68421
73684
32989
14614
89473
94736
100000
1
27604
16402
8087
16133
24669
77329
43800
42105
4657
52632
57895
63158
68421
73684
78947
84210
89473
94736
100000
1
3705
7521
14230
21053
26316
31579
67553
42105
19896
47318
57895
63158
68421
73684
78947
84210
89473
94736
100000
1
3955
10527
4070
15188
16362
46572
32292
69292
47368
18093
50210
24335
68421
73684
78947
84210
89473
94736
100000
1
4744
7755
15790
12583
20816
28372
67723
66120
39611
36101
49406
63158
42803
73684
78947
84210
89473
94736
100000
14869
35562
53747
15790
37600
26316
73324
36842
42105
47368
52632
52071
63158
68421
73684
33810
84210
89473
94736
100000
15844
2697
49762
11565
18948
26316
31579
52042
37829
25087
19448
57895
63158
68421
73684
78947
84210
89473
94736
100000
1
4759
10527
15790
35063
26316
31579
67574
50212
47368
12470
62530
63158
68421
73684
78947
84210
74372
94736
100000
1
4384
10527
12544
21053
34122
84067
33102
42105
15741
52632
52071
26771
68421
73684
35822
84210
89473
94736
100000
1
4759
24187
12070
21053
26316
63563
36842
33168
47368
52632
57895
37846
68421
73684
78947
84210
89473
94736
100000
16426
38331
38617
14230
41709
26316
86525
64391
42105
47368
52632
57895
63158
68421
73684
78947
24404
89473
94736
100000
1
13419
46874
7640
21053
21577
38299
36842
54672
47368
52632
57895
63158
46740
73684
31260
84210
89473
94736
100000
1
2607
62747
14230
15728
26316
31579
41727
32452
7182
45574
47075
63158
68421
28158
78947
75776
89473
94736
100000
1
3685
10527
5173
11748
26316
31579
33102
64590
42573
16426
57895
18788
68421
73684
78947
84210
89473
94736
100000
23348
35565
9325
15790
16554
47750
68342
28729
43257
47368
16620
61085
34413
68421
73684
27809
84210
89473
94736
100000
31447
3361
18905
4055
21053
14793
71474
36263
50110
40229
52632
77745
30945
68421
73684
78947
84210
89473
94736
100000
34356
29914
8280
5037
10289
39588
31579
29223
37139
42386
52632
57895
63158
61500
73684
78947
84210
89473
94736
100000
20055
4441
8717
12250
25753
17122
69214
33102
42105
47368
52632
57895
31692
68421
73684
78947
84210
89473
11633
100000
1
3928
22828
5425
21053
31709
31579
33654
37829
47368
52632
57895
45755
56942
73684
78947
84210
89473
94736
100000
1
24378
9507
12205
43267
26316
66139
44915
42105
4725
52632
57895
63158
68421
24253
78947
84210
89473
94736
100000
1
3334
17276
15790
29162
17934
31579
59727
42105
47368
15974
70895
63158
68421
73684
78947
84210
89473
94736
100000
1
3793
10527
9150
11899
46715
29652
36842
59355
24289
18102
65108
10083
51476
73684
78947
84210
89473
94736
100000
1
3351
11764
7915
39031
26316
49831
36842
37829
4657
52632
52071
45241
68421
73684
78947
84210
89473
94736
100000
21640
4490
51099
4103
15380
22182
31579
36842
37829
12345
16511
45687
37036
68421
73684
78947
84210
74677
94736
100000
1
20289
40591
4682
15035
32288
78596
36842
42105
47368
52632
57895
63158
48220
73684
27718
84210
89473
94736
100000
29099
4313
9465
11503
11371
26316
31579
36842
42105
47368
52632
59966
26048
68421
73684
78947
84210
89473
94736
100000
1
4682
70027
6778
21053
25378
66234
36842
57802
4835
40573
57895
63158
46476
73684
78947
84210
76815
94736
100000
9121
2728
10527
15413
29789
26732
35938
68987
65934
47368
38409
57895
63158
61500
73684
78947
84210
89473
94736
100000
1
5041
10527
9328
39739
46406
32600
62331
42105
47368
52632
78072
56780
52749
73684
78947
84210
89473
94736
100000
22843
2631
58730
3866
43361
26316
28372
51701
42105
47368
52632
57895
63158
56886
24241
78947
84210
89473
94736
100000
1
31673
49566
10539
28377
47874
48721
67774
42105
47368
21549
57895
63158
53180
73684
78947
84210
89473
94736
100000
8669
18480
65422
15790
14099
23671
80105
36842
42105
47368
29416
48171
63158
61500
73684
78947
84210
89473
94736
100000
29576
4759
9507
3927
21053
23671
28372
28056
62805
30268
39400
48611
6238
68421
73684
78947
84210
89473
94736
100000
1153
2601
7624
14230
32708
49116
69974
33102
42105
47368
15188
57895
63158
68421
73684
28344
8408
89473
94736
100000
1
4124
28349
9780
11756
21597
31579
56458
42105
47368
52632
57818
47453
68421
73684
78947
84210
89473
94736
100000
1
3367
46297
8917
31867
23671
31579
37905
42105
40517
52632
57895
13101
68421
19732
78947
84210
89473
94736
100000
1
5618
9507
8245
12759
22042
31579
36842
42105
42573
19208
57895
22399
68421
73684
78947
84210
89473
94736
100000
1
46179
10837
8899
11690
17013
74911
56195
42105
7359
52632
71422
63158
68421
20302
47791
84210
89473
94736
100000
1
3119
9637
9223
13354
23671
33609
36842
42105
35996
23622
54789
63158
68421
73684
78947
84210
89473
53266
100000
1
45952
68304
15790
11704
26316
31579
47328
42105
16922
40960
57895
63158
45069
73684
78947
57707
89473
94736
100000
8405
3695
28472
13467
12333
18723
44974
36842
61941
47368
52632
57895
63158
45794
53249
78947
84210
89473
94736
100000
1
16244
57420
8185
11274
26316
88188
36842
37429
33142
47318
57895
63158
68421
73684
78947
84210
89473
94736
100000
1
3572
7634
12862
28918
16992
31579
62475
49571
47368
37166
60590
63158
68421
73684
34262
84210
89473
94736
100000
8172
45747
9507
15790
41919
43503
31579
36842
38177
47368
42297
62103
63158
68421
73684
78947
84210
89473
94736
100000
30412
5264
8471
15790
10207
43059
50421
31241
46236
26640
52632
57895
56780
53089
73684
78947
84210
89473
94736
100000
1
28279
8408
15790
15661
23469
67921
36842
36624
42573
52632
57895
39541
68421
73684
78947
84210
89473
94736
100000
1
2510
25094
14230
18948
43729
31579
36842
34830
6955
52632
57895
63158
58245
73684
78947
84210
89473
94736
100000
6510
4188
62953
11170
12277
24196
50739
65379
42105
47368
16212
52934
63158
68421
73684
78947
84210
89473
94736
100000
29864
40072
9507
15790
21053
41388
31579
58976
42105
47368
38278
57895
63158
68421
73684
78947
84210
89473
94736
100000
13824
3203
39547
6513
21053
19937
61353
36842
42105
41719
52632
73410
16759
68421
44189
78947
84210
89473
94736
100000
1
4759
21458
14230
21053
15080
44171
36842
42105
47368
52632
57895
11450
68421
73684
78947
84210
89473
94736
100000
1
4759
44748
13011
19686
30816
31579
46090
39569
14894
52632
57895
63158
68421
73684
78947
84210
89473
94736
100000
2197
22477
10527
5868
31807
24662
31579
36244
42105
47368
11755
57895
63158
68421
73684
78947
84210
89473
94736
100000
1
43988
64524
14230
33439
26316
70946
36842
47916
9770
18116
57895
63158
68421
73684
78947
84210
89473
94736
100000
32679
4759
62975
9662
18948
26316
28372
72987
35748
30138
14584
57895
63158
48624
73684
78947
84210
89473
94736
100000
32383
44736
10527
13914
21053
23671
41004
42344
42105
47368
52632
65164
43694
45371
73684
78947
84210
89473
94736
100000
1
6085
22623
16857
40117
20854
31579
36842
61157
47368
22940
77734
63158
68421
73684
78947
84210
89473
94736
100000
1
2881
23698
11090
14526
26316
54561
28665
42105
47368
52632
57895
63158
68421
73684
78947
84210
89473
94736
100000
1
4561
53571
14731
11829
15190
28372
66652
37829
4657
52632
75325
63158
68421
73684
78947
84210
89473
94736
100000
13806
26509
9507
6554
17150
37237
64054
43468
42105
16192
52632
49029
44311
68421
73684
78947
84210
89473
94736
100000
1
3250
8760
15790
21053
18898
87728
55938
42105
47368
17438
78932
56780
68421
73684
78947
84210
89473
94736
100000
1
22987
7565
11098
16574
26316
31579
36842
58168
47368
43227
57895
25614
68421
55657
78947
84210
89473
94736
100000
1
14851
38163
12526
34442
18953
78717
51436
42105
47368
52632
57895
63158
68421
73684
32319
84210
89473
94736
100000
12174
4165
9490
11336
21576
29290
86793
36842
42105
47368
19068
57895
63158
48465
73684
78947
84210
89473
94736
100000
17560
23481
32612
14230
18313
29397
31579
68074
74734
47368
52632
57895
63158
68421
26049
78947
84210
89473
94736
100000
28129
2928
9410
14196
17019
23671
31579
36842
44905
47368
18423
77133
63158
68421
24012
78947
42119
89473
94736
100000
17250
12563
30589
11662
27197
20306
53775
49159
64387
26666
20905
57895
52872
68421
73684
78947
84210
89473
94736
100000
8473
45217
10527
12412
39814
29035
49037
36950
49108
17359
13868
57895
32909
68421
22357
78947
84210
89473
94736
100000
19533
45645
10527
14230
14907
26316
31579
62487
37829
37571
47318
57895
63158
68421
19641
78947
60728
89473
11600
100000
1
32477
41571
5061
17160
39481
44175
33102
34845
47368
52632
57895
45617
61500
20232
78947
84210
75442
94736
100000
1
2674
54636
7483
32249
26316
75926
27879
42105
5268
16709
57895
63158
57115
73684
51415
84210
78043
94736
100000
1
25377
32384
3211
9465
22545
28372
32006
42105
47368
52632
49068
63158
46948
73684
78947
84210
89473
94736
100000
1
9170
9459
6185
21053
28365
74660
36842
61856
47368
52632
66192
6238
40996
73684
78947
27747
89473
94736
100000
1
3481
27003
8489
10942
28901
31579
68028
42105
17285
16759
47808
63158
68421
73684
78947
84210
89473
94736
100000
36863
24699
10706
15790
14871
34617
89407
36842
42105
39074
47318
52960
21778
68421
73684
70976
84210
75295
94736
100000
12332
34117
9507
13462
29759
26316
31579
36842
42105
29167
52632
57895
63158
68421
73684
29661
21075
89473
94736
100000
1
34722
8604
15790
17264
26316
64636
35856
42105
29917
52632
46436
63158
68421
56084
78947
84210
89473
94736
100000
1
4669
50062
19371
35071
14802
31579
53849
38535
47368
42311
57895
63158
50053
53164
78947
84210
89473
94736
100000
1
3752
69028
14230
11556
19003
78328
36842
47585
10150
47318
60332
42394
68421
18916
78947
84210
89473
94736
100000
1
5264
29056
5726
21053
39738
31579
43320
35581
4657
26327
57895
63158
55102
73684
78947
84210
89473
94736
100000
8378
5264
7842
14230
10459
44431
61662
36842
37829
16993
52632
65270
63158
46139
73684
78947
40928
89473
94736
100000
1
3790
47327
6583
24308
26316
28372
36842
42105
47368
26236
69234
63158
68421
73684
78947
84210
89473
94736
100000
1
3467
47548
15790
14857
23237
31579
36842
53930
47368
52632
63797
63158
68421
20309
30857
84210
89473
94736
100000
30605
37971
9507
7870
21053
48369
81199
36842
71304
5165
52632
48814
63158
68421
19743
78947
84210
89473
94736
100000
1
3180
8574
8387
17526
40854
45117
36842
42105
47368
47318
57895
16317
56341
73684
78947
84210
89473
94736
100000
36222
3016
17483
6019
21053
20157
79488
36842
49395
39738
52632
57895
63158
68421
20113
30455
84210
89473
94736
100000
1
27241
9507
12673
9836
18879
31579
36842
37829
47368
52632
76610
45724
68421
25535
78947
84210
89473
94736
100000
21809
38111
8033
14230
24464
26316
62404
36842
68869
36885
52632
74836
63158
44913
73684
78947
55651
78756
94736
100000
1
15793
19964
15790
21053
21337
42634
27499
42105
27586
52632
57895
63158
47962
73684
78947
84210
89473
94736
100000
1
4334
10527
15790
16985
26316
40169
69922
43688
47368
47318
50764
35360
68421
73684
78947
84210
89473
94736
100000
1
5928
9059
11797
15475
15509
79608
50175
36446
47368
52632
61738
6238
61500
73684
78947
84210
89473
94736
100000
1
31866
25690
8183
42109
17377
66393
36842
70211
47368
52632
77399
63158
68421
49704
78947
84210
89473
94736
100000
1
28054
30262
15790
19037
26316
60423
36842
67180
25735
14551
52071
63158
52887
73684
78947
84210
89473
94736
100000
11207
20902
45998
12129
12476
16593
28372
56646
42105
47368
21871
57895
56780
68421
73684
78947
84210
89473
94736
100000
2425
4479
35121
15790
14893
17717
66013
33102
42105
39435
14323
57895
63158
61309
73684
78947
84210
89473
94736
100000
1
2513
8168
6768
30590
23671
28372
30997
37829
47368
52632
47922
11356
61500
73684
50005
84210
89473
94736
100000
15819
26766
61948
14230
12201
15458
31579
36842
32798
21263
16852
61160
63158
58070
73684
78947
84210
89473
94736
100000
1
2548
40700
9304
24049
33701
66518
43487
42105
47368
52632
76697
63158
68421
73684
34425
84210
89473
94736
100000
1
2535
31081
9878
21077
22340
31579
63586
51058
47368
52632
57535
63158
68421
73684
27756
84210
89473
94736
100000
1
39839
9507
15790
17326
24887
31579
36842
42105
47368
27771
54919
63158
68421
73684
78947
84210
89473
94736
100000
34226
3300
8675
5217
10302
26316
82009
36842
63909
47368
19798
57895
63158
57396
73684
78947
84210
89473
94736
100000
1
3688
31687
10239
21053
13440
34499
40766
41622
16669
15977
57895
63158
68421
73684
78947
84210
89473
94736
100000
1
31561
16029
4002
13783
26941
31579
32755
53363
41625
22392
52071
63158
68421
59452
30593
84210
89473
94736
100000
36626
4759
37229
9923
17949
23671
31579
36842
37950
47368
52632
57895
10692
49657
73684
78947
8408
89473
94736
100000
2518
18855
8669
5773
21053
41761
40835
38431
37243
47368
52632
57895
63158
68421
73684
78947
84210
89473
94736
100000
1
33459
10527
15790
12900
26316
48372
60813
76026
6674
13313
57895
56780
68421
73684
78947
62873
89473
94736
100000
2262
3302
47858
7756
29388
13093
75807
72719
42105
4657
27772
59593
63158
59373
73684
70976
41688
89473
94736
100000
1
5264
22464
14230
18948
26316
87007
36842
37020
47368
52632
57895
12063
68421
73684
78947
84210
89473
94736
100000
1
3358
13567
15790
21053
26316
57119
36842
42105
19010
52632
57895
63158
68421
73684
78947
84210
89473
94736
100000
1
45761
9507
11575
41322
17332
31579
65827
42105
9164
41182
52071
63158
68421
73684
78947
84210
89473
65175
100000
1
32135
10527
6611
18948
39868
80265
36842
42105
47368
13880
57895
63158
68421
73684
58801
84210
89473
94736
100000
1
31829
9507
13556
21053
35333
76873
48802
42105
29740
52632
57895
52598
49135
73684
78947
84210
89473
94736
100000
1
38596
37482
10301
41828
22553
30256
36842
72828
47368
52632
47050
6238
68421
25151
33446
84210
89473
94736
100000
1
4532
12164
11844
21053
16864
66986
36842
37420
47368
44454
57895
63158
68421
73684
34286
39269
79512
94736
100000
1
4587
11639
11994
16969
26316
88672
32732
37829
16111
52632
57895
56780
68421
33072
78947
84210
89473
94736
100000
1
3334
40532
15790
21053
23785
85700
45370
42105
47368
19286
57895
63158
68421
73684
78947
84210
89473
94736
100000
32319
3097
8969
8456
18948
26316
60650
32199
42105
14012
52632
61382
63158
46084
73684
51112
84210
89473
94736
100000
1
45062
10527
13199
35734
26316
54234
32709
70761
11348
52632
57895
6238
68421
73684
78947
84210
89473
94736
100000
16916
24526
8920
4236
42536
21402
70839
61496
35860
47368
52632
57895
63158
55385
73684
78947
84210
89473
94736
100000
1
2972
64222
4633
10861
31629
60584
58431
42105
47368
39169
57895
63158
52999
73684
30513
84210
89473
94736
100000
22670
4759
62160
8966
21053
15832
68813
46457
42105
7004
19907
57895
63158
43402
73684
78947
84210
89473
94736
100000
35634
4060
50705
5551
41280
17761
31579
37101
45319
42573
26448
57895
63158
68421
73684
47281
84210
89473
94736
100000
4681
33349
7632
12833
18948
23039
31579
43234
32844
10255
52632
57895
56166
68421
54603
78947
84210
89473
94736
100000
11290
2941
9507
16238
21053
15117
68705
52163
45435
47368
52632
51026
63158
68421
38811
78947
84210
89473
94736
100000
1
3101
8888
13984
11056
26316
65568
36842
63187
29292
32411
57895
63158
68421
73684
78947
84210
89473
94736
100000
1
4332
61451
15790
18948
17259
86626
36842
71888
47368
52632
53602
63158
68421
73684
78947
84210
89473
94736
100000
1
3655
7501
4968
17772
22620
31579
36842
42105
47368
23575
57895
63158
68421
73684
78947
84210
89473
94736
100000
135
5264
8575
3422
21053
20497
28372
32987
42105
47368
52632
57895
6238
68421
73684
78947
84210
89473
94736
100000
29320
22303
34187
3965
13837
26316
65745
70286
37829
26149
52632
56740
11620
68421
29205
48882
84210
89473
94736
100000
12971
3543
35642
10535
35750
26316
51995
66915
42105
39474
28289
57895
63158
68421
73684
78947
84210
89473
94736
100000
1
4434
8815
15790
11032
43988
35096
27147
37829
31333
12557
57895
6238
50374
73684
78947
84210
89473
94736
100000
24489
18240
26823
10394
23732
35751
31579
33102
42105
39536
17280
62172
6238
68421
73684
78947
84210
89473
94736
100000
1
26872
37615
6613
18948
26316
31579
44060
39338
4657
52632
57895
17349
68421
73684
27635
84210
89473
94736
100000
12559
3358
9507
15790
38446
13170
57562
69728
35790
47368
52632
57895
63158
68421
73684
78947
30056
89473
94736
100000
1
3975
9507
16895
16665
26316
68976
36842
42105
4657
52632
61061
63158
68421
19321
78947
84210
89473
94736
100000
1
25710
9507
9804
22156
21596
31579
36842
42105
47368
44971
57895
56780
68421
39537
78947
84210
89473
94736
100000
31965
5264
69756
4744
12510
26316
73712
36842
72313
47368
43007
57895
45523
68421
73684
78947
84210
89473
94736
100000
24138
2979
9507
15790
21053
20326
31579
36842
36059
23874
31346
57895
63158
45608
73684
78947
84210
89473
94736
100000
20972
29554
8017
7563
11666
15796
88840
70676
42105
13034
14862
57895
63158
57349
73684
78947
84210
89473
94736
100000
1
3625
31311
5390
21053
34374
81967
36842
54280
47368
52632
48747
63158
44494
73684
78947
84210
89473
85245
100000
1
4759
8197
14230
10562
26316
31579
57501
42105
24560
52632
66107
42713
68421
73684
78947
84210
89473
94736
100000
1
4703
9431
16172
12793
35436
31579
36842
42105
6240
16092
57895
63158
68421
22487
30787
84210
89473
94736
100000
31687
2662
56538
6720
41911
13627
68111
36842
34280
47368
52632
49117
63158
68421
73684
78947
84210
89473
63530
100000
27541
10285
9507
11200
13467
26316
86481
50869
46004
47368
30243
57895
63158
48627
48722
78947
84210
89473
94736
100000
22118
33283
10527
3754
21053
28351
31579
36842
74873
37882
22485
63080
63158
68421
73684
78947
84210
89473
94736
100000
1
4759
10527
14230
13060
30314
45655
29988
57952
47368
37406
57895
36657
44423
43252
78947
84210
89473
94736
100000
1
5264
9507
3640
16481
23671
76276
36842
59262
12150
35156
57895
40120
59546
54796
39379
84210
89473
94736
100000
13449
5264
10527
15790
33992
26316
31579
62466
69914
12269
45972
57895
63158
54592
73684
78947
84210
89473
94736
100000
24092
39412
69435
13881
13922
18076
53689
36842
34335
47368
52632
68535
63158
68421
73684
78947
84210
89473
94736
100000
1
30922
24927
10571
18408
45839
40483
65066
45937
37479
52632
72654
63158
54273
73684
78947
84210
89473
94736
100000
1
10059
7816
12301
21053
26103
86266
36842
56216
47368
47318
57895
18742
68421
73684
78947
84210
89473
94736
100000
1
33306
60557
10921
30845
26316
74947
36842
37065
47368
52632
57895
63158
59711
73684
78947
84210
75120
22959
100000
9263
2918
50328
6698
42225
14705
31579
36842
42105
12900
52632
57895
56780
68421
73684
78947
84210
89473
94736
100000
1
25068
9507
15790
14726
22055
54494
27218
73641
47368
52632
67701
63158
68421
73684
78947
84210
89473
94736
100000
1
3187
66882
13087
12048
26316
41768
54661
42105
47368
52632
57895
63158
61500
73684
78947
84210
89473
94736
100000
34901
17423
9507
15790
10605
15807
31579
28505
51001
47368
30410
57895
63158
59102
73684
78947
84210
89473
94736
100000
20396
2517
25462
15790
21053
16734
31579
36842
43577
47368
52632
69337
24832
68421
22102
78947
84210
89473
94736
100000
9267
34375
64368
10675
12113
46753
68179
36555
58319
39853
52632
57895
53708
68421
73684
78947
84210
89473
94736
100000
1
3748
39438
5537
32620
48115
30701
32286
38891
47368
34495
57895
16342
58424
73684
78947
84210
89473
94736
100000
1
38333
9507
15790
29143
26316
60075
58067
42105
7735
35011
57895
63158
68421
66254
28183
84210
76124
94736
100000
22063
37887
58379
14230
18948
26316
63905
47133
66429
47368
52632
64869
63158
68421
66254
78947
66618
89473
94736
100000
22010
4720
12449
15790
21053
14110
89060
70921
42105
36023
52632
71062
63158
68421
73684
78947
74318
89473
94736
100000
1
4759
10601
4804
11987
13345
31579
28964
42105
47368
22910
52071
56780
50159
66254
78947
84210
73679
94736
100000
1
13841
9089
15790
14804
45080
31579
69641
60505
40137
52632
57895
56780
68421
73684
34467
84210
89473
94736
100000
34492
2857
7968
9086
21053
23164
55195
73026
76111
47368
21947
57895
43862
68421
73684
32698
84210
89473
94736
100000
2705
5264
13434
4466
40140
39915
31579
34104
37829
47368
52632
57895
63158
41398
73684
78947
84210
79736
63197
100000
21127
46144
24364
9258
12809
21135
45679
32909
65724
47368
52632
57895
63158
43685
23543
78947
84210
89473
94736
100000
1
9064
45715
15790
11870
26316
79186
36842
36942
28205
52632
57314
63158
68421
21024
78947
75776
89473
94736
100000
11935
16954
9013
8889
21053
26316
31579
64735
42105
29089
32767
73744
63158
59863
63357
78947
84210
89473
94736
100000
15134
20897
10527
15790
21546
23671
31579
36842
42105
47368
52632
68693
63158
68421
73684
58528
84210
74730
94736
100000
8228
3188
63134
12224
18948
34659
87228
36842
42105
36629
52632
57895
63158
46401
73684
78947
84210
89473
94736
100000
27682
4230
19637
13708
9890
33054
31579
36842
42105
47368
11161
57895
56780
68421
73684
78947
84210
89473
94736
100000
13308
22285
9276
3588
21053
46657
53176
35788
42105
21452
52632
48851
20236
47066
73684
78947
84210
89473
94736
100000
1
3679
31857
15790
18948
26316
45094
63708
42105
47368
52632
73322
63158
49271
73684
78947
84210
89473
94736
100000
1
3845
47444
7783
17437
16222
31579
68539
37774
26311
52632
57895
63158
68421
23291
78947
84210
89473
94736
100000
1
2753
46705
11987
21053
26316
69787
47134
42105
47368
44826
57895
41475
68421
35902
78947
84210
89473
94736
100000
34660
6199
10527
14230
10241
21643
41434
30352
47035
47368
52632
47413
63158
68421
73684
38661
84210
73560
94736
100000
1
30603
60317
4031
39665
23211
68765
31230
41639
47368
27581
57895
63158
68421
22388
78947
84210
89473
94736
100000
1
17697
65743
14230
33104
22543
36754
30194
45142
47368
31027
57895
52708
68421
73684
78947
84210
89473
94736
100000
29004
22370
9507
11020
21053
21366
41110
36842
32125
47368
52632
57895
63158
68421
73684
78947
84210
77067
94736
100000
11733
3495
59850
9196
21053
26316
31579
31426
43319
29626
52632
57895
52459
58895
73684
78947
84210
89473
11456
100000
1
28000
10527
15790
31069
31797
88957
28050
40473
14425
52632
59185
63158
68421
73684
78947
84210
89473
94736
100000
13221
4056
8411
9155
11746
26316
52018
42044
35545
4657
43431
57895
63158
68421
73684
78947
84210
89473
94736
100000
506
5264
11169
15790
9764
18431
31579
72292
42105
22274
43311
57895
30103
68421
73684
78947
84210
80504
94736
100000
1
4702
68462
13899
9739
26316
63389
32298
36378
16575
52632
57895
63158
68421
73684
78947
84210
77080
94736
100000
14580
3280
16544
13326
40761
43279
62090
69386
70309
31850
52632
57895
63158
60289
22073
78947
46532
89473
94736
100000
5505
10594
20994
8260
33183
26316
31579
36842
42105
10208
34834
70210
56671
41378
73684
78947
54986
89473
94736
100000
1
4338
66429
14230
14958
26316
31579
36842
42105
47368
52632
52071
34174
68421
73684
78947
84210
89473
94736
100000
13544
3795
7948
13954
21053
44481
37901
33102
42105
13044
24311
48640
63158
68421
39487
78947
84210
89473
94736
100000
1
16257
9507
4331
9658
29090
31579
36842
35137
4657
52632
57895
63158
68421
26310
50411
84210
89473
11609
100000
8092
5264
10527
5886
16655
15190
81319
36842
47814
47368
16563
57895
63158
51616
73684
40270
84210
89473
94736
100000
1
3091
10527
8424
16675
19746
32805
28985
42105
47368
52632
57895
38962
68421
43427
78947
84210
89473
94736
100000
1
3349
10492
8549
15079
18066
31579
36842
42105
12072
18328
62581
6238
68421
73684
78947
84210
89473
94736
100000
1
2783
41178
13281
17565
20279
28372
72556
50551
4657
52632
57895
63158
68421
73684
78947
84210
89473
94736
100000
1
2498
26592
3392
9557
20894
59552
32559
48764
47368
36548
74238
63158
52264
73684
78947
35531
89473
94736
100000
1
44691
10527
8672
16529
20258
57558
45180
45450
41908
11325
48442
63158
61500
25895
78947
84210
89473
94736
100000
1
3237
48906
9265
20027
35034
31579
40653
67868
13152
52632
57895
63158
68421
66254
78947
84210
89473
94736
100000
1
24662
67925
14230
34161
20246
28372
53491
42105
42573
11156
57895
6238
48885
31589
78947
84210
89473
94736
100000
1
25924
35177
10748
37215
19096
28372
36842
42105
47368
22310
57895
63158
68421
73684
40080
84210
76749
94736
100000
11845
2876
10527
11797
13831
19781
41694
32414
42105
22658
52632
57895
34414
68421
73684
78947
34029
89473
94736
100000
1
3093
47622
15790
21053
23073
31579
28317
37136
47368
12195
57895
63158
59462
73684
78947
84210
89473
94736
100000
8777
2591
58134
15790
16734
17877
38802
39511
42105
47368
19484
57895
63158
68421
73684
78947
30726
89473
94736
100000
36453
3024
9507
15790
43070
17977
31579
63944
37829
9281
52632
57895
63158
55017
73684
78947
84210
89473
94736
100000
1
4095
18427
17918
14751
13684
31579
36842
60838
47368
42230
57895
63158
68421
73684
78947
84210
89473
94736
100000
1
18136
18622
6104
14310
26316
35248
49856
42105
42573
46723
57895
63158
68421
73684
78947
84210
89473
94736
100000
1
2628
51320
13790
17084
14067
29465
40111
38947
47368
52632
57895
50590
68421
73684
78947
58078
89473
94736
100000
1
3402
66152
10404
21053
26316
60774
36842
37829
41020
36914
64291
63158
68421
73684
78947
23900
89473
94736
100000
19234
5264
69449
11073
25385
26316
58788
36842
35770
47368
52632
57895
63158
56866
57407
78947
84210
89473
54936
100000
1
26597
9451
12510
18706
22148
31579
30159
34519
47368
18589
57967
63158
68421
19219
78947
70460
73208
94736
100000
1
17996
9507
5503
21053
13516
30006
36842
59531
47368
52632
57895
63158
48954
73684
44264
84210
89473
94736
100000
12846
45169
50695
17717
12155
34778
31579
36842
42105
4657
30902
57895
63158
68421
73684
78947
84210
77348
94736
100000
1
4316
17999
8968
12163
19710
31579
36842
42105
7789
47318
65473
63158
68421
73684
78947
84210
89473
94736
100000
1
4250
28542
3295
12640
24553
78608
36842
49747
47368
52632
74196
56780
68421
73684
78947
84210
89473
94736
100000
1
4759
24844
7426
21053
25995
37382
36842
43407
32664
15355
57895
32037
68421
73684
78947
84210
73754
94736
100000
1
3606
65291
6859
33716
18371
31579
28778
42105
47368
30252
57895
63158
68421
66254
78947
15726
89473
65325
100000
6933
24191
9507
11198
18948
48504
72707
44762
42105
47368
17676
60017
49774
68421
26175
78947
84210
89473
94736
100000
4382
38000
8607
15790
21053
19606
60550
36842
42105
36576
37329
53566
63158
61500
73684
78947
84210
89473
94736
100000
1
22669
8604
13576
16756
26316
70629
62447
49171
30842
11765
57895
63158
68421
73684
78947
84210
89473
94736
100000
1
3532
34373
9673
21053
26316
31579
28613
63692
47368
52632
51559
63158
68421
73684
78947
84210
89473
94736
100000
23292
7939
9507
15790
26813
44182
44785
45779
34645
47368
52632
57895
63158
68421
66254
78947
26878
89473
94736
100000
1
4249
45054
14074
16255
49222
31579
36842
42105
47368
52632
57895
63158
53086
73684
29117
84210
89473
94736
100000
1
19479
51337
9741
21053
41929
57482
29003
65858
47368
52632
57895
63158
68421
73684
78947
84210
89473
94736
100000
1
3113
10199
12320
11101
24005
46860
55377
42105
9187
47318
57895
34468
68421
73684
78947
84210
89473
94736
100000
32420
4506
32656
8189
11208
32091
28372
36842
36945
42540
52632
57895
34648
60988
73684
78947
84210
89473
94736
100000
1
23376
10527
15790
35562
43810
28372
36842
60614
27348
12175
57895
33552
68421
73684
78947
84210
89473
94736
100000
1
4759
43049
10394
38669
26316
31579
36842
45109
18286
52632
57895
63158
61500
73684
70976
84210
89473
94736
100000
1
19360
8498
7103
16380
18798
38051
42268
42105
42573
52632
57895
48866
51408
73684
78947
84210
89473
94736
100000
1
3209
9507
10442
21053
22286
31579
68243
42105
47368
20918
57895
32217
68421
73684
78947
84210
89473
94736
100000
1
45937
18150
15790
17199
18030
28372
43956
42105
36465
52632
57895
63158
54682
73684
31603
84210
89473
94736
100000
34341
5264
68047
7399
21053
25474
31579
36842
42105
14762
52632
57895
63158
52419
73684
78947
84210
89473
94736
100000
1
8514
19757
15790
18415
38182
31579
33102
42105
29862
52632
48271
45729
68421
73684
78947
58891
89473
94736
100000
1
22334
13353
14230
12582
26316
58088
36842
59128
4657
52632
57895
63158
68421
73684
78947
84210
89473
94736
100000
37937
3225
56770
6550
19721
14063
31579
36842
48483
47368
47318
57895
49463
68421
32348
78947
84210
89473
94736
100000
1
3394
24155
13082
22866
26316
81560
36842
64139
4657
52632
57895
63158
68421
73684
78947
84210
89473
94736
100000
1
2890
8087
7324
14904
26316
87292
36842
42753
5055
52632
73125
39636
59341
73684
78947
84210
89473
94736
100000
1
3679
36270
3304
21053
31639
31579
33102
33413
47368
11079
57895
54137
68421
73684
78947
84210
89473
94736
100000
1
3756
17842
5980
33565
27145
74014
36842
61292
42573
52632
52120
63158
68421
42632
78947
84210
89473
94736
100000
3999
4624
9914
13609
21053
32694
38205
36842
42105
42573
52632
57895
63158
49011
73684
40999
84210
89473
94736
100000
39556
2871
28829
15790
13634
14139
62235
36842
36914
9202
52632
52071
63158
68421
73684
78947
84210
89473
94736
100000
1
6905
16329
13529
19305
41121
83692
36842
73989
47368
45472
57895
63158
68421
73684
78947
84210
78535
94736
100000
35956
3944
9687
14091
44045
20771
74252
29183
42105
47368
16278
70287
63158
42734
73684
78947
84210
77645
94736
100000
21398
4288
8454
15790
15673
26316
31579
36842
42105
47368
17891
69422
63158
68421
73684
78947
84210
89473
94736
100000
28879
4759
34016
12077
13338
26316
28372
36842
42105
47368
52632
57895
63158
68421
73684
78947
84210
89473
94736
100000
1
2950
47469
18447
13292
46430
76858
27526
41982
47368
11305
52071
16704
53831
22678
78947
84210
89473
94736
100000
1
4675
9507
12536
35062
14047
67465
65273
67585
4657
44810
57895
63158
68421
73684
78947
84210
89473
94736
100000
1
4027
9507
11424
29042
22594
31579
61881
60026
30542
52632
52071
63158
68421
73684
78947
84210
89473
94736
100000
5273
2539
9507
15790
18649
13150
46480
36842
66361
47368
13582
75132
63158
68421
20812
78947
84210
78051
94736
100000
1
14525
7878
7680
21053
36416
80931
37613
37615
47368
46510
47570
39322
59179
73684
78947
84210
89473
94736
100000
34487
14236
9410
15790
11390
16082
55411
36842
72359
13249
38965
57895
63158
48796
73684
59377
84210
89473
94736
100000
1
3236
15118
5117
12590
21051
47220
38056
45450
31333
52632
52071
63158
68421
43420
78947
84210
89473
94736
100000
7514
3321
54318
14230
16444
22337
59673
28678
61036
47368
12873
57895
63158
68421
73684
78947
84210
89473
94736
100000
1
4759
57158
15790
13710
30964
80979
36842
59726
47368
52632
57895
22156
44355
73684
32662
84210
89473
94736
100000
19899
4759
9507
8020
15875
26316
31579
29141
37829
47368
43589
76284
63158
68421
73684
45359
84210
89473
94736
100000
1
16337
8809
12256
14213
26316
68551
36842
42105
47368
52632
57895
63158
68421
73684
27956
84210
89473
94736
100000
27131
3479
48231
4425
10752
13515
78975
33203
34462
28045
52632
57895
63158
68421
73684
78947
69777
89473
94736
100000
1
27456
10527
9166
20182
14033
31579
36842
42105
41498
16155
57895
63158
68421
50563
78947
17091
89473
94736
100000
548
3509
56958
11478
16415
16128
80429
36842
64864
47368
47318
57895
63158
68421
73684
49618
84210
76679
94736
100000
1
29087
21744
11660
10969
21705
60224
36842
49186
47368
52632
57895
63158
68421
73684
57197
42436
89473
94736
100000
17229
3237
10527
7086
9626
26316
49182
41926
45698
47368
26742
57895
6238
57820
73684
34569
84210
89473
94736
100000
1
15946
55505
3931
23558
32236
28732
55344
33360
42035
20003
57895
63158
42850
66254
49505
84210
89473
94736
100000
1
27514
69035
15790
15423
49069
78754
58957
38356
24698
19834
57895
63158
68421
32169
78947
84210
89473
33830
100000
6187
22645
39543
12335
18948
18706
62958
30831
66703
42573
52632
57895
63158
68421
73684
78947
84210
89473
94736
100000
1
2887
26655
11340
10243
19942
28321
70577
33811
12804
30711
57895
63158
68421
73684
70976
84210
89473
94736
100000
1
4759
55892
5216
9766
30774
31579
32218
35678
47368
33377
57895
63158
68421
73684
70976
84210
89473
94736
100000
1
3714
46320
14032
15826
26316
64152
35529
42105
47368
18694
57895
63158
68421
27829
28761
84210
89473
94736
100000
1
18957
9507
9538
27445
18166
86535
36842
75716
47368
36348
52662
36916
43555
28239
28984
84210
89473
94736
100000
1
22975
9507
14856
18948
22218
31579
36842
42105
6043
14094
57895
63158
68421
73684
78947
84210
89473
94736
100000
1
5264
51899
9917
12868
41330
66341
42423
36752
47368
47318
57895
21131
68421
73684
78947
84210
89473
94736
100000
1
34668
20220
10220
12796
26316
45816
29994
45319
47368
52632
57895
12921
68421
73684
37072
84210
89473
94736
100000
5667
3204
53787
6426
29152
16148
31579
36842
41789
47368
52632
57895
63158
68421
73684
78947
84210
89473
94736
100000
21089
4448
46811
17360
21053
32464
49199
36842
42105
27988
52632
75037
37837
50095
73684
78947
84210
89473
94736
100000
1
5264
29759
15790
18612
14402
52141
31897
42105
47368
52632
57895
8904
68421
73684
78947
84210
89473
94736
100000
1
7696
28403
11567
30228
26316
77661
36842
47457
47368
52632
65626
63158
68421
73684
78947
84210
89473
94736
100000
1
21863
55998
15790
20757
45601
72456
57552
35497
47368
41025
55845
63158
68421
73684
78947
84210
89473
94736
100000
1
3686
9507
15790
18948
26316
28372
36842
42105
47368
52632
57895
63158
68421
73684
78947
84210
74804
94736
100000
1
4759
41230
13719
15674
38355
31579
69317
42105
38832
47318
57895
53020
68421
73684
40182
84210
78458
94736
100000
1219
3700
9507
8459
43343
15635
28372
29294
36902
47368
47318
57895
63158
68421
73684
60735
84210
89473
94736
100000
1
32489
66124
15790
18948
13594
31579
69625
42105
47368
52632
57895
8667
68421
73684
78947
84210
89473
94736
100000
18825
8822
8127
8345
21053
45391
73909
30729
37829
10150
16844
52071
45917
68421
73684
61748
84210
89473
94736
100000
1
2812
15451
4387
21053
26316
28372
70140
34565
16897
47318
57895
63158
68421
73684
78947
84210
89473
94736
100000
1
19837
67789
8712
12986
26316
37405
31848
42105
47368
43441
57895
63158
49857
73684
78947
84210
89473
94736
100000
10535
34575
63607
14230
16509
21124
31579
65904
71610
24295
52632
57895
13143
49152
20039
78947
44000
89473
94736
100000
4104
4177
42138
5860
19094
26316
31579
57076
37043
20926
36043
57895
63158
68421
66254
78947
84210
89473
94736
100000
1
3909
29847
4708
14642
26316
63660
35702
37247
29229
15032
45678
63158
41028
48012
78947
84210
89473
94736
100000
1
3592
8551
7469
19942
18597
31579
32915
32189
42573
11329
78012
63158
46070
23892
78947
84210
89473
94736
100000
21265
4556
9507
4872
9746
20686
51143
43960
38125
40499
52632
57895
63158
43587
73684
78947
28008
89473
94736
100000
6312
4759
9403
19770
12287
21873
39663
69662
65465
37468
27921
57895
63158
68421
73684
78947
84210
89473
94736
100000
1
2765
61145
9830
35606
24505
28372
27734
42340
47368
15216
57895
63158
51017
23733
78947
84210
89473
94736
100000
1
4759
46546
3262
19189
26316
54159
40027
33077
47368
11793
63737
63158
68421
50903
78947
84210
89473
94736
100000
1
3532
18715
5799
44265
13716
45632
33102
42105
28756
21025
57895
63158
68421
73684
78947
84210
89473
94736
100000
1
3436
10527
8557
12504
26316
48540
33102
42105
47368
52632
51498
63158
68421
66254
78947
84210
76416
94736
100000
1
5264
9507
15790
18254
47955
28372
27808
50158
20764
52632
50954
26639
68421
73684
78947
84210
89473
94736
100000
1
3823
34104
13332
18254
26316
67890
45250
35593
47368
52632
52234
15580
68421
73684
29697
55348
89473
94736
100000
1
2879
8048
10116
34060
25191
61658
39835
35988
18801
52632
57895
63158
68421
73684
78947
84210
89473
94736
100000
26302
4346
10527
7011
18948
47327
31579
31384
53320
47368
52632
57895
32145
68421
73684
78947
84210
89473
94736
100000
1
4759
41001
9753
13663
26316
73262
36842
47337
30530
31230
61284
63158
50991
73684
44558
8408
89473
94736
100000
1
39681
36597
7643
18948
13836
87522
51896
70348
35014
52632
57895
43847
68421
73684
70976
84210
89473
94736
100000
1
3207
30416
12122
21053
41345
29489
73116
37829
47368
52632
72985
63158
68421
61851
78947
84210
89473
94736
100000
1
13361
9507
14230
29439
22613
42045
28236
42105
9836
52632
57895
63158
68421
73684
78947
84210
89473
94736
100000
1
7317
68794
15790
23584
27760
40745
55392
42105
47368
52632
50861
63158
68421
73684
78947
84210
89473
94736
100000
29883
4685
17169
10603
15796
23938
31579
72214
42105
47368
52632
57895
42082
68421
19406
78947
84210
89473
94736
100000
1
4759
23115
7367
18948
33356
31579
31212
42105
4657
52632
60100
63158
48002
73684
78947
84210
89473
94736
100000
2641
25372
8913
12314
18025
13477
76555
43909
42105
47368
52632
68557
56780
68421
73684
78947
84210
89473
94736
100000
1
5264
9507
15790
42208
17283
31579
43290
42105
47368
26849
57895
16634
68421
59007
78947
84210
73362
55366
100000
1
3984
34463
6391
17200
22358
39607
36842
33617
5741
52632
57895
63158
46576
73684
31838
20636
89473
94736
100000
1
3647
15543
3328
14717
20733
31579
36842
42105
25671
52632
57895
63158
68421
24553
78947
84210
89473
94736
100000
9273
2697
8642
14230
11374
20169
31579
36842
42105
13877
19544
57895
63158
42956
73684
78947
42097
80504
94736
100000
1
10788
8130
10278
12987
44013
31579
28488
35610
26787
13295
73966
24301
68421
73684
78947
84210
89473
94736
100000
38130
43992
26047
11281
30839
41642
31579
57669
33519
42386
42327
74341
63158
68421
73684
78947
84210
89473
94736
100000
35700
4574
10527
13847
17974
23671
28372
52256
42105
47368
46881
57895
63158
61500
73684
78947
84210
89473
94736
100000
8365
4382
10527
15790
21053
46826
86643
36842
37278
21389
52632
52071
63158
68421
73684
78947
84210
89473
94736
100000
7482
4759
67608
10000
18948
20501
59589
59928
69942
42573
52632
54986
63158
58575
73684
78947
84210
89473
94736
100000
1
4759
8371
8752
21053
16890
79194
36842
42105
47368
13465
52071
63158
61500
55975
78947
84210
89473
94736
100000
1
3003
9507
15790
26404
21706
57361
36842
45254
47368
15065
57895
63158
68421
73684
78947
46375
89473
94736
100000
1
31908
24081
11285
18948
43112
35449
63879
69386
42573
52632
65926
63158
42686
73684
70976
84210
89473
94736
100000
1
32633
9507
14230
13823
28469
65644
36842
42105
9705
16826
57895
63158
68421
73684
78947
84210
89473
94736
100000
1
2854
43693
7281
16558
48163
42303
36842
42105
14557
47318
57895
30804
68421
73684
78947
84210
89473
94736
100000
1
45443
61172
15790
12203
26316
63982
36842
42105
40891
52632
57895
63158
68421
73684
58150
73932
89473
94736
100000
1
4587
63189
12058
17998
18475
78674
36842
42105
26806
52632
56837
33456
54747
19593
78947
84210
89473
94736
100000
10957
34909
9507
18370
21053
23671
31579
36842
33279
47368
52632
52071
29086
68421
73684
78947
84210
89473
94736
100000
38453
45197
26675
10500
13538
18495
78784
36842
42105
47368
14420
57895
20832
49880
73684
78947
84210
89473
94736
100000
1
4759
23055
11417
44195
26316
89092
33102
73396
4657
40688
51922
63158
68421
73684
78947
75776
89473
94736
100000
1
5264
32501
12811
14779
14490
89368
39729
74877
27358
47318
48790
63158
68421
73684
30093
84210
89473
94736
100000
34057
3276
63068
15790
15988
26316
51946
36842
34748
47368
43138
72714
63158
68421
73684
78947
84210
89473
94736
100000
1
10351
41903
7251
15603
19225
29032
36842
32552
38710
52632
52118
63158
68421
20211
78947
84210
89473
94736
100000
1
35554
10527
14114
18948
26316
31579
29506
36003
47368
52632
61535
63158
41548
73684
78947
84210
89473
94736
100000
1
6965
8847
13518
21053
47128
81500
36842
42105
37603
52632
59149
42235
68421
73684
29890
84210
89473
94736
100000
1
4345
22628
15790
13275
16347
58734
65745
72747
4657
15467
57895
63158
68421
73684
78947
84210
89473
94736
100000
31337
4558
28601
4411
13564
18744
35016
36842
42105
47368
52632
57895
23608
68421
73684
78947
69784
89473
94736
100000
16321
2561
33665
9751
19131
26714
64532
53859
59851
33480
47318
57895
63158
68421
73684
78947
84210
89473
94736
100000
1
3717
9208
14230
13080
26316
59093
29319
35485
42573
52632
57895
16744
44293
66254
78947
84210
89473
94736
100000
1
28218
8955
16705
21053
41951
28567
36842
47687
47368
52632
60794
63158
59203
73684
78947
84210
89473
94736
100000
1
4759
10527
17566
18662
28187
31579
33102
42105
7981
12738
78604
15672
68421
43733
78947
84210
89473
94736
100000
32144
3195
8937
9729
12309
23671
28372
42266
40496
47368
47318
49832
63158
68421
50138
70976
84210
89473
94736
100000
1
40983
64954
10071
21053
14654
33904
27099
48223
47368
52632
57895
31050
68421
73684
78947
84210
89473
94736
100000
1
17996
8021
6339
9975
19624
61949
36842
73312
47368
52632
57895
54820
68421
63662
78947
84210
71981
94736
100000
1
2877
31808
7090
13855
43818
31990
41633
41054
34137
38142
57895
63158
56550
73684
38995
84210
89473
94736
100000
1
2779
37416
12067
29633
28734
73842
70283
42105
11995
18030
57895
50037
68421
43923
78947
84210
89473
94736
100000
1
26174
34988
3752
15245
23164
31579
32914
42448
38610
14021
63536
63158
68421
24051
78947
84210
89473
94736
100000
1
3218
9507
7551
13713
23671
43184
36842
42105
47368
11711
55179
63158
58100
73684
55338
84210
89473
94736
100000
894
4759
51635
10677
10492
26316
60840
36842
70133
47368
29644
49958
63158
57898
73684
78947
84210
89473
94736
100000
32522
3324
9507
14230
21053
20674
31579
31714
35905
26763
41266
57895
56780
68421
57980
34684
84210
89473
94736
100000
1
2825
10527
12606
18662
14001
51108
36842
42105
47368
52632
56875
48908
53156
53164
78947
84210
89473
94736
100000
1
3047
15058
15790
16879
23671
28383
36842
72663
42573
37127
57895
63158
56484
22582
78947
84210
77684
94736
100000
20433
4759
39081
13967
9570
21675
31579
40210
42105
47368
52632
57895
63158
68421
73684
78947
84210
89473
94736
100000
12641
32806
40806
11575
29252
32398
31579
36842
72210
47368
15390
48650
24682
68421
73684
78947
72143
89473
94736
100000
2055
25486
14162
14230
37677
39448
62416
28821
65475
33964
46068
51009
63158
68421
73684
27864
84210
89473
94736
100000
1
31134
10527
14230
21053
21678
73316
36842
43929
18357
52632
57895
24222
61500
45516
78947
84210
89473
94736
100000
16076
40913
39642
6222
12913
34780
72756
63394
57032
42573
52632
57895
63158
68421
23036
29808
19769
89473
94736
100000
1
35643
7820
14222
11135
41111
31579
36842
42105
41806
52632
57895
63158
68421
73684
78947
28294
89473
94736
100000
36679
5264
9507
7281
36911
20667
31579
36842
42105
47368
52632
57895
38069
55481
73684
78947
84210
89473
94736
100000
1
23097
31750
11658
18948
42590
28372
30644
68143
47368
44026
57895
63158
68421
73684
78947
84210
89473
94736
100000
1
2962
27932
14230
44248
16774
64840
36842
55840
27809
52632
52071
52804
68421
73684
78947
84210
89473
94736
100000
32766
14841
8605
8347
14833
24314
31579
30727
41435
47368
31219
57895
63158
68421
73684
78947
84210
89473
94736
100000
9504
17830
46585
7419
21053
33245
57798
28474
42105
20315
47318
47226
63158
46442
66254
32660
84210
89473
94736
100000
10496
3027
9507
8789
15516
37023
31579
71766
54462
47368
52632
49714
63158
68421
19975
78947
84210
89473
94736
100000
29259
14778
45717
15790
21053
22557
39812
35324
42105
47368
52632
57895
38016
68421
73684
78947
84210
78282
94736
100000
16667
21956
7891
8941
25109
16122
31579
36842
42105
27076
52632
48412
63158
57702
73684
78947
84210
89473
94736
100000
15197
30780
7512
6921
33878
26316
31579
33102
74909
18440
42372
57895
63158
68421
73684
78947
84210
89473
94736
100000
1
4319
30637
3417
10286
19033
72061
56312
34832
24687
52632
57895
63158
68421
73684
78947
84210
89473
94736
100000
28518
3697
48184
15790
21053
13479
40121
36842
42105
47368
22206
57895
9716
68421
65069
78947
53755
89473
94736
100000
28494
45796
52774
4778
11963
36145
71215
59028
42105
29790
52632
57895
63158
59827
66254
28390
84210
73313
94736
100000
1
3309
18032
15790
9427
43555
67922
36842
53296
11867
52632
57895
63158
68421
24109
34312
37222
89473
94736
100000
1
43230
21035
5071
31378
44516
75436
36842
42105
4657
52632
57895
63158
68421
73684
78947
84210
89473
94736
100000
1
2877
8350
3585
36632
26316
68338
29973
58621
47368
52632
57895
63158
47766
73684
78947
84210
89473
94736
100000
1
4759
67119
15790
14706
26316
72954
27675
51159
47368
31625
57895
56780
68421
73684
28913
37460
76101
94736
100000
37556
4449
45663
14222
21053
23671
28325
36557
68153
47368
18403
61920
12370
50599
73684
31737
84210
89473
94736
100000
1
3128
9385
7843
21053
31617
31579
50859
36941
4657
43559
65015
35143
68421
73684
78947
84210
89473
94736
100000
1
2923
67527
16457
21053
23671
31579
36453
62659
47368
52632
57895
63158
68421
73684
78947
84210
73286
49654
100000
1
4759
30230
12166
18948
26316
63189
42071
42105
47368
15983
52071
56780
46830
73684
78947
84210
89473
94736
100000
30483
2977
17442
7205
21053
38128
49610
33102
42105
23838
52632
58371
39824
41000
73684
78947
84210
89473
94736
100000
5963
31348
9019
9022
16672
18232
75137
36842
42105
47368
52632
51739
20063
68421
50306
78947
84210
77490
94736
100000
1
11365
58739
9445
28312
23671
31579
27764
37829
42573
17165
57895
63158
68421
73684
78947
84210
89473
94736
100000
1
3486
7988
4628
12531
26865
31579
36842
61096
47368
52632
57895
63158
68421
73684
78947
84210
89473
94736
100000
1
32302
57938
13686
21053
23671
35173
27086
42105
13953
52632
57895
63158
68421
25524
62235
84210
89473
94736
100000
1
3254
18727
7875
30474
38172
57833
50141
48533
27891
52632
57895
63158
54097
73684
78947
84210
89473
94736
100000
12978
3788
60951
7111
21053
42304
83863
29760
37829
47368
16906
57895
12201
53049
73684
78947
8408
89473
94736
100000
23015
27503
19403
9106
21226
43741
28372
33416
65544
34851
52632
57895
17360
68421
73684
78947
84210
89473
94736
100000
221
4759
26444
4246
27432
26316
31579
36842
41413
23007
18199
57895
56780
68421
66254
78947
84210
89473
94736
100000
28743
29772
20369
5469
18948
23671
79478
56705
42105
18604
52632
70426
63158
46889
73684
78947
84210
89473
94736
100000
1
2845
48610
13287
39868
32407
54736
54631
55266
33716
44464
54022
63158
68421
73684
78947
21822
89473
94736
100000
26102
4319
54492
17461
21053
21863
31579
36842
57729
18264
52632
57895
63158
68421
73684
78947
55978
89473
94736
100000
1
4195
21363
10382
37165
17128
61033
36842
72238
47368
15271
57895
63158
45146
73684
78947
84210
89473
94736
100000
1
43871
66877
5641
21053
23671
42345
33102
75189
47368
52632
57895
63158
68421
73684
78947
55849
89473
94736
100000
37676
3679
44882
15790
18042
40654
28372
44535
42105
37140
52632
61823
63158
49391
73684
78947
84210
89473
94736
100000
30626
21568
43441
15790
15831
39850
29780
48229
42105
47368
52632
57895
63158
43409
66254
78947
84210
89473
94736
100000
32502
3344
54537
13410
21053
37031
60694
33102
42105
20302
17294
57895
63158
68421
21355
78947
84210
89473
94736
100000
1
2574
9507
12988
18948
18597
31579
36842
38640
11493
47171
75241
6238
68421
73684
78947
84210
89473
94736
100000
1
2503
25561
15790
9543
34413
31579
51244
37829
47368
52632
57895
63158
68421
73684
78947
84210
89473
94736
100000
2519
4433
12659
5599
21053
35335
64688
33102
42105
32908
24585
57895
63158
68421
73684
31268
84210
89473
94736
100000
28052
3607
14184
9865
21053
18992
29621
36842
42105
40291
52632
57895
35120
46823
73684
78947
84210
89473
94736
100000
1
5264
26249
14174
27672
23671
86019
34855
42105
47368
52632
57895
63158
47187
73684
33476
84210
89473
94736
100000
1
41891
38725
4090
9516
19885
28372
36842
51608
39414
52632
56517
63158
43828
73684
78947
84210
89473
94736
100000
1
5264
7985
3879
21053
23671
31579
32203
42105
47368
19427
67416
63158
47558
52195
43426
84210
89473
94736
100000
1
3194
9507
15790
15182
15565
44681
29056
34657
36848
52632
68411
63158
41244
18793
78947
84210
89473
94736
100000
2542
4658
9507
9106
17190
17784
58424
56662
32633
4657
52632
57895
63158
52599
51200
78947
84210
89473
94736
100000
26931
4451
24566
13171
14893
38705
28372
42637
42105
6172
52632
57895
56780
68421
20340
78947
84210
89473
94736
100000
1
3744
7790
15790
10213
26316
31579
32509
42105
47368
52632
57895
54763
68421
57234
78947
84210
89473
11540
100000
1
41158
53532
13227
21053
26316
31579
56951
42105
47368
52632
57895
63158
55058
73684
78947
84210
89473
94736
100000
1
2525
45134
9838
12568
15913
53859
70892
48432
13438
42447
57895
63158
41978
73684
78947
84210
89473
94736
100000
36699
30502
37190
5845
18948
26316
31579
33102
62498
47368
42769
70155
63158
68421
73684
78947
84210
77132
94736
100000
1
14236
46186
15790
21053
15894
31579
37238
42105
47368
17095
57895
27009
68421
73684
78947
84210
89473
94736
100000
26330
36446
10527
6387
21053
20095
60363
52315
42105
11507
47318
58670
13153
68421
73684
32313
84210
89473
94736
100000
1
5887
66763
4419
32292
13900
31579
36842
42105
4657
52632
57895
47308
68421
73684
78947
84210
89473
46403
100000
26753
37442
9507
10060
21053
18030
31579
27818
42105
13174
37651
64829
6238
57252
73684
78947
84210
89473
94736
100000
1
3908
9507
12534
15509
20477
31579
36842
42105
47368
23838
57895
46320
43899
73684
78947
84210
75999
94736
100000
1
4759
59579
5516
13241
26316
43308
36842
43275
47368
52632
50804
63158
68421
73684
78947
84210
89473
94736
100000
1
43755
8674
6433
9840
47136
61615
51420
59748
47368
52632
57895
56780
68421
73684
78947
65336
89473
94736
100000
1
3801
56276
5003
21053
47619
63802
60346
51128
47368
52632
52834
9858
68421
66254
78947
84210
89473
94736
100000
1
38483
8713
12293
18948
33478
31579
36842
42105
11569
52632
57895
63158
53742
73684
78947
9211
89473
94736
100000
1
22926
7721
8496
12002
26316
31579
35957
42105
47368
24480
57895
63158
68421
73684
78947
84210
89473
94736
100000
1
4372
10527
11832
21053
36756
31579
33102
36252
47368
52632
73806
63158
46141
27154
78947
84210
89473
94736
100000
3568
3606
35540
8185
21053
26316
61044
36842
61823
28412
40199
72496
63158
68421
34764
78947
84210
89473
94736
100000
1
14930
22749
10538
19740
26316
31579
51040
42105
47368
52632
57895
42776
68421
73684
78947
31010
89473
94736
100000
7042
33754
52971
14524
9975
26316
28372
36842
48975
47368
52632
55503
24286
58388
73684
78947
18680
89473
94736
100000
1
33011
69430
15790
21053
13039
46298
29160
42105
28756
40650
51814
63158
68421
73684
78947
75776
89473
94736
100000
38276
4759
30785
6086
14295
28731
81027
36842
35142
4657
52632
57895
46152
68421
73684
78947
84210
89473
94736
100000
19394
44579
8374
15790
41803
14165
31579
56073
42105
12442
18842
57895
63158
59246
73684
78947
71142
89473
94736
100000
1
28308
19874
3575
21053
26316
30064
33102
42105
47368
52632
46476
63158
68421
73684
78947
84210
89473
94736
100000
21288
24478
8676
13260
12782
17580
65916
44848
42105
25722
14661
58027
63158
68421
73684
29942
84210
89473
94736
100000
5327
20345
43457
3451
15221
16042
33697
33102
45735
47368
52632
57895
40064
46584
73684
78947
84210
89473
94736
100000
1
5264
27225
13583
41633
20815
31579
36842
42105
42573
18520
57895
63158
68421
73684
78947
84210
89473
94736
100000
1
5570
51472
6398
21053
21357
47525
27268
53264
47368
52632
57895
63158
68421
34887
78947
33287
89473
94736
100000
34630
29356
26498
12859
21053
17626
31579
36842
35786
15243
52632
57895
37149
68421
73684
78947
84210
89473
94736
100000
1
4759
19929
14230
13840
26316
31579
55530
55606
47368
52632
57895
63158
68421
73684
78947
84210
89473
94736
100000
1
3999
42977
15790
21053
30318
31579
37694
42105
47368
52632
57801
63158
68421
60473
78947
84210
75047
94736
100000
7175
3821
54598
3322
10255
26316
30345
53110
42856
47368
40269
57398
63158
68421
73684
78947
84210
89473
94736
100000
1
17238
8923
15790
23313
17919
31579
53172
71210
42573
47318
57895
47702
53273
73684
58276
84210
89473
94736
100000
1
3588
60461
10271
18948
16803
31579
47604
42105
6784
52632
65128
63158
68421
23202
78947
84210
89473
94736
100000
1
3404
9492
15790
16848
19886
62084
44300
52167
47368
52632
57895
44834
68421
73684
78947
84210
89473
94736
100000
1
3343
9507
15790
18641
23671
31579
43475
42105
47368
47318
57895
45914
68421
73684
78947
84210
89473
94736
100000
1
2680
9235
15790
33536
18718
38354
36842
42105
47368
52632
57895
51177
68421
73684
78947
84210
78058
94736
100000
1
37567
28424
8794
18571
26316
31579
50355
42105
38242
12658
57895
63158
68421
73684
78947
84210
70975
94736
100000
17082
6516
10527
14230
32409
26316
57199
63857
37829
23736
52632
57895
63158
55506
20122
78947
84210
89473
94736
100000
1
27875
47652
8634
18948
23671
78838
36842
59797
7759
12498
54616
63158
68421
59097
31457
37761
89473
29528
100000
1
7645
53915
4342
21053
20913
72542
30265
42105
12025
52632
55691
63158
68421
73684
78947
84210
80504
94736
100000
1
32778
55423
12271
17501
23671
87843
33102
42105
47368
52632
65320
63158
68421
66254
78947
25456
89473
94736
100000
18348
4191
8689
8955
31442
26316
31579
51689
75154
47368
21922
57895
63158
68421
55488
48837
84210
89473
78026
100000
1
40840
9507
12418
27182
20465
85383
36842
62607
19900
23075
57895
40155
68421
73684
54582
84210
89473
94736
100000
31772
4759
34103
8315
12386
13835
31579
55849
33077
33850
33858
58546
63158
44027
73684
60526
84210
89473
94736
100000
13476
4193
9507
15790
11943
17351
28372
36842
42105
22221
13729
57895
63158
68421
73684
50180
84210
89473
94736
100000
1
4536
9507
10965
21053
26316
28372
36842
45073
47368
22831
57895
63158
68421
73684
78947
84210
89473
94736
100000
1
5264
46143
15790
18948
22787
43589
29508
55277
42573
52632
61761
63158
68421
73684
78947
84210
89473
94736
100000
11048
2535
9221
4089
21053
23349
31579
29781
42105
47368
42660
57895
27666
68421
73684
78947
56108
89473
94736
100000
1
3139
9507
14230
13807
13392
79475
36842
67311
34500
52632
57895
29922
68421
40366
78947
84210
89473
94736
100000
1
4368
10527
10031
15959
17471
31579
33102
47590
33352
52632
57895
63158
68421
39530
78947
84210
89473
94736
100000
1
46312
10527
4722
14846
26316
85563
36842
70664
39312
15198
72036
50928
68421
73684
78947
84210
76636
94736
100000
1
2543
20612
7920
35513
26316
31579
36842
42105
47368
43390
57895
63158
68421
73684
36823
84210
89473
94736
100000
1
4326
10527
13968
21053
16593
31579
36842
42105
25157
52632
52071
63158
68421
73684
78947
84210
89473
94736
100000
1
3935
53582
13309
15746
15368
31579
36842
42105
47368
20892
57895
47507
50105
73684
78947
84210
89473
94736
100000
1
4540
9507
3230
9780
26316
28372
54606
66371
37085
52632
65886
63158
68421
73684
31944
84210
89473
94736
100000
1
2842
38866
18744
40248
25712
28884
36842
68749
25718
52632
50955
63158
68421
73684
70399
84210
89473
94736
100000
1
38210
63669
9612
11266
48611
86180
36842
42105
47368
37793
57895
63158
68421
73684
78947
84210
89473
94736
100000
1
2590
31384
12517
21053
26979
31579
36842
53752
20622
27866
57895
63158
68421
73684
78947
84210
89473
94736
100000
23771
8683
25381
9127
21053
26316
35238
35826
39121
47368
39584
57895
26170
45328
34579
78947
84210
89473
94736
100000
1
32318
59843
11340
12286
21379
78777
67895
42105
33239
52632
45973
63158
68421
73684
78947
84210
89473
11621
100000
1
2543
7924
14230
21053
26316
85690
36842
37037
18352
47318
57895
63158
68421
73684
78947
84210
89473
94736
100000
37955
3004
10527
14515
27099
15612
71962
66164
36084
4657
52632
63543
56193
68421
73684
78947
84210
89473
94736
100000
20986
4008
8224
15790
12578
15139
31579
28659
42105
42573
52632
57895
63158
68421
73684
43517
84210
89473
94736
100000
1
15459
8942
15790
14453
23671
31579
29648
40455
4657
10841
77036
63158
43528
73684
46435
84210
89473
94736
100000
12428
4759
7943
4012
15131
26316
55638
43166
34679
47368
40084
57895
63158
68421
73684
70976
84210
89473
94736
100000
1
3542
31922
15790
12444
26316
28372
36842
65136
20754
52632
51779
56780
68421
73684
78947
84210
89473
94736
100000
21410
3053
61164
7035
21053
27496
69866
46054
42105
10501
52632
57301
63158
68421
73684
78947
84210
89473
94736
100000
3550
4395
64029
10355
15635
26316
30335
36842
42105
42573
52632
57895
16672
68421
73684
33743
29856
89473
94736
100000
5272
5264
55525
15790
11260
35516
31579
36842
42105
6462
23741
57895
63158
68421
73684
78947
84210
89473
94736
100000
1
3540
60332
6899
14313
43842
31579
36842
32618
47368
52632
75006
63158
68421
23649
78947
34506
89473
94736
100000
2929
2958
24836
3189
21053
26316
31579
36842
42105
4927
52632
54192
24229
68421
73684
54605
84210
89473
94736
100000
28397
4759
19856
4424
21053
26316
28372
36842
42105
47368
15365
57895
63158
68421
73684
78947
84210
89473
94736
100000
24953
29881
10878
15790
41479
36090
67833
35003
42105
47368
14952
57231
63158
68421
73684
32123
84210
89473
94736
100000
1
6864
10527
13676
41547
13469
87127
28590
54139
4657
52632
62792
63158
68421
66254
78947
84210
89473
94736
100000
1
3857
13953
6681
21053
26316
64761
33102
70172
11063
52632
57895
63158
68421
73684
78947
84210
89473
65591
100000
33625
27476
10527
14230
25288
21842
79548
36842
33584
42573
52632
57895
63158
68421
73684
64029
84210
89473
94736
100000
3441
3584
9507
11287
16076
21537
33893
36842
42105
47368
52632
57895
56492
68421
73684
78947
84210
89473
94736
100000
21259
3675
62726
16449
18948
48461
83193
36437
42105
41711
52632
71084
6238
61500
73684
78947
84210
89473
94736
100000
1
35116
10527
12166
18198
45736
31579
36842
76192
47368
44464
45680
63158
68421
24273
78947
84210
89473
94736
100000
1
9236
55073
12424
18948
26316
31579
29469
42105
47368
52632
51043
39798
68421
73684
78947
84210
89473
94736
100000
14842
4707
11454
7952
15202
26316
76876
55905
63011
47368
32261
49686
63158
53597
73684
78947
84210
89473
94736
100000
1
41738
9333
13776
21053
23788
28372
50121
54300
42573
30902
66220
63158
49500
73684
78947
84210
89473
94736
100000
38231
24472
7557
5919
10215
26316
31579
29965
42105
42573
27937
57895
63158
68421
19220
78947
84210
89473
94736
100000
14069
28464
31151
14230
16494
47705
31579
49369
42105
21562
52632
57895
63158
68421
73684
28116
84210
89473
94736
100000
15954
8229
63482
10079
16292
26316
54328
33102
42105
27534
26056
52524
42260
68421
73684
78947
84210
89473
94736
100000
1
3328
31036
14350
16918
26316
53834
27320
42105
47368
34708
57895
63158
49631
73684
78947
84210
89473
94736
100000
1
2700
53987
3468
15554
17214
41113
65361
61684
27864
52632
57895
25258
68421
22235
78947
84210
89473
94736
100000
9910
4024
10527
9736
12337
16985
40806
33102
34764
47368
52632
57895
52571
68421
23077
33584
9281
89473
94736
100000
7805
2743
10527
14230
21053
32713
53468
46263
72094
16272
14666
57895
63158
53518
73684
78947
84210
89473
94736
100000
1
3877
10527
7815
21053
23671
28372
33102
65256
47368
52632
50943
63158
53541
73684
70888
84210
89473
16422
100000
1
40100
9507
8677
21053
23671
31579
31645
48016
47368
52632
57895
63158
41149
73684
78947
84210
89473
94736
100000
1
2840
10527
11792
21053
21131
31579
28425
42105
47368
52632
71251
63158
68421
73684
78947
45855
89473
94736
100000
30175
2806
26163
17013
18948
23671
86573
36842
42105
47368
17457
57895
39338
68421
21718
78947
84210
76523
94736
100000
1
3944
29608
11443
14145
43455
31579
36842
48427
35089
52632
59582
56780
54036
73684
78947
84210
89473
94736
100000
28110
3676
9924
9900
9524
21476
74546
36842
42105
5509
43505
57895
63158
52271
73684
28470
84210
80504
94736
100000
31680
2949
10527
15790
22928
19259
45290
36842
54060
12360
52632
57895
63158
68421
73684
78947
84210
89473
94736
100000
1
34185
46034
17787
18505
37560
77331
36842
37829
37394
52632
56589
63158
68421
73684
78947
84210
89473
94736
100000
1
4361
9507
9864
28934
18640
86508
49295
53484
47368
52632
57895
63158
48076
73684
78947
84210
74848
11628
100000
1
4759
42181
3321
17572
18921
76179
31923
42105
14387
52632
66369
63158
68421
73684
78947
75776
89473
94736
100000
32417
4759
7510
8681
17599
26316
67260
36842
38572
47368
52632
57895
63158
68421
19589
78947
84210
89473
94736
100000
29221
38159
8016
15790
17580
17428
58197
27211
42105
36918
52632
57895
23806
45664
73684
61918
84210
89473
94736
100000
1
22499
15003
8141
10823
26316
75202
36842
62239
17701
52632
75210
63158
68421
73684
35748
84210
89473
94736
100000
12620
2947
12063
15725
31808
26316
86894
36842
37829
47368
52632
69833
63158
61500
73684
78947
84210
89473
94736
100000
21532
41542
8028
3621
18948
33349
60595
36842
42105
47368
44241
57895
39811
68421
73684
78947
84210
89473
94736
100000
8782
33981
38408
8571
29486
24048
28372
52963
36585
31654
52632
59302
6238
68421
73684
78947
30669
89473
94736
100000
1
4759
18562
13560
11137
22852
54469
36842
41199
7042
52632
50339
63158
68421
66254
78947
84210
89473
94736
100000
32372
8973
9596
4500
21053
41075
64356
36842
42105
34747
52632
57895
63158
68421
73684
78947
43037
89473
94736
100000
1
2839
53339
14059
21053
26316
31579
28028
71173
47368
52632
64092
63158
68421
73684
78947
84210
89473
94736
100000
22727
2682
7803
7520
21053
26316
28372
30614
42105
15753
43303
57895
9078
68421
73684
78947
84210
89473
94736
100000
23216
6794
9507
7192
25483
22354
73874
33485
37829
31245
52632
60372
63158
55378
73684
78947
84210
89473
94736
100000
1
3184
9136
15790
10395
23671
31579
36842
37829
6773
52632
51109
63158
45334
73684
78947
84210
89473
94736
100000
1
5264
40247
13127
13855
48848
31579
28349
73671
47368
26454
57895
63158
68421
51166
78947
84210
89473
94736
100000
1
4488
8784
10946
17576
37102
31579
27492
46992
47368
52632
73797
11467
68421
73684
78947
84210
89473
94736
100000
33503
3461
9311
15790
21053
47113
59922
46661
55823
47368
20898
57895
22219
68421
73684
78947
84210
89473
94736
100000
20204
9510
63679
5584
18767
23671
44746
57329
73845
42573
18970
60335
14154
68421
73684
54302
75776
89473
94736
100000
1
12612
8762
5138
9625
44519
85266
36842
42105
47368
52632
78409
43952
68421
73684
78947
84210
89473
94736
100000
1
4141
45150
14230
32882
23082
77409
36842
45128
47368
52632
54866
43639
68421
73684
78947
84210
89473
94736
100000
13437
2702
9507
13919
18948
34199
87545
27522
38654
8951
52632
57895
63158
68421
21451
78947
84210
89473
94736
100000
1
9227
8458
14230
27018
40951
31579
30800
42105
47368
16242
57895
30102
48843
73684
78947
84210
89473
94736
100000
1
4178
57608
8185
13107
14009
53479
32802
42105
47368
32918
72633
63158
68421
73684
33460
84210
89473
94736
100000
1
26005
54917
15790
21053
17607
31579
33102
68774
4883
42670
49570
63158
68421
73684
78947
84210
89473
94736
100000
1
3332
64368
7676
15085
20529
31579
67895
42105
37909
52632
50317
63158
42846
73684
78947
84210
89473
94736
100000
39494
3964
16174
5443
21053
29052
43000
36842
42105
34803
30155
59708
63158
47258
66254
78947
84210
89473
94736
100000
1
3151
10527
11888
21053
26316
66646
69120
42105
47368
52632
57895
13610
41381
20536
32137
84210
72707
94736
100000
23421
39122
25933
12841
16029
21918
31579
37923
68300
47368
52632
57895
63158
68421
73684
78947
84210
89473
94736
100000
1
13344
53776
4194
40775
37323
67872
70716
39480
47368
52632
57895
63158
53661
73684
78947
84210
89473
94736
100000
1
2629
52596
15790
11373
27704
78916
52203
34981
42573
12513
57895
63158
68421
73684
78947
84210
89473
94736
100000
1
4603
41895
7758
21053
13597
28372
36842
52444
36413
52632
57895
6238
57208
73684
57630
84210
89473
94736
100000
1
2879
10527
5690
22753
26316
31579
36842
42105
14800
23137
51211
11286
41408
73684
78947
84210
76413
94736
100000
32205
4687
9507
4569
21053
26316
31579
65025
37270
4657
21660
57895
63158
61500
73684
78947
84210
89473
94736
100000
32921
5264
8403
5727
18532
15056
31579
67718
70675
24013
44077
57895
63158
68421
73684
78947
84210
89473
94736
100000
1
19561
7709
13627
21053
13912
31579
36842
44082
41012
16518
57895
63158
68421
55480
78947
84210
89473
94736
100000
1
4060
8200
15790
16744
26316
68025
34166
37829
47368
52632
57895
63158
68421
73684
78947
84210
89473
94736
100000
22916
5469
26909
6607
42682
22683
41883
30701
36806
42573
52632
57895
63158
68421
73684
64240
84210
89473
94736
100000
1
3985
15329
3247
13530
26316
31579
28220
42105
14012
52632
60935
63158
52890
73684
78947
84210
89473
94736
100000
1
5264
59182
9100
40063
36165
87600
65967
42105
47368
27116
57895
56029
68421
65453
78947
84210
89473
94736
100000
1
30552
9126
8532
20576
27296
28296
33102
69727
4988
52632
64521
63158
68421
73684
78947
84210
89473
94736
100000
9812
5264
52464
6568
14692
44389
31579
28863
47235
7797
52632
66548
63158
45780
73684
78947
84210
89473
94736
100000
1
24853
8199
10601
10282
36042
34358
31570
37829
42573
52632
47037
63158
68421
46339
78947
84210
89473
94736
100000
1
4759
16679
15790
21053
32725
31579
27358
56917
8292
20213
59492
34766
68421
73684
78947
8408
89473
94736
100000
1
18581
45832
15790
37723
18964
74781
36842
42105
47368
52632
49583
63158
45465
73684
78947
84210
75910
53993
100000
19006
2985
33337
15790
21053
26316
35443
36842
42105
47368
12773
57895
63158
68421
73684
78947
84210
89473
94736
100000
4445
3184
8216
8435
10125
23663
31579
48903
37056
47368
31891
57895
63158
68421
73684
38298
84210
89473
94736
100000
14504
3974
9507
13187
15081
26316
72058
36842
46394
47368
47318
57895
13946
68421
73684
78947
84210
89473
94736
100000
1
4759
22185
3247
21053
21463
86583
61358
42105
38018
24880
71687
63158
52820
73684
78947
84210
89473
94736
100000
1
15892
8867
13301
18948
14845
84363
36842
42105
40000
44497
76971
34940
46403
73684
78947
84210
89473
94736
100000
1
4361
58492
19195
21053
26316
78704
40069
54061
47368
14306
57895
63158
68421
20713
78947
55178
89473
47825
100000
1
5264
8697
6690
21053
39122
33782
33102
36059
35974
37347
57895
52079
68421
73684
78947
75776
89473
94736
100000
1
41739
8277
5680
11822
26316
56830
70762
42105
29300
52632
57895
11714
68421
73684
78947
84210
89473
94736
100000
1
32494
9507
4930
18948
20807
31579
65530
65890
39626
52632
57895
6960
68421
73684
78947
84210
89473
94736
100000
1645
12540
17197
13979
12211
15791
83033
60569
36938
47368
52632
48556
63158
68421
35098
78947
84210
89473
94736
100000
1
3520
36726
8908
16619
26316
41260
27960
42105
47368
52632
57895
63158
68421
73684
78947
84210
89473
94736
100000
1
15374
10527
9330
21053
26316
31579
27076
74915
20180
52632
57895
63158
68421
73684
78947
84210
89473
94736
100000
1
19936
58249
4611
23693
26316
28372
46486
61665
5012
52632
57895
6238
51512
73684
78947
84210
89473
94736
100000
1081
5264
22710
8788
21053
15769
31579
36842
38673
47368
20308
57895
63158
68421
73684
28998
84210
72204
94736
100000
3269
26076
8285
17063
21053
26316
73480
30793
61465
23077
52632
57895
63158
68421
73684
78947
84210
89473
94736
100000
21129
3455
46400
15790
14910
26316
71884
36842
42105
47368
52632
71211
63158
68421
73684
28348
84210
89473
94736
100000
1
3855
33654
12275
21053
27358
68706
70988
34463
18398
52632
57895
63158
42765
73684
78947
84210
74406
94736
100000
1
4550
60467
5183
15479
26316
39283
36842
42105
29157
52632
57895
12140
68421
73684
34612
84210
89473
94736
100000
1
4613
9213
14230
21053
15446
44703
29920
42105
47368
52632
64491
47288
68421
73684
31458
84210
76722
94736
100000
32612
3858
54665
9311
14782
20981
67134
43534
42105
4657
52632
51721
63158
60976
53648
78947
75776
89473
94736
100000
1
14579
10527
14061
12088
29492
28372
36842
43842
38842
52632
68480
7872
68421
73684
56178
23379
72275
94736
100000
39350
2519
32237
14228
23058
26336
31579
36842
47600
29791
44767
57895
6686
68421
66254
29706
84210
89473
94736
100000
1
7453
8764
8557
15324
35741
31579
36842
42105
10076
52632
57895
43071
68421
73684
78947
84210
89473
94736
100000
1
3242
15237
18134
10503
14617
79534
64334
39849
47368
47318
57895
35027
68421
23166
78947
84210
75642
94736
100000
21467
3889
55717
8423
13361
26316
31579
32224
42105
47368
18230
57895
63158
68421
73684
70976
84210
89473
94736
100000
1
30960
47258
10041
16781
19465
73723
29581
33855
25790
52632
57895
63158
52239
73684
29876
84210
89473
94736
100000
15059
3690
9507
14230
18948
29930
76914
36842
63709
13591
52632
57895
63158
54326
73684
78947
84210
74680
94736
100000
30733
2636
9507
13315
21053
23192
31579
36842
34654
37233
47318
57895
63158
68421
73684
78947
84210
89473
94736
100000
1
3368
48981
15790
13824
33086
83702
36842
42105
47368
52632
57895
13383
68421
24912
78947
84210
89473
94736
100000
1
5264
45147
4725
13329
20012
31579
54683
42105
47368
52632
57895
63158
68421
73684
66506
84210
89473
94736
100000
1
26017
8171
5005
31153
14365
31579
36842
34004
47368
30303
57895
63158
48223
23630
78947
56761
75697
94736
100000
1
4759
9507
14230
16522
26316
38890
31647
42105
38807
52632
61429
63158
68421
73684
78947
84210
89473
94736
100000
32575
3147
22854
15790
37856
46116
83873
47700
56128
47368
12000
57895
63158
46863
73684
33781
84210
73130
84172
100000
30803
28891
41792
12523
21053
40152
40332
72442
42105
47368
52632
59005
63158
52283
60787
63196
15044
75324
94736
100000
1
5264
9267
12271
9566
13738
38121
31239
42105
47368
23620
52071
63158
68421
22221
78947
60957
89473
94736
100000
1
4721
9063
8020
21053
37911
89482
29601
33502
31142
16166
57895
63158
61309
73684
78947
84210
89473
94736
100000
1
4679
10527
10885
15367
20140
34654
29224
73476
47368
52632
57895
63158
57210
73684
78947
84210
89473
94736
100000
1
4759
39363
16927
33882
23365
78136
36842
39614
42573
37362
57895
63158
68421
73684
78947
84210
89473
94736
100000
1
4759
7700
14230
29453
26316
31801
35654
45767
29663
52632
57895
63158
68421
73684
78947
84210
89473
94736
100000
19429
3481
9507
6868
41134
26316
31579
58140
37829
47368
52632
57895
63158
51794
73684
78947
84210
89473
94736
100000
1
21445
35904
19741
21053
23458
78136
52741
42105
47368
39488
57895
63158
68421
40613
45019
84210
73358
94736
100000
1
3048
61334
11244
28185
14203
79073
36842
57352
4657
52632
50013
63158
68421
61491
78947
84210
89473
94736
100000
1
5264
8978
6751
21053
26316
74338
34401
67382
35878
52632
52071
63158
68421
73684
78947
84210
89473
94736
100000
1
3434
8999
3815
23890
23671
67878
68402
50400
18890
25415
57895
35096
68421
73684
78947
84210
89473
94736
100000
1
5264
8127
10530
26462
14243
31579
28640
42105
21747
52632
54093
54972
68421
73684
78947
84210
89473
61954
100000
1
2792
23870
9530
23956
22901
31579
36842
52154
22919
52632
48104
63158
68421
73684
78947
84210
89473
94736
100000
1
41265
41784
15790
13363
22767
67543
36842
42105
4657
15410
57442
63158
68421
73684
78947
84210
89473
94736
100000
1
3630
9507
15790
38653
21107
31579
33102
36879
5782
23539
57895
63158
68421
73684
78947
84210
89473
94736
100000
1
11444
30981
13509
21053
26316
81504
33412
71057
47368
24171
57895
63158
68421
73684
78947
84210
89473
94736
100000
1
25370
8755
13340
21053
38926
28372
36842
52339
47368
52632
57895
6238
68421
73684
78947
84210
89473
94736
100000
1
42663
51208
7113
21053
18964
49555
33102
76137
47368
52632
57895
22387
45860
73684
78947
84210
71163
94736
100000
1
3336
23488
15790
14343
19416
31579
43748
42105
47368
19366
61152
63158
41937
73684
78947
84210
89473
94736
100000
1
31376
16018
13196
21053
26316
28372
68716
42105
24808
52632
57895
63158
68421
73684
78947
84210
89473
94736
100000
1
9108
31309
8441
11658
23916
72218
36842
42105
42573
22536
56199
63158
68421
73684
78947
84210
89473
94736
100000
1
3806
61535
15790
21053
16047
31579
36842
42105
10465
52632
47891
63158
68421
64814
78947
84210
89473
85245
100000
23331
4687
34533
15790
17219
39219
28372
33102
37829
42573
43134
72386
63158
54948
73684
78947
84210
89473
94736
100000
16471
18653
57323
19506
21053
41621
28372
69811
42105
29291
19210
57895
23670
49308
26657
78947
38546
89473
94736
100000
39154
3327
16875
7642
18948
26316
50528
56641
50008
33937
52632
57895
63158
68421
73684
28988
84210
89473
94736
100000
1
3505
29447
6999
21053
26316
40694
32525
42105
47368
52632
57895
63158
68421
73684
78947
48511
89473
94736
100000
1
23100
7744
12118
18948
41445
28372
32243
51610
47368
52632
57895
30339
68421
73684
78947
84210
78793
41178
100000
1
3708
62886
11164
21053
26316
69982
27798
42105
12295
52632
70836
63158
54193
73684
40902
84210
89473
94736
100000
1
23895
28374
9412
42873
30277
29141
28659
42105
12326
52632
68550
63158
44450
55722
78947
84210
89473
94736
100000
1
35106
10527
14230
18948
26316
31579
70835
42105
20010
23561
57865
63158
68421
73684
78947
84210
89473
17694
100000
1
27721
8498
11431
9633
26316
31579
33102
42105
42573
45580
57895
63158
52035
73684
78947
84210
89473
94736
100000
28273
3782
28134
13320
10902
13507
77276
36842
37526
11830
11913
57895
27958
68421
73684
78947
84210
89473
94736
100000
1
4759
24767
6870
15607
15532
31579
55002
42105
47368
47318
57895
63158
68421
73684
78947
84210
89473
94736
100000
14554
20355
8524
5584
18948
21106
86603
30416
62124
47368
11201
59240
63158
68421
18926
78947
84210
89473
94736
100000
14396
2511
9262
15790
21053
19652
30681
37850
37829
47368
25817
57895
19276
68421
73684
78947
84210
89473
94736
100000
1
23468
9507
11385
13288
22344
31579
33102
66856
47368
30289
57895
63158
68421
34970
78947
84210
89473
94736
100000
19889
14617
38131
4908
23785
16782
31579
47360
54157
47368
52632
76460
63158
44813
73684
78947
84210
89473
94736
100000
1
2884
8303
5709
21053
23671
31579
61069
42105
17112
52632
51818
54212
68421
19698
78947
84210
89473
94736
100000
1
26905
8613
10840
13705
23671
31579
27834
42105
4894
52632
48965
63158
68421
73684
78947
84210
89473
94736
100000
23
4759
27146
10555
44139
26316
65274
37071
42105
47368
52632
57895
33031
68421
73684
28434
47217
89473
94736
100000
29288
3572
7596
11961
16135
26316
31579
36842
62421
47368
47030
71114
19478
68421
56757
78947
84210
89473
94736
100000
32680
31454
7837
14230
15258
42654
68918
36842
42105
15678
52632
57895
38736
68421
73684
78947
32657
89473
94736
100000
130
3188
8316
11935
9868
26316
69785
36842
60880
28618
20867
57895
63158
68421
73684
78947
84210
89473
94736
100000
31735
2876
10527
8721
18948
23671
46489
30138
69297
32180
14532
57895
63158
68421
73684
78947
84210
89473
94736
100000
27010
4102
9507
14230
21053
44852
31579
33102
67203
7334
52632
57895
41525
68421
73684
78947
84210
89473
94736
100000
2665
4759
9507
8459
21053
26316
31579
55076
42105
47368
27493
57895
63158
68421
73684
66119
84210
89473
94736
100000
1
3456
13304
11683
21053
26316
31579
36842
46745
39918
41296
57895
63158
68421
73684
78947
84210
89473
94736
100000
9706
4759
33446
12543
11661
18699
44871
32636
57917
47368
21465
65276
63158
47023
73684
40820
74834
89473
94736
100000
1
2507
22488
15790
22176
41626
31579
36842
42105
47368
10705
64023
63158
68421
73684
48968
84210
89473
94736
100000
1
2938
60249
7038
21053
14237
31579
36842
42105
42573
33495
75484
22011
68421
73684
78947
84210
89473
94736
100000
1
4759
52061
12099
11556
28131
31828
36612
45407
21825
52632
57895
63158
68421
73684
78947
84210
89473
94736
100000
1
3139
59143
10419
13370
13678
28372
68257
47388
47368
45574
52071
6238
68421
73684
32960
84210
89473
94736
100000
18767
4759
28149
8968
17723
26316
63646
36842
35810
47368
26683
57895
63158
68421
73684
78947
41365
89473
94736
100000
1
40498
57264
14230
21053
26316
33245
36842
42105
28235
52632
78339
63158
68421
73684
78947
84210
89473
94736
100000
1
6169
9507
11858
17920
26316
47116
36842
74494
47368
52632
57895
25440
68421
27864
78947
84210
89473
94736
100000
1
3021
8348
3986
10304
26316
57199
40729
42105
29947
27683
57895
63158
55103
73684
78947
84210
89473
85245
100000
13113
26983
29126
14230
17141
16756
31579
46028
42105
24279
13255
57895
63158
68421
61587
27323
84210
89473
94736
100000
1
14270
9446
5377
18948
26316
86751
67556
58391
47368
52632
45959
63158
49233
73684
78947
84210
89473
94736
100000
27421
2543
49127
14230
18948
15547
84383
33102
71871
9467
13697
57895
24510
68421
73684
78947
84210
89473
94736
100000
38113
40046
9507
14230
21010
21659
46571
43285
46687
47368
52632
57895
35133
61500
30617
32947
84210
89473
94736
100000
9267
9409
62339
8127
23522
14569
37898
70004
42105
47368
15799
57895
63158
68421
73684
78947
84210
80504
94736
100000
34758
3391
8272
10085
9975
16884
41586
36842
52624
47368
12427
57895
63158
68421
73684
78947
84210
80504
94736
100000
1
45993
31541
11215
32886
13479
78748
52835
37829
47368
52632
57895
63158
59631
73684
78947
47588
89473
94736
100000
1
14311
21517
14230
15490
24741
57335
36842
38031
30131
28510
72221
63158
57827
73684
78947
84210
89473
94736
100000
4387
4387
61594
5471
18948
21450
31579
33102
42105
47368
31022
57895
63158
49822
73684
78947
84210
89473
94736
100000
1
4759
32452
15790
17249
37451
62661
36842
42105
47368
52632
57895
63158
68421
73684
78947
84210
89473
94736
100000
1
4759
9507
12071
17284
13670
37954
31369
67645
24417
52632
57895
37178
68421
73684
53543
84210
89473
94736
100000
4083
4759
9507
12003
29538
20494
31579
66821
42105
18255
12249
58883
63158
68421
73684
78947
84210
89473
94736
100000
2678
2942
24252
13791
21053
14032
31579
29258
59430
37592
52632
57895
63158
68421
73684
78947
84210
89473
94736
100000
1
2884
27132
12515
9617
47905
65740
45579
37300
5550
52632
57895
63158
68421
24170
78947
84210
89473
94736
100000
1
31210
19525
15790
37217
23671
53594
38152
41898
4657
52632
52663
63158
68421
73684
78947
84210
89473
94736
100000
35237
38202
38979
9279
16610
49264
34538
60376
37437
47368
37181
56261
41061
52567
73684
78947
84210
89473
94736
100000
1
3643
8331
15790
23146
48782
31297
37997
37829
47368
52632
57895
63158
68421
28546
78947
84210
71008
94736
100000
1
4759
30357
4674
21053
26316
39910
36842
56790
40947
52632
46506
63158
68421
73684
78947
84210
89473
94736
100000
34248
2623
46127
9856
18948
27385
64598
36842
37829
47368
52632
76014
63158
68421
73684
32686
84210
89473
94736
100000
1
3479
10527
12045
10923
18061
40524
27742
42105
26828
52632
51842
56780
46600
73684
78947
84210
89473
94736
100000
1
33992
12600
10482
33907
26316
79152
45513
40718
41387
39836
57895
63158
68421
73684
78947
84210
89473
94736
100000
27445
3900
45833
7881
21053
44542
75236
73054
42105
4657
47318
57895
6238
68421
73684
34075
84210
76856
94736
100000
27089
37195
68080
14230
17792
26316
28372
45611
63361
4657
26074
57895
8957
68421
24281
78947
27727
89473
94736
100000
1
4001
59676
7595
16832
26316
32783
36842
73406
42573
43734
76152
7714
61500
73684
78947
75776
89473
94736
100000
1
16371
23949
13722
18948
26316
31579
29164
42105
47368
52632
57895
63158
68421
73684
78947
84210
89473
94736
100000
1
29920
9507
6363
14809
24926
57390
36842
42105
47368
10929
63570
6238
53455
73684
78947
84210
89473
94736
100000
36269
14322
11782
3937
12553
19052
31579
36842
42105
47368
52632
57895
6238
61500
48757
78947
84210
89473
94736
100000
7835
4759
8359
9082
18060
36294
29090
36842
42105
47368
14454
45912
63158
52037
73684
78947
84210
89473
94736
100000
26029
4759
63070
19476
18656
29535
28372
36842
42105
47368
37786
57895
63158
68421
73684
78947
84210
89473
94736
100000
1
3533
10527
14230
14041
26316
32338
36842
42105
47368
52632
76107
63158
68421
73684
78947
84210
89473
94736
100000
1
4324
33439
13864
38460
15700
75199
36842
34040
47368
11893
59056
6238
68421
73684
78947
84210
89473
94736
100000
1
3748
36357
13935
18946
26316
31579
51686
42105
47368
19100
57895
63158
52605
73684
78947
84210
89473
94736
100000
1
20309
56319
13973
36592
46381
33390
36842
68388
47368
20384
60546
63158
56542
73684
78947
84210
89473
94736
100000
15185
34761
63908
3635
16253
16619
31579
28378
40020
25737
52632
74282
63158
41176
73684
78947
75776
89473
94736
100000
31438
2923
67148
14230
18279
48386
61098
36842
62208
12246
52632
57895
63158
57629
73684
78947
84210
78936
94736
100000
1
5264
12918
14230
14206
26316
31579
36842
42105
47368
52632
57895
63158
68421
73684
53719
84210
89473
94736
100000
35059
4325
38433
7909
14262
19921
30046
32293
42105
47368
32276
57895
63158
68421
73684
78947
53667
89473
94736
100000
10059
3734
9415
11996
14069
26316
71800
29854
36819
11595
52632
57895
63158
61500
66254
78947
84210
89473
94736
100000
15861
19132
42852
6248
18948
25261
85664
36842
65703
47368
52632
57895
63158
41754
73684
78947
84210
89473
94736
100000
1
3445
8217
7487
21053
27859
31579
33102
42105
42573
52632
75685
63158
61500
73684
78947
84210
89473
94736
100000
1
3588
8888
15790
21053
29780
65372
46063
36709
47368
18888
57895
63158
68421
73684
78947
8408
89473
94736
100000
36789
41603
9434
11109
17725
26316
73134
36842
67920
31840
52632
46861
56780
68421
19727
78947
84210
89473
94736
100000
1
7680
57228
10162
21053
16753
31579
61615
42105
19458
52632
52071
50423
68421
73684
78947
84210
89473
94736
100000
33389
39083
27137
15790
18867
25207
31579
37972
42105
21816
52632
57935
63158
68421
73684
78947
84210
89473
94736
100000
1
4387
26779
6225
18948
19926
69103
52810
42105
47368
52632
75564
63158
68421
73684
78947
84210
89473
94736
100000
1
2562
46098
15790
12001
26316
73633
36842
46394
10667
15467
52071
63158
68421
21423
78947
84210
89473
58532
100000
1
3155
8476
10713
18948
14757
44138
31058
42105
47368
52632
57895
63158
68421
73684
78947
84210
89473
94736
100000
1
4046
48401
8536
12028
26316
72338
52428
42105
17902
39556
57895
22840
68421
73684
78947
84210
80504
94736
100000
1
2897
46165
10074
10382
45722
31579
36842
64308
47368
11242
57895
63158
68421
73684
78947
84210
89473
94736
100000
1
43382
68635
15790
13140
21829
64347
36842
62429
7783
11328
57895
63158
59232
73684
78947
84210
89473
94736
100000
5212
2771
18213
7894
9564
26316
48122
48276
37262
4657
12031
63896
31148
68421
34599
78947
84210
89473
94736
100000
35065
10974
53890
15790
18948
34502
70023
36842
42105
33638
52632
50767
63158
68421
73684
78947
84210
89473
94736
100000
1
9929
8255
8119
21053
31734
65788
36842
64530
47368
52632
57895
20200
68421
30312
78947
84210
89473
94736
100000
1
8424
46016
15790
21053
17244
88598
51789
42105
47368
52632
57895
55390
68421
20127
78947
84210
89473
94736
100000
1
3240
10527
14230
21053
21379
31579
32599
35155
28227
52632
57895
7399
68421
73684
78947
84210
89473
94736
100000
16223
4411
9507
19129
21053
26316
78359
29965
52603
9697
45384
52071
63158
68421
22792
78947
84210
89473
94736
100000
15243
2944
7943
13556
18948
15532
33889
29505
35389
47368
52632
57895
63158
68421
73684
78947
84210
89473
94736
100000
1
5264
68671
10710
14491
22781
78930
34451
56745
27868
22917
57524
63158
46426
52868
78947
84210
89473
94736
100000
1
44119
36164
8367
21053
45476
31864
72178
37829
39323
47318
57895
63158
41742
73684
78947
84210
89473
94736
100000
24412
4759
12326
16905
39995
34133
47015
70669
58209
34713
15112
57895
63158
50413
44466
78947
84210
89473
94736
100000
1
4437
9065
16521
16520
26316
88035
36842
36248
21945
11959
57895
63158
68421
73684
78947
84210
89473
94736
100000
1
17272
9507
9969
21053
29352
31579
36842
35915
21806
14349
57895
47107
43915
73684
78947
84210
70894
94736
100000
1
4759
8794
4479
21053
26316
40905
41281
75352
47368
10828
57895
63158
68421
32371
59959
84210
89473
94736
100000
1
3195
10527
9717
14811
26316
36084
28337
65179
47368
36005
57895
63158
48955
50156
78947
84210
89473
94736
100000
1953
4595
38310
11107
13621
26316
36327
36842
42105
7890
52632
73371
16902
68421
73684
70976
84210
89473
94736
100000
1
28217
10527
13972
21053
42229
70751
29467
67853
47368
52632
57895
13836
68421
73684
78947
84210
89473
83478
100000
1059
9791
7657
15790
21053
28003
39179
31177
36620
47368
52632
57895
63158
52757
73684
48122
84210
89473
94736
100000
1
4034
41206
4802
18948
26316
28372
61791
49182
4999
52632
57895
63158
68421
65638
78947
84210
89473
94736
100000
22258
35053
41739
5182
18948
23671
78568
36842
44358
35317
33457
62114
40559
68421
73684
78947
41758
89473
11561
100000
20696
3866
17952
14230
21053
20277
32745
32182
62814
47368
52632
51140
17433
68421
73684
78947
84210
89473
94736
100000
1
4164
13944
9333
10245
26316
53317
67159
50715
47368
52632
57895
45694
68421
73684
78947
84210
89473
94736
100000
5501
2874
59738
7160
21053
23671
69246
36842
37829
7116
16142
66570
63158
58867
73684
78947
84210
72698
94736
100000
1
10930
9507
15790
10306
18110
70095
36842
42105
47368
28831
55528
6238
68421
73684
78947
47386
89473
94736
100000
1
4759
9299
7539
14653
26316
60823
71239
62162
18029
34751
62074
63158
47897
73684
78947
84210
89473
94736
100000
34843
45682
50027
15790
14062
26316
65992
69004
62656
47368
52632
57895
63158
68421
27463
78947
84210
89473
94736
100000
30224
10273
41572
8829
24315
23671
68977
50388
73154
42573
52632
50401
46887
46624
73684
78947
14010
89473
62004
100000
1
14175
63956
10111
37035
26316
52745
36842
72650
47368
52632
59712
63158
61500
73684
78947
84210
89473
94736
100000
35380
4905
59588
7034
16999
21430
31579
31103
37829
47368
10946
57895
56780
68421
73684
53782
37509
71210
94736
100000
1
4075
9295
15790
21053
30141
51367
36842
42105
4657
46004
57895
63158
68421
73684
78947
84210
89473
94736
100000
26808
4613
10527
7424
9790
14302
77678
36842
42105
47368
52632
57895
63158
68421
73684
30387
84210
89473
94736
100000
1
27199
9507
6894
36577
19188
30402
30030
42105
14083
30515
57895
63158
68421
25625
31967
84210
77166
94736
100000
14199
9478
64024
15790
10547
25354
28372
56717
36950
47368
52632
57895
63158
42678
73684
78947
84210
89473
94736
100000
22338
2501
8065
10691
10970
36629
31579
36842
42105
47368
44831
57895
63158
68421
73684
78947
84210
89473
71765
100000
1
18012
44663
11222
20359
26316
86916
36842
57176
36923
13241
57895
63158
68421
73684
78947
84210
89473
94736
100000
36082
4597
16061
10707
16355
26316
31579
36842
37829
47368
52632
57895
63158
68421
73684
70976
84210
89473
94736
100000
7161
3868
9095
15790
10901
15902
37995
36842
74834
42573
19900
69941
63158
68421
73684
78947
84210
75196
94736
100000
1
5264
26132
9845
12758
26316
60596
36842
47240
36744
52632
57895
17515
68421
73684
78947
84210
89473
94736
100000
1
8181
9507
9431
31545
23671
82393
36842
35799
38659
30396
57895
29108
52673
73684
78947
84210
89473
94736
100000
1
31420
9507
17690
16030
26316
28518
28629
34445
7542
19612
57895
43421
49970
52135
78947
84210
89473
94736
100000
1
3080
60842
9503
21053
16075
48945
38227
35115
42573
52632
57895
40006
68421
73684
56260
84210
73427
94736
100000
22268
5264
26671
7679
12168
26316
87356
36842
41639
47368
52632
57895
63158
55260
73684
38616
84210
89473
94736
100000
10933
8320
61283
15790
21053
16579
41154
30443
42105
33292
52632
57895
63158
68421
73684
78947
37109
89473
94736
100000
21228
2642
39467
4567
39020
26274
38307
37596
42105
47368
52632
66121
63158
61500
73684
78947
84210
89473
94736
100000
20631
25730
14304
10384
21053
38462
31579
62064
66323
47368
52632
57895
63158
68421
73684
78947
84210
77513
94736
100000
8290
4407
7789
8859
12726
22322
67005
36842
42105
15930
52632
46230
63158
68421
73684
78947
84210
89473
94736
100000
28272
7620
47908
9325
10761
14943
60704
72525
42105
33564
52632
52071
53808
68421
73684
78947
84210
89473
55460
100000
21402
29232
29169
14230
22594
13949
71013
51838
42105
29688
52632
57895
63158
68421
73684
78947
84210
89473
94736
100000
1
4489
38817
15790
21053
26316
57913
36842
40382
16936
26755
46166
63158
68421
20375
78947
84210
89473
94736
100000
1
20196
9271
13156
13939
23671
31579
36842
42105
42573
52632
57895
48733
68421
73684
78947
71294
89473
94736
100000
1
37628
65395
15790
21053
15185
31579
72352
32519
47368
31319
57895
63158
68421
73684
78947
57387
71286
94736
100000
1
4620
41007
15790
18948
23671
31579
36842
42105
28474
11763
57895
63158
68421
73684
78947
10291
89473
94736
100000
24044
3215
7676
15790
21053
26316
31703
36842
71259
4657
52632
65058
63158
68421
73684
78947
84210
89473
94736
100000
1
24332
10527
10171
40472
15206
31579
46631
42105
4657
52632
57895
47389
61500
40637
78947
84210
89473
94736
100000
1
24085
10527
14230
11950
26316
87726
36842
71975
42573
52632
76616
63158
68421
73684
78947
84210
89473
94736
100000
1
27841
16074
8606
14516
19745
47783
36842
36993
42573
13513
57895
63158
68421
73684
70976
75656
89473
94736
100000
11764
5264
9507
8073
15743
30530
59179
33102
62179
42573
28273
65527
63158
68421
20240
78947
84210
89473
94736
100000
17144
39663
10527
15790
21053
22807
31579
37370
33910
47368
52632
71421
63158
59917
73684
78947
84210
89473
94736
100000
1
4434
9303
14230
14233
26316
48881
36842
42105
28066
44508
57895
6238
59317
73684
78947
84210
89473
94736
100000
1
2819
68228
6386
22848
26316
31579
33102
33771
47368
52632
57895
63158
68421
73684
70976
84210
71152
94736
100000
16392
3524
7498
11183
10031
18792
68050
51202
55880
28262
16493
52071
42165
68421
73684
78947
84210
89473
94736
100000
1
3496
67596
9339
12099
22824
28372
44249
56494
38669
52632
50013
63158
68421
73684
78947
84210
89473
94736
100000
1
32795
22691
10525
11433
21076
31579
53395
42105
47368
11830
57895
8708
68421
73684
78947
84210
89473
94736
100000
17883
2561
9507
14230
21053
26316
31579
36842
42105
47368
22786
57895
63158
68421
73684
32623
84210
89473
94736
100000
1
4759
42637
4479
13333
26316
34325
33102
42105
47368
52632
46140
56780
68421
73684
78947
84210
89473
94736
100000
1
3163
16520
15790
15052
21038
79369
36842
33939
26311
45650
52071
55410
68421
21438
78947
84210
89473
94736
100000
18505
5806
10527
15790
14795
33296
75149
50067
42105
36266
14956
57895
6254
68421
51365
78947
33909
89473
94736
100000
1
24166
61040
14028
13082
18548
60153
33102
42105
47368
52632
57895
63158
68421
73684
40424
84210
89473
94736
100000
1
11858
38702
3196
22086
26316
69141
28573
37517
47368
52632
57895
63158
68421
73684
78947
84210
89473
94736
100000
17506
35557
37398
15790
35678
23671
78341
53072
71391
47368
37540
57895
54817
68421
73684
63312
8408
71696
94736
100000
1
4759
8628
9869
14408
26316
28372
36842
52454
25558
30754
57895
9815
68421
23419
78947
38382
89473
94736
100000
1
2639
9507
15790
21053
26316
31579
55649
42105
33411
52632
57895
11512
68421
73684
78947
84210
89473
94736
100000
23428
5264
17118
15416
39988
17044
31579
36842
32724
47368
52632
56705
63158
68421
73684
78947
84210
89473
94736
100000
1
4108
20039
4934
18948
15403
83542
32882
37873
34057
13926
52212
63158
68421
73684
78947
84210
75483
94736
100000
34644
13823
63075
8492
43169
23671
31579
36842
42105
42573
52632
50488
56780
61500
73684
78947
9958
89473
94736
100000
1
3280
8889
8297
13114
26316
78065
36842
42105
22783
52632
57895
63158
68421
73684
78947
84210
89473
94736
100000
14870
11918
37230
15790
21053
27697
53188
31064
42105
47368
52632
57895
63158
68421
73684
40416
84210
89473
11460
100000
1
38975
23497
12558
11640
26316
50312
36842
38288
47368
52632
57895
51745
68421
73684
31410
84210
89473
94736
100000
1
4759
66024
16817
21053
39953
65474
30215
74313
47368
47318
57895
48311
68421
73684
78947
84210
89473
94736
100000
1
2499
47835
8445
11168
33742
38075
45901
42105
14012
16870
57895
63158
68421
73684
78947
8408
89473
94736
100000
39413
31428
9378
14230
17709
32675
77365
33102
63025
38511
47318
57895
63158
68421
73684
78947
8408
77677
94736
100000
1
2958
7550
3432
10844
13715
31579
33102
55168
47368
15249
73976
56780
68421
73684
42551
84210
89473
94736
100000
23561
4759
49862
10397
18008
19562
49033
62045
48107
47368
52632
45981
63158
68421
20104
78947
84210
89473
94736
100000
20182
2811
39195
13104
17673
21418
77636
36842
42105
47368
52632
57895
32733
41505
73684
78947
84210
89473
94736
100000
22593
11713
70194
15790
14820
33140
56888
32360
37421
47368
24247
57895
63158
50517
26050
78947
84210
89473
94736
100000
27552
37508
47819
7881
14351
43523
31579
39048
65269
13079
52632
59464
63158
68421
73684
78947
84210
89473
94736
100000
1
5264
24880
6697
10273
13716
46090
44474
36438
47368
20031
56805
63158
50991
73684
78947
84210
89473
94736
100000
1
24628
62881
7400
13511
26316
31579
51704
65223
26142
41262
57895
34553
68421
19212
78947
84210
89473
94736
100000
1
11769
10527
8719
35819
39599
28512
36842
42105
47368
52632
57895
63158
68421
48740
34047
75776
89473
94736
100000
18613
2646
47038
18854
27794
19659
57617
51502
42105
47368
12320
57895
63158
68421
73684
78947
84210
89473
94736
100000
20570
3328
59748
6090
21053
23589
31386
33102
33629
42134
52632
71959
63158
50262
73684
78947
84210
89473
94736
100000
1
21513
61679
15790
11807
47004
31579
54983
42105
24823
52632
52071
63158
42983
73684
78947
46181
80504
34374
100000
1
10612
34822
8980
10755
47925
73919
36842
42105
47368
52632
77648
13947
68421
73684
78947
84210
89473
94736
100000
1
18911
10527
7729
21453
26316
66246
36842
42105
34109
52632
57895
21545
68421
73684
78947
84210
89473
94736
100000
1
4376
53454
15790
21053
16333
29386
71914
33646
47368
32927
74016
63158
49053
73684
78947
84210
89473
94736
100000
8089
3568
13693
12025
23103
26316
83386
48964
58458
47368
15129
57895
63158
68421
73684
78947
84210
89473
94736
100000
1
19394
9507
15870
14866
34595
35098
59610
42105
7918
52632
61010
63158
58039
73684
78947
84210
89473
94736
100000
32517
2502
9507
10838
16625
18466
31619
60042
42105
12187
25877
57790
33150
47005
73684
78947
84210
89473
94736
100000
3686
4322
9131
12970
11184
19528
82784
36842
42105
10428
17175
55751
63158
48200
73684
78947
25456
89473
94736
100000
1
5264
10527
8167
18161
16919
60249
59952
42105
37039
19211
57895
63158
68421
73684
29048
84210
73087
94736
100000
1
4202
9507
14230
26328
20281
32271
72206
74567
4657
52632
57895
63158
51051
22142
78947
84210
89473
94736
100000
10868
4077
20862
14230
17905
15932
57439
30556
42105
47368
14123
57895
63158
41433
19682
78947
84210
89473
94736
100000
1
26464
7803
10266
38090
28032
70332
72401
42105
47368
17056
57895
8886
68421
73684
78947
84210
89473
94736
100000
4164
4759
25387
14268
21053
23498
82306
36842
67111
36200
11571
57895
63158
68421
73684
78947
84210
89473
94736
100000
28627
34013
10527
11041
29107
24171
84081
60738
45816
47368
52632
77611
63158
68421
23736
78947
84210
89473
94736
100000
1
5264
62358
7444
28296
42091
31579
36509
42105
28477
24093
57895
6238
68421
21472
78947
84210
89473
94736
100000
5845
2879
58077
13217
14412
14814
28372
36842
37029
47368
21237
57895
63158
68421
66254
78947
8408
89473
94736
100000
1
4759
56966
15790
18948
19641
41826
33102
57011
47368
52632
57895
63158
68421
22184
78947
84210
89473
94736
100000
33383
5264
63508
15463
21053
26316
87145
36842
42105
23027
52632
57895
50561
68421
73684
78947
84210
89473
94736
100000
27159
44533
20667
13133
12785
35264
51564
40062
37829
47368
25583
57895
63158
68421
24117
78947
75776
76058
94736
100000
31399
2516
10527
10235
11303
15973
31579
32827
42820
35699
52632
52071
63158
68421
73684
78947
84210
89473
94736
100000
1
4911
8025
7652
17560
44105
31579
36842
37829
47368
52632
57895
63158
43463
73684
78947
84210
89473
94736
100000
1
5264
10906
13998
21307
23671
28372
36842
42105
47368
19041
75465
31570
68421
50251
78947
84210
89473
94736
100000
34791
4322
9507
8672
13356
26316
31167
67058
42105
18879
27325
57895
56026
68421
73684
78947
84210
89473
94736
100000
2460
3304
9638
9577
16712
23671
42105
36842
67793
47368
52632
76557
63158
68421
73684
78947
84210
89473
17796
100000
1
30152
10527
8549
18859
26316
31579
36842
61535
17635
52632
57895
63158
68421
73684
78947
84210
89473
11798
100000
1
43276
70180
14096
37402
16511
57740
62587
42105
4657
36413
57895
63158
68421
73684
78947
84210
89473
94736
100000
1
5647
9199
14230
16198
15386
76993
32748
42105
28808
26675
57895
44107
56651
20243
78947
72604
89473
94736
100000
1
4703
55434
15790
18948
42141
31579
33102
43441
47368
52632
52071
63158
54474
73684
78947
43044
89473
94736
100000
1
3710
16274
13411
17222
19422
46819
36842
42105
34764
18758
57895
63158
68421
73684
30597
64067
89473
94736
100000
1
16417
49955
13923
21053
23671
39369
54914
42105
47368
52632
57895
63158
68421
73684
78947
84210
89473
94736
100000
1
4550
34126
12223
18948
26316
41250
36842
42105
47368
21437
57895
31086
68421
73684
78947
84210
89473
94736
100000
1
38214
9251
12159
16252
21625
41670
36842
59761
41702
52632
57895
63158
46214
73684
78947
84210
89473
40526
100000
1
16974
14693
14230
13797
18844
77338
36842
42105
11145
52632
57895
63158
48592
49541
65473
84210
89473
94736
100000
24360
5264
69154
7975
11949
23671
31579
36842
59488
7280
20170
48403
63158
68421
73684
78947
84210
89473
94736
100000
1
42933
46459
8348
12932
26316
40384
36842
61955
13207
52632
53848
7961
51272
73684
78947
84210
89473
94736
100000
5891
4640
58426
18921
18948
21469
41997
44875
42105
35905
52632
51401
26166
55159
73684
78947
18464
89473
94736
100000
1
3606
10527
9540
27800
26316
84671
37568
42105
47368
52632
52071
27703
68421
73684
78947
84210
89473
94736
100000
14959
4759
34117
11745
9924
38416
74524
35658
56995
4657
22042
52665
63158
61500
73684
78947
84210
89473
94736
100000
34766
21159
9507
4315
21053
22015
84235
34629
70134
47368
40652
57895
63158
56660
73684
78947
84210
89473
94736
100000
13425
3867
47928
8486
15407
23671
63564
61036
59848
47368
41588
54596
63158
68421
73684
70976
66174
89473
94736
100000
1
16484
57720
6313
21932
19992
88145
36842
42105
47368
46153
57895
27451
68421
73684
78947
84210
89473
94736
100000
26041
4759
42483
6939
18831
26316
85102
36842
54431
10295
19173
57895
39495
50927
73684
78947
84210
89473
94736
100000
1
23266
8778
12104
21306
28298
86350
58116
40320
47368
52632
57119
63158
60073
73684
78947
84210
89473
94736
100000
32577
3720
7681
15790
42831
39687
28372
44555
66532
14501
15676
45672
23128
68421
73684
31404
84210
89473
94736
100000
6258
4399
38436
14108
16083
26316
31579
66823
43999
31236
35053
57895
53261
68421
73684
78947
84210
89473
94736
100000
1
12450
33282
13118
15710
16540
52975
36842
42105
47368
15337
74551
32842
68421
73684
78947
84210
89473
26045
100000
1
12751
26319
17356
40226
39900
31579
33102
37917
42573
46917
52071
63158
42140
73684
78947
84210
89473
94736
100000
1
4759
45883
15790
16979
26316
31579
36842
42105
47368
43541
73611
63158
68421
24135
78947
84210
89473
94736
100000
1
4313
30987
9461
21053
13055
82542
36842
47979
21071
52632
58408
63158
68421
73684
78947
84210
89473
94736
100000
36779
34680
40088
5019
12886
18167
31579
36842
42105
47368
35206
57895
63158
68421
73684
78947
24023
77276
94736
100000
1
17427
8755
14230
33422
22860
83470
36842
66689
29415
46113
57895
63158
68421
28882
78947
84210
89473
94736
100000
32237
4759
9507
15790
12756
23577
80731
55163
63678
47368
23200
57895
29052
46296
73684
78947
84210
89473
94736
100000
1
28091
9507
15790
21803
26316
33375
36842
42105
47368
35998
57895
63158
68421
64717
78947
17955
89473
94736
100000
38450
4373
13577
15790
31277
27786
58816
43627
65602
47368
37045
57895
45156
47461
73684
78947
84210
89473
94736
100000
36574
17383
36875
7595
38390
23671
66691
29484
42105
28610
52632
53043
63158
68421
73684
78947
84210
89473
94736
100000
2982
4645
69672
12994
15826
47604
81911
36842
42105
5842
47318
70537
63158
68421
73684
78947
34760
89473
94736
100000
17463
23715
63307
3207
12815
26316
46526
28757
42105
47368
52632
57895
56780
68421
23721
78947
84210
89473
94736
100000
1
25992
10527
13923
18948
26316
70997
57492
65129
47368
52632
57895
63158
58852
73684
78947
84210
89473
94736
100000
1
4759
38028
14168
21053
26316
36323
68732
42105
4657
11954
55722
6238
68421
73684
64988
47298
89473
94736
100000
1
21401
26111
4467
20578
40144
31579
52021
42105
15907
52632
57895
63158
68421
73684
78947
45075
89473
94736
100000
26269
3157
60715
8373
43297
26316
35129
50856
45093
47368
14463
57895
63158
44282
73684
78947
34039
89473
94736
100000
1
3887
55911
14230
21053
20569
31579
36842
54926
47368
47318
68550
63158
68421
73684
78947
84210
89473
94736
100000
1
20303
12807
14230
21053
27958
84945
44394
42105
47368
52632
52071
63158
68421
73684
78947
84210
73495
94736
100000
21441
4380
7594
9024
14084
15041
61345
40170
75428
36549
52632
52071
63158
68421
73684
78947
84210
89473
94736
100000
10084
3366
59484
11804
21053
28719
31579
32029
55315
47368
17893
77074
49553
54101
73684
53481
84210
89473
94736
100000
23970
20985
22325
9815
41650
16487
54106
36842
42105
40327
52632
57895
63158
46986
61365
78947
8408
71345
94736
100000
1
3564
9507
7531
39712
26316
31579
27287
42105
29348
16905
57895
63158
68421
73684
78947
57995
89473
94736
100000
1
2517
62362
15790
11788
23497
67816
62600
64859
7049
28443
48600
63158
44716
23622
78947
84210
75219
94736
100000
13882
5264
37035
17910
16397
40272
67322
41396
42105
47368
52632
57895
18709
68421
73684
78947
84210
89473
94736
100000
36409
3307
48823
15790
40505
26316
31579
29376
39764
24114
22707
57895
31426
68421
73684
78947
84210
89473
94736
100000
21090
2692
19228
5587
17565
22038
29613
36842
52541
47368
28009
57895
63158
68421
73684
28349
24596
89473
94736
100000
15589
4060
52303
13117
14268
26316
31579
36842
74175
47368
52632
47551
63158
43919
73684
78947
84210
89473
94736
100000
1
5264
37179
6701
18948
36337
31579
36842
37231
4657
41890
57895
17082
68421
73684
30765
84210
89473
94736
100000
10687
2893
42795
7160
15854
21273
41511
28399
74255
47368
47318
57895
63158
61500
73684
78947
84210
89473
94736
100000
4276
4674
57331
11186
13923
20854
66389
64751
42105
47368
52632
57895
26170
68421
73684
78947
84210
89473
94736
100000
1
4071
8731
10709
15540
20602
31579
33102
42105
47368
52632
57895
35692
68421
24682
78947
43858
89473
94736
100000
1
44829
14663
14230
18948
40840
31579
36842
37692
47368
52632
57895
63158
68421
73684
78947
84210
89473
94736
100000
1
3837
62711
14230
17629
30688
28372
36842
33982
27171
37901
67366
10274
48892
73684
78947
84210
89473
94736
100000
1822
19621
59425
4573
12607
26316
28372
38135
49817
47368
52632
47986
63158
68421
25526
78947
84210
89473
94736
100000
14155
39234
10527
7645
15592
26316
49786
31738
51982
47368
37054
65537
10380
68421
73684
78947
84210
75642
94736
100000
1
40666
9507
6858
26971
27059
57463
28738
36022
47368
47318
57895
63158
68421
73684
78947
38014
89473
94736
100000
1
3381
51178
11106
21053
16523
31579
36842
42105
5869
52632
57895
6238
53067
73684
78947
84210
89473
94736
100000
10507
24526
22826
10356
18324
22095
61016
43841
70439
47368
52632
47870
63158
57481
73684
78947
84210
89473
94736
100000
16772
45133
8024
13790
15472
20616
85499
36842
50853
28507
31024
59916
20080
60183
73684
78947
84210
89473
94736
100000
27520
38756
9507
7099
15622
26316
44271
36842
33219
6923
14691
58169
63158
54731
73684
78947
84210
89473
94736
100000
9767
4759
14432
14230
26382
21706
70742
43110
60624
47368
52632
48091
63158
49863
73684
30653
23854
89473
94736
100000
34988
41207
67817
18426
11192
15195
89327
36842
45964
19631
52632
48545
63158
68421
73684
78947
36271
89473
94736
100000
34363
4225
36439
8842
15202
19120
31579
28081
33120
47368
52632
74420
63158
68421
73684
78947
84210
89473
94736
100000
1
3734
8261
12041
15974
49101
31579
36842
42105
7697
17730
57895
6238
68421
73684
78947
84210
89473
94736
100000
1
15502
8664
7515
21053
23039
31579
36842
42105
17572
52632
51789
63158
54574
40480
78947
17659
89473
94736
100000
1
30864
43438
15790
14628
15511
31579
36842
42105
47368
52632
57895
11120
45240
37494
78947
74757
89473
94736
100000
1
11870
52144
14230
17477
33026
31579
56448
42105
40695
52632
57895
63158
55996
73684
78947
75776
89473
94736
100000
22223
24838
16985
15790
11525
25137
31579
70907
42105
47368
52632
57895
63158
59421
73684
70976
84210
89473
94736
100000
20843
3361
9507
10556
9476
23671
65178
60669
42105
47368
12661
57895
63158
56431
36094
78947
84210
89473
94736
100000
1
13037
9279
14230
15859
26316
48985
36842
42105
47368
52632
57895
48605
68421
73684
78947
84210
89473
94736
100000
1211
32856
36812
5488
18948
26316
31579
54280
76012
47368
52632
57895
47279
50122
73684
78947
84210
89473
94736
100000
1
3665
9389
15790
21053
36880
31579
36842
67081
15604
52632
57895
63158
68421
73684
78947
84210
89473
94736
100000
27791
2714
67057
10846
10090
26536
79467
30879
42105
27082
52632
57895
36337
46443
73684
78947
84210
89473
94736
100000
1
4703
8296
19213
34827
26316
69635
36842
42105
7064
52632
50742
63158
68421
58882
78947
75776
89473
94736
100000
32991
4609
10527
5089
21053
34684
60570
69240
42105
47368
52632
57895
63158
42716
73684
78947
84210
89473
94736
100000
1
15675
49490
7799
17811
20647
38354
72669
42105
47368
31371
54820
63158
68421
73684
78947
84210
77781
94736
100000
17389
7408
8214
7383
11984
26316
31579
36842
36155
47368
15121
57895
63158
46537
73684
34850
84210
89473
94736
100000
17092
4759
14796
3683
41271
20816
72495
60030
42105
4657
11943
57895
63158
68421
73684
78947
84210
89473
94736
100000
1
3160
35025
8828
26755
26316
31579
36842
34810
47368
52632
57895
63158
68421
50801
67517
13907
89473
94736
100000
1
3418
10527
4387
21053
43487
78768
36842
73799
47368
52632
50285
63158
68421
62028
78947
61698
89473
94736
100000
1
4102
8926
15790
16916
26316
85924
36842
72335
22287
52632
50861
28207
68421
47076
78947
8408
89473
94736
100000
1
5264
9507
9503
14438
26316
45533
34983
42105
20125
52632
57895
63158
56683
73684
78947
75776
89473
94736
100000
14752
2519
10527
12433
21053
26316
68146
70296
42105
22118
52632
53547
63158
68421
73684
78947
84210
89473
94736
100000
1
33115
55279
12537
18948
22519
77422
34627
32101
42573
23996
53863
63158
68421
73684
78947
84210
89473
94736
100000
11004
4164
56256
14230
10062
26316
61532
49965
34859
47368
52632
46847
63158
68421
73684
78947
84210
89473
94736
100000
32385
4759
64561
3640
17670
18301
31579
29835
65900
47368
40137
50783
23813
68421
73684
78947
84210
89473
94736
100000
18596
3309
8663
11047
33819
25756
31579
69613
42105
47368
47318
57895
63158
68421
73684
27848
84210
89473
94736
100000
26762
3933
10527
9315
14120
40007
31579
72438
42105
32864
13653
61996
63158
68421
73684
65780
84210
89473
94736
100000
1
23829
9507
5098
9839
26316
31579
36842
42105
47368
52632
57895
19599
68421
73684
78947
84210
89473
94736
100000
1
2760
8541
10735
44189
14877
45854
58746
42105
41427
52632
57895
63158
68421
73684
70976
38328
89473
94736
100000
1
2991
18779
10962
23378
26316
28372
61595
42105
34900
16175
57895
6238
68421
73684
78947
84210
89473
94736
100000
1
2561
25229
4510
18315
14363
69087
36842
70027
9882
52632
57895
63158
68421
73684
32810
84210
89473
94736
100000
8420
20533
9191
6859
21053
20431
89291
33102
42077
7983
52632
57895
49833
68421
66254
70448
58598
89473
94736
100000
21573
20043
9141
4006
18251
26316
61391
67758
57335
4657
52632
57895
22424
56243
73684
78947
84210
89473
94736
100000
1
5264
42499
9566
9878
30288
80301
27459
57596
9091
52632
57895
63158
52054
73684
78947
84210
89473
94736
100000
1
3599
8551
12594
9480
20145
32386
33102
42105
47368
52632
52287
21782
68421
73684
78947
84210
89473
94736
100000
1
21300
62310
10800
21053
13598
31579
29115
42105
42573
32164
57895
63158
68421
24344
78947
84210
89473
94736
100000
1
12300
57371
15790
11852
18810
31579
36842
35566
47368
52632
51532
56516
68421
73684
41238
84210
73394
94736
100000
1
3327
35389
14230
37143
13776
42426
36842
42105
47368
16484
52071
22553
68421
73684
78947
84210
89473
94736
100000
11943
2719
32331
3194
34830
26316
82579
56878
37585
47368
52632
57895
10328
68421
43565
78947
50460
89473
94736
100000
1
35880
29190
11906
27984
14567
30011
40690
37829
47368
23865
57895
63158
68421
73684
78947
84210
89473
94736
100000
1
12342
36355
10435
11148
26316
53741
50522
33011
28984
52632
57895
15441
68421
73684
78947
84210
89473
94736
100000
1
4759
61052
14230
21053
14803
29548
36842
42105
35542
52632
52071
63158
68421
73684
78947
84210
89473
94736
100000
1
3540
7709
7099
21053
25843
37719
36842
42105
4657
40368
52071
63158
68421
25163
78947
84210
89473
94736
100000
18734
45707
47377
11424
11559
23671
67251
54198
42105
42573
52632
55620
37891
68421
73684
78947
84210
89473
94736
100000
10896
42816
25299
4042
21427
20026
53075
30992
61864
4657
52632
52108
56780
41246
73684
32847
84210
89473
94736
100000
1
3838
10527
5937
21053
17580
31579
71604
69748
42194
36005
48835
33957
68421
73684
78947
84210
79201
94736
100000
27635
3788
10527
15790
13853
23671
82304
36842
59072
47368
52632
56183
63158
61500
73684
78947
84210
89473
94736
100000
1
2596
8350
3384
9479
15429
69628
57074
65653
47368
25203
52068
6238
55148
73684
78947
84210
89473
94736
100000
1
2701
8217
12053
18525
26316
31149
71271
33251
15417
29445
59610
63158
68421
53374
78947
84210
89473
94736
100000
26886
19004
9507
14230
21053
16818
31579
59477
42105
47368
52632
57895
6628
68421
21668
78947
12583
89473
94736
100000
25709
11870
26150
11556
21053
26957
31579
36842
42105
32640
23832
57895
63158
68421
73684
56513
84210
74255
94736
100000
19763
3562
9442
9499
10926
20026
80378
36842
37592
4657
16670
52071
7598
68421
73684
78947
84210
71389
94736
100000
1
3968
41142
13005
26031
20686
69017
38454
69075
4657
52632
74975
22994
68421
73684
32319
84210
89473
94736
100000
4171
17790
38958
8763
41111
41771
28372
36842
37829
16521
52632
57895
63158
45083
56735
78947
8408
71448
94736
100000
11211
45859
9507
7282
12318
26316
64125
62464
57966
47368
52632
57895
53723
68421
73684
78947
84210
89473
94736
100000
36880
10670
68855
12153
12328
22291
31579
27166
42105
47368
24827
57895
63158
54003
50635
69047
84210
89473
94736
100000
1
4531
20446
9930
38274
23671
51792
36842
65037
47368
52632
47208
63158
68421
37403
78947
84210
89473
94736
100000
1
16680
7729
9682
18948
13860
31579
52613
62715
47368
27290
47034
36152
55586
21111
78947
84210
89473
94736
100000
21129
42002
44523
9206
44245
15504
75348
49439
61595
47368
52632
57895
63158
68421
73684
78947
84210
72261
94736
100000
11244
4759
24034
15790
15202
47541
31579
70593
42105
47368
21763
53166
63158
68421
73684
78947
84210
89473
94736
100000
18568
22660
64105
14230
18680
17667
52613
36842
68663
37238
27498
54765
63158
68421
52318
78947
84210
89473
94736
100000
1
3905
64802
15790
20026
21434
53721
36842
69727
26810
52632
57895
63158
55920
73684
78947
75776
89473
94736
100000
26841
8910
68369
7114
44087
14431
31579
52806
46082
26838
20736
57895
43447
44099
64953
78947
68502
89473
94736
100000
1
44551
53355
14230
21053
32053
31579
36842
42105
47368
52632
57895
63158
68421
73684
78947
84210
89473
94736
100000
26835
24105
50678
9629
15549
17183
31579
36842
65104
41011
12445
56976
63158
68421
73684
78947
84210
89473
94736
100000
1
3439
8712
12841
11094
26316
31579
30767
42690
47368
52632
57895
8841
68421
45027
78947
84210
89473
94736
100000
1
20881
10527
19203
12228
26316
68993
64696
68035
47368
47318
76603
63158
68421
20552
78947
68001
89473
11782
100000
1
3678
28107
6197
10990
32312
53752
30892
42105
47368
52632
57895
63158
68421
73684
78947
84210
89473
94736
100000
7616
31963
31246
12679
35818
32792
69286
68675
42105
47368
52632
57895
63158
68421
73684
78947
84210
89473
94736
100000
1
27763
9507
6027
21053
13684
31579
36842
46703
47368
12675
57895
6238
68421
19147
78947
84210
72047
94736
100000
1
4759
10527
5355
12311
26316
68854
36842
34415
25886
35860
46224
56780
68421
20223
78947
84210
89473
94736
100000
24748
3705
40404
11183
16746
46186
31579
36842
37829
4657
47318
57895
13048
68421
73684
78947
84210
89473
94736
100000
1
5264
36035
8972
14959
42732
31579
36842
56485
25772
42925
67181
63158
68421
73684
78947
8408
89473
94736
100000
22700
17734
7943
9560
16431
13759
56038
40022
42105
47368
52632
57895
55386
68421
73684
78947
84210
89473
94736
100000
1
46120
10527
10273
18948
13224
41575
43818
62657
21745
37347
51863
17233
68421
40648
78947
84210
89473
94736
100000
1
4759
51824
8629
14157
26316
31579
69933
32468
40448
52632
57895
6238
54097
73684
78947
32075
89473
94736
100000
1
3501
61633
6890
21053
26316
80921
57269
42105
5357
38616
57895
36221
68421
73684
78947
84210
75825
94736
100000
1
3999
17306
16631
41086
28132
46565
30233
42105
12655
52632
57895
63158
68421
73684
78947
84210
89473
94736
100000
39083
4034
10527
13347
37444
17636
31579
32711
65141
16766
24487
67852
15899
68421
73684
78947
84210
89473
94736
100000
1
34427
10533
14475
11463
26316
28991
33102
65882
47368
52632
57895
26905
68421
73684
78947
84210
89473
94736
100000
1
4461
10527
3660
37240
47950
28372
31422
42105
47368
37307
45984
63158
68421
40642
78947
84210
89473
94736
100000
1
2564
55280
14230
27549
14576
82336
36842
45824
33808
13051
70796
63158
42443
73684
78947
84210
72251
94736
100000
1
4145
51913
5623
12317
20114
73506
30215
40206
47368
31216
73875
63158
68421
73684
78947
84210
89473
94736
100000
1
12165
9507
10949
13995
26316
31579
33102
36120
11325
52632
57895
6238
68421
73684
29071
84210
74886
94736
100000
36793
3230
7716
3312
15147
26316
31579
38518
58580
47368
18984
59754
63158
68421
73684
36823
84210
89473
94736
100000
1
29527
54277
12757
21053
16584
28350
36842
42105
42573
13393
57895
27126
68421
73684
78947
84210
89473
94736
100000
1
3401
9507
13656
14088
20534
54485
61839
59104
34829
47318
57895
63158
68421
73684
78947
84210
77655
94736
100000
1
14471
48654
5263
21053
26316
31579
36842
73831
47368
19075
57895
63158
68421
73684
78947
84210
89473
94736
100000
1
4046
8592
17396
12208
18451
40215
58966
50260
42573
52632
48623
63158
68421
73684
78947
84210
89473
94736
100000
1
4370
51842
6273
21053
21341
60209
36842
42105
47368
35561
51802
63158
68421
21050
78947
84210
89473
94736
100000
1
4502
53498
5467
18388
27405
31579
67879
56273
47368
52632
52071
63158
68421
66254
78947
84210
89473
94736
100000
1
3464
10527
8015
14835
26316
31141
36842
66343
42573
52632
57895
63158
68421
73684
78947
84210
89473
94736
100000
1
39739
9503
14230
42730
16688
31579
36842
42105
33246
52632
57895
40056
68421
20661
78947
84210
89473
94736
100000
1
3653
10527
19032
11173
26366
54947
30117
50150
47368
22628
57895
63158
68421
73684
78947
75776
80504
94736
100000
1
3406
63246
15790
21053
31572
78478
27553
41051
29348
52632
57895
63158
68421
73684
47481
84210
89473
94736
100000
1
4449
65193
6921
16528
44144
31579
42609
52608
33896
52632
63572
63158
68421
23611
78947
84210
89473
94736
100000
1
23828
9471
7982
16051
26316
31579
48465
36878
4657
37664
66886
63158
42398
73684
70976
84210
80504
94736
100000
5241
33065
8838
9572
14684
16180
89222
36842
71335
47368
24355
72644
63158
68421
73684
78947
84210
89473
94736
100000
2314
24217
33300
3431
12031
21544
82714
36842
42105
32776
52632
51591
63158
68421
73684
78947
84210
80504
94736
100000
1
3894
8954
4285
11776
45422
82194
36842
67008
47368
52632
57895
63158
68421
73684
78947
84210
89473
94736
100000
1
4759
11783
15790
18948
20854
31579
59380
57451
19344
13758
57895
63158
41213
66254
78947
84210
89473
94736
100000
1
4235
10527
12085
21053
19411
31579
33855
42105
47368
27667
57895
63158
48318
73684
78947
84210
89473
94736
100000
1
4759
10527
13190
14682
26316
40163
39068
42105
19460
37918
57895
63158
68421
73684
78947
84210
72558
94736
100000
1
11547
59996
8687
18363
26316
31579
33102
37065
42573
52632
76587
44579
68421
73684
30654
84210
89473
94736
100000
870
4720
32066
13725
9792
19895
71311
49356
42105
13364
29544
57895
63158
68421
73684
78947
84210
89473
94736
100000
9967
3704
46384
8748
26354
26316
31579
36842
68295
42573
29597
69435
63158
68421
73684
78947
84210
72392
94736
100000
1
39408
38543
15790
30461
23671
42834
32790
44091
47368
39789
48306
45929
68421
73684
54910
84210
77625
94736
100000
1
37802
9296
8209
13842
26316
39581
36842
42105
20591
52632
57895
63158
68421
28403
69796
27856
89473
33738
100000
1
37237
12629
15790
14634
23671
77112
36842
42230
47368
38096
52071
21508
68421
73684
78947
84210
89473
94736
100000
1
3236
45324
5232
18948
36784
86475
36842
42105
47368
21126
57895
63158
68421
21135
78947
84210
89473
94736
100000
1
34441
10527
15790
13358
26316
31579
36842
42105
4657
52632
57895
63158
68421
73684
78947
84210
89473
94736
100000
1
4040
18002
7689
41521
44829
52107
64732
50192
12114
52632
52071
21357
58110
73684
78947
84210
89473
94736
100000
32918
40242
8969
10365
43866
26316
31579
34198
54273
47368
52632
57895
32949
54860
73684
78947
84210
89473
94736
100000
4741
4628
8867
10434
20912
26316
81410
60952
37829
28108
52632
48520
43621
68421
25575
28130
84210
89473
94736
100000
1
5416
41139
3521
32714
26316
31579
43017
65652
14801
52632
61219
7856
59466
73684
78947
84210
89473
94736
100000
3807
2696
10527
3575
21053
26316
76674
36842
68556
47368
52632
57895
63158
58598
73684
78947
84210
72285
94736
100000
1
35904
18739
15790
20273
13911
31579
41220
42105
16375
52632
73044
47714
68421
73684
70976
24726
78506
94736
100000
1
3282
8756
8963
12430
16915
56711
36842
69862
42573
52632
57895
56780
68421
73684
78947
84210
89473
94736
100000
32478
15529
10527
15790
17614
23479
35003
56415
42105
4657
52632
57895
63158
68421
73684
78947
84210
89473
94736
100000
1
12960
25863
12384
21053
23671
31579
59896
42105
28460
18001
57895
63158
68421
73684
78947
84210
89473
94736
100000
1
2976
21982
8230
15710
13958
28372
55863
75892
47368
19228
57895
63158
68421
73684
52023
54460
89473
94736
100000
915
39024
31309
10013
10785
19264
39931
62851
33016
25485
45936
55478
6304
68421
50319
78947
84210
89473
94736
100000
1
33945
12738
12031
22156
26316
40743
53647
40524
47368
52632
70253
44399
68421
47555
78947
84210
89473
45823
100000
1
10851
51388
8534
15494
15199
42636
30070
55629
47368
14665
57895
20653
41935
73684
69542
84210
89473
94736
100000
1
31241
32799
15790
35493
26316
31579
36842
73120
47368
19505
57895
14577
68421
73684
78947
84210
89473
94736
100000
1
3821
57914
15790
13110
26637
48186
39342
42105
47368
52632
57895
63158
68421
73684
78947
8408
89473
94736
100000
33833
3673
57063
5137
21053
26316
50785
56818
49896
47368
19346
61955
19601
59446
73684
39519
84210
89473
94736
100000
1
38346
10527
15790
13715
23671
31579
36842
44617
41140
52632
68325
63158
68421
66254
78947
36888
72781
94736
100000
1
38452
7874
12665
14569
26316
31579
53313
62895
15522
52632
77465
53573
68421
73684
78947
10713
89473
94736
100000
1
3970
28229
15966
43674
15685
73195
60896
42105
47368
52632
57895
63158
68421
73684
78947
84210
89473
94736
100000
4856
15901
22383
11683
40396
19255
31579
30022
37829
47368
40226
50024
56780
68421
60652
78947
84210
89473
94736
100000
1
4419
55888
15790
13493
29051
31579
66009
46178
47368
52632
74244
13740
68421
73684
78947
84210
77701
94736
100000
1373
19762
15567
7886
20604
25953
31579
52962
42105
24044
36365
72495
63158
47850
73684
78947
84210
89473
94736
100000
39497
4616
9507
10272
17951
22737
82275
44372
42105
47368
52632
57895
63158
68421
73684
78947
84210
89473
94736
100000
1
3810
13423
15790
18948
23136
70816
36842
42105
27342
52632
48151
63158
68421
19788
63433
84210
89473
29045
100000
27408
44393
9038
15790
39739
17361
64212
46199
42105
40330
52632
57895
63158
55587
73684
78947
84210
71097
94736
100000
1
2958
8654
13117
9610
38619
89356
43612
65526
47368
52632
52071
63158
68421
73684
78947
84210
89473
94736
100000
17758
7266
9177
3298
17735
26316
88146
36842
34466
13458
52632
57895
56383
47664
73684
78947
84210
89473
94736
100000
1
4191
9507
12196
18948
26316
31579
48489
48083
31415
52632
62071
16905
58745
73684
78947
84210
89473
94736
100000
1
5264
36687
15790
43881
21453
74462
36842
53177
7295
47318
65226
63158
68421
73684
78947
8408
89473
94736
100000
1
3254
15885
3513
17924
26316
31579
36842
42105
27202
19438
57895
63158
68421
63590
78947
84210
89473
94736
100000
1
5672
30711
13515
11136
16180
28372
36842
34971
47368
52632
61874
63158
68421
73684
78947
84210
89473
94736
100000
1
41617
9252
15790
18948
15067
31579
36842
76069
47368
52632
57895
30704
47795
73684
78947
84210
89473
94736
100000
1
2642
8077
14230
18948
18447
31579
36842
59225
23507
20082
57895
63158
50384
73684
34417
84210
89473
94736
100000
1
34563
10527
16416
42990
26316
28372
69458
65486
47368
52632
57895
63158
68421
73684
39561
84210
89473
94736
100000
1
4731
14981
17343
18403
23671
31579
33637
55752
47368
14703
52071
63158
44159
73684
78947
84210
89473
94736
100000
1
23884
10527
14230
18389
20684
75156
36842
35187
21516
52632
68657
63158
68421
73684
78947
84210
89473
94736
100000
24707
26367
33233
12572
11732
23240
56420
36842
42105
42573
52632
57895
63158
68421
73684
78947
84210
89473
94736
100000
28216
11407
9068
15790
10456
26316
58057
36842
51992
47368
20257
57895
63158
68421
73684
78947
52350
89473
94736
100000
1
23464
63344
6384
21053
15267
31579
34667
42105
47368
52632
63464
63158
55923
73684
78947
84210
89473
94736
100000
1
2616
9470
7075
29001
14236
31579
31059
42105
12712
36328
63001
63158
68421
73684
78947
84210
89473
94736
100000
16495
3898
61720
15790
21053
21622
31579
71304
42105
47368
52632
57895
63158
68421
73684
78947
84210
89473
94736
100000
23052
4703
30111
13981
21053
15323
84368
63865
39085
47368
52632
57895
18959
68421
73684
78947
84210
89473
94736
100000
8242
4104
70418
5953
14314
43800
31579
57830
37286
12954
52632
64808
63158
68421
73684
78947
84210
89473
94736
100000
34106
3991
69951
12091
42548
23671
31579
66664
61494
47368
52632
78680
63158
44277
73684
78947
84210
89473
94736
100000
1
4078
10527
15790
22145
22481
58736
63464
41732
31526
37971
72861
28245
59597
73684
78947
54500
89473
94736
100000
1
5264
15382
15790
18948
23671
33984
33102
42105
4872
15297
57895
6238
68421
22234
78947
84210
89473
94736
100000
12248
22541
64283
6704
39561
19745
31579
38263
43716
13035
52632
57895
56780
61500
73684
52616
84210
89473
94736
100000
1
19226
32858
8122
17572
15290
31579
36842
37829
47368
47318
48708
63158
68421
73684
78947
52035
89473
94736
100000
11765
3472
7874
19660
37750
23671
44194
36842
36581
47368
52632
69000
63158
52498
73684
78947
84210
89473
94736
100000
1
5197
47121
15790
25258
26316
88880
36842
47686
38595
32652
57895
6461
52843
73684
78947
84210
89473
94736
100000
1
3616
27254
10408
21053
34637
69160
52465
42105
11110
52632
58642
63158
68421
66254
78947
71158
89473
94736
100000
16866
4759
10527
10512
39805
26316
82767
29266
75016
47368
16759
55433
63158
68421
73684
78947
84210
89473
94736
100000
1
4295
9607
14012
32033
23671
43911
36842
42105
47368
52632
46587
63158
58416
73684
78947
84210
89473
94736
100000
1
2905
66569
4908
22845
24616
72636
44888
37892
41862
16379
57895
63158
68421
73684
34214
15199
89473
94736
100000
1
3768
56702
8251
18948
23671
70972
36842
64921
17566
21845
57895
63158
68421
73684
78947
50018
89473
94736
100000
1
32151
58410
9560
15970
31641
31579
36842
42105
4657
12573
49049
8110
52390
73684
78947
84210
71523
94736
100000
1
4759
58056
12221
35502
26316
31579
30078
42105
47368
52632
57895
63158
68421
66140
78947
84210
89473
94736
100000
29066
4457
38200
12167
21053
13793
60920
33102
42105
47368
18937
57895
13380
68421
73684
78947
84210
89473
94736
100000
26424
12803
8627
19598
29820
22892
35148
36842
49169
47368
52632
58475
33720
46815
73684
78947
11930
89473
94736
100000
22475
4759
8472
11294
28946
26316
76120
30518
37829
47368
31319
76711
63158
68421
63289
78947
84210
89473
94736
100000
1
2512
49755
15790
18948
16908
31579
33028
42105
47368
52632
78825
45066
68421
66254
78947
84210
89473
94736
100000
1
20857
39770
7915
15870
15305
86656
30173
42105
13123
18584
57895
63158
68421
73684
40346
84210
89473
94736
100000
7452
3171
60323
15790
33959
19601
31579
70133
40588
42573
52632
57895
21809
54203
24375
78947
84210
89473
94736
100000
1
2821
42517
9206
34518
42206
60829
36842
35841
22317
19164
52071
6238
68421
73684
78947
84210
89473
94736
100000
1
33218
8881
11317
43631
23671
28968
64894
67779
47368
52632
57895
63158
68421
73684
78947
84210
89473
94736
100000
33190
3574
45505
14230
21053
17783
64772
71569
42105
4657
47318
56466
63158
68421
73684
78947
84210
89473
94736
100000
1
18172
32820
3343
31212
22290
32633
36842
42105
15018
52632
58875
63158
43128
73684
78947
84210
89473
94736
100000
1
5227
9507
8358
21053
26316
71472
36842
42105
14762
13774
57895
63158
68421
73684
70976
84210
89473
94736
100000
750
4759
10527
5944
35388
26316
29664
36842
71857
47368
20032
62841
63158
68421
73684
78947
84210
89473
94736
100000
1
4759
9381
13623
18948
37197
37609
33102
56076
47368
47318
57895
63158
68421
46314
78947
84210
89473
94736
100000
1
4759
66342
10079
21053
44095
44901
56629
42105
47368
22195
48807
34806
68421
73684
78947
84210
89473
94736
100000
1
3231
46786
12897
30587
47006
37749
36842
63709
47368
12454
62772
44878
68421
44201
78947
84210
89473
94736
100000
13317
45671
58741
14230
28706
35021
31579
59120
70694
47368
52632
57895
63158
68421
73684
78947
84210
89473
94736
100000
12864
3625
10527
15790
14895
26316
31579
28642
37829
47368
52632
57895
63158
68421
73684
78947
84210
89473
94736
100000
20888
4088
34196
15790
26650
15245
54987
33555
42105
47368
52632
57895
63158
68421
73684
78947
64480
73365
94736
100000
1
3161
44826
19808
10601
19882
48441
30503
42105
4657
52632
57895
22435
53453
73684
78947
84210
89473
94736
100000
12383
27707
69911
4268
33959
23671
31579
30806
42105
47368
12827
78593
63158
68421
73684
34670
84210
89473
94736
100000
23083
4084
61458
14230
21053
48447
31579
36842
47528
47368
52632
57895
31459
68421
20193
55346
84210
89473
94736
100000
15051
20243
39567
11944
18557
16642
31579
39799
42105
37973
52632
64500
63158
68421
73684
33779
8408
89473
94736
100000
1
3866
63576
16855
17384
13964
31579
36842
35947
22888
37147
57895
63158
68421
73684
78947
84210
78919
94736
100000
1
13206
24710
13472
24732
20602
66218
70805
51261
41311
52632
47221
63158
68421
73684
78947
84210
89473
94736
100000
1
4759
39509
9800
10185
26316
29080
33102
42105
14484
14537
49953
63158
54459
73684
78947
84210
89473
94736
100000
5050
4590
9916
11908
14271
24335
31579
36113
33010
28283
52632
49699
63158
68421
73684
78947
84210
89473
94736
100000
2877
3647
66565
12023
21053
33865
31579
63745
33596
28228
24495
57895
10922
68421
73684
78947
84210
89473
94736
100000
1
7628
9350
5278
9662
19444
50454
32277
33018
47368
23614
57895
63158
68421
26865
39951
84210
89473
94736
100000
1
3286
7565
11291
36110
26316
63784
27329
42105
47368
52632
57895
49797
68421
73684
78947
84210
89473
94736
100000
1
5264
8062
3339
18948
26316
57838
36842
35373
47368
52632
56387
63158
57051
73684
78947
84210
89473
67628
100000
1
4365
59329
11135
21053
34290
89239
44277
42105
47368
52632
57895
63158
68421
73684
78947
84210
89473
94736
100000
1
5264
44498
12279
14367
13721
51674
36842
40018
47368
52632
55553
63158
68421
73684
78947
84210
89473
94736
100000
1724
3500
8113
9940
21053
28229
31579
36842
39897
8423
52632
57895
56780
68421
73684
78947
84210
89473
94736
100000
1
3671
10527
14230
17738
30718
77519
36842
43501
47368
52632
57895
63158
68421
73684
70976
84210
89473
94736
100000
1
2497
9507
5527
41427
22611
29646
33041
51715
6700
15323
57895
63158
58814
73684
78947
84210
72980
94736
100000
1
11986
10527
13677
37609
18515
37124
52146
68241
35696
52632
52664
63158
68421
73684
78947
21044
89473
94736
100000
39285
4759
52675
11922
12230
26316
35284
60590
38665
47368
30574
57895
49120
61500
73684
78947
84210
89473
58480
100000
1
4510
50610
6425
16198
17605
82121
36842
61225
21647
26317
57895
63158
68421
73684
78947
84210
89473
57693
100000
10245
5264
8674
7149
35525
47540
28372
35875
37829
35213
52632
49263
63158
68421
73684
29304
84210
89473
94736
100000
34025
6844
52717
15790
21053
26316
87342
50435
42105
47368
52632
55614
63158
68421
73684
78947
84210
75083
94736
100000
31794
3045
10527
14230
16220
22855
62487
36842
65535
17177
19008
47969
43757
68421
19636
78947
84210
89473
94736
100000
22965
5264
8060
7047
12849
32241
31579
36842
42105
30990
36423
64184
63158
68421
33106
78947
84210
89473
94736
100000
1
43497
8342
9598
9766
29674
81013
36842
71481
47368
52632
70116
63158
43800
34581
78947
84210
89473
94736
100000
1
4353
10386
15790
29953
26316
28372
33102
45175
47368
47318
57895
53467
49845
73684
78947
84210
89473
94736
100000
1
4261
22214
3425
16202
40252
35984
71829
38750
47368
52632
57895
8369
68421
27098
78947
84210
89473
94736
100000
32312
29991
9507
10792
16383
46417
69837
36842
35519
47368
31897
57895
7557
68421
73684
78947
84210
89473
94736
100000
1
39920
55339
15790
14575
22249
28372
29035
36429
20182
52632
57895
29322
68421
73684
78947
84210
75350
94736
100000
1
4759
51391
5193
12029
22400
29026
36842
44485
47368
52632
75371
10587
68421
73684
78947
61196
89473
94736
100000
19134
4598
50363
11390
25000
19243
38494
55988
48889
47368
18371
52071
63158
68421
73684
78947
84210
70839
94736
100000
25725
7028
49558
3904
13627
14035
84480
31036
42105
10887
43520
62098
29286
45451
73684
46900
84210
89473
94736
100000
5049
4618
43240
12544
21053
23671
89391
33102
42105
47368
25191
57895
37242
68421
73684
78947
84210
89473
94736
100000
1
5264
21641
14230
36908
46325
50680
66824
37447
41953
52632
57895
36212
68421
40415
78947
84210
89473
94736
100000
1
4759
9507
13858
21053
25544
31579
36768
43218
15583
52632
57895
63158
68421
73684
78947
84210
89473
94736
100000
1
3503
43017
10683
11375
21240
38317
36842
42105
40370
52632
78028
18286
68421
73684
78947
84210
89473
94736
100000
18100
3669
33551
15790
34124
23671
31579
36842
42105
27781
38163
57895
63158
68421
73684
78947
84210
89473
94736
100000
1
3479
27060
11439
13684
13198
31579
48267
42105
7082
52632
57895
63158
68421
19192
78947
16581
89473
94736
100000
23477
3204
20305
10167
18948
23555
31579
36842
42105
47368
16631
57895
63158
68421
46530
78947
10372
89473
94736
100000
1
4650
28395
5011
10009
17310
28372
36842
42105
42573
52632
57895
63158
49289
73684
78947
84210
89473
94736
100000
1
3650
7721
12450
18948
36139
31579
28742
42105
27092
52632
67930
33085
68421
73684
78947
84210
89473
94736
100000
1
5264
29918
11458
18948
26316
42733
42247
42105
47368
52632
74111
63158
68421
65954
78947
84210
89473
94736
100000
511
4717
21772
15790
17644
19138
31579
46993
42105
47368
52632
57895
30263
46836
73684
78947
84210
89473
94736
100000
20242
34961
10527
4439
16642
26461
81493
36842
34135
47368
52632
63250
63158
68421
73684
78947
84210
89473
94736
100000
1
15251
9507
9570
15722
17834
28372
36842
42105
47368
47070
57895
24655
68421
73684
78947
84210
89473
94736
100000
1
3065
57252
15225
21053
26316
74741
51590
42105
37733
27697
57895
63158
68421
73684
60975
84210
89473
94736
100000
1
36198
9507
15790
18948
18875
81269
36842
43760
47368
27875
59315
33222
68421
73684
78947
84210
89473
94736
100000
5173
3373
46401
7148
13796
27253
38526
29182
67855
36342
52632
52071
63158
68421
73684
78947
84210
89473
94736
100000
1
22018
8017
12413
17413
14753
56643
52626
42105
15880
38414
57895
51746
68421
73684
78947
84210
89473
94736
100000
1
42584
9507
18301
30136
44986
28372
55654
36583
47368
52632
57895
63158
68421
66254
78947
46519
89473
94736
100000
9425
2742
9507
10050
9860
47867
31579
36842
33056
47368
11511
57895
63158
68421
73684
56706
23632
71644
94736
100000
1
4319
12334
14294
21053
26316
62604
33102
42105
47368
25803
57895
34346
68421
73684
78947
84210
89473
94736
100000
10800
3811
33177
8411
12187
24359
65972
33102
71020
4682
16978
57895
63158
50747
73684
78947
84210
89473
94736
100000
17588
30233
32015
8183
10653
15015
35726
32814
42105
47368
52632
57895
63158
44223
73684
33227
84210
89473
94736
100000
1
44106
34757
3768
17080
26316
78899
44299
69841
47368
14301
76274
56780
68421
54393
78947
84210
89473
94736
100000
18456
3012
24137
3527
15698
16994
65104
36842
42105
35500
33041
57895
63158
61500
73684
78947
8408
89473
94736
100000
35427
5264
61841
9979
21053
14624
40061
36249
42105
8879
52632
57895
34032
68421
73684
78947
29027
89473
72373
100000
14646
45908
55664
5125
21053
22515
76788
27800
42105
47368
52632
57895
56780
68421
73684
78947
27872
89473
94736
100000
1
45664
38141
8537
15436
18548
52061
32781
52579
47368
47318
57895
63158
43398
32163
78947
35502
89473
94736
100000
1
6642
9507
12589
13407
26316
84008
30719
42105
47368
52632
63755
37210
53364
66254
78947
84210
89473
94736
100000
1
42846
39786
4851
21053
15975
36255
60365
39623
42573
11875
57895
56780
59668
73684
78947
84210
89473
94736
100000
1
3794
8138
14023
14235
17506
31579
47556
42105
47368
39383
57895
32214
68421
73684
28380
8408
89473
94736
100000
16830
3426
53260
9261
31441
26316
29761
36842
42105
47368
52632
57895
63158
68421
73684
78947
84210
89473
94736
100000
1
20521
27893
11456
41382
18562
62820
71081
32259
47368
52632
52071
13880
68421
46323
78947
84210
89473
94736
100000
8184
36214
15838
9851
24697
15245
31579
72315
42105
47368
52632
45705
6238
68421
73684
78947
84210
89473
94736
100000
7834
16845
36212
10046
21053
37656
38257
61639
42105
13035
52632
71852
63158
68421
73684
78947
84210
89473
94736
100000
1
41717
8606
7664
11179
41715
87963
36842
60855
39367
52632
70219
63158
68421
22977
78947
48671
89473
94736
100000
21334
2516
22309
7309
26124
17016
41110
29598
42105
41001
14051
68583
63158
51034
73684
78947
84210
89473
94736
100000
1
2999
8038
9309
21053
20871
31579
36842
37829
47368
52632
75801
6238
68421
73684
78947
84210
89473
94736
100000
1
37402
59389
14230
29069
26316
31579
52225
35590
4657
52632
57895
63158
43303
73684
78947
51989
89473
94736
100000
1
27520
7982
18545
21053
26316
70507
36842
42105
47368
21047
75823
63158
68421
73684
30095
68000
89473
94736
100000
1
40732
13023
14230
18210
26316
42791
27734
36069
42573
52632
57895
29487
68421
73684
61886
44131
71211
94736
100000
1
44048
9305
11646
21053
23671
31579
30807
32478
5812
47318
57895
63158
68421
73684
78947
84210
89473
94736
100000
9111
3839
8589
11858
10653
14395
84359
33102
36777
42573
30748
57895
63158
45217
73684
78947
66084
89473
94736
100000
35719
4759
46009
11347
12244
41425
71003
33882
70029
9657
52632
57895
63158
68421
42949
78947
84210
71100
94736
100000
26655
4166
9904
12074
10621
16054
31579
36842
73893
4657
23141
57895
63158
45167
73684
67952
71449
89473
94736
100000
18553
4117
66487
14230
11955
21310
65874
53778
42105
47368
52632
57895
63158
68421
73684
28690
84210
89473
94736
100000
1
13001
7738
13269
10039
23671
31579
28356
43129
47368
52632
74535
35001
68421
73684
78947
84210
89473
94736
100000
14219
4344
38708
4007
20163
28596
31579
72129
42105
47368
52632
77271
63158
58001
73684
78947
84210
89473
94736
100000
1
36696
56908
6819
16649
26316
71542
36842
42105
47368
30716
57895
63158
68421
73684
78947
84210
89473
94736
100000
1
4085
8745
4167
15569
19755
65675
33102
42105
42573
28671
57895
28908
68421
48247
78947
84210
89473
94736
100000
1
3161
17610
15790
21053
34252
59893
40528
42105
47368
52632
52071
34165
68421
73684
78947
84210
89473
94736
100000
1
28185
32639
5145
33326
42316
43863
46113
42771
47368
52632
57895
52364
68421
73684
55352
84210
72252
94736
100000
22485
37320
7902
4478
37952
29715
57102
36842
50466
6068
52632
52071
63158
68421
73684
32231
84210
89473
94736
100000
1
3357
7866
12922
17216
30029
28372
27588
42105
42573
52632
74059
63158
68421
73684
78947
84210
89473
94736
100000
1
4722
9507
7304
15749
37625
33126
36842
42105
42573
52632
57895
63158
68421
23199
78947
84210
89473
94736
100000
27764
4642
10527
11503
34541
23671
45936
28964
42105
26605
47318
57895
63158
68421
73684
52568
84210
89473
94736
100000
15134
13987
43235
15790
12687
35836
66246
36842
42105
47368
52632
57895
6238
68421
73684
78947
84210
89473
94736
100000
11025
25977
10527
15790
42898
37711
58347
36842
37829
23870
18045
63806
63158
68421
27488
78947
84210
89473
94736
100000
28822
41122
9507
5920
12320
33138
29231
36842
45136
21700
52632
57895
63158
68421
52988
44132
84210
89473
11526
100000
1
44753
33649
11402
11433
15725
41761
36842
42105
4657
43554
57895
56780
68421
73684
78947
84210
89473
94736
100000
1
4759
50478
15790
18948
23612
46650
36842
59045
31783
16312
57895
40002
47958
73684
78947
84210
89473
94736
100000
21125
3784
27151
15790
36283
13790
31579
36842
42105
47368
52632
57895
27941
68421
73684
78947
84210
89473
94736
100000
1
4717
68571
6783
9592
26316
49457
33102
44674
47368
52632
57895
6238
68421
73684
78947
84210
89473
94736
100000
18928
3705
19382
8440
9710
34884
31579
36842
37829
7021
31148
57895
63158
68421
73684
78947
75776
89473
94736
100000
1
6607
61869
5644
15470
26316
31579
70762
37829
4657
17536
57895
27197
68421
25053
78947
84210
89473
94736
100000
1
6645
9507
15790
9818
38911
76161
56228
45907
8945
32770
63321
8009
68421
52319
78947
31518
89473
94736
100000
26956
4759
16053
7001
21053
26316
52343
53004
60230
42573
18123
47237
63158
68421
66254
78947
75776
89473
94736
100000
1
25145
28563
15790
21053
23671
31579
37836
42105
35068
52632
57895
12629
41258
73684
28349
84210
72896
94736
100000
1
18014
9507
11033
28394
21145
49409
36842
42105
47368
52632
54074
19997
68421
19556
78947
84210
89473
94736
100000
1
38360
35842
11929
21053
22045
31579
30142
52328
47368
47318
57895
63158
61500
27130
35684
84210
89473
94736
100000
1
3160
30766
9716
18307
44052
31579
36842
75658
4657
52632
57895
63158
53264
73684
78947
84210
89473
94736
100000
1
3157
9507
15790
21053
47450
47859
31960
38192
36122
52632
57895
63158
48705
73684
49448
75776
89473
94736
100000
6146
3930
10527
6876
21053
15530
86049
31511
65135
42573
52632
77120
63158
68421
73684
78947
84210
89473
94736
100000
1
3397
9111
4332
15823
26316
56141
27607
43211
47368
52632
57895
63158
68421
73684
78947
84210
74676
94736
100000
379
2607
52638
11869
10751
36607
49664
44346
37829
47368
52632
53061
63158
68421
73684
33761
84210
75909
94736
100000
1
28447
29484
12606
10959
30195
31579
36842
36048
7966
52632
57895
55742
68421
73684
78947
84210
89473
94736
100000
1
41941
9358
14230
39079
21537
31579
65379
68753
19891
52632
70600
63158
47202
73684
78947
84210
89473
94736
100000
1
4717
7512
17958
11238
13449
31579
36842
51535
47368
52632
71208
63158
68421
73684
70976
84210
89473
94736
100000
16977
9824
40245
9146
17507
35454
65259
50053
42105
6909
36158
47216
9417
68421
73684
32380
84210
89473
51223
100000
14635
4228
9507
15790
13192
27847
31579
45254
42105
4657
52632
50412
6238
47429
73684
78947
48598
89473
94736
100000
1
2834
9507
10836
23447
17504
56943
36842
42105
47368
52632
57895
63158
50539
73684
78947
84210
89473
94736
100000
14347
3993
10527
5004
15724
37103
74867
33102
42105
13936
43554
64496
63158
51485
73684
78947
84210
89473
94736
100000
39692
3520
43563
18998
17117
26388
42202
31381
42105
47368
16966
52071
56780
68421
73684
78947
84210
89473
94736
100000
13294
3444
30539
14230
12095
26316
85113
36646
62953
47368
17088
61747
63158
68421
73684
69923
84210
77156
94736
100000
1
3012
10527
12509
21053
25320
31579
57513
42105
6886
11577
57895
63158
68421
73684
78947
84210
89473
94736
100000
1
45852
38564
9815
14846
20849
28372
36842
42105
10305
52632
62047
63158
68421
21990
78947
84210
89473
94736
100000
1
16534
19525
13316
21053
48316
84296
36842
32152
42573
15159
52071
48640
68421
73684
78947
84210
89473
94736
100000
1
35915
34794
14230
32675
20825
75179
50522
53837
18124
43303
57895
63158
68421
73684
78947
84210
75889
94736
100000
28809
39075
43757
14230
18948
36466
68000
36842
74706
47368
19861
57895
63158
49374
73684
78947
84210
89473
12618
100000
23857
2865
25119
5216
18948
32040
31579
33102
37829
47368
52632
57895
19942
44413
73684
78947
84210
89473
94736
100000
31390
25822
9507
7718
13849
24115
38470
36842
55354
47368
52632
74497
63158
68421
61115
33591
84210
89473
94736
100000
1
24470
30383
12265
31407
26316
31579
69643
73886
47368
41553
57895
63158
68421
73684
68651
30092
89473
94736
100000
31699
2947
26927
3353
16524
14151
43650
36842
33015
16462
52632
57895
28287
68421
73684
78947
84210
89473
94736
100000
1
4759
10527
15790
11988
25947
32466
39974
66715
16790
19784
57895
63158
68421
73684
78947
84210
89473
94736
100000
1
4375
10527
8411
18948
44038
79381
36842
35192
47368
24550
57895
63158
68421
66254
78947
30326
89473
94736
100000
7310
4426
9507
6939
17058
22055
81366
45752
34698
47368
41458
64224
30381
68421
73684
78947
22275
89473
94736
100000
34982
3232
58347
8795
13699
17501
80066
36842
33216
47368
52632
51757
22666
68421
66254
78947
84210
89473
64038
100000
1
41213
23315
5781
13488
16601
31579
36842
42105
47368
33125
57895
55541
68421
73684
78947
84210
89473
94736
100000
1
16819
22957
8676
21053
26285
31579
36842
42105
27316
24136
57895
8238
61301
73684
78947
84210
89473
54683
100000
19338
3479
58848
15790
31247
18760
31579
37973
42105
47368
30018
46308
63158
68421
73684
78947
84210
89473
94736
100000
21514
4005
10527
10352
11616
23380
42695
40591
37050
39542
52632
67594
63158
68421
73684
78947
84210
89473
94736
100000
24399
5264
63768
12556
12113
14442
70533
36842
37829
28951
44381
57895
63158
68421
73684
78947
84210
89473
94736
100000
1
2698
69622
8068
14517
18810
28372
44803
39345
47368
18357
57895
63158
68421
73684
78947
84210
89473
94736
100000
3539
3625
9320
15790
13015
26316
31579
32107
65953
30515
31693
51110
63158
61500
73684
78947
17652
89473
94736
100000
1
20489
8858
14555
34085
27283
46667
36842
39936
47368
52632
63582
21174
68421
23039
78947
84210
89473
94736
100000
37072
4302
9391
3540
12437
18393
33215
36842
42105
4760
52632
57895
16036
42228
25321
78947
84210
89473
94736
100000
1
5328
35832
7189
15550
19225
85679
72309
37829
4657
34468
57895
63158
58969
54289
78947
84210
71212
94736
100000
1
14590
21082
11767
21053
21491
66523
30923
63261
47368
52632
57895
63158
61500
73684
78947
84210
71453
94736
100000
22565
3520
22738
8185
10184
32632
28372
60338
34428
5039
52632
55870
56376
68421
73684
78947
84210
89473
94736
100000
1
5264
36973
3468
21053
23901
85791
36842
53676
17237
33938
57895
63158
41795
73684
32121
84210
89473
94736
100000
32839
5264
9507
10005
10484
14165
28372
36842
42105
24151
21724
57895
63158
68421
73684
78947
84210
89473
94736
100000
1
3725
7941
3291
27397
26316
34029
36842
55296
11866
52632
57895
6238
68421
73684
63433
84210
89473
94736
100000
1
5264
10527
13378
18948
18911
87547
31053
42105
47368
52632
57895
63158
52377
25035
29651
84210
89473
94736
100000
1
4759
28913
5803
11863
20005
31579
36842
55620
47368
15410
57895
63158
50853
66254
78947
84210
89473
94736
100000
1
16237
8104
8391
18842
23494
39615
69116
42105
47368
12322
48581
63158
68421
73684
29789
84210
89473
94736
100000
19311
2774
9350
15790
31571
22423
78966
33102
46718
47368
52632
57895
63158
68421
20261
78947
84210
89473
94736
100000
1454
5264
36602
11175
21053
36182
28372
43198
55376
47368
39400
57895
63158
57555
73684
78947
84210
89473
94736
100000
1
2876
10527
10002
27617
26316
36918
50858
68888
18464
34156
57895
52324
68421
73684
78947
84210
75839
94736
100000
1
36251
44883
15790
18948
23671
43890
36842
42105
47368
52632
78637
48293
68421
73684
78947
84210
89473
94736
100000
27575
34612
11161
12275
28929
26316
32644
42770
74213
47368
52632
57895
56780
68421
73684
31137
84210
89473
94736
100000
1
3157
11786
14000
14232
19180
28372
36842
33999
42573
12424
52071
63158
68421
73684
78947
84210
89473
94736
100000
15271
27903
9455
15790
12653
23671
62661
37636
42105
9143
46612
57895
50156
68421
73684
78947
84210
89473
94736
100000
1
3532
63791
12082
14783
43622
32249
47043
36325
47368
29919
57895
46890
68421
73684
65910
84210
89473
38417
100000
16398
3334
7879
14230
18056
36344
79589
36842
42105
47368
18107
57895
63158
68421
18894
78947
84210
89473
94736
100000
1
7255
10527
14230
21053
23671
85060
27945
37829
47368
52632
59899
8924
68421
39848
78947
84210
89473
94736
100000
1
42405
9507
8474
10387
43973
31579
47522
39207
27077
47318
57895
63158
68421
73684
42263
84210
89473
94736
100000
3851
24129
60155
14230
17660
26316
28372
27017
66314
21253
52632
78390
63158
68421
73684
32178
84210
89473
94736
100000
1
18794
48567
8864
21053
26316
43200
36842
35003
47368
52632
57895
63158
61500
73684
29989
84210
89473
94736
100000
1
11252
8302
15791
19301
21015
32036
31410
42105
47368
19010
48543
63158
43995
73684
70976
84210
89473
94736
100000
3890
36772
40236
13692
21053
16104
76802
36842
44479
47368
52632
57895
29456
68421
73684
78947
84210
89473
94736
100000
1
29708
33317
9215
21053
26394
46315
36842
42105
20371
52632
57895
37141
68421
73684
78947
84210
89473
94736
100000
1
4759
30630
8281
36217
37500
86844
37005
37829
47368
38449
57895
63158
68421
47104
66250
84210
89473
94736
100000
1
28555
47521
14230
17281
26316
56691
36842
32700
17209
38611
54268
63158
68421
73684
78947
17747
89473
94736
100000
31067
4759
57147
13471
12969
30767
68467
70436
54064
47368
52632
57895
63158
46368
73684
78947
84210
89473
94736
100000
1
3279
9507
16775
25485
19293
80594
28097
75295
47368
52632
57895
63158
68421
73684
78947
84210
89473
94736
100000
38839
43932
24630
5075
21053
14995
61570
63172
38689
47368
52632
57895
63158
68421
73684
33863
84210
89473
94736
100000
1
39977
9507
3429
21053
18936
31579
27816
36531
19041
18879
57895
63158
68421
73684
78947
84210
89473
94736
100000
1
9211
10407
15790
10613
26316
31579
56620
42105
47368
38804
57895
50245
68421
73684
55516
84210
89473
94736
100000
1
3484
10527
10016
16685
21950
54013
33102
34825
4657
26829
56829
56780
68421
73684
70580
29336
89473
94736
100000
1
4759
19243
12754
21053
27778
65972
36842
52850
6896
52632
57895
6238
68421
38301
33513
84210
89473
94736
100000
39175
5264
60883
6581
26787
43079
73734
36842
57749
4657
34051
57895
63158
68421
73684
78947
84210
89473
94736
100000
14711
2991
47924
15790
13943
19881
44865
36842
42105
36873
52632
57895
29856
44235
73684
70976
84210
89473
94736
100000
1
4759
42159
8750
15086
23671
37972
36842
52167
19170
52632
57895
63158
68421
73684
78947
22472
89473
94736
100000
16805
4759
68633
12243
14788
22675
31579
37319
46991
42573
52632
60707
18564
68421
73684
33480
84210
89473
94736
100000
1
11291
49758
11643
42857
14124
50524
36842
51877
9821
52632
50967
63158
50400
73684
78947
84210
89473
94736
100000
22110
3832
17194
15790
15776
45374
31579
31732
43849
47368
14135
57895
63158
68421
73684
78947
57485
89473
94736
100000
15360
3338
10527
11715
13642
26316
59027
36842
42105
27809
42858
57895
63158
68421
73684
43507
84210
89473
94736
100000
35740
43861
7626
14230
14018
42238
70433
71673
37829
4657
17271
57895
63158
68421
73684
78947
84210
89473
94736
100000
1588
4759
28172
11962
36630
17424
34691
36842
42811
47368
23939
57895
63158
68421
73684
78947
84210
89473
94736
100000
23098
19430
43265
15790
35138
46460
86652
33102
37829
47368
47318
57895
63158
68421
73684
78947
84210
89473
94736
100000
1
4556
19273
15790
10208
19690
31579
42359
35375
15911
31347
57895
36175
68421
73684
78947
84210
89473
44590
100000
1
4759
7635
14230
16980
26316
44298
48763
58547
47368
52632
57895
63158
68421
73684
30210
10795
89473
94736
100000
1
4759
65912
11169
34105
48728
45059
36842
42105
9220
14134
57895
63158
68421
73684
78947
32146
89473
94736
100000
1
3148
52654
13190
21745
21050
72653
31546
32356
47368
46588
57895
63158
68421
39072
78947
84210
89473
94736
100000
1
25810
61857
11953
10173
26316
67826
30154
53659
39561
52632
57895
63158
68421
73684
45294
84210
89473
94736
100000
1
3655
8850
15790
21053
23671
31579
31042
42105
47368
47318
57895
32641
68421
73684
78947
84210
89473
94736
100000
1
9182
8204
11151
13622
26316
53506
34345
33626
16655
47318
73710
63158
68421
73684
78947
84210
73293
94736
100000
1
10762
9507
4367
11484
14183
28372
36842
42105
47368
36310
51506
56780
46267
73684
78947
84210
89473
94736
100000
9371
4277
18117
8099
11927
18591
72718
42261
67534
12050
52632
57895
54194
45141
73684
78947
84210
89473
94736
100000
1
34422
7612
7433
12434
15442
37662
36617
50429
4657
52632
57895
63158
68421
20241
28782
84210
89473
94736
100000
26338
22788
50968
9603
18948
42941
46560
46753
55386
47368
52632
57895
6238
45412
73684
78947
84210
89473
94736
100000
1
2876
38128
14076
14336
43110
31579
29335
42105
41271
52632
57895
63158
54253
73684
78947
84210
89473
94736
100000
14312
4759
10833
4978
18064
22908
38065
36842
42105
25549
15741
57895
63158
68421
73684
78947
84210
89473
71356
100000
23769
2990
57132
15790
21053
13946
69092
29922
58353
36550
52632
52071
63158
68421
19991
78947
84210
89473
94736
100000
20739
4379
10527
15790
32574
38993
31579
36842
42105
47368
52632
51092
63158
68421
73684
78947
52872
89473
94736
100000
23287
11185
45349
5353
24679
47955
82303
36842
42105
47368
52632
57895
63158
68421
73684
78947
84210
89473
94736
100000
1
2801
21549
15790
17310
40903
31579
36842
42105
28741
52632
46574
44490
68421
73684
78947
21600
89473
94736
100000
1
4026
33014
14230
13712
20647
31579
36842
35970
47368
29610
57895
63158
68421
73684
78947
84210
89473
94736
100000
16718
3717
29063
4581
16771
42916
73041
43985
37164
34580
52632
70452
23302
56551
73684
28735
84210
89473
94736
100000
1
3732
9507
15790
15115
16760
36095
38742
41526
42573
28591
57895
63158
51987
73684
78947
84210
89473
94736
100000
1
3344
15869
3580
21053
26316
49744
28363
58043
42573
52632
57895
63158
68421
73684
33373
84210
89473
94736
100000
1
17672
9739
12794
25373
26316
31579
43384
42105
26969
52632
46161
19148
61500
65722
78947
84210
89473
35760
100000
22159
34024
9507
15790
11655
13259
57031
60744
42105
26183
52632
73251
21096
68421
73684
30867
84210
89473
33778
100000
1
4838
64303
13381
24845
42915
31579
29761
32228
47368
11675
57036
49013
68421
21052
78947
40976
89473
94736
100000
38019
2950
9391
9725
18948
26316
31579
36842
33085
32294
52632
57895
44139
41077
73684
78947
84210
89473
94736
100000
1
3846
21554
11715
34266
27222
72423
27688
42105
47368
36193
57895
13257
68421
73684
78947
84210
89473
94736
100000
20593
4439
28240
15790
11254
22571
31579
30950
42105
47368
21349
48812
63158
68421
62188
78947
84210
89473
94736
100000
19239
5264
7860
5176
21053
26670
31579
27644
42105
47368
52632
49366
9841
68421
73684
78947
84210
89473
94736
100000
29873
4411
55291
4534
28494
23301
31579
28161
33824
37783
22140
54411
63158
68421
73684
78947
84210
89473
94736
100000
1
3533
38815
15035
17009
17438
74913
30178
56889
47368
39703
77376
63158
61500
73684
45192
84210
89473
94736
100000
1
22968
9326
11987
9908
21218
40361
28409
54659
47368
52632
57895
19672
41804
73684
29178
84210
89473
94736
100000
20676
2924
10527
4712
38399
23671
68398
69934
42105
47368
52632
48072
6238
68421
73684
78947
84210
89473
94736
100000
1
3742
9507
12074
21053
31687
87914
36842
75111
47368
52632
57895
56780
68421
73684
78947
84210
89473
94736
100000
1
42268
27795
18160
29268
25574
65970
36842
61574
32819
52632
48095
63158
68421
27016
78947
17563
89473
31388
100000
1
5264
63442
9902
18948
23090
31579
38289
65692
12926
52632
57895
56780
68421
73684
78947
84210
89473
94736
100000
18518
2547
7814
5857
18948
26316
77665
36842
64521
22933
26408
50523
63158
68421
73684
78947
84210
89473
94736
100000
1
3309
68181
14230
40847
23671
31579
36842
42105
47368
43417
51614
63158
68421
19850
43341
37731
89473
94736
100000
1
3617
63848
11588
16334
14446
48832
33102
42105
47368
18593
57895
63158
68421
73684
78947
57227
89473
94736
100000
1
23894
62778
14230
15761
23671
89600
31213
37829
42573
52632
57895
63158
68421
73684
34648
84210
89473
85245
100000
38581
3160
8817
15742
18948
27769
31579
36842
37829
47368
52632
76200
49934
68421
73684
33735
84210
72274
94736
100000
1
5264
10527
13353
21053
18115
31579
27067
37829
47368
13522
57895
43678
68421
73684
78947
84210
89473
94736
100000
1
2751
10527
15790
9567
23900
76171
35098
42105
10806
32439
55471
63158
68421
73684
78947
84210
73776
94736
100000
1
31784
12223
13156
21053
23671
86167
29802
37729
9927
23731
57895
63158
57189
26924
78947
84210
89473
94736
100000
1
2713
10527
3864
15600
37241
59083
53458
42105
4657
52632
52071
63158
53296
73684
31864
84210
89473
94736
100000
29012
12981
10527
4445
16090
26316
47791
33102
42105
47368
52632
54217
63158
68421
26525
78947
84210
89473
94736
100000
1
4443
9507
15790
26635
26316
76253
36842
60992
42573
21255
71553
63158
68421
73684
78947
84210
89473
94736
100000
26706
3404
10527
14230
26215
15413
33773
36842
34647
47368
52632
47142
42279
68421
43613
78947
84210
89473
94736
100000
1
3131
9445
9328
21053
18084
49300
56824
48653
33188
52632
57895
63158
68421
60581
78947
84210
89473
70193
100000
1
3540
10527
10387
12287
14020
31579
36842
70638
47368
52632
46008
63158
68421
73684
78947
84210
89473
94736
100000
19157
39493
9507
11928
18948
17457
36963
44414
34222
47368
52632
57895
63158
52036
53198
78947
84210
89473
94736
100000
31032
3633
8284
8678
33304
26316
31579
36842
42105
33498
14983
64692
63158
59476
73684
78947
84210
89473
94736
100000
15021
3485
10527
13921
21053
45904
89540
52847
42105
47368
23413
57895
63158
68421
73684
32444
84210
89473
94736
100000
1
16501
13797
3961
34565
14317
56032
36842
72528
47368
47318
57895
63158
68421
23343
27647
84210
89473
94736
100000
1
16362
8626
10957
43211
16513
31579
45793
42105
47368
52632
52071
38959
68421
43444
61906
84210
89473
94736
100000
1
8562
10527
4390
12621
37126
31754
37706
35340
47368
52632
57895
33328
68421
73684
78947
84210
89473
94736
100000
1
46192
58688
9653
15273
26316
85963
29736
50990
47368
28361
65014
63158
68421
21892
78947
84210
89473
94736
100000
13069
39227
24552
15790
34396
33184
28372
52046
42105
47368
16921
57895
63158
59727
73684
78947
16022
89473
94736
100000
1
3704
31757
5046
14030
37111
31579
62121
42105
14452
52632
48428
24551
68421
73684
34528
57396
89473
94736
100000
1
2970
25670
10812
36667
39929
53461
55813
42105
47368
52632
57895
63158
58885
18898
33886
84210
89473
94736
100000
13863
3492
22110
3500
38392
47214
69225
29841
35201
47368
43047
57895
30244
68421
73684
78947
84210
89473
94736
100000
13708
20442
45352
12447
9683
18896
84917
62356
42105
6762
52632
57895
42662
68421
73684
33161
84210
89473
94736
100000
1
19343
36452
12657
21053
24186
48353
66796
36946
17380
52632
57895
56780
68421
73684
78947
84210
89473
94736
100000
21056
4538
53078
14230
9734
26316
58623
30940
42105
47368
52632
57895
63158
58621
73684
78947
84210
89473
94736
100000
37199
12585
31490
13185
32617
23211
51550
64228
39644
47368
14699
57895
63158
52281
20000
47711
84210
89473
94736
100000
1
42155
62860
11890
18948
14051
54041
36842
66780
29803
52632
54067
63158
68421
73684
78947
8408
89473
94736
100000
31876
30663
9507
9112
24719
21898
62342
35044
61107
47368
10976
57895
63158
47167
73684
78947
11679
89473
94736
100000
1
3349
9507
8265
16274
28440
41260
36842
62751
22632
52632
57895
63158
68421
73684
78947
84210
73560
94736
100000
18072
20291
55255
5500
12232
23671
29199
42306
41874
47368
11852
57895
63158
68421
25198
78947
84210
89473
94736
100000
1
3434
59859
18240
34145
26316
31579
67063
42105
47368
16553
70737
63158
68421
73684
78947
84210
89473
94736
100000
1
5264
27443
9564
21053
17076
43692
54477
33898
9288
52632
57895
63158
68421
29643
78947
84210
89473
94736
100000
1
4319
38475
15790
15241
17175
31579
31552
42954
47368
15775
75692
50743
68421
73684
78947
84210
89473
94736
100000
28824
3227
30256
11606
18948
26316
28372
52758
42105
47368
52632
57895
13170
44395
73684
78947
84210
89473
94736
100000
18981
3661
7628
7576
43847
24238
31579
30723
50436
47368
52632
57895
63158
45707
73684
67571
75776
89473
94736
100000
37427
3571
8596
9897
21053
20590
31579
33208
63320
29848
47171
52415
63158
68421
73684
78947
84210
89473
94736
100000
1
2504
8244
12174
40278
19359
46319
36842
70634
47368
29051
57895
9460
68421
73684
78947
8408
89473
94736
100000
28730
19505
9111
4143
11171
21227
58030
39414
34188
37545
52632
57895
56780
68421
56790
78947
84210
89473
94736
100000
1
38370
33929
15790
17316
41008
55270
54625
61807
47368
36473
57895
38924
68421
73684
78947
84210
89473
94736
100000
22169
4109
8858
14230
18849
26316
48507
36842
48594
10897
17389
60170
26283
68421
53780
78947
84210
89473
94736
100000
1
3366
68575
7855
21053
26316
87552
27081
38041
28733
26037
57895
63158
46171
73684
58174
84210
89473
94736
100000
37232
26432
29442
12929
15975
14653
28372
34223
46132
47368
16360
57895
63158
56190
73684
78947
84210
89473
94736
100000
1
2812
68074
3512
16198
26316
48861
33102
60276
27583
52632
47292
63158
68421
73684
60574
84210
89473
94736
100000
1
22660
22037
6249
18948
26316
60724
36842
42105
28228
28933
57895
63158
61500
73684
53717
84210
89473
94736
100000
23824
16713
45799
4533
21053
30625
70007
36842
42105
47368
47318
57895
63158
68421
73684
78947
84210
89473
94736
100000
1
2907
10527
12580
18948
31117
31579
36842
58289
17033
20312
57895
56780
51480
21714
31665
84210
89473
94736
100000
20082
3179
61492
14230
20071
13689
31579
36842
59137
47368
52632
57895
63158
68421
73684
78947
84210
89473
94736
100000
1
35731
27256
5826
18948
26316
31579
36842
42105
47368
52632
52778
63158
53307
73684
78947
84210
89473
94736
100000
1
38201
10527
13309
18948
23109
31579
27031
42105
20581
23762
63574
63158
41524
73684
78947
84210
89473
11681
100000
35281
4759
69539
15790
15736
36821
79741
31202
64074
4657
52632
70320
63158
68421
66254
70612
84210
89473
94736
100000
1
6651
9507
8777
12634
42894
74451
36919
42105
47368
52632
57895
56780
48380
73684
78947
84210
89473
94736
100000
27452
4357
17409
13471
16299
26316
29049
32826
37084
4657
52632
50126
43441
68421
73684
78947
84210
72514
94736
100000
1
8297
22444
3393
21053
26316
31579
28773
42105
47368
18397
62625
26394
68421
73684
78947
84210
89473
94736
100000
1723
28665
9337
9964
16072
23671
31579
36842
33662
47368
52632
57895
9339
46710
73684
37374
26776
89473
94736
100000
1
6886
12127
12201
11238
14772
67908
29854
35558
47368
47318
57895
16628
68421
73684
78947
84210
89473
94736
100000
1
3465
55439
12771
29521
26316
31579
36842
42105
15831
52632
57895
63158
41460
21356
66499
84210
89473
94736
100000
17951
31345
8488
12557
15774
26316
31579
36842
42105
47368
52632
57895
43522
56213
73684
78947
84210
77871
94736
100000
23984
4759
60233
12144
21053
26316
70209
36842
67776
47368
21447
62315
63158
68421
73684
78947
84210
89473
94736
100000
1
21193
8821
15790
21053
26316
57654
37106
44027
4657
52632
47398
63158
54428
73684
78947
84210
89473
94736
100000
10255
4759
27061
11063
43964
23671
40195
33102
42105
47368
52632
57895
63158
68421
20529
78947
84210
89473
94736
100000
15274
2695
25313
14230
18948
23671
31579
50307
66204
31106
52632
57895
63158
68421
73684
78947
84210
74124
94736
100000
36308
29207
31271
7586
32410
17422
31579
36842
42105
47368
16777
57895
63158
68421
73684
78947
84210
89473
94736
100000
7693
3417
8045
15790
18948
24550
31579
36842
75881
42573
52632
57895
56780
52167
53377
78947
84210
89473
94736
100000
9272
4759
10527
14230
39733
23067
52922
55935
42105
11905
11939
66086
23154
68421
65208
41008
84210
89473
94736
100000
29085
4759
7643
12061
12447
26316
43704
59782
42105
47368
15010
74096
63158
68421
73684
42681
84210
89473
94736
100000
1
4759
15325
13859
41663
17479
31579
68380
64597
22539
33493
52071
63158
59464
73684
34550
8408
79099
94736
100000
21186
18262
10527
6437
43977
33937
57153
36842
44101
29090
13792
57895
63158
68421
73684
78947
75776
89473
94736
100000
1
3819
10527
5888
42319
20667
31579
36842
74301
26124
52632
70474
49181
68421
73684
78947
84210
89473
94736
100000
33363
24267
37290
11217
13059
20298
58302
48708
42105
39019
18556
50280
63158
68421
73684
78947
84210
89473
94736
100000
1
3793
8892
7446
41819
26316
31579
52118
42105
12173
52632
67627
63158
58818
59011
29996
84210
89473
94736
100000
1
24122
22848
5556
12054
16763
67164
36842
42105
4657
52632
62100
63158
68421
73684
78947
84210
76325
94736
100000
16183
4248
52789
6436
21053
19361
78242
69857
42105
16923
31674
66141
63158
55619
40995
78947
26915
89473
94736
100000
1
3617
64092
8859
18920
14261
69661
33102
65455
47368
52632
52844
63158
68421
73684
78947
84210
89473
94736
100000
11038
3297
23561
11575
29542
32060
28372
33102
42105
47368
30354
53268
20081
68421
73684
78947
84210
89473
94736
100000
1
45112
69739
18575
17958
20183
51406
36842
44852
16080
52632
69126
63158
68421
73684
78947
84210
89473
94736
100000
8503
29057
22326
9476
16415
38523
54095
33102
48205
11802
52632
57895
63158
68421
73684
78947
8408
89473
60909
100000
1
5264
59464
9241
10992
44650
43734
65780
42105
47368
52632
57895
63158
68421
73684
78947
8408
89473
94736
100000
1
6997
30246
15790
25026
27949
67559
36842
33056
47368
52632
57895
63158
68421
60707
78947
84210
89473
94736
100000
28634
32034
54007
3932
14636
26316
57375
31520
42105
15397
52632
48266
63158
68421
18771
33437
84210
89473
94736
100000
1
3606
10527
14230
21053
35412
28372
36842
42105
47368
52632
57895
63158
68421
73684
78947
84210
89473
94736
100000
1
31120
10527
15062
13082
16594
42435
56675
46223
47368
52632
57895
31786
61500
73684
34323
8408
89473
94736
100000
1
4759
8623
4313
18948
26316
28372
61441
42105
47368
15496
57895
63158
68421
73684
28938
84210
89473
94736
100000
1
44811
17049
4603
24449
26316
38246
36842
42105
26643
52632
57895
63158
61500
36517
78947
84210
89473
94736
100000
33415
4165
10520
12082
21053
26316
69682
36842
61669
47368
19110
50279
63158
68421
73684
48997
25506
75095
94736
100000
1
3161
10527
12413
21053
23671
31579
33102
42105
47368
38249
57895
63158
68421
73684
78947
84210
71461
94736
100000
1
2633
8171
8345
10047
26316
37565
32786
36503
47368
52632
46938
63158
68421
73684
70976
84210
89473
94736
100000
1
28728
9507
7182
12670
36935
31579
36842
36433
47368
52632
57895
63158
68421
23301
78947
84210
89473
94736
100000
1
3748
24933
11468
14456
19388
32314
46633
42105
34335
52632
57895
52071
68421
73684
78947
84210
89473
94736
100000
1
5264
37788
4352
14626
44831
31579
57466
58839
47368
52632
57895
63158
61500
27004
78947
84210
89473
94736
100000
1
3521
9904
15790
18948
26316
80275
36842
33581
19721
52632
57895
56780
68421
73684
78947
84210
89473
94736
100000
24556
3795
65814
5323
21360
22766
72044
46227
42105
33109
52632
53882
63158
68421
73684
33387
84210
89473
94736
100000
1
3570
42714
12878
21053
31709
31579
50456
37829
47368
52632
66995
22440
58212
73684
78947
84210
89473
94736
100000
1
4060
67963
11273
13375
17208
31579
29586
42001
42573
52632
57895
63158
44847
37469
78947
84210
89473
94736
100000
1
33466
18047
14230
13322
15082
51213
32213
73508
42573
52632
71254
6238
68421
73684
65027
42590
89473
94736
100000
1
36762
36009
9635
18948
30071
68932
43918
42105
25706
47318
78330
18702
68421
73684
78947
84210
89473
94736
100000
24943
39934
32691
11986
16291
20534
31579
36842
42105
32668
52632
52997
63158
68421
60887
78947
28017
73107
94736
100000
1
46326
8458
15790
16064
19312
46882
32962
59317
24770
52632
46564
63158
61500
32372
78947
84210
89473
94736
100000
31540
4759
9507
7968
18948
15155
31892
36842
66790
47368
44907
47378
63158
68421
73684
78947
84210
77025
94736
100000
19051
5264
15457
5711
13941
38007
58418
36842
37829
47368
18469
57895
33888
68421
73684
78947
84210
75873
94736
100000
1
3744
9507
4537
18445
26316
28372
36842
42962
47368
52632
46988
63158
55963
73684
48245
63579
89473
94736
100000
1
2716
41868
12204
11161
25048
40102
36842
40645
47368
52632
48826
8015
61500
51360
78947
84210
89473
94736
100000
1
14075
55295
6964
12023
32584
30538
70704
37829
47368
52632
57895
63158
68421
73684
78947
84210
89473
94736
100000
6903
8974
10806
10078
38285
16684
64405
69152
51743
36716
14474
62899
56780
68421
20360
78947
84210
89473
94736
100000
1
3688
8981
8545
15974
23013
31579
36625
33270
29420
52632
57895
63158
53255
73684
78947
84210
89473
94736
100000
8147
5038
9507
12297
35679
26316
31579
33946
37829
47368
43013
57895
63158
68421
73684
70976
84210
89473
94736
100000
1
3688
63809
9966
41209
15958
71104
27011
49001
47368
52632
66833
63158
68421
73684
78947
84210
89473
49175
100000
6279
3254
9073
6695
13689
23671
44751
36842
42105
47368
52632
75798
63158
48304
73684
78947
84210
72948
94736
100000
1
2760
36265
11817
44049
14249
31579
59587
59426
47368
52632
48917
19537
68421
73684
78947
84210
89473
94736
100000
8630
45038
58053
15790
14571
26316
67781
32193
42311
4657
52632
57895
38647
54005
73684
34537
84210
89473
94736
100000
30660
2655
45072
4879
18342
23439
31579
33102
42105
30425
52632
57895
63158
68421
42617
39175
84210
89473
94736
100000
21257
20078
48879
15790
18948
23671
71596
52383
61682
23427
52632
57895
63158
68421
73684
37524
64885
89473
94736
100000
29841
4060
16902
5719
12328
17399
57328
47384
57425
28473
13543
52071
43752
68421
73684
78947
84210
89473
94736
100000
1
3655
24818
12437
43569
26316
70399
65096
42105
47368
52632
57895
63158
68421
73684
41516
53570
89473
94736
100000
16614
4382
8851
4445
25139
26316
31579
51822
42105
40109
52632
57895
53449
68421
73684
78947
84210
89473
94736
100000
1
25715
9507
4898
9482
26316
60023
36842
55128
47368
40226
65354
63158
55494
73684
30061
84210
89473
94736
100000
1
36107
9507
9970
21053
20341
31579
45254
53189
47368
52632
57895
29084
68421
73684
78947
84210
89473
94736
100000
1
3970
18646
10574
26921
26316
49240
36842
37294
47368
40879
57895
33600
68421
62640
78947
84210
76495
94736
100000
1
4334
10437
7837
16503
42688
53156
33102
42105
47368
52632
57895
7420
51808
73684
78947
84210
89473
34464
100000
22011
22637
8657
7686
31351
26316
67564
33102
42105
5341
52632
57895
63158
47167
73684
78947
29099
89473
94736
100000
1
44511
67773
15790
33673
23391
40769
44688
42105
47368
52632
57895
63158
52378
73684
78947
47946
89473
94736
100000
1
3540
8023
10103
13410
26316
62970
48524
51653
47368
31073
57895
63158
68421
73684
78947
84210
89473
94736
100000
5573
2956
8888
11150
17520
23671
31579
36842
34830
47368
52632
66592
63158
68421
41822
78947
84210
89473
94736
100000
1
25944
10527
9945
10893
43510
36878
28081
49936
4657
45405
62678
63158
54547
20834
78947
84210
89473
94736
100000
1
4529
18909
15790
39700
26316
89479
36842
37829
47368
42792
57895
63158
42245
47470
78947
84210
89473
94736
100000
1
2548
11570
15790
32456
21068
62270
31882
42105
22037
20537
57895
14739
51402
73684
78947
84210
71684
94736
100000
1
35191
10527
10659
24233
19666
60308
65999
42474
47368
52632
46150
63158
58217
73684
78947
27903
89473
94736
100000
1
4410
57694
11506
18948
23671
46938
33102
42099
47368
13914
73234
26511
61500
73684
31692
84210
89473
94736
100000
9681
4759
49267
6507
10083
36583
28372
36842
42105
26783
31325
47805
63158
59033
73684
78947
84210
89473
94736
100000
1
18940
8705
13188
21053
16969
49385
36842
56334
29592
52632
52071
63158
50070
66254
78947
84210
89473
94736
100000
1
23444
36132
14230
10398
21830
28372
56693
42105
47368
52632
57895
27845
68421
73684
78947
84210
89473
94736
100000
1
3958
7902
14010
32867
32386
42011
59352
42105
47368
52632
57895
9000
68421
60686
78947
43112
89473
94736
100000
1
20356
25755
11686
10385
23671
50591
71833
41206
47368
52632
57895
63158
68421
73684
78947
84210
89473
94736
100000
1
4759
69745
15790
9769
32844
52096
68174
74999
42011
30144
57901
63158
43837
73684
78947
72998
72617
94736
100000
11237
4011
8626
12769
9868
47062
31579
36842
34291
9766
47318
75386
63158
68421
73684
78947
84210
89473
94736
100000
10577
4759
46024
11316
40619
26316
32312
28432
74536
42478
52632
60716
34262
68421
73684
78947
84210
89473
94736
100000
34221
2886
70245
10035
31967
20859
38779
73125
43401
47368
52632
57895
30696
68421
73684
78947
84210
89473
94736
100000
1
4759
40071
9047
14635
26316
42752
36842
42105
28680
52632
57895
63158
68421
73684
78947
84210
89473
94736
100000
1
2891
8425
15790
13081
26316
31579
36842
42105
47368
52632
57895
17342
68421
73684
78947
84210
89473
94736
100000
1
5264
35002
5130
15060
26316
51207
42214
34520
16145
52632
69684
46155
68421
20837
78947
84210
89473
94736
100000
1
44739
10527
10100
10436
23671
45420
32314
75843
47368
35511
57895
27121
68421
29448
78947
84210
89473
94736
100000
31457
3136
8853
8107
21053
23671
49792
60600
75592
23615
52632
57895
63158
68421
73684
78947
84210
89473
94736
100000
1
5264
26333
12369
30821
41402
56436
32936
42105
47368
52632
50944
8761
68421
29269
78947
84210
74818
94736
100000
1
4399
45422
6288
18948
19588
78271
36842
42105
47368
52632
46981
63158
68421
73684
34554
84210
89473
94736
100000
1
3782
47993
14230
21053
26316
73039
70503
42105
47368
52632
63000
63158
68421
73684
55898
84210
76892
94736
100000
1
3214
44377
15790
12873
26316
80529
57058
42105
47368
52632
57895
63158
68421
23756
70976
84210
89473
94736
100000
39626
13359
61347
5141
19271
34163
70006
36842
37305
47368
52632
57895
63158
68421
73684
78947
84210
89473
94736
100000
20442
42482
39921
6380
18948
16585
31579
27430
54637
42573
33122
57895
63158
59697
73684
70976
38751
89473
94736
100000
24905
2756
23988
4668
21053
13697
64516
51270
33471
47368
52632
57895
63158
68421
73684
29040
8408
89473
94736
100000
30742
18398
45912
9339
16992
26316
49395
37780
32339
32477
17451
57895
63158
68421
73684
78947
48310
89473
94736
100000
1
36019
70220
14230
31826
26316
63486
27576
42105
47368
52632
67595
63158
55827
34220
78947
84210
89473
94736
100000
1
16446
10527
15790
17511
26316
67638
46333
50427
7905
52632
52071
63158
55019
73684
78947
84210
89473
94736
100000
1
4759
8091
5009
10333
21432
31579
49065
42105
5950
52632
57895
45909
56439
73684
78947
84210
89473
94736
100000
1
29095
23623
15790
36207
22407
50717
36842
42105
42573
52632
62529
36964
68421
73684
78947
8408
73571
94736
100000
1
4759
50348
4979
12311
26316
33725
36842
42105
12910
52632
57895
63158
68421
73684
78947
84210
89473
94736
100000
1
4131
10527
14230
17911
15621
28372
36842
42105
47368
31996
50445
23138
50150
73684
78947
84210
89473
94736
100000
1
4759
68008
13607
13162
26316
71917
36842
42105
47368
52632
57895
6238
68421
73684
78947
84210
77254
94736
100000
1
25798
8813
9412
20355
26316
31579
36842
52868
47368
35331
57895
63158
68421
73684
78947
84210
89473
94736
100000
1
3819
9507
10017
23791
17548
31579
36842
47420
36283
47318
73524
41712
68421
73684
78947
33325
89473
94736
100000
2190
39975
9433
10418
16065
15009
61813
29765
61041
20057
52632
55345
63158
57421
73684
78947
84210
89473
94736
100000
14
3817
8302
5045
12449
15018
50191
64538
69840
11221
12838
57895
26935
68421
73684
78947
84210
89473
94736
100000
1
15199
52435
14230
20664
26316
81845
70879
42105
36099
30209
57895
30733
68421
73684
78947
84210
89473
94736
100000
1
4396
7835
11818
19798
20483
47875
36842
42105
47368
29742
57895
13585
57692
73684
78947
84210
89473
94736
100000
1
4759
10527
8226
18948
26316
28372
52108
42105
47368
52632
51629
63158
68421
73684
78947
84210
89473
94736
100000
6798
8059
10527
15790
25312
23671
83747
29897
42105
47368
52632
57895
45444
51356
73684
32726
8408
89473
94736
100000
25909
4466
63744
15790
14224
14970
53441
53415
37829
9728
20359
57895
39414
60281
73684
78947
84210
89473
94736
100000
34294
3357
43534
5888
28841
26316
79862
36842
66252
9021
20209
57895
63158
68421
73684
78947
84210
89473
94736
100000
1
2817
10527
12405
24888
26316
45460
66880
42105
47368
52632
57895
63158
68421
73684
78947
84210
89473
94736
100000
38199
4587
41370
11567
15830
23199
31579
70090
33555
47368
52632
57895
63158
68421
73684
51706
84210
89473
94736
100000
4063
4759
39962
6098
13323
19480
78484
30289
42105
47368
21356
57895
56780
68421
73684
39859
84210
89473
94736
100000
8517
4060
25214
8604
11267
19059
31579
67803
59502
5472
52632
70294
63158
68421
73684
78947
84210
77407
94736
100000
1
17013
10818
9977
21053
26316
72318
30728
42105
47368
12340
57995
30090
45005
73684
78947
84210
89473
94736
100000
1
33092
59742
8827
18948
26316
31579
36842
37039
31178
18045
68114
63158
68421
73684
78947
84210
79121
94736
100000
1
16500
18239
7498
16063
17563
78818
36842
37573
47368
25167
65668
6238
58742
73684
78947
84210
89473
94736
100000
1
3625
9507
15790
21053
19798
70300
45903
42105
47368
52632
73883
39537
68421
73684
78947
84210
89473
94736
100000
1
4312
9378
15790
21053
26316
31579
36842
34873
47368
52632
57895
22265
68421
73684
63641
84210
89473
94736
100000
32581
9895
51667
14230
43400
16935
31579
59567
42105
11760
52632
45901
49515
41064
52399
31991
84210
89473
94736
100000
12922
4679
10527
12638
14717
28761
42319
41504
42105
42573
52632
57895
42748
55737
32718
28859
64077
89473
94736
100000
1
2764
69111
14230
14676
26316
44799
36842
42105
47368
16937
57895
56132
61500
73684
78947
84210
89473
94736
100000
1
3417
9685
6555
18948
16157
88062
36842
42105
47368
52632
47268
51892
68421
73684
29869
84210
89473
94736
100000
1
4497
19612
5128
16717
26316
31579
36842
67350
24810
17486
50074
63158
68421
33727
28031
84210
89473
94736
100000
23730
3154
7500
15790
10375
46808
31579
36842
46389
9421
47318
57895
6238
68421
73684
78947
84210
89473
94736
100000
35200
24948
32675
17029
43075
23671
87282
51880
42105
14947
52632
66432
6238
68421
73684
78947
43617
75514
94736
100000
4128
23458
9507
15790
17339
23037
44615
36842
42105
42248
19592
49418
63158
68421
73684
78947
84210
75062
94736
100000
20148
38079
57576
8430
18918
26316
31579
36842
42105
47368
52632
57895
63158
68421
60971
78947
84210
74604
94736
100000
19582
38854
57621
9250
21053
21674
62764
36842
42105
47368
52632
57895
63158
68421
73684
78947
69871
89473
94736
100000
1
4759
22652
16173
21053
26316
56001
28264
49027
33153
46874
57895
54915
68421
73684
78947
84210
89473
94736
100000
28635
3313
9418
12841
21053
26316
31579
70917
74710
34477
38898
57895
63158
68421
38717
78947
84210
89473
94736
100000
1
15387
10527
16763
10295
23671
48540
51918
42105
47368
52632
57895
18501
59941
73684
78947
84210
89473
31007
100000
38680
10046
9507
12022
28331
41603
41099
36842
37829
47368
43577
57895
63158
68421
73684
78947
84210
89473
94736
100000
1
4508
63250
6331
21053
13719
49326
36842
71631
47368
31936
50005
63158
68421
73684
78947
84210
89473
94736
100000
1
13023
8428
4117
21053
36715
61722
66901
51920
29362
16202
48745
6845
68421
73684
78947
84210
89473
94736
100000
2540
3857
10527
15790
12169
35510
28372
36842
42105
35104
38127
77962
63158
51421
24292
78947
84210
89473
94736
100000
1
5264
36221
3865
21053
17790
31579
58012
34115
47368
52632
57895
63158
68421
73684
78947
84210
89473
94736
100000
8049
4379
41244
9409
10049
20918
36097
36842
42105
33390
52632
57895
56780
68421
50568
34195
84210
89473
94736
100000
4888
4759
55724
15592
12747
28865
67856
33102
42105
4657
12823
57428
63158
54795
73684
78947
84210
89473
94736
100000
1
4214
9507
6565
21573
33598
31579
36842
67207
10468
52632
57895
63158
68421
73684
78947
64879
89473
94736
100000
1
4759
58734
9503
24170
17656
31579
36842
71397
12696
37568
57895
63158
68421
73684
78947
75776
89473
94736
100000
1
2600
9507
15790
36962
19527
71767
33102
42105
47368
52632
57798
63158
52118
73684
78947
84210
89473
94736
100000
20816
4448
7676
12307
35202
45780
67785
28875
35190
22215
52632
64050
63158
68421
19776
58759
63088
89473
94736
100000
1
5264
64882
12446
18229
19402
31579
67634
52142
26069
15280
57895
63158
68421
30673
78947
20350
89473
94736
100000
1
16664
9496
10720
18794
15487
39471
36842
73717
30378
52632
52071
16374
68421
20861
78947
84210
89473
94736
100000
6109
26174
39828
14230
21053
16872
46821
36842
32470
47368
52632
57895
63158
68421
59447
78947
84210
89473
94736
100000
1
4560
30480
6651
21053
36886
81176
48842
54992
4657
52632
57895
29284
56129
59515
78947
84210
89473
94736
100000
21107
2879
10527
4084
15672
44236
31579
52683
42105
19317
24647
57895
63158
68421
66254
78947
84210
89473
94736
100000
28747
40183
41072
8460
18948
38441
65581
32939
37829
33344
52632
49096
63158
42023
73684
78947
84210
89473
94736
100000
17830
4759
68067
7855
15473
26316
31579
36842
62763
47368
35709
57895
6238
42604
57020
78947
84210
89473
94736
100000
1
2701
20972
11638
11013
26316
32727
36842
42105
47368
52632
57895
17326
68421
34970
78947
84210
89473
85160
100000
1
33875
30911
15790
14186
20663
31579
29414
42105
19499
47251
57895
63158
68421
73684
78947
84210
80504
11553
100000
1
3779
9507
15790
12263
31681
38380
51325
42105
47368
43938
57895
63158
61500
73684
78947
84210
75821
94736
100000
12354
25841
12001
10408
21477
26316
45136
37298
39456
47368
30342
57895
55508
68421
73684
78947
84210
89473
94736
100000
22986
3113
8482
13883
9490
26316
28372
32936
32468
47368
12399
57895
63158
50418
73684
78947
84210
89473
94736
100000
1
4759
42333
10910
27119
36421
31579
36842
42105
20315
52632
64309
63158
68421
73684
78947
84210
89473
94736
100000
1
13868
38928
10985
11559
23671
31579
65741
42105
47368
36165
57895
63158
68421
73684
78947
84210
89473
94736
100000
1
3794
9458
6531
18948
47891
77363
31653
38001
47368
52632
57895
27364
42252
73684
78947
84210
89473
94736
100000
1
5650
43308
13715
18948
26316
31579
33102
48183
13417
52632
47152
56780
68421
61149
78947
8408
89473
94736
100000
28935
35690
17965
11802
14382
26316
53127
36842
37829
47368
52632
69843
12659
68421
73684
78947
84210
89473
44899
100000
36813
4759
19576
5593
23333
23671
75273
54894
37829
47368
52632
57895
63158
68421
66254
78947
84210
89473
94736
100000
1
4395
9507
5919
16634
26316
28372
33102
55848
47368
43671
57895
29433
47428
73684
78947
84210
89473
94736
100000
1
10901
10527
11758
20721
23671
71158
32496
42105
33832
47318
57895
6238
68421
73684
78947
84210
78677
94736
100000
13337
4759
42694
16284
35982
38446
45863
36842
64926
47368
52632
57895
63158
68421
73684
27353
84210
89473
94736
100000
5273
18429
17137
11424
21130
31811
85832
36842
36343
19651
52632
57895
63158
68421
73684
78947
84210
89473
94736
100000
1
3226
9507
4195
21053
23349
57130
36842
68174
34063
20452
46529
63158
68421
73684
45173
84210
89473
94736
100000
1
5264
10259
6723
10824
26316
48835
32439
36475
47368
52632
57895
63158
68421
73684
78947
84210
89473
94736
100000
1666
3115
60793
7664
14102
42318
51662
55012
49865
36841
47318
68817
42572
41038
32371
78947
84210
89473
94736
100000
1
16275
33609
4114
15004
24179
34237
36842
42105
47368
23442
70889
16618
68421
73684
78947
84210
89473
94736
100000
1
38347
58499
4665
21053
23671
66804
36842
42105
47368
52632
64916
56383
49637
73684
78947
84210
77089
47851
100000
4000
2764
55267
13800
18948
37497
31579
36842
42105
4657
52632
78386
63158
68421
22792
78947
84210
89473
94736
100000
1
3771
65615
5911
18644
43617
45830
36842
44034
47368
52632
57895
63158
68421
19332
78947
25736
89473
94736
100000
13184
3367
19502
14230
35630
26316
31579
36842
34405
47368
52632
64575
55601
54494
73684
62181
8408
89473
94736
100000
1
2562
9507
15790
18236
26316
31579
33102
52074
47368
52632
57895
20715
68421
73684
78947
8408
89473
94736
100000
18620
4674
7619
12597
21053
20132
28372
62325
32761
4657
22318
57895
63158
61500
73684
78947
84210
89473
94736
100000
1
20906
26222
11162
39323
23671
31579
36842
42105
35363
52632
57895
63158
68421
41392
78947
84210
89473
94736
100000
14776
2699
45551
12000
14921
23671
31579
53674
42105
42573
47318
57895
31097
68421
73684
70976
8408
89473
94736
100000
1
3146
33201
7959
21053
23671
46327
30039
59982
47368
17838
57895
22953
68421
73684
78947
84210
89473
94736
100000
1
36696
52394
7268
16476
23671
58498
36842
42105
29592
42926
73949
63158
68421
73684
70976
75776
89473
94736
100000
1
3806
50969
3846
24608
26316
61831
27955
42105
32179
52632
57895
17958
51172
73684
78947
84210
89473
94736
100000
1
15283
69733
4032
21053
37896
31579
36842
64429
11729
17361
70195
63158
68421
73684
70976
84210
89473
94736
100000
1
3418
8341
15790
18190
23631
32201
39992
40553
47368
52632
57895
63158
68421
73684
58358
58779
89473
94736
100000
39079
2862
25339
13738
24764
26316
70559
36842
42105
36541
17651
48443
63158
68421
73684
78947
84210
89473
94736
100000
18820
42956
10527
11426
34769
26316
55996
33102
42105
47368
10811
57895
6238
41691
73684
78947
84210
89473
85245
100000
1
42236
9507
10550
21053
40506
61337
31297
42105
47368
52632
57895
63158
43855
73684
78947
84210
89473
94736
100000
1
5264
8941
13412
16834
20411
70310
46018
37829
42573
32439
57895
63158
68421
73684
78947
23537
89473
94736
100000
1
3445
59626
15790
21053
19956
31579
72207
62089
47368
52632
47611
63158
68421
73684
78947
84210
89473
94736
100000
1723
27460
8903
14230
14582
23779
31579
36842
42105
23284
52632
76002
63158
68421
19290
78947
84210
89473
94736
100000
8002
22560
36469
15790
42988
18870
31579
30833
42105
32179
11982
53022
25926
68421
73684
78947
28219
89473
94736
100000
14589
3940
39838
15790
13024
23671
31579
70670
42105
47368
52632
57895
47284
68421
73684
78947
84210
89473
94736
100000
1
35110
61416
6471
10693
13423
49147
62359
37829
16897
47318
57895
28896
49351
51773
78947
13898
89473
94736
100000
27275
2513
9507
14230
17614
26316
73510
31266
42105
47368
14052
57895
63158
68421
25630
78947
84210
89473
94736
100000
35847
22069
8922
3250
15516
15798
78360
36842
42105
34394
27469
76573
63158
68421
73684
78947
84210
89473
94736
100000
24547
5264
8164
5602
28833
23671
31579
42175
42105
47368
52632
65115
63158
68421
73684
78947
84210
89473
94736
100000
33880
3724
17145
12811
31489
19205
28372
36842
35660
21714
52632
57895
49651
68421
73684
78947
84210
89473
94736
100000
1
16922
10527
7597
37519
22508
73828
59166
61330
47368
33422
54011
6238
68421
19378
78947
84210
89473
94736
100000
8005
15791
69465
7308
19122
18179
68276
36842
71660
47368
30824
57895
63158
68421
73684
78947
84210
89473
94736
100000
14521
4759
51708
11771
11327
22788
64622
46607
42105
4657
52632
57895
63158
45809
73684
78947
84210
89473
94736
100000
8405
27770
15300
5524
12337
26316
89524
55933
57436
47368
11963
57895
44461
44869
35659
78947
84210
89473
94736
100000
1
38941
10527
15790
31436
22459
64888
36842
39101
42279
36193
57895
35309
68421
73684
78947
84210
89473
94736
100000
31637
23233
11263
8920
12453
18562
84315
36842
42105
36752
28587
57895
63158
68421
73684
78947
84210
89473
94736
100000
1
41294
53340
4489
10952
26316
83569
56321
54197
27259
52632
57895
63158
68421
73684
78947
8408
89473
94736
100000
33035
3464
10527
18622
21053
19674
50635
27643
42105
24776
17377
52071
63158
68421
73684
78947
84210
89473
94736
100000
1
18545
10527
4125
19762
26316
81115
39032
57457
47368
52632
57895
63158
68421
73684
28631
84210
89473
94736
100000
1
3306
54133
15790
25314
15306
31579
38954
75459
47368
33622
69980
6238
68421
49045
78947
84210
89473
94736
100000
1
7116
36078
7735
15591
26316
31579
33097
42105
47368
44171
57895
13777
68421
73684
28032
84210
89473
94736
100000
1
3855
8839
8433
16476
23671
83136
42868
37313
47368
52632
57895
63158
68421
73684
60865
84210
89473
94736
100000
1
29256
25198
19360
21053
24321
89071
69031
42105
47368
32077
50950
63158
68421
73684
78947
84210
89473
94736
100000
1
4759
48860
12148
15549
26316
36587
69529
42105
29688
37652
57895
63158
56904
38494
78947
84210
89473
63868
100000
11558
12565
9971
10046
29117
26316
37759
36842
37829
47368
52632
73290
63158
43387
73684
78947
84210
89473
94736
100000
1
42594
9095
15790
21053
26316
31579
36842
71480
42573
52632
57895
63158
68421
73684
78947
84210
89473
94736
100000
21213
4759
23528
5550
16834
17122
55719
36842
55301
4657
52632
57895
63158
68421
73684
78947
84210
89473
94736
100000
1
2776
25170
15790
22283
26481
55789
35943
42105
47368
52632
52071
10123
68421
73684
78947
84210
89473
94736
100000
1
2531
22390
15790
38870
17404
65166
36842
42105
47368
45426
57895
63158
53423
73684
78947
84210
89473
94736
100000
14731
23365
53638
4652
11149
32923
30300
36842
42105
18665
33849
61048
63158
68421
73684
78947
68072
89473
85245
100000
39229
5264
62692
12859
13477
33481
31579
36842
73761
47368
52632
57895
30758
68421
73684
78947
84210
89473
94736
100000
1
36559
21836
4253
13912
26316
76098
36764
33280
36085
16925
57895
63158
68421
73684
78947
84210
89473
94736
100000
35468
2870
49927
15790
17437
15308
56823
43700
42105
17033
21581
57895
63158
52760
73684
78947
84210
89473
94736
100000
17619
4759
9507
15790
18948
26316
28925
60568
42105
47368
14109
66592
63158
51649
73684
78947
84210
89473
94736
100000
1
14050
53757
12170
9860
26316
28321
33527
42105
47368
26558
57895
63158
68421
73684
29956
84210
89473
94736
100000
23509
5831
43894
15790
11737
15530
72245
36842
42105
4657
21582
49697
63158
45163
73684
33530
84210
70829
94736
100000
23896
42366
10527
7436
21053
26316
31579
36842
42105
47368
31654
56526
6238
68421
73684
78947
84210
89473
94736
100000
1
4108
25224
17044
11988
46429
42015
36842
52121
20806
43677
57895
63158
68421
20006
78947
45462
89473
94736
100000
1
45381
42051
6991
12443
26316
33221
36842
76187
47368
44934
57895
63158
68421
73684
78947
84210
89473
94736
100000
1
5264
13299
12526
20755
36168
57632
38581
57756
13205
14462
57895
63158
43066
73684
78947
84210
73287
94736
100000
5915
23252
8637
13870
14387
14449
31579
36842
42105
9608
52632
57895
40937
48048
73684
78947
84210
77444
94736
100000
33966
4357
9507
15790
21053
26316
67117
36842
42105
19811
52632
57895
63158
68421
73684
78947
84210
89473
94736
100000
1
3665
65955
10244
13859
16077
34557
36842
58144
23907
34297
57895
63158
48535
73684
78947
84210
89473
94736
100000
1
28884
8873
13276
21053
20590
78065
36842
37829
47368
15816
57074
63158
68421
73684
78947
20080
89473
94736
100000
1
5264
53747
11473
17152
16967
51692
41326
42105
37205
47318
62055
63158
50062
73684
45453
84210
72181
94736
100000
1
5264
8640
7303
21053
26316
31579
30593
42105
30356
17949
57895
63158
43768
23700
78947
75265
89473
94736
100000
1
32428
9507
14230
21053
15271
38664
36842
54338
36096
52632
50478
63158
50351
73684
78947
84210
89473
94736
100000
17683
7924
10527
5292
11996
14057
41397
33102
42105
28348
52632
63400
56083
68421
73684
28330
84210
89473
94736
100000
1
3090
61153
9037
15203
15881
31579
36842
37829
18749
38294
51996
63158
68421
59348
28447
84210
77097
94736
100000
1
5264
58386
7715
19236
40748
28372
50778
52566
40285
52632
57895
38400
68421
73684
78947
84210
89473
94736
100000
28814
4172
68424
15790
9841
14113
33458
29071
42105
47368
18820
67129
21231
68421
73684
78947
16638
89473
94736
100000
1
37697
29728
7875
10230
26316
66989
56789
37829
4657
52632
57895
20694
68421
73684
78947
84210
89473
94736
100000
1
14560
9089
8005
21053
20077
28372
36842
37829
47368
47318
57895
63158
50697
73684
78947
84210
89473
94736
100000
27628
46119
9507
15790
13685
23671
76830
33102
40871
27483
43496
57895
63158
68421
73684
78947
84210
89473
94736
100000
11518
4088
7765
3354
11300
16451
30379
40356
37829
47368
21107
57895
63158
49155
73684
70817
84210
89473
94736
100000
5559
5264
8037
15790
15265
19673
32711
62099
72952
16962
47318
52071
63158
68421
73684
44506
59104
89473
30754
100000
1
4759
55423
8592
12383
26316
31579
33102
36371
47368
47318
55689
63158
68421
73684
78947
84210
89473
94736
100000
1
4104
10527
15790
27736
26316
84455
36842
32967
42573
52632
57895
63158
68421
73684
78947
84210
89473
94736
100000
1
17299
39347
14230
9910
26316
41624
36842
48473
47368
52632
57895
19561
44453
73684
31173
84210
74967
94736
100000
1
5264
54537
15790
18065
19922
81927
56181
39767
47368
25873
76375
63158
68421
73684
78947
84210
89473
94736
100000
1
4759
10527
10191
12549
38085
47905
66171
51673
9940
52632
52071
51430
68421
73684
78947
84210
89473
94736
100000
1
36944
63007
13282
18948
26316
51870
36842
46787
26865
52632
46698
56780
68421
41576
78947
84210
89473
94736
100000
1
24939
51410
14230
21053
26316
31579
36842
37261
47368
52632
57895
6238
68421
73684
78947
84210
89473
94736
100000
1
29363
9507
9393
23146
13448
31579
36842
41731
47368
52632
57895
8580
41894
23208
78947
84210
89473
94736
100000
1
4049
19968
6299
23323
24220
75763
36842
42105
47368
26292
57895
63158
68421
66254
78947
84210
89473
94736
100000
1
34500
61607
3562
14335
27705
31579
49022
33715
47368
52632
57895
23144
68421
73684
41620
84210
71791
94736
100000
38816
25706
9211
4103
20532
14485
47665
32621
37829
39626
15405
57895
63158
68421
73684
78947
41745
89473
94736
100000
7586
4137
9507
14230
12503
13643
65149
56865
42105
4665
20068
58206
22653
68421
73684
78947
84210
89473
94736
100000
1
33360
52585
13516
21053
26316
31579
31251
42105
47368
41265
77831
63158
41700
73684
31548
84210
76954
94736
100000
38168
32632
9245
8005
18948
20269
31579
43603
37829
47368
52632
57895
54300
68421
73684
78947
84210
89473
63535
100000
1
4759
8621
3608
10888
16615
65531
36842
42105
47368
44365
66259
63158
46646
73684
78947
84210
76265
94736
100000
1
20342
35396
13532
13504
13911
43329
57499
37829
14276
20240
57895
63158
68421
66254
78947
84210
89473
31757
100000
1
4633
52588
4045
39044
23671
28372
36842
42105
21452
52632
57895
54858
43010
73684
78947
84210
89473
94736
100000
16485
17521
19537
7498
18948
18548
31579
27735
33206
34247
52632
57895
63158
54328
73684
78947
60809
75163
94736
100000
26913
31025
10527
14230
25425
26316
71749
27844
42105
47368
52632
57895
28054
68421
73684
78947
84210
89473
94736
100000
36421
2990
10527
15790
18049
26316
80699
73183
42105
47368
52632
77634
63158
68421
73684
78947
84210
89473
94736
100000
28415
37632
8200
12632
37582
25018
65758
36842
42105
19420
52632
57895
63158
68421
45726
41696
84210
89473
94736
100000
38648
28844
52973
15790
16592
26316
32637
36842
42105
37511
52632
55511
15798
58868
63076
78947
84210
89473
94736
100000
23101
36139
10527
10338
21053
26316
38032
36842
32382
47368
52632
54357
63158
56103
73684
78947
84210
71331
94736
100000
1
2871
8737
13612
28855
23671
38976
59513
37829
35767
52632
65233
63158
53698
73684
78947
84210
89473
94736
100000
1
30633
28503
7185
14825
17123
31579
42837
39071
47368
52632
61684
20050
68421
73684
78947
84210
89473
94736
100000
1
3531
37705
7507
14612
14069
31579
52052
42105
47368
28636
57895
63158
68421
73684
78947
20191
89473
94736
100000
3695
4222
53384
19052
21053
13142
31579
30268
75351
47368
52632
73622
63158
68421
73684
78947
84210
89473
77627
100000
1
2852
10527
5046
10918
19220
72314
28263
37829
47368
24059
57895
63158
68421
49634
78947
8408
89473
16337
100000
1
2851
31731
13638
11122
46402
76648
36842
58852
47368
18384
57895
63158
68421
20618
78947
84210
89473
94736
100000
1
13736
49228
5281
21053
26316
31579
27917
42105
28318
52632
57895
63158
68421
73684
67168
84210
89473
94736
100000
1
5264
14794
14230
21053
26316
57287
36842
42105
42573
29554
57895
9506
68421
73684
78947
84210
89473
94736
100000
26652
15354
68171
14230
21053
19340
31579
69459
42105
47368
52632
57895
63158
68421
73684
78947
84210
89473
94736
100000
346
4142
22491
14230
26245
14752
40067
36842
55504
42573
52632
58138
63158
68421
73684
78947
84210
89473
94736
100000
1
4986
60478
8683
11467
36572
69385
49176
47988
42573
21142
57895
6238
68421
73684
70932
84210
89473
94736
100000
29839
3117
30355
15790
13354
26601
37871
65165
42105
40493
52632
52783
17278
49386
73684
65182
84210
79736
94736
100000
1
4759
9400
7524
11896
39591
31579
42208
42105
47368
52632
54329
63158
68421
73684
34560
84210
89473
94736
100000
1
2738
61274
11234
13284
20333
55626
36842
35882
30297
13987
57895
63158
68421
73684
78947
84210
89473
94736
100000
24213
4759
7718
8068
26791
21934
31579
33102
64828
42573
32238
52290
63158
68421
73684
78947
84210
89473
94736
100000
1
3887
43147
3536
21053
23671
31579
36842
42105
47368
20387
51475
63158
68421
43598
78947
84210
76839
94736
100000
1
3335
7816
6914
18948
48273
31579
33102
34775
6296
52632
57895
63158
61500
73684
28805
84210
89473
94736
100000
1
4705
9093
18222
42387
20799
31579
49456
62287
47368
52632
54090
63158
50274
73684
78947
84210
89473
94736
100000
1
2774
10527
9958
14984
26316
56894
29115
61202
42573
29522
57895
47002
68421
73684
78947
84210
89473
94736
100000
1
2851
9507
12937
14573
21100
31579
36842
49080
25735
47318
54877
63158
68421
19613
78947
65384
89473
94736
100000
8766
41592
62594
15790
17639
38795
31579
67687
74145
47368
15795
57895
63158
68421
73684
78947
84210
89473
94736
100000
1
3212
57563
15790
13916
26316
31579
36842
34227
37703
52632
57895
36663
68421
49646
78947
84210
89473
94736
100000
4421
4759
12853
14259
10932
22599
28372
36842
42105
4657
52632
57895
63158
68421
73684
78947
14627
89473
94736
100000
38239
29494
55512
5136
43942
26316
51436
28465
73020
47368
52632
57895
9039
68421
73684
78947
44112
89473
94736
100000
1
4759
8090
4746
10952
26316
86650
46670
69116
47368
52632
62775
27435
68421
73684
31637
84210
89473
94736
100000
1
4759
9507
7109
15253
33352
31579
45278
36912
47368
52632
57895
63158
68421
73684
78947
84210
89473
94736
100000
1
23170
64745
14152
18948
25055
31579
36184
72057
47368
52632
57895
63158
68421
73684
78947
84210
89473
94736
100000
12729
32089
10527
4919
10515
23671
60921
68720
66494
47368
52632
57895
63158
68421
73684
78947
84210
89473
94736
100000
30589
17911
36505
15790
40161
16774
28372
36842
42105
30128
22773
63157
25788
68421
73684
78947
84210
89473
94736
100000
1
2956
7652
14230
16486
24367
38050
29343
42105
47368
47318
57895
56780
68421
73684
78947
84210
89473
94736
100000
1
3082
8012
12756
11288
20419
31579
33102
58126
47368
40888
57895
24326
68421
73684
78947
84210
89473
94736
100000
15896
30055
39645
9139
16396
15747
28372
36842
42105
47368
25302
47485
63158
68421
73684
78947
84210
89473
94736
100000
1
28779
20877
14230
21053
26316
66949
36842
56715
47368
52632
57895
63158
68421
66254
78947
13178
89473
94736
100000
6210
4759
10527
14405
15748
26316
39787
33102
42105
47368
21582
46473
63158
57619
73684
78947
84210
89473
85245
100000
1
4472
7594
15790
9519
15326
85416
29754
62688
4948
52632
57895
63158
68421
23173
33290
84210
89473
94736
100000
24800
4272
52986
16799
21053
13450
52999
36842
73953
33245
52632
64367
63158
68421
73684
78947
84210
89473
94736
100000
25223
3279
9507
4176
37655
20538
45279
36842
39724
47368
52632
57895
63158
68421
73684
78947
84210
89473
94736
100000
31430
36506
32821
15790
22364
29352
31579
59343
42105
47368
14043
47792
63158
68421
23094
78947
84210
89473
94736
100000
1
4759
9507
11598
20259
20697
31579
36842
42105
33050
52632
74843
39392
68421
73684
78947
84210
89473
94736
100000
1
2932
7939
15790
18948
13301
82138
36842
42105
47368
25362
57895
63158
68421
73684
78947
75776
89473
94736
100000
1
3007
33554
3212
21053
17448
44962
36842
42105
31967
52632
64930
63158
58638
73684
78947
84210
89473
94736
100000
1
40639
69126
16569
18865
35592
31579
36842
42105
47368
45196
57895
63158
68421
22134
78947
26881
89473
94736
100000
1
4295
41342
9853
21053
26316
62471
66339
60650
47368
52632
57895
56780
51257
73684
78947
84210
89473
94736
100000
2420
4759
9507
6280
44079
20520
31579
28301
42105
42573
32477
57895
37629
68421
57359
78947
84210
89473
94736
100000
16666
25760
55445
7029
21053
19994
28372
61262
41844
47368
52632
57895
63158
58623
73684
78947
84210
89473
94736
100000
1
4046
58521
5504
21134
23671
59084
43974
42105
47368
52632
57895
8017
68421
73684
78947
84210
78773
94736
100000
1
5921
64195
12790
21053
32412
71846
27211
42105
47368
14469
50775
63158
68421
73684
78947
84210
89473
94736
100000
4932
4122
50270
17684
15077
27799
31579
50276
75212
47368
52632
57895
12838
48699
73684
78947
84210
89473
94736
100000
1
3955
53017
14130
18409
41782
35452
27270
36856
47368
16261
45705
63158
60765
73684
78947
84210
89473
94736
100000
1
3215
61679
7881
11606
35897
63377
36842
55977
47368
28824
57895
63158
68421
73684
78947
84210
89473
94736
100000
9377
24037
33561
9619
18948
26316
31579
30000
42142
25813
52632
77789
63158
68421
73684
78947
84210
89473
94736
100000
1
2686
44457
3437
12707
33909
31579
36842
39030
4657
52632
57895
63158
51827
19684
78947
84210
89473
94736
100000
1
3567
9796
8823
13592
20029
31579
36842
37829
19209
52632
48028
63158
68421
73684
78947
84210
89473
94736
100000
1
42536
23767
9339
13134
26316
31579
36842
42105
47368
47318
47905
63158
53228
73684
78947
15826
89473
94736
100000
1
4150
37042
8474
21053
22162
75381
33102
63673
47368
52632
76897
56780
51765
73684
78947
84210
89473
94736
100000
17216
42587
27327
10017
21053
23671
31579
29503
33198
47368
52632
57895
63158
68421
30446
78947
84210
89473
94736
100000
1
4733
39124
16303
18767
21822
85884
56489
42105
47368
15168
50695
63158
61500
73684
78947
84210
89473
94736
100000
1
17468
10527
7319
21053
20886
31579
30239
42105
8753
52632
48503
48620
68421
23092
78947
84210
89473
94736
100000
1
5264
59908
13454
15702
27407
44046
38421
35812
47368
52632
72015
63158
68421
22740
78947
84210
89473
94736
100000
1
2560
36295
3465
10412
26316
49274
36842
35523
29081
52632
57895
35951
68421
73684
78947
84210
89473
94736
100000
4574
8678
62830
15790
29960
16150
31579
39533
65656
47368
52632
60437
63158
68421
73684
37104
84210
89473
94736
100000
37765
4119
27940
14230
17842
21484
31579
36842
34829
47368
47318
57895
63158
68421
73684
78947
84210
89473
94736
100000
1
18482
10527
9381
14437
26860
31579
29269
71726
28010
19856
52071
63158
68421
73684
78947
84210
89473
94736
100000
1
35199
30293
12480
21053
39596
31579
61239
42105
4657
19529
57895
56780
68421
73684
78947
84210
89473
94736
100000
8044
32983
8392
11154
14782
14350
80648
36842
42105
42573
47318
57895
40009
57495
73684
78947
84210
89473
94736
100000
1
34533
9507
7026
13466
27702
51052
34721
37475
4657
52632
52071
20957
68421
20311
78947
84210
89473
94736
100000
38603
10088
9507
12805
21053
26316
82167
46909
59541
42573
15251
57895
21650
68421
73684
78947
84210
75974
94736
100000
1
34707
10527
15790
21053
26316
31579
33102
41559
22671
52632
57895
63158
68421
73684
78947
75776
89473
94736
100000
1
5264
21925
5715
43885
26316
41859
33102
42105
32444
52632
57895
63158
68421
73684
78947
84210
89473
94736
100000
1
2693
49911
7889
31687
23671
70644
28487
42105
21530
52632
57895
6238
68421
73684
78947
84210
89473
94736
100000
1
42927
37281
6495
15091
16278
50477
44193
42105
4657
52632
57895
6238
68421
73684
78947
84210
89473
94736
100000
8858
5264
22762
14230
12280
20705
31579
36842
42105
4657
52632
52071
63158
68421
73684
78947
84210
89473
94736
100000
28920
6608
39858
8760
28627
22530
31579
51068
42105
47368
47318
65451
63158
68421
26828
69243
84210
89473
94736
100000
38372
36304
53963
15790
17041
26316
31579
27744
42105
47368
52632
49369
63158
55265
73684
78947
84210
89473
94736
100000
1
3709
14161
7236
18767
26316
64042
65986
36647
47368
13864
51115
17932
68421
66254
78947
84210
89473
94736
100000
1
23406
9507
15790
12785
18511
28372
36842
42105
47368
34223
57895
30117
68421
23915
78947
84210
89473
94736
100000
1
43864
51364
6651
37416
23671
56662
36842
39857
47368
52632
57895
44479
68421
73684
78947
84210
89473
94736
100000
1
11362
17314
14230
21053
18706
78783
28300
37829
47368
15605
57895
63158
68421
73684
78947
84210
74859
94736
100000
11599
43745
9507
9966
10554
15394
28372
36842
42105
47368
52632
58520
63158
68421
73684
78947
84210
89473
94736
100000
1
40512
55422
5505
16955
19281
31579
36842
42105
7780
52632
47157
63158
68421
73684
78947
66981
89473
94736
100000
13840
22755
46786
10142
22769
26316
28372
36842
37829
42130
52632
57895
63158
68421
73684
33935
84210
89473
94736
100000
27358
2548
7505
15790
18948
22196
30622
28317
75170
47368
52632
57895
63158
68421
73684
78947
84210
89473
94736
100000
1
33456
18285
3153
11211
14674
31579
29540
73604
47368
52632
57895
63158
68421
73684
78947
84210
89473
94736
100000
1
4116
47220
14230
21053
17130
84344
28204
42105
4657
26984
57895
63158
68421
73684
78947
52425
89473
94736
100000
1
5264
9507
9159
21053
20026
31579
36842
34583
38917
11174
53669
63158
46194
73684
78947
56932
89473
94736
100000
1
3859
60115
7494
13638
16593
46238
27513
52897
21451
52632
57895
63158
68421
24088
78947
16416
78385
94736
100000
1
42258
7657
7377
12249
20391
33183
36842
53773
25889
18466
72831
48971
68421
73684
78947
61645
89473
94736
100000
6744
4759
57266
5441
21053
15635
62299
47133
34778
47368
52632
57895
63158
61500
73684
78947
84210
89473
94736
100000
1
19137
39193
6555
12743
19211
31579
70943
62468
47368
52632
57895
63158
61500
73684
70976
84210
73868
94736
100000
28513
4600
46377
14230
18798
43880
33345
36842
37611
35838
52632
64079
63158
68421
40391
78947
84210
77513
94736
100000
553
5264
29009
11898
9735
13606
51514
43772
37829
47368
17540
57895
63158
42724
73684
78947
84210
89473
57563
100000
1
4759
21146
10509
21053
23671
60350
61624
61861
47368
52632
57895
56780
68421
46732
78947
84210
89473
94736
100000
1
4532
9507
11314
21053
26316
31579
54870
42105
47368
14085
57895
63158
68421
21722
78947
84210
89473
94736
100000
1
16967
10527
15790
37414
13583
58766
36842
42105
47368
14090
74719
20752
45522
73684
78947
84210
89473
94736
100000
1
28722
20430
6325
21053
17872
28372
32586
42105
41763
52632
72486
63158
61500
73684
78947
84210
89473
94736
100000
1
4759
8466
14230
21053
26316
79289
32096
42105
10450
31595
52439
26540
68421
73684
78947
84210
89473
94736
100000
1
43155
30125
3917
18948
21146
31579
71975
42105
29648
52632
52078
63158
68421
73684
78947
37898
89473
94736
100000
1
3237
43798
9313
18948
26316
31579
34891
37829
47368
13533
57895
63158
47259
22573
78947
84210
89473
17563
100000
33307
4368
29456
14230
9567
19436
28372
36842
35055
47368
52632
52071
63158
55534
73684
78947
84210
71465
94736
100000
208
4181
47683
14230
13493
34196
53833
58037
42105
32711
52632
52071
63158
68421
73684
78947
84210
89473
94736
100000
8647
37705
9221
5272
21053
23391
31579
47728
72406
47368
52632
73359
63158
68421
73684
78947
84210
89473
94736
100000
1
3102
10527
5669
21137
23671
31579
49145
34640
32411
10892
57895
63158
68421
73684
78947
84210
89473
94736
100000
17653
38736
9763
14119
18068
41262
54967
33102
53249
22029
52632
57895
63158
68421
73684
78947
84210
89473
94736
100000
11913
7548
59882
13866
40755
37587
28372
36842
42105
47368
29337
57895
63158
68421
26950
78947
84210
89473
94736
100000
15737
17037
9507
6099
34841
26316
31579
36842
37829
4657
52632
57895
23522
68421
31639
78947
84210
89473
94736
100000
1
2592
9507
8137
21053
18888
46424
36842
42105
47368
52632
74423
63158
68421
73684
78947
84210
89473
94736
100000
10837
3434
43136
12713
21053
26316
75209
35381
49208
39854
38934
57895
17292
68421
73684
78947
84210
75524
94736
100000
23805
2968
9507
17096
32465
18243
44660
28786
74320
11336
52632
57895
63158
68421
73684
78947
8682
89473
94736
100000
1
4331
35226
9140
21053
26316
28372
34890
42105
32341
52632
57895
63158
47388
73684
78947
84210
89473
94736
100000
1
4264
32414
14230
21053
15780
85177
28362
42105
47368
47318
78098
63158
68421
22756
78947
9117
89473
94736
100000
37232
3606
40614
4533
39011
26316
86243
29043
42105
47368
52632
57895
63158
68421
73684
78947
84210
73809
94736
100000
1
4660
63801
15790
11896
26285
59759
46389
37829
42573
22318
57895
63158
68421
54105
78947
84210
89473
94736
100000
1
4279
29602
10197
35203
14921
57581
36842
50941
32999
52632
57895
6303
54047
73684
29117
13602
89473
56336
100000
1
12324
8083
8856
12047
22750
31579
27941
63177
47368
52632
57895
63158
68421
73684
78947
84210
89473
94736
100000
1
27843
8642
15790
21053
26316
31579
49249
60090
4657
52632
57895
63158
68421
23890
48148
84210
89473
94736
100000
1
37812
64831
3233
18720
29136
31579
56550
34829
47368
17020
57895
63158
49678
73684
78947
34644
89473
94736
100000
1
4272
31758
14230
12906
21402
63452
33398
42105
47368
52632
52071
25081
68421
73684
78947
84210
89473
94736
100000
1
8549
52790
5940
21053
16388
60679
68735
74525
9275
52632
57895
63158
68421
73684
78947
84210
73711
94736
100000
1
4759
44768
12406
10538
15830
37274
33102
42105
19524
17567
56125
56780
68421
73684
78947
84210
89473
94736
100000
1
36667
68216
3843
13087
33174
74126
36842
48903
28928
30494
52649
6238
68421
43124
30809
84210
89473
94736
100000
8660
27838
32467
5027
18948
20417
62157
66786
36333
47368
42969
51842
36417
55749
73684
30904
84210
89473
94736
100000
2977
3927
43984
15790
18454
16343
77754
66283
33039
47368
52632
57895
63158
68421
24135
78947
44946
89473
94736
100000
1
3908
37862
10101
12407
23671
78099
36842
57803
42573
11511
57895
63158
46095
73684
78947
48709
89473
94736
100000
1
4759
7785
3831
21053
26551
31579
28645
42105
12146
52632
57895
56780
60150
73684
78947
84210
89473
94736
100000
19586
5264
8302
13011
38820
17183
81479
30705
67275
41452
52632
57895
20722
68421
73684
28053
84210
89473
94736
100000
6697
11014
10527
12210
14151
14300
31579
31175
42105
47368
40921
57895
63158
60504
73684
78947
84210
89473
94736
100000
1
9130
8652
15790
21053
26316
28372
35171
42105
11537
52632
57895
63158
57130
39412
78947
84210
89473
94736
100000
1
4212
10527
3992
18516
23671
60231
33102
34656
24733
39710
57895
54852
68421
73684
78947
84210
89473
94736
100000
25239
3658
8441
14230
21053
17167
31579
64763
42105
47368
20421
54483
63158
46835
73684
78947
84210
89473
94736
100000
1
29869
67436
14230
27636
26316
82104
33102
37829
15947
52632
54731
63158
68421
73684
78947
84210
89473
30211
100000
11516
4759
47546
8023
14676
23671
73434
36842
42105
41891
19407
57895
63158
46369
66254
78947
84210
89473
94736
100000
1
4759
45289
8173
18948
26316
40518
33102
42105
13968
52632
57895
63158
68421
42295
78947
84210
89473
94736
100000
22554
25647
60939
11569
21361
26316
31579
67518
64803
47368
26067
57895
12474
68421
22523
78947
84210
89473
94736
100000
39221
3992
67050
7000
15923
38326
28372
36842
37829
47368
52632
65741
63158
68421
73684
78947
84210
76002
94736
100000
25810
4759
7887
10035
17125
17136
72926
63791
36714
16834
52632
57895
63158
68421
73684
78947
84210
89473
94736
100000
1
3366
34839
14230
31615
29255
31579
52793
42105
47368
52632
57895
63158
68421
20673
70976
84210
89473
94736
100000
1
27588
8344
4307
21053
31751
45666
36842
42105
20594
11545
57895
51952
68421
73684
30822
84210
89473
94736
100000
1
7178
9507
13605
13748
26316
28372
36842
42105
47368
52632
57895
63158
68421
73684
33873
84210
89473
94736
100000
35684
42193
63154
9415
11117
41124
31579
57245
40804
19063
47318
57895
63158
61500
73684
78947
84210
89473
35938
100000
1
2801
33468
5544
38963
23671
73591
36842
42105
47368
31577
59199
56780
68421
73684
78947
84210
72828
94736
100000
1
33388
44504
11350
14875
19463
31579
36842
37071
31123
13117
57895
25287
68421
73684
78947
84210
89473
94736
100000
1
10757
12601
3325
16303
26316
31579
36842
47128
18600
19510
57895
6238
68421
73684
78947
84210
89473
94736
100000
8407
27902
19074
6475
17946
22490
32792
50977
58403
47368
11431
57895
63158
54433
73684
32683
84210
89473
94736
100000
1
3703
29260
15790
21946
32736
40895
52202
42105
47368
52632
57895
6238
68421
73684
78947
29428
89473
94736
100000
28227
23742
8235
5934
12707
18085
73445
36842
52211
42524
52632
57895
26720
68421
73684
78947
84210
75626
94736
100000
1
23987
8670
9558
12191
37473
50803
28266
63194
47368
35104
57895
45922
55319
73684
66668
84210
72398
94736
100000
1
2814
30711
14230
11080
26316
28372
51386
67051
18043
52632
56969
50387
44758
43701
78947
84210
89473
94736
100000
1
36758
8650
14230
14006
26316
31579
63173
42105
37173
12477
70215
63158
68421
73684
78947
84210
89473
94736
100000
14935
2806
9507
11445
18948
19856
39055
56089
42105
24826
33663
57895
63158
60061
73684
78947
75776
89473
94736
100000
1
3404
13464
4736
21053
20140
48179
62722
42105
12072
52632
57895
17096
68421
73684
78947
84210
89473
94736
100000
31698
26110
57788
10867
11718
35441
75008
38458
42083
10188
52632
52071
63158
41336
73684
27339
24630
89473
94736
100000
20143
3619
41741
15790
18948
18185
28372
36842
36340
14045
29623
46747
15632
68421
73684
78947
30850
89473
94736
100000
31373
28350
22327
7596
21053
26316
60008
36842
48600
39680
52632
57895
63158
68421
73684
78947
84210
89473
94736
100000
19651
3482
8727
15790
11666
43359
78349
32970
42105
47368
52632
57895
63158
68421
73684
78947
31940
89473
94736
100000
31127
5264
27660
18364
21053
23671
31579
33102
33965
34163
52632
66174
42482
48003
73684
78947
27534
89473
94736
100000
1
39363
9507
3171
15739
18698
31579
36842
42105
47368
52632
74473
56780
68421
49667
78947
84210
89473
94736
100000
1
3619
10527
6197
18443
19499
62839
27107
42105
42573
52632
57895
63158
46231
73684
78947
84210
89473
94736
100000
1
5264
18729
9751
33154
15223
43448
32122
42105
47368
16942
45865
63158
68421
73684
78947
84210
89473
94736
100000
38526
30889
10527
10368
16535
23730
31579
33014
33906
41796
52632
57895
63158
61500
73684
78947
84210
76997
94736
100000
1
4443
8150
7034
21053
23674
30163
36842
72761
7571
45994
57895
63158
47409
73684
78947
43559
89473
94736
100000
1
3734
31504
15790
9899
23671
40400
60941
42105
4657
43306
57895
17087
68421
19493
78947
84210
89473
94736
100000
1
16549
9325
15790
41884
23671
71464
36842
42105
42573
52632
49670
48705
45948
73684
78947
84210
78644
94736
100000
1
4759
9507
15790
13131
15978
31579
70290
37829
20452
47318
57895
63158
51729
73684
78947
84210
89473
94736
100000
1
16999
9507
15790
18934
26316
64373
44443
75864
47368
52632
57895
63158
68421
73684
34450
84210
89473
94736
100000
1
7583
22397
9578
13918
17514
28372
36842
42105
47368
52632
57895
23386
68421
73684
78947
84210
89473
94736
100000
1
25014
19803
15790
19956
26316
53036
33102
61165
47368
25698
57895
45023
68421
23084
48303
84210
89473
94736
100000
15730
7157
37066
7438
21053
26316
44640
36842
37829
47368
31614
48982
63158
68421
73684
50461
84210
89473
94736
100000
1
15903
9126
10795
10420
48498
31579
36842
42105
29263
52632
59785
63158
53981
73684
28211
84210
75198
94736
100000
24217
3467
64293
12607
17373
18189
31579
67352
35798
47368
52632
54457
63158
68421
23820
78947
84210
89473
94736
100000
38724
4881
9507
12564
13536
17824
31579
33102
75129
26118
35329
57895
63158
68421
20836
48909
84210
89473
94736
100000
1
17571
10527
9987
9938
13285
87218
32290
42105
19475
17697
49778
6238
68421
73684
27693
84210
89473
94736
100000
1
13880
30785
12069
11891
16015
31579
36842
42105
39994
32219
57895
63158
68421
73684
78947
84210
72065
94736
100000
1
10943
8778
15790
14969
16118
86969
31561
53267
47368
18711
57895
63158
50486
73684
78947
84210
89473
94736
100000
1
7610
61959
13745
21053
26355
73312
36571
42105
47368
52632
57895
63158
68421
73684
78947
84210
89473
94736
100000
1
4759
9507
7910
10928
26316
31579
36842
42105
22472
15762
58795
18077
68421
73684
78947
84210
89473
94736
100000
39121
29638
10527
13886
18948
26316
48187
34010
70025
47368
52632
57895
63158
68421
73684
78947
54188
89473
94736
100000
1
27072
8778
14155
18445
14317
67049
36842
34971
9657
52632
57895
63158
68421
73684
63586
84210
89473
94736
100000
1
5264
9507
16518
21053
14447
31579
36842
68405
47368
52632
57895
63158
61500
22173
78947
84210
89473
94736
100000
1
4507
17132
14067
18078
14770
31579
58501
36428
47368
52632
47750
63158
68421
73684
78947
84210
89473
94736
100000
2172
5515
9045
14230
14599
26316
50598
36842
42105
47368
21528
50360
54302
68421
73684
29275
84210
89473
94736
100000
16791
2569
29363
7845
9587
26316
28372
36842
56761
47368
52632
57895
63158
47282
73684
31821
84210
89473
94736
100000
31299
3592
7634
19611
14164
23651
37107
59742
42105
47368
33302
57895
10021
68421
73684
70976
63277
80504
94736
100000
1
37476
14069
15790
10005
24938
31579
38733
49815
47368
52632
55644
17048
46137
46990
78947
75776
89473
94736
100000
1
13135
48786
13690
41058
34053
50326
31904
42105
5849
52632
55485
63158
44496
73684
78947
84210
89473
94736
100000
1
14782
49635
17913
21053
26316
34967
36842
42105
42573
30953
73096
63158
68421
45420
78947
84210
89473
94736
100000
2971
3139
59252
8660
21053
26316
35686
61017
42105
26513
52632
50045
63158
68421
19414
60785
75776
89473
94736
100000
1
38848
44743
6377
18882
23671
53380
45544
53129
47368
20292
57895
63158
68421
73684
78947
84210
89473
94736
100000
1
14112
68317
8165
21053
15361
31579
36842
42105
47368
46454
49496
63158
68421
73684
27280
75776
89473
94736
100000
1
3128
43260
6868
21053
17250
62488
32386
37829
47368
21356
66072
63158
53982
73684
78947
84210
89473
94736
100000
17400
2976
30130
15790
13834
20815
74868
33102
42105
47368
52632
57895
63158
68421
73684
78947
84210
71161
94736
100000
30251
3716
25929
14230
11592
26316
66083
36842
42105
47368
52632
47901
53825
68421
73684
78947
84210
89473
94736
100000
1
30173
26871
6403
16229
26055
42332
33102
42105
4657
52632
47352
63158
68421
73684
78947
84210
89473
94736
100000
4796
21658
8316
3228
10741
23671
48917
36842
53047
40002
52632
57895
63158
68421
28302
78947
49895
89473
94736
100000
1776
5264
19608
15790
18948
18729
28372
36842
60507
15478
38881
53546
63158
68421
49058
78947
84210
89473
94736
100000
1
18212
10527
5652
14398
27705
46711
42883
35851
4657
52632
57895
63158
68421
73684
78947
84210
89473
94736
100000
36897
4759
9165
14230
40664
15304
54468
33102
42105
47368
19333
57895
63158
49961
73684
78947
84210
89473
94736
100000
1
12427
57112
14230
14332
22561
59126
38147
42105
14561
24310
57895
63158
68421
73684
78947
84210
89473
94736
100000
1
11404
49730
9964
13821
26316
81905
33102
75977
47368
52632
57895
56780
68421
73684
78947
84210
89473
94736
100000
21635
4715
68988
9409
15106
17319
51767
36842
50136
47368
52632
49756
63158
68421
73684
78947
84210
89473
94736
100000
29504
23900
7987
4908
18782
15391
78193
46032
42105
37771
19190
57895
63158
68421
73684
78947
84210
89473
94736
100000
1
4592
10527
4687
35547
23671
28372
67807
42105
19685
23746
57895
63158
68421
40169
78947
84210
89473
94736
100000
1
4587
24660
13400
18922
18950
36068
28429
42105
47368
30992
57895
63158
55291
73684
78947
84210
89473
37086
100000
5250
4587
23878
13227
18753
26316
64172
38873
34208
41358
52632
73478
56780
68421
73684
78947
84210
89473
23031
100000
1
4015
23968
3485
16264
26316
31579
54160
42105
42573
15637
57895
63158
68421
73684
78947
30252
89473
94736
100000
1
4759
10527
13124
14586
19881
42228
43228
34615
42573
52632
57895
63158
68421
73684
78947
84210
89473
94736
100000
1
43497
29036
6538
21053
26316
31579
31389
50212
6955
30275
57200
63158
68421
73684
78947
84210
76720
94736
100000
32283
3574
7680
15790
10144
40023
37349
42966
42105
32372
52632
57895
38212
68421
66254
78947
84210
89473
94736
100000
1
3201
10527
14138
14958
36601
31579
54640
69143
47368
19958
69153
63158
68421
73684
78947
84210
73593
94736
100000
1
4759
10527
9329
21053
26316
28372
36842
42105
47368
52632
57895
63158
52391
73684
78947
84210
89473
94736
100000
19346
4759
68946
4009
12394
26316
31579
28733
42105
9021
21960
65606
63158
68421
73684
78947
84210
89473
94736
100000
16002
16328
9507
4425
10912
26316
34201
36842
73388
47368
52632
57895
55285
68421
73684
78947
12637
74217
94736
100000
1
4759
7947
8078
18883
16197
44364
36842
42105
47368
29076
57895
63158
43222
73684
78947
84210
89473
94736
100000
1
3088
10527
15790
31959
21898
45355
36201
42105
47368
52632
57895
63158
68421
43795
78947
84210
89473
94736
100000
24848
3851
10527
5513
14820
45828
66827
29603
42105
9874
52632
57895
63158
54237
73684
78947
84210
89473
94736
100000
1
5264
9320
15790
36928
26316
61814
39965
42105
47368
52632
57895
63158
68421
40408
78947
84210
89473
94736
100000
3332
4759
56544
4982
11484
26316
31579
36842
47512
47368
47318
48618
56677
51104
73684
78947
84210
89473
94736
100000
1
3038
16967
7694
42851
26316
84567
36842
36506
20391
15188
60230
40575
68421
73684
78947
84210
77374
31277
100000
1
2746
8076
15790
17572
47665
31579
33102
42105
47368
21260
48169
63158
68421
73684
78947
46619
89473
94736
100000
9866
20822
9507
15790
17332
26316
49970
32765
33751
21848
52632
57895
63158
68421
73684
63065
84210
89473
94736
100000
1
4741
42477
3176
13506
17870
31579
46059
68245
22660
52632
57895
19267
68421
73684
78947
84210
75040
94736
100000
1
5264
59072
14049
28858
26316
41060
36842
42105
47368
52632
57895
63158
52787
65624
78947
84210
89473
94736
100000
14088
3307
53600
6711
20586
13951
78236
60595
70481
47368
52632
57895
8734
58906
73684
37411
84210
89473
94736
100000
1
13571
9507
6719
18948
26316
55016
36842
42105
42573
16393
46616
63158
68421
20617
69295
84210
89473
94736
100000
11488
5264
21725
6042
21053
17851
31579
29265
34582
29923
52632
52071
63158
68421
73684
78947
84210
89473
94736
100000
1
3979
10527
3721
19132
26316
28372
56493
42105
25303
47318
57895
63158
68421
73684
78947
84210
89473
94736
100000
1
2890
58459
15790
31497
21092
69538
36842
50318
47368
52632
57895
19410
68421
73684
27497
84210
89473
30399
100000
1
2869
60614
13732
20933
14449
71578
49975
40119
47368
52632
57895
63158
68421
73684
78947
84210
89473
11203
100000
1
5264
27619
10390
14265
18738
71679
36433
42105
16585
47318
52071
63158
43127
24628
78947
84210
89473
94736
100000
32808
4368
7885
15790
28469
18937
28372
36842
37829
47368
52632
57895
34841
68421
73684
78947
84210
89473
94736
100000
1
4759
70078
6520
18722
22111
45728
38682
61550
47368
52632
57895
6238
68421
73684
78947
84210
89473
16709
100000
1
30535
30423
10647
32914
26316
61955
37351
42105
15444
13810
57895
63158
54041
73684
78947
63324
89473
46818
100000
1
17414
33470
18669
18948
26316
31579
64730
42105
47368
24712
57895
39117
68421
73684
78947
84210
89473
94736
100000
20928
3136
8457
3689
18948
33929
71480
42547
42105
4657
22518
51608
63158
68421
21932
42909
27819
89473
94736
100000
1
3884
67022
10750
21053
24090
67116
47205
70472
13718
52632
57895
63158
48038
19021
78947
84210
89473
94736
100000
1
5264
62725
6155
21053
40502
28372
59971
64881
34887
52632
57895
63158
68421
32774
78947
84210
89473
94736
100000
2308
34897
66373
15790
22342
44631
44904
30624
44881
47368
52632
57895
15457
68421
73684
78947
8509
89473
94736
100000
1
4164
9507
15773
21053
19635
31579
37002
42105
27151
52632
57895
48980
49356
73684
78947
84210
72150
94736
100000
37354
2845
8115
11956
23231
26316
33059
31519
42105
47368
18403
57895
11269
68421
42524
34285
84210
89473
94736
100000
1
12813
9335
12389
33412
17862
85156
50946
73912
47368
52632
57895
63158
68421
73684
78947
84210
89473
94736
100000
859
4327
9126
9060
15495
15515
28372
62376
49091
20407
31367
52071
63158
68421
73684
60831
8408
89473
94736
100000
1
4759
62011
12215
18948
26316
31579
36842
48110
33865
52632
57895
44604
68421
73684
78947
84210
89473
94736
100000
1
3625
10527
4787
21053
23671
31579
33102
70740
47368
52632
77389
56152
68421
73684
78947
84210
89473
94736
100000
1
38967
7805
9813
16877
23374
31579
36842
42105
27976
52632
57895
63158
68421
73684
78947
84210
89473
94736
100000
1
5264
8764
10537
34537
16116
28372
61510
44011
47368
42444
57895
63158
68421
73684
78947
84210
89473
94736
100000
18693
3361
9507
5423
21053
20965
63200
36842
42105
47368
52632
51221
63158
68421
73684
78947
84210
89473
83724
100000
1
3861
40550
15790
17334
23671
66569
31264
42105
47368
52632
57895
48255
68421
73684
78947
84210
89473
94736
100000
1
17537
67111
14230
12613
26316
53736
39270
42105
11463
52632
57895
63158
51380
29534
78947
84210
89473
94736
100000
1
8685
9507
5350
42930
23671
28372
33102
42105
47368
52632
57895
14737
44383
73684
56633
84210
76586
94736
100000
28182
34716
17332
4860
10384
21603
31579
31882
42105
11940
52632
57895
63158
68421
73684
78947
84210
74642
94736
100000
1
3455
44777
14230
21053
23671
64784
36842
42105
47368
17916
65469
35818
68421
24444
78947
24808
89473
94736
100000
1
2760
67289
17073
40710
44754
65673
36842
42105
9557
52632
57895
63158
68421
29056
70976
84210
89473
94736
100000
20475
2960
52640
8433
35892
26316
52240
36842
42105
47368
34926
57895
63158
68421
73684
78947
84210
89473
85245
100000
1
4759
43893
15790
17222
42573
29901
57652
74486
47368
52632
57895
63158
68421
73684
70976
84210
89473
94736
100000
37003
24992
27820
5547
32436
21493
41995
32203
42105
16832
52632
63718
20392
48124
73684
78947
84210
89473
94736
100000
1
14548
33965
10603
13909
39842
79965
61412
57840
47368
14179
63158
27584
68421
36822
28075
84210
89473
94736
100000
1
3819
53188
6842
30904
18151
31579
32807
42105
9839
52632
57895
30892
68421
73684
78947
84210
77174
94736
100000
14435
2883
25523
11285
32438
23671
70164
55444
33184
47368
52632
57895
63158
68421
73684
78947
14637
79112
94736
100000
1
45862
46468
5032
12228
15830
52810
60894
62804
42573
52632
57895
63158
68421
73684
78947
84210
89473
94736
100000
1
4214
9507
15790
16200
13718
31579
33102
42105
42425
52632
57895
25518
68421
73684
78947
58324
89473
94736
100000
19408
39387
10527
12842
21564
18055
50118
36842
42105
41689
52632
57895
63158
68421
48932
78947
84210
71703
94736
100000
23233
17610
29258
7899
15861
18196
31579
28101
42105
13805
16911
57895
63158
68421
32371
78947
84210
89473
94736
100000
1
28790
10527
8133
13328
20881
80161
29635
42105
13028
52632
57895
46005
68421
66254
70976
84210
89473
94736
100000
1
5284
9507
8386
32180
32500
28372
36842
42105
47368
52632
57895
48255
68421
73684
78947
84210
89473
94736
100000
2922
5264
54335
6706
11583
15012
57028
27088
37829
4733
52632
59391
63158
68421
73684
78947
84210
89473
11584
100000
1
3352
10527
13880
14754
16789
31579
61471
42105
47368
52632
50427
63158
68421
25246
78947
84210
89473
94736
100000
1
4759
65602
10338
15052
15672
61409
48469
38198
47368
21000
57895
45594
68421
55444
31277
84210
89473
94736
100000
17729
2585
29141
12012
13540
17280
28372
36842
51878
26924
21011
56635
63158
68421
73684
78947
84210
89473
94736
100000
3049
4640
46936
13981
21053
26316
31579
71783
42105
47368
18942
57895
63158
68421
30730
31716
84210
80319
94736
100000
33575
15647
7809
14230
18948
31121
45537
36842
42105
47368
33023
57895
63158
45185
66254
78947
84210
76007
94736
100000
1
4759
67807
8887
18948
26316
32017
71689
42105
47368
14417
57895
43471
50807
73684
78947
84210
89473
94736
100000
1
2510
54232
15400
12927
15764
39563
52036
42105
24297
25460
57895
63158
68421
73684
78947
84210
89473
94736
100000
1
21708
50245
9737
13706
26316
31579
33102
41561
12501
47318
57895
63158
68421
73684
78947
36510
89473
94736
100000
21331
4104
67446
4386
28181
18955
31579
53413
42105
23049
52632
48554
25850
68421
73684
78947
84210
89473
94736
100000
24365
44908
9174
9601
32944
26316
31579
36842
42105
47368
52632
51627
63158
68421
73684
78947
44700
89473
94736
100000
1
2840
23067
9897
10374
26316
71294
36842
37829
10890
52632
57895
63158
68421
73684
78947
84210
89473
94736
100000
1
23173
64131
14129
10017
17322
28372
36842
42105
47368
20859
57895
33235
68421
73684
78947
84210
89473
94736
100000
39460
40739
57940
17666
21053
18383
34532
53223
51662
8507
26826
57895
63158
68421
73684
31266
84210
89473
94736
100000
1
3542
20001
10612
11315
26316
46341
60430
42105
18762
52632
46525
22434
68421
73684
78947
84210
89473
94736
100000
38196
33794
40324
9469
21053
26316
58539
36842
75898
47368
52632
77691
9818
68421
24545
78947
61769
89473
94736
100000
1
4506
63839
9329
30606
43743
78417
43127
44810
27605
52632
57895
63158
68421
73684
78947
84210
89473
94736
100000
1
18789
10527
10258
21234
22313
69751
64527
42105
47368
52632
73335
56780
68421
73684
70976
84210
89473
94736
100000
1
38938
23166
3170
17170
23671
67698
64124
49525
42573
30275
73593
63158
68421
66254
78947
84210
89473
94736
100000
2486
17297
25664
7633
21053
19158
84867
65903
75162
42573
52632
57895
63158
68421
73684
78947
84210
70806
94736
100000
1
3366
7631
14230
13406
20756
39429
28869
71469
47368
19247
52071
63158
68421
73684
78947
84210
89473
94736
100000
23466
30578
8194
4860
17461
23671
29496
36842
42105
47368
52632
57895
26478
68421
22482
78947
84210
89473
94736
100000
1
5264
42782
12152
18948
25636
57769
42675
42105
12834
52632
48783
63158
68421
73684
31716
84210
89473
94736
100000
1
3254
48052
6604
16411
20494
83547
41839
34086
4657
47318
52071
63158
68421
23002
78947
84210
89473
94736
100000
1
10388
9460
7737
32285
23671
48714
36842
42105
40302
11408
57895
63158
68421
28905
69290
84210
89473
94736
100000
14553
34096
66908
8508
32513
20347
37446
35502
53819
4657
11909
57895
18033
68421
73684
53458
84210
89473
94736
100000
19172
8127
21923
4008
30683
39203
31579
57272
62085
47368
19822
57895
48985
68421
73684
68758
84210
89473
94736
100000
8349
39703
39895
5048
23218
41832
31579
28945
74196
19956
46913
52071
63158
68421
49027
31172
84210
89473
94736
100000
1
2533
9507
6649
13260
13880
31579
63530
75094
32022
39484
54374
63158
68421
73684
78947
19280
89473
94736
100000
1
4759
10527
5555
19769
13746
59323
55074
42105
47368
24980
57895
6373
68421
73684
34595
84210
89473
94736
100000
1
27995
9507
6072
11488
20717
56719
27834
33644
47368
25507
57895
63158
68421
21444
34746
84210
89473
94736
100000
8780
22255
8273
13441
15267
26316
52427
46424
42105
4657
47318
47765
8977
68421
73684
78947
84210
89473
94736
100000
1
37871
15968
4155
14186
17198
47543
36842
42105
7628
34285
57895
9301
68421
73684
78947
84210
89473
94736
100000
12736
2792
44210
17083
39721
20317
31579
47294
41563
47368
47318
57895
9217
41756
73684
78947
84210
89473
94736
100000
38079
4759
62961
14900
33110
15016
39230
29062
74991
13152
52632
46764
63158
68421
73684
31129
84210
89473
94736
100000
1
34300
7969
13221
18948
26316
36947
39757
48442
47368
52632
57895
17897
68421
73684
78947
84210
89473
94736
100000
1
37515
30344
4268
21053
20417
31579
36842
37650
5685
52632
57895
63158
68421
19264
78947
60412
89473
94736
100000
1
12395
57295
10853
24017
26316
31579
29701
56170
34476
22475
57895
63158
68421
73684
78947
84210
89473
94736
100000
1
2865
14348
9683
18503
19023
31579
29912
73443
37538
52632
49979
19276
68421
20734
78947
84210
89473
94736
100000
1
39492
62705
3815
31122
14897
47773
36842
42105
32938
19491
57895
63158
68421
22196
78947
84210
89473
94736
100000
25380
24054
35870
15790
16407
14844
85896
36842
32463
31462
34565
78729
63158
68421
73684
33590
84210
89473
94736
100000
1
3146
59239
15790
21053
22572
31579
36842
42105
24459
52632
78066
31016
68421
53992
31597
47738
89473
94736
100000
1
17205
42726
15790
17642
23178
73708
60833
42105
16773
47318
57895
63158
68421
20544
78947
84210
89473
94736
100000
1
38684
50776
4557
13395
48097
31579
61115
42105
47368
43709
57895
63158
68421
73684
78947
84210
89473
94736
100000
1
43948
8846
11418
18948
14409
50539
36842
42105
4657
52632
57895
56780
68421
66254
78947
84210
89473
94736
100000
1
9726
44938
10808
39110
21696
44821
36842
35347
47368
52632
52071
63158
68421
73684
67459
84210
89473
94736
100000
1
42866
9507
15790
21053
14915
28372
36842
42105
42573
52632
57895
20609
68421
73684
70976
31617
89473
94736
100000
25063
3514
14318
15433
18830
26316
31579
66695
37829
8611
39755
57895
63158
68421
73684
78947
84210
89473
94736
100000
28824
27635
9507
8330
17664
48646
46429
27566
42105
47368
40608
57895
56780
46280
73684
78947
84210
89473
94736
100000
1
5264
43515
11961
21053
14521
48653
31354
36067
47368
19393
57895
63158
68421
73684
78947
84210
89473
51343
100000
1
12645
8711
7687
23164
26316
31579
36842
38541
12974
52632
52071
13940
43435
27339
78947
84210
89473
94736
100000
1
4759
49223
6659
17937
26316
61682
37450
59284
47368
52632
57895
56780
68421
73684
32804
84210
89473
94736
100000
1
46376
9891
15790
21053
42976
31579
41894
42105
47368
23026
52071
8356
68421
40485
78947
84210
89473
94736
100000
1
4743
9403
7845
11640
41991
31579
36842
42105
47368
52632
66225
63158
60174
73684
78947
84210
89473
94736
100000
29760
5264
9507
7739
21053
20815
69777
69590
75688
47368
52632
57895
54444
68421
73684
78947
84210
89473
94736
100000
1
4063
8217
3532
18862
32610
29150
36842
73417
22062
52632
78594
63158
68421
73684
78947
84210
89473
94736
100000
1
43676
7516
12223
43265
26316
54951
52640
69953
35764
23700
59419
56780
57376
73684
78947
84210
89473
94736
100000
1
4759
10527
7637
32097
48542
31579
30528
42105
40738
31583
52128
63158
68421
73684
32418
84210
74894
94736
100000
1
3006
9507
7169
13603
38310
72262
29994
42105
34002
52632
52071
63158
43619
73684
78947
16975
89473
94736
100000
1
2549
9507
12423
13952
34944
61866
64180
42105
37247
41598
76071
33549
56314
73684
78947
84210
89473
94736
100000
32665
4331
68691
13415
14423
26316
28372
28525
42105
18352
52632
57895
25956
68421
73684
78947
84210
89473
94736
100000
23866
16125
59972
15790
21053
26316
31579
34737
70720
47368
52632
57895
63158
54662
65385
78947
84210
75002
94736
100000
11798
10083
10527
11205
13464
37179
28372
36842
42105
47368
47318
57895
63158
68421
73684
78947
84210
71327
94736
100000
18890
7898
54228
9985
16720
20627
73686
36842
42105
47368
35440
57071
63158
68421
73684
30532
84210
89473
94736
100000
14006
2736
40633
15790
21053
15685
40619
36842
59171
20631
11898
46780
63158
68421
73684
33975
84210
89473
94736
100000
1
13046
8587
15790
37487
18195
28372
33102
42105
8485
52632
57895
56780
68421
73684
50553
84210
89473
94736
100000
1
40103
47663
6102
21053
18153
31579
60658
37615
4657
52632
52235
51231
45652
73684
28151
84210
89473
94736
100000
1
3161
12465
15790
20101
23671
31691
46383
42105
47368
23100
57895
8127
48771
25604
78947
84210
89473
94736
100000
38027
3464
27009
11855
18518
13107
31579
36842
42105
20808
43120
57895
45543
68421
66254
78947
46914
89473
94736
100000
252
6784
8143
9064
12277
15122
31579
36842
41089
34504
11404
75316
63158
68421
20866
78947
84210
89473
94736
100000
2846
2697
8697
8813
21053
13071
59954
36842
58624
9425
52632
56225
63158
61448
73684
78947
84210
89473
94736
100000
1
2995
14985
14230
21053
13682
51801
29319
33315
26313
40977
57895
54520
68421
73684
31033
84210
89473
94736
100000
33945
2926
37638
5189
23986
23671
31579
29286
37829
47368
52632
57895
63158
68421
73684
78947
84210
89473
94736
100000
19236
32860
19047
5269
30652
23671
31579
34227
42105
47368
52632
46741
6238
68421
73684
78947
84210
89473
94736
100000
1
24811
59211
15790
21053
49080
67267
30569
42105
47368
52632
57895
21109
68421
73684
37745
84210
89473
94736
100000
1
4759
7477
13781
21053
26316
31579
73180
75150
47368
52632
46510
63158
68421
73684
78947
84210
89473
94736
100000
20594
30750
10527
5244
25030
37712
59417
36842
75171
47368
52632
57895
63158
68421
73684
48033
40198
89473
94736
100000
1
5264
65561
9001
24946
26316
76406
31848
60467
47368
16395
48614
63158
68421
73684
78947
84210
89473
94736
100000
1
3794
9507
13616
21053
18715
28372
36842
42105
47368
26804
57895
63158
68421
73684
78947
84210
89473
94736
100000
1
9998
29265
6938
32484
48272
61569
36842
74405
47368
52632
48896
63158
68421
73684
37762
84210
89473
94736
100000
1
3965
9059
5021
11248
15662
31579
39569
49359
4657
52632
57895
48743
68421
73684
78947
67277
89473
94736
100000
29571
3313
48893
5554
21053
26316
79615
36842
34966
32292
47318
57895
30759
53264
73684
78947
84210
89473
94736
100000
1
4718
43376
14230
44218
23671
58573
48073
42105
17301
52632
46985
63158
68421
73684
78947
84210
89473
94736
100000
33852
2503
66913
14230
18740
26316
31579
33102
42105
22826
36156
47449
63158
68421
73684
78947
84210
89473
94736
100000
1
2837
9507
12092
21053
19836
32194
27795
74062
13852
52632
57895
63158
59736
20760
78947
84210
89473
94736
100000
1
2885
9507
18736
36192
15636
86266
64819
39609
24466
52632
61590
63158
68421
73684
78947
84210
71294
94736
100000
1
42750
66471
14230
18017
17066
28372
46183
42105
4657
21846
50765
15654
68421
63131
78947
84210
89473
94736
100000
1
5264
31997
8604
21053
23671
71183
36842
49873
47368
52632
57895
63158
68421
73684
78947
84210
89473
94736
100000
12408
4248
43792
18080
21053
35986
31579
36842
42105
47368
52632
74510
63158
68421
66254
78947
84210
89473
94736
100000
1907
4759
69027
11246
18948
14703
85261
36842
37829
21782
20883
50522
63158
47367
73684
51629
84210
89473
94736
100000
1
5264
23979
10432
18109
34898
85212
70191
42567
47368
52632
57895
63158
68421
73684
78947
84210
89473
94736
100000
1
23423
32112
8384
10464
26316
77060
67276
42105
36563
52632
57895
63158
53747
73684
78947
84210
89473
94736
100000
26306
21544
28291
9888
29786
26316
59525
41428
42105
27868
52632
74936
63158
68421
24909
78947
84210
89473
94736
100000
1
19589
8550
14230
14130
23671
66412
36842
37215
32828
47318
57895
63158
50641
33531
78947
73932
78959
94736
100000
1
3577
39981
4126
21053
16567
31579
70981
73353
8246
18387
50343
63158
68421
73684
78947
84210
89473
94736
100000
1
41983
63130
9725
15985
41403
76302
36842
64332
25778
52632
57895
63158
68421
24373
30702
84210
89473
94736
100000
1
19653
7588
12227
18948
26316
48933
36842
37829
47368
52632
57895
63158
68421
73684
78947
84210
89473
94736
100000
37325
18317
27000
11417
21053
18798
31579
44604
37694
34859
13660
52071
63158
68421
73684
78947
84210
89473
94736
100000
25758
5264
11635
7886
20223
26316
31579
33947
68366
47368
47318
52071
63158
61500
73684
78947
84210
89473
94736
100000
10282
4395
10527
14230
21053
19989
31579
33102
37829
47368
17970
57895
63158
57623
73684
78947
84210
89473
94736
100000
39566
45270
42005
11790
18875
42554
31579
62474
37829
23596
47318
47683
63158
68421
50918
78947
84210
89473
94736
100000
1
3754
64910
14653
18948
17686
39045
30368
52271
47368
52632
57895
63158
68421
73684
78947
84210
77596
94736
100000
6817
4759
10527
13870
30177
20070
49486
36842
37013
29838
52632
52071
63158
68421
33081
78947
84210
89473
94736
100000
30729
2697
56769
16198
30420
23512
79233
68221
37829
47368
52632
57895
21407
68421
73684
55220
8408
78249
94736
100000
1
3532
67301
8927
21053
15747
62079
67041
36285
47368
18247
62610
63158
41898
73684
78947
84210
89473
94736
100000
1
10903
10527
3922
18451
23671
31579
33102
66244
47368
25199
57895
63158
68421
73684
78947
84210
89473
94736
100000
1
5957
10527
15407
21116
20630
38174
36842
42105
47368
52632
67515
30495
68421
73684
78947
84210
89473
94736
100000
1
8469
34034
9297
39137
43765
31579
36842
42105
42573
18141
57895
63158
68421
73684
78947
84210
89473
94736
100000
1
4640
67944
12619
9637
23671
31579
36842
42105
38497
52632
49496
17808
68421
73684
78947
84210
89473
29642
100000
1
3411
36670
10129
27104
13641
49372
61099
42105
19250
52632
50402
63158
43139
73684
78947
14479
89473
94736
100000
23169
2577
20034
5049
30717
23671
68158
50058
50141
29945
52632
61721
63158
68421
73684
78947
84210
89473
94736
100000
39050
4759
16876
3419
27878
24843
31579
36842
42105
14457
32859
52071
63158
68421
42957
53803
84210
89473
94736
100000
1
4214
41988
11417
11765
26316
31579
49845
42105
47368
17989
64495
29985
68421
73684
78947
84210
89473
94736
100000
1
2876
64201
15790
21053
14897
74052
36842
42105
40061
12857
49804
63158
68421
73684
78947
84210
89473
94736
100000
1
15552
10527
3928
15703
16972
30191
32685
44189
42573
52632
57895
6238
68421
73684
31536
84210
89473
94736
100000
1
17286
54827
14230
13599
26316
68296
31948
66483
47368
52632
57895
63158
61500
73684
78947
8408
89473
94736
100000
38941
4157
10527
12710
13268
21071
70574
40416
42105
47368
20342
52071
63158
45089
32723
37494
8408
89473
94736
100000
33834
14135
10527
14230
10781
26316
48266
36842
42105
47368
30995
50924
43350
68421
73684
78947
17096
89473
94736
100000
33125
2510
8778
11263
21053
20360
31579
36842
42105
47368
47318
53944
47410
68421
73684
36323
16236
89473
94736
100000
1
34783
9507
6974
21053
45895
29250
29274
42105
11177
14229
57895
63158
68421
51636
78947
84210
89473
94736
100000
1
46084
9089
8587
21053
26316
43604
36842
42105
42326
30964
57895
63158
68421
73684
78947
84210
89473
94736
100000
1
4308
33689
8942
11125
46047
31579
30745
42105
30062
52632
57895
6238
59461
73684
78947
84210
89473
94736
100000
1
43956
8593
5680
11405
17577
63334
51979
55075
25320
52632
58859
63158
51001
73684
78947
84210
89473
94736
100000
11693
35876
24635
11047
11063
13892
31579
36842
42105
24882
52632
56917
63158
68421
73684
78947
84210
89473
94736
100000
1
2761
65595
14230
42370
16043
74380
65923
54408
13967
52632
57895
10819
68421
43570
59531
84210
89473
94736
100000
1
2973
40882
8669
21053
17206
31579
36842
42105
47368
12000
57895
63158
68421
73684
70976
84210
89473
94736
100000
1
15423
24765
11619
16835
26316
65084
50162
36963
37399
52632
69995
63158
68421
73684
78947
84210
89473
94736
100000
1201
4759
7643
10862
16264
28461
31579
36842
69880
26990
52632
52071
63158
68421
61491
78947
84210
89473
94736
100000
17742
4659
10527
5026
11029
15123
46683
65580
61230
33567
15163
57895
63158
68421
73684
78947
75776
89473
94736
100000
1
5264
42195
12426
14011
26316
31579
36842
39327
26525
52632
57895
63158
68421
73684
78947
84210
89473
94736
100000
34382
44650
63466
5173
17136
26316
51064
36842
37829
38050
11718
57895
21288
68421
73684
78947
8408
89473
94736
100000
1
12809
9507
15790
16889
13501
85574
36842
42105
30644
52632
57895
54335
51069
39455
28814
84210
89473
94736
100000
1
3271
7785
14230
21053
26316
59865
36842
74485
42573
37094
72312
63158
46954
73684
31816
8835
89473
94736
100000
1
33112
10586
11417
31765
39034
31579
33118
42105
26665
52632
57895
63158
68421
73684
78947
84210
89473
94736
100000
1
8057
8852
7917
21053
26316
31579
36842
37829
20454
17236
57895
14591
68421
20388
78947
32939
89473
94736
100000
18041
46345
19708
3707
12289
20432
31579
70059
33175
47368
52632
50986
17383
68421
21287
78947
84210
89473
94736
100000
27631
31944
59202
4079
11759
28271
31579
36842
42105
42573
52632
57895
56780
46791
53007
32300
53755
71671
94736
100000
1
34113
7814
16845
21053
23934
72706
28097
37829
42573
52632
57895
63158
44631
73684
78947
84210
89473
94736
100000
1
3796
32538
10014
16458
26316
31579
39207
37829
47368
52632
57895
15759
68421
73684
78947
84210
89473
94736
100000
1
2610
9507
18110
26411
16060
31579
66034
67898
42573
47318
59918
63158
68421
73684
78947
84210
89473
94736
100000
1
30895
14416
11156
32121
29942
28372
27554
42105
38533
52632
57895
63158
68421
73684
78947
84210
89473
94736
100000
1
24149
65393
9334
16568
26316
31579
36842
35912
42573
32946
57895
63158
68421
47415
62447
84210
89473
94736
100000
1
22425
36974
15790
21053
30418
31579
33102
33937
47368
52632
51568
63158
68421
73684
78947
84210
89473
94736
100000
23671
25912
9507
9334
21053
16537
71067
60732
42105
47368
52632
57895
37581
68421
73684
78947
84210
89473
94736
100000
1
31226
21606
15790
41715
15635
31579
59821
42105
22091
13645
46513
48789
68421
21105
78947
84210
89473
94736
100000
17665
31393
10527
5488
11946
26316
31579
53841
69675
47368
52632
57895
63158
68421
24683
78947
84210
72105
94736
100000
26454
2801
9507
10754
10049
18062
31579
28989
42105
18448
36424
57895
35363
45975
25226
78947
22026
89473
94736
100000
16722
39525
9507
14230
17095
29916
65423
72827
74147
35117
21548
57895
45540
68421
24469
30549
84210
74570
94736
100000
17306
35394
9174
3160
20399
23671
72057
44328
42105
29678
52632
62644
20824
68421
20202
78947
84210
89473
94736
100000
1
4439
26795
7854
21053
18635
80608
33097
45765
47368
52632
57895
34747
68421
73684
48223
84210
89473
94736
100000
13038
3511
21659
10519
18679
13288
76812
36842
42105
21270
52632
52723
63158
68421
73684
78947
84210
89473
29087
100000
1
23307
54248
19369
21053
23347
52041
60948
36633
28485
47318
66680
63158
68421
73684
78947
84210
89473
94736
100000
39220
4759
31665
5737
21053
14261
88259
31252
42105
8759
52632
77588
40632
68421
65297
70976
53446
89473
94736
100000
24957
27696
17056
8051
12428
38885
86399
36842
55821
14876
52632
57895
63158
68421
64711
78947
84210
76478
94736
100000
15802
25202
50180
3967
42248
23671
79206
57694
59753
47368
38255
52071
63158
41563
55031
78947
84210
89473
94736
100000
1
37575
65821
12832
38303
26640
50983
34726
37829
47368
20199
57895
63158
68421
73684
78947
84210
89473
94736
100000
32753
2849
7487
16448
39110
26316
31579
28542
74264
47368
44261
68880
20634
59584
37250
56923
44215
72877
94736
100000
10187
3115
59671
3614
22718
26316
57761
33102
34228
8880
52632
57895
33369
68421
73684
78947
84210
89473
94736
100000
1
10443
10527
9291
21053
23038
63716
36842
39377
47368
52632
57895
63158
68421
73684
78947
37996
89473
94736
100000
1
3895
47356
12841
21053
13525
28372
36842
37829
32033
38080
57895
63158
68421
73684
70976
84210
89473
94736
100000
1
2606
46711
3318
38448
23671
31579
36842
50211
29114
44126
57895
63158
68421
73684
78947
84210
89473
94736
100000
18750
3700
15604
4689
12855
47334
31579
36842
42105
10667
21194
52071
63158
68421
73684
78947
84210
89473
94736
100000
1
4759
10527
10482
9589
37277
31579
28928
37829
47368
28503
74038
28032
50417
73684
78947
84210
89473
94736
100000
341
40009
14678
5720
22512
26316
28372
30451
64903
19447
18037
57895
63158
48135
73684
78947
84210
71798
94736
100000
4668
4759
53869
14230
18940
42880
31490
36842
33443
47368
46144
52873
56780
68421
73684
78947
84210
89473
94736
100000
1
26952
9335
14230
28154
16609
36604
63234
42105
47368
52632
77080
63158
53899
73684
78947
84210
89473
94736
100000
1
7920
38715
9787
16076
21365
31579
33102
42105
21158
36064
57895
63158
57637
73684
78947
84210
89473
94736
100000
20802
12799
41633
8530
13106
20735
40528
43773
42105
26796
12340
58146
63158
68421
73684
78947
84210
89473
94736
100000
1
4598
21054
5744
15191
23777
32954
45056
35679
47368
47318
57895
63158
68421
73684
70976
84210
89473
94736
100000
21302
5264
17263
12710
18948
39779
31579
50065
42105
47368
11998
55341
63158
68421
73684
78947
84210
89473
94736
100000
971
45723
39389
5531
21053
26316
28372
36842
75345
47368
52632
57895
63158
61500
19347
41140
84210
89473
94736
100000
1
3694
12007
6995
10369
26453
31579
33102
42105
35117
44523
57895
26454
68421
73684
78947
84210
89473
94736
100000
1
4254
9415
5336
12140
22159
78892
32220
64479
18226
52632
57895
34064
52066
73684
70372
63502
89473
94736
100000
1
4574
31048
7001
18948
27339
47057
62172
42105
4657
31643
57895
8880
68421
73684
78947
84210
89473
94736
100000
1
17949
24088
4613
14676
23671
31579
36842
37223
47368
12700
57895
63158
53609
73684
69750
26850
89473
94736
100000
1
30640
66277
12683
10127
33065
84216
36842
42105
47368
19745
57895
63158
51623
73684
78947
84210
89473
94736
100000
1
23036
8727
13500
13464
26316
61077
33102
35212
29925
52632
57895
56780
68421
73684
78947
84210
77800
94736
100000
38633
4759
43626
14230
18948
39395
30833
62084
42105
47368
52632
57895
36912
61500
73684
30582
55441
89473
94736
100000
1
15613
8177
4402
9523
40370
61816
36842
42105
39102
19049
57895
63158
68421
73684
78947
84210
89473
94736
100000
1
9191
38300
10758
21053
27037
42347
64547
42105
40943
44077
57895
28903
68421
52290
78947
84210
89473
94736
100000
7901
5264
27354
16760
15949
26316
86286
36842
42105
47368
52632
57895
63158
68421
73684
78947
84210
89473
94736
100000
1
12958
9507
15790
21053
26316
62106
57084
38911
38230
12601
52811
63158
68421
73684
78947
84210
89473
94736
100000
1
3725
8968
8308
18948
23671
55252
36842
42105
47368
47318
57895
63158
68421
73684
35078
84210
89473
94736
100000
10282
5264
10527
5463
20798
13531
37295
27098
39751
47368
52632
57895
63158
68421
54868
78947
84210
89473
94736
100000
1
29742
9507
14230
17733
26316
31579
36842
42105
7017
14920
70655
63158
43951
34992
78947
45692
89473
94736
100000
1
3367
10527
14037
16693
26316
31579
36842
42105
16945
52632
72083
63158
52066
73684
78947
84210
89473
94736
100000
1
2610
64706
16506
12272
31351
39247
42532
34353
47368
52632
57895
63158
68421
20754
78947
84210
89473
94736
100000
1
31445
60381
15790
18740
47957
87280
69200
42105
4657
52632
57895
33494
68421
73684
78947
84210
89473
94736
100000
1
28931
9507
7375
21053
21416
49760
66183
35354
47368
52632
57895
6460
68421
59096
78947
84210
89473
94736
100000
1
4476
8368
3809
28644
47271
28372
46414
42105
47368
52632
56064
6288
68421
73684
55275
84210
89473
94736
100000
1
13055
45631
13559
23649
26316
40353
72305
42105
4657
52632
57895
63158
68421
73684
78947
84210
89473
94736
100000
35996
9364
9414
11247
19743
17110
31579
36842
36341
47368
24934
57895
56446
68421
73684
78947
84210
89473
94736
100000
1
2662
8317
13782
12431
26316
31579
72506
37829
47368
52632
57895
63158
51032
24074
78947
84210
89473
94736
100000
1
39765
7821
15790
11187
34587
30717
36842
38730
47368
52632
75606
40142
68421
73684
78947
84210
89473
94736
100000
9651
22457
9507
5902
11471
23671
30463
36842
42105
29850
52632
77578
63158
68421
73684
78947
84210
89473
94736
100000
1
4611
33430
10877
11514
32200
50852
57387
42105
6565
52632
76988
63158
68421
73684
78947
84210
89473
94736
100000
1
22211
8213
4195
13456
24343
65522
28058
56696
47368
52632
78695
38767
68421
73684
78947
84210
89473
94736
100000
1
16123
57536
8529
21053
22771
37617
63637
36556
47368
12928
57895
44828
68421
73684
78947
84210
89473
94736
100000
38965
3930
47806
14089
18948
37061
45391
36842
42105
42573
20154
55581
63158
68421
66254
78947
84210
89473
94736
100000
1
5264
36005
10964
14482
23671
28372
36842
34985
47368
52632
57895
63158
68421
73684
78947
29099
89473
94736
100000
1
25766
9507
6833
15771
15037
51180
30372
42770
33050
52632
57895
63158
68421
73684
27502
84210
89473
94736
100000
1
15786
19089
15671
11483
17961
49118
36842
37657
47368
52632
52071
63158
68421
73684
78947
8408
89473
94736
100000
1
24951
19516
14230
21053
18258
74161
36842
44743
30467
52632
69637
16156
47694
73684
43406
84210
77223
94736
100000
1
27664
62566
4039
13825
26316
78141
36842
42105
13024
23938
57895
63158
40984
66254
78947
84210
89473
11728
100000
1
46320
22672
14976
28716
35671
44632
72563
42105
47368
15856
73710
63158
46094
23004
78947
84210
89473
94736
100000
26546
2577
51267
3534
21053
26316
47426
71019
65775
4657
52632
57895
63158
59061
73684
78947
84210
89473
94736
100000
38372
28899
9507
3383
18948
43013
74164
31162
42105
21383
52632
57895
12519
68421
73684
78947
84210
89473
13530
100000
1
4759
8496
6852
13335
38748
65617
36842
57184
47368
52632
47378
63158
68421
73684
78947
84210
89473
94736
100000
1
4759
16393
12068
10979
20081
38493
36842
55382
47368
26710
55932
43813
68421
73684
78947
84210
89473
94736
100000
1
2522
44380
14230
41259
26316
61300
46552
42105
42573
21527
57895
55304
68421
23646
32407
10018
76282
94736
100000
7822
40304
10527
4132
11419
16799
31579
36842
42105
20959
44167
57895
63158
68421
73684
78947
84210
89473
94736
100000
16243
3004
21832
15790
15392
39817
35054
59274
42105
47368
36048
57895
8862
68421
73684
78947
84210
89473
11574
100000
1
5264
9507
15790
27935
48548
47293
33102
72678
47368
16664
57895
52079
60877
73684
78947
84210
89473
94736
100000
1
14414
65499
7845
34887
26316
67328
36842
33131
39311
12164
57895
63158
68421
73684
78947
84210
73791
94736
100000
29867
39824
35470
4581
38468
26316
31579
65850
34825
13224
52632
66533
63158
68421
73684
78947
69437
72085
94736
100000
25066
25965
10527
3618
10671
26316
31579
36842
42105
39018
52632
64463
63158
68421
73684
78947
84210
89473
94736
100000
1
2759
22782
9973
18772
23671
64036
36842
42105
41727
52632
48983
63158
68421
73684
78947
84210
89473
94736
100000
1
4109
38475
15790
17188
16232
63034
36842
42105
34193
52632
52071
63158
52106
45784
78947
84210
72998
94736
100000
1
4606
30850
7798
11580
26316
31579
36842
42105
47368
14653
57895
35618
68421
73684
78947
84210
75118
94736
100000
31718
9593
13172
5600
21053
23671
59109
36842
42105
47368
52632
57895
63158
68421
73684
33476
84210
89473
94736
100000
1
44770
10527
5610
32433
23013
45372
43769
35650
41059
52632
57895
63158
68421
73684
78947
84210
89473
94736
100000
1
4759
10794
15790
27016
22572
45707
36842
36736
13776
18070
57895
63158
47901
35741
78947
84210
89473
94736
100000
10273
4759
59672
15790
12068
18223
62444
58944
48658
47368
25476
66180
50269
68421
73684
43177
84210
73863
94736
100000
1
2750
62801
10555
21053
23278
46266
62317
69817
21370
52632
57895
63158
68421
73684
78947
84210
72125
94736
100000
1
4759
8804
4527
18675
13635
80993
54071
37172
47368
52632
62074
63158
45409
19093
49637
84210
89473
94736
100000
5491
26336
26099
7664
20756
39676
31579
36842
42105
47368
52632
73025
23140
42959
73684
78947
84210
89473
94736
100000
1971
41545
46500
4851
41231
21702
31579
67420
37829
9917
52632
57895
63158
68421
73684
78947
84210
89473
94736
100000
1
26676
30392
6283
41047
47888
31579
31483
37816
47368
52632
57895
6238
68421
73684
78947
84210
89473
94736
100000
1
20400
54125
4583
13644
14885
31579
31497
42105
31706
24670
57895
63158
68421
73684
78947
84210
89473
94736
100000
1
5478
38872
10632
21053
14884
31579
40012
70387
42573
52632
57895
63158
51182
73684
78947
84210
89473
94736
100000
1
27503
8085
11368
11410
47404
31579
65829
70451
47368
52632
57895
63158
68421
63885
78947
10565
89473
94736
100000
1
7641
13741
4567
21053
32350
38082
62305
75053
47368
45717
57895
63158
61500
73684
34655
84210
89473
94736
100000
4926
4017
9507
15790
35194
31946
31579
32213
42105
32710
52632
75847
63158
68421
73684
78947
84210
89473
94736
100000
11018
3458
18185
5777
21053
48611
33840
71353
65852
41888
52632
57895
56780
68421
73684
78947
66452
89473
94736
100000
1
21378
8458
18104
21053
16447
55724
33102
42105
47368
52632
61761
63158
44201
73684
31100
84210
89473
94736
100000
1
3630
8824
9608
21053
19494
36331
28080
42105
47368
52632
57895
63158
41777
73684
78947
84210
89473
94736
100000
7112
4759
58864
15790
34932
26153
28372
36842
44921
47368
52632
57895
63158
68421
66254
78947
84210
89473
94736
100000
1
4476
55675
15790
18881
23671
31579
36842
42105
47368
14134
57895
63158
41210
60429
78947
84210
89473
94736
100000
5348
3965
31717
15790
30384
24144
68116
47873
42105
15520
38691
57895
63158
55537
73684
78947
84210
89473
94736
100000
1
3336
21902
18735
31593
26316
87840
36842
63064
42573
24365
52071
63158
56730
24672
31161
84210
89473
94736
100000
1
5264
26346
13475
21053
23671
76376
31616
42105
47368
52632
57895
63158
54476
73684
78947
84210
89473
94736
100000
1
4759
14610
10233
24157
36858
31579
27286
37829
47368
23706
66134
6238
68421
24411
78947
84210
89473
94736
100000
1
4531
41182
9412
21053
26316
33538
59412
47949
4657
13659
49583
63158
68421
73684
37552
84210
75066
94736
100000
1
3334
61588
8833
21053
26316
71056
56022
42523
47368
17687
49084
63158
68421
73684
78947
84210
89473
94736
100000
9800
2988
44734
15790
21053
16841
41362
58806
34716
17503
52632
57895
11853
68421
73684
70976
84210
89473
94736
100000
20068
2980
31621
17462
21053
25038
28372
36842
42105
41124
52632
57895
56780
68421
73684
30319
84210
89473
94736
100000
1
2811
60521
12319
13578
35557
31579
31414
42105
4657
18631
73657
63158
68421
73684
78947
84210
89473
94736
100000
1
2806
28635
6274
16849
26316
67946
58952
45819
47368
17674
57895
63158
68421
73684
78947
84210
89473
94736
100000
979
4759
7500
6439
21053
26316
41405
33102
35322
40976
52632
66600
23878
68421
73684
78947
15733
89473
94736
100000
3665
43193
54854
11721
14536
21051
66336
36842
76149
25914
52632
63855
63158
68421
73684
46257
84210
89473
94736
100000
1
2708
26672
5277
12068
21117
84561
32765
34476
47368
15540
57895
63158
68421
73684
78947
84210
89473
57563
100000
8491
45903
9507
15790
21053
26316
31579
57213
42105
47368
46961
78744
39974
68421
73684
78947
84210
80504
94736
100000
1
40210
7740
4670
12942
13899
72830
70353
42105
15678
33216
67664
63158
68421
73684
29768
84210
89473
94736
100000
1
41640
58889
10269
16078
26316
73829
66893
51293
32877
52632
61950
45393
68421
73684
78947
84210
89473
94736
100000
1
29551
65856
15790
13565
13891
28570
44053
42105
47368
52632
57895
15551
68421
73684
30993
84210
89473
94736
100000
1
39076
13824
13434
21053
47601
31579
36842
49147
47368
11021
57895
63158
68421
73684
78947
84210
89473
94736
100000
17150
4479
9731
7133
42991
26316
62592
44584
51813
8771
12700
52071
63158
68421
61435
78947
84210
89473
85245
100000
1
3643
8200
8584
10005
26316
51124
33102
42105
47368
52632
57895
63158
68421
73684
78947
53512
89473
94736
100000
1
38837
56978
10024
28037
15712
31579
36842
59682
9751
52632
57895
63158
68421
73684
78947
84210
89473
94736
100000
15047
4665
10527
12463
13606
33739
34542
72900
40438
5106
52632
57895
22346
45163
73684
78947
84210
89473
94736
100000
1
15289
10527
11089
14990
22878
31579
40313
35777
18515
17919
57895
29672
68421
73684
78947
84210
89473
94736
100000
1
36173
54459
14230
18708
21759
31579
36842
42105
47368
40074
57895
63158
68421
73684
78947
84210
77433
94736
100000
1
2737
43400
13051
32861
38203
31579
36842
41059
26640
47318
59823
63158
68421
73684
78947
84210
74048
94736
100000
1
4759
69125
5016
34737
47117
34575
36964
55699
47368
45674
57895
63158
68421
73684
78947
84210
89473
94736
100000
1
15201
55932
14230
10062
22702
31579
36842
57036
14430
18097
49708
9399
43333
73684
78947
70285
89473
94736
100000
1
3270
9507
13914
21053
26316
31579
37190
46914
21083
47275
57895
63158
68421
20799
78947
84210
89473
94736
100000
1
2956
48064
6559
13931
26316
31579
36842
42105
31199
52632
49595
6965
68421
73684
78947
84210
89473
94736
100000
1
24952
68692
15790
11450
22628
38574
66719
34943
47368
52632
57895
63158
68421
73684
78947
84210
89473
94736
100000
1
37111
48380
7559
14348
18968
28372
50185
35320
47368
52632
56824
63158
68421
73684
39871
84210
89473
94736
100000
13069
4759
66718
3644
13916
24366
31579
30597
42105
47368
52632
57895
6238
68421
73684
78947
84210
89473
94736
100000
648
35095
70021
6269
24314
26316
68991
27662
33944
15634
16092
73885
63158
68421
73684
78947
84210
89473
94736
100000
1
4759
51068
12651
22342
19179
63709
33102
32712
47368
52632
57895
63158
68421
73684
41757
84210
89473
94736
100000
1
32185
63217
3689
10008
43328
28372
36842
42105
4947
52632
57895
63158
68421
73684
78947
26743
89473
94736
100000
1431
4546
49221
5385
44196
22518
31579
36842
33279
24433
22769
52071
63158
68421
73684
78947
84210
89473
94736
100000
25523
22549
55244
12467
33533
21198
28372
36842
42105
4924
52632
57895
63158
68421
25334
78947
84210
77360
94736
100000
17359
30813
20140
15790
21053
26316
62401
68295
57424
47368
52632
75505
63158
68421
22984
78947
84210
71555
94736
100000
33806
3098
10527
15790
21053
20547
31579
28850
42105
47368
20117
57895
49818
68421
73684
33862
20819
89473
94736
100000
1
44179
9507
14230
12966
44092
31579
51729
33270
47368
52632
52071
6361
41673
73684
78947
84210
89473
94736
100000
1
3955
31215
3738
18948
18487
31579
34501
37010
47368
52632
57895
25603
68421
73684
78947
84210
89473
94736
100000
18316
42989
9507
14230
37978
19534
86875
70717
67554
47368
19269
57895
29068
54850
73684
78947
63940
89473
94736
100000
1
5264
58596
16974
21053
26316
34999
36842
43027
47368
19950
57895
13023
57159
66254
78947
60679
89473
94736
100000
11493
5350
40919
12098
25396
25632
55693
36842
37829
42573
52632
65194
23206
68421
73684
27404
84210
80504
94736
100000
1
4790
51982
15790
24529
26316
77338
68432
42105
42573
52632
66560
63158
68421
73684
78947
84210
89473
94736
100000
37179
15403
25562
9735
18948
23671
84811
36842
62819
47368
47318
52071
33538
68421
36541
78947
84210
76217
94736
100000
31916
3076
66474
14228
18355
19699
58355
46748
72253
47368
52632
57895
6238
68421
73684
78947
84210
89473
94736
100000
1
4759
68039
10562
11778
26316
42920
55161
54139
47368
52632
52071
23759
68421
73684
78947
84210
89473
94736
100000
22075
25173
7613
5461
21243
14743
64915
36842
37829
4657
52632
60904
63158
68421
73684
30956
84210
89473
94736
100000
1
3931
41708
13456
40182
35976
36988
36842
74496
36969
52632
57895
19398
68421
73684
78947
38415
75522
94736
100000
1
4759
8131
15790
13289
34369
31579
45920
61851
15220
52632
57895
63158
52675
36737
28804
84210
89473
94736
100000
1
2993
66793
11706
21053
23671
31579
36842
72482
8076
37572
57895
38993
68421
23603
78947
84210
89473
94736
100000
14431
5264
12809
15790
21053
26316
77427
57913
42105
47368
52632
57895
63158
60322
73684
78947
84210
89473
94736
100000
1
13892
10527
12012
31311
26316
28372
36842
42105
47368
40858
52071
63158
68421
73684
78947
84210
89473
94736
100000
1
11302
29024
7390
12726
20365
34926
36842
42105
39853
20444
57895
63158
68421
73684
70048
84210
89473
94736
100000
1
3587
54933
8600
21053
26316
76915
71331
33212
42573
52632
57895
63158
46159
73684
57866
84210
80504
94736
100000
33389
4431
8062
13847
44295
26316
31283
50988
54911
27381
47318
57895
63158
55161
73684
78947
84210
89473
94736
100000
1
4653
10527
15790
12235
26316
32312
36842
57363
13912
52632
57895
56780
57243
65491
78947
84210
89473
94736
100000
22193
5264
38234
6926
42461
16745
66252
36842
40195
47368
36806
57895
63158
68421
73684
78947
8408
89473
94736
100000
1
4538
8764
14230
9452
26316
46847
31329
36476
42573
25401
63249
10251
68421
73684
78947
16974
89473
94736
100000
1
5264
8461
15790
18948
32485
31579
29952
42105
27242
52632
57895
63158
59950
73684
56115
31325
89473
94736
100000
1
2513
7713
15790
12473
19506
31579
64004
35518
35934
12484
49943
55331
44161
46904
78947
84210
89473
94736
100000
1
34872
10527
14230
18948
15969
72164
36842
65174
37559
10874
57895
52519
68421
73684
78947
84210
89473
94736
100000
23839
20226
7837
16099
12759
26316
73271
39788
42105
47368
52632
67064
6238
68421
73684
57023
84210
89473
94736
100000
1
16963
10527
16938
12203
16236
71745
71444
72108
47368
52632
61542
63158
68421
23239
63005
84210
89473
94736
100000
1
35330
8413
10484
21053
26316
31579
36842
42105
47368
20748
60012
63158
43019
73684
78947
84210
89473
94736
100000
1
9773
54744
4326
34458
26316
33712
57966
42219
19242
38526
57895
63158
50079
73684
78947
84210
89473
94736
100000
1
4759
9507
11740
25725
44763
84183
48531
60108
47368
22988
51559
63158
68421
73684
32059
84210
89473
94736
100000
21911
40597
70413
14230
12572
35947
34544
35736
45657
31730
39033
67318
63158
68421
73684
78947
31167
89473
94736
100000
14717
4119
9507
4647
33707
26316
31579
36842
42105
47368
47096
71347
63158
68421
73684
34559
74757
89473
94736
100000
18728
3245
9507
6127
14219
14879
87158
63645
69090
10880
16656
57895
63158
68421
21295
70584
84210
89473
94736
100000
1
14388
36215
10735
12781
26316
31579
51438
37358
23216
35539
57895
63158
68421
73684
78947
84210
89473
94736
100000
31946
17223
33631
6541
18948
26316
75644
30148
35538
18825
52632
67992
29592
43026
73684
78947
84210
89473
94736
100000
35068
5264
7722
15790
21053
39792
45116
70748
51577
18677
20780
57895
63158
61279
73684
78947
84210
89473
94736
100000
1
4759
9507
7285
18948
26316
84090
36842
54798
11356
52632
57895
56780
47529
73684
78947
84210
89473
94736
100000
1
42749
10527
14230
10173
26316
45851
48181
58778
6419
52632
57895
63158
68421
73684
34123
84210
89473
94736
100000
17766
15774
13067
10600
12116
26316
74698
57599
42105
34902
37034
57895
63158
68421
73684
33188
84210
89473
94736
100000
2030
3821
9507
13011
35924
48729
47992
33102
42105
47368
52632
57895
63158
68421
73684
78947
84210
89473
94736
100000
1
5264
8783
8489
21404
26316
64853
36842
42105
47368
16952
67022
36109
68421
73684
78947
84210
89473
94736
100000
1
2535
23902
4387
14969
17886
85876
35710
42105
47368
30031
51284
63158
52239
73684
30878
84210
89473
94736
100000
1
45996
10527
4992
13575
18491
72714
32427
42105
41888
52632
57895
63158
68421
42851
78947
84210
89473
94736
100000
1
13477
27188
7984
19501
20193
48175
36842
35966
47368
52632
57895
63158
68421
65891
30366
17231
89473
94736
100000
1
15572
8659
14230
38946
26316
37931
39885
69036
47368
29489
53115
63158
68421
73684
33481
84210
89473
94736
100000
6585
3411
35361
16328
10557
29972
52773
36842
42105
47368
52632
57895
63158
68421
73684
32046
21627
89473
94736
100000
1
5264
29978
12463
18884
20804
31579
36842
70446
15987
52632
57895
33179
50356
73684
78947
84210
89473
94736
100000
1
21477
34449
18500
14958
26316
59302
57241
42105
26670
22813
57895
63158
68421
19583
78947
84210
89473
94736
100000
2552
3816
66313
13485
12954
42117
31579
36842
42105
47368
52632
57895
63158
60061
73684
78947
84210
89473
94736
100000
1
15094
10527
4046
38502
13613
53934
27044
58418
47368
27282
57895
35727
68421
73684
78947
84210
77115
94736
100000
1
3595
16334
18564
18948
40037
31579
30915
42105
47368
46799
58408
63158
55767
73684
78947
75776
89473
94736
100000
1
3720
45154
15790
17526
47991
37970
33102
42105
42331
16699
57895
63158
68421
19066
78947
84210
89473
94736
100000
27798
4759
9507
3348
13361
28024
28372
64913
48088
47368
52632
46739
6238
68421
73684
78947
84210
89473
94736
100000
1
15941
14143
14230
18435
26316
61405
36842
34768
42573
20311
57895
25464
68421
66254
78947
84210
89473
94736
100000
1
19420
7675
15790
15987
26316
87723
33102
42105
7013
14589
61322
63158
55395
73684
78947
84210
89473
94736
100000
1
2800
58918
7296
21053
20717
58917
36842
37829
34829
16900
57895
6238
68421
73684
78947
84210
89473
18911
100000
16774
3574
28496
11337
19705
13783
52392
41490
33126
34360
33917
51849
63158
68421
25491
78947
84210
89473
94736
100000
1
3183
14633
15790
11244
41793
64902
52301
42105
4657
52632
60930
21950
68421
73684
78947
84210
89473
94736
100000
30638
5264
58486
8251
21053
26316
31579
49355
42105
24586
36970
57895
56780
68421
73684
45310
84210
89473
94736
100000
1
37332
11672
9297
34758
44500
70485
36842
42105
47368
52632
57895
63158
68421
25084
70158
84210
89473
94736
100000
17380
22288
7505
6393
18948
45367
40472
36842
42105
47368
52632
50481
63158
68421
45259
78947
84210
89473
94736
100000
1
4040
10527
11063
38534
26706
31579
56606
42105
47368
18501
57895
48503
68421
73684
43951
84210
89473
94736
100000
1
35222
14013
15156
21053
23699
31579
36842
42105
47368
16788
57895
63158
52258
73684
78947
84210
89473
94736
100000
1
32213
9507
15790
10913
40634
28372
36842
37447
38088
17225
65312
63158
45682
73684
78947
53351
89473
94736
100000
1
4679
63886
5778
18483
26316
37696
49736
36778
34847
52632
57895
63158
68421
73684
78947
84210
89473
94736
100000
26904
2984
39631
7028
17642
35136
31579
35665
38386
47368
52632
52071
14714
68421
73684
78947
84210
89473
94736
100000
1
2886
10527
18423
21053
18520
51997
36842
35579
47368
52632
75900
27792
42510
73684
78947
84210
89473
76430
100000
9818
4759
37158
14230
16296
19531
40218
59114
37829
47368
52632
52896
32037
68421
40886
40848
69891
89473
94736
100000
1
39758
37130
8352
16263
26316
73545
36842
42105
47368
52632
57895
26581
68421
20419
55062
84210
89473
94736
100000
20846
44320
22435
9422
21472
36473
77423
36842
53856
35081
18771
61185
63158
68421
73684
78947
84210
89473
11644
100000
1
23641
18747
14230
36625
31822
88669
43778
35227
47368
33857
57895
54998
68421
73684
78947
84210
89473
94736
100000
22795
27165
57219
11779
21053
20119
31579
67761
44432
47368
52632
57895
63158
68421
73684
78947
84210
89473
94736
100000
1
10963
68570
11442
21053
26316
61895
38236
42105
42573
52632
57895
27288
68421
73684
78947
84210
89473
29418
100000
1
39160
10527
11899
18948
23299
39414
36842
42105
16657
52632
59186
63158
68421
73684
78947
84210
74310
94736
100000
1
3714
17027
12922
21053
46943
66281
36842
42105
9604
52632
52071
63158
61500
73684
78947
84210
89473
85245
100000
37995
5264
49045
13228
11936
26316
66321
32114
75192
22430
44915
78317
28887
68421
73684
78947
84210
89473
94736
100000
1
38504
61794
7265
21053
38895
44444
36842
42105
42573
42110
57895
63158
68421
73684
78947
84210
89473
94736
100000
1
34632
10527
15790
16115
26316
84551
33102
42105
30246
52632
60204
63158
68421
73684
78947
84210
89473
94736
100000
1
30576
70210
12224
12293
23643
31579
36842
57155
47368
52632
57895
63158
68421
73684
78947
84210
89473
94736
100000
1
3541
46780
8952
21053
27365
28372
53632
33991
47368
31027
57082
63158
46596
73684
53511
84210
89473
94736
100000
1
29030
57347
9564
34169
13569
50798
58583
41413
47368
52632
57895
63158
68421
73684
78947
46379
89473
94736
100000
11407
2933
22426
8219
21053
26316
76013
36770
42105
4657
52632
63283
46205
68421
73684
60545
84210
89473
94736
100000
35950
2984
16754
10073
21053
17857
67328
36842
37829
47368
52632
57895
14405
68421
73684
78947
69989
89473
94736
100000
1
9442
10527
14230
21053
21194
51285
32755
72773
15683
52632
57895
63158
68421
73684
34196
84210
89473
94736
100000
1
24782
33214
11662
18948
14567
55075
36842
42105
23479
52632
57895
63158
68421
73684
78947
84210
89473
94736
100000
30247
37894
44529
12899
18466
31423
34357
57411
42105
13264
18239
57895
21084
54655
64029
78947
84210
89473
94736
100000
6509
4228
10527
15790
24795
46091
74571
36842
50845
40999
52632
50927
63158
52925
73684
69558
84210
71463
94736
100000
1
2968
65638
15790
43969
19792
31579
36842
34783
6437
52632
57895
63158
68421
73684
34380
84210
89473
94736
100000
16741
4240
9507
14230
16791
29163
31579
59122
42105
47368
52632
70689
63158
53854
42622
78947
46887
89473
94736
100000
24883
12935
10527
14861
24352
17555
28690
36842
42105
47368
36903
48259
63158
68421
73684
78947
84210
89473
94736
100000
1
3568
66795
5774
15614
23006
31579
36842
42105
38264
46527
57895
63158
56551
73684
78947
84210
89473
94736
100000
1
5264
16801
15790
35689
26316
31579
39142
35285
47368
22261
54474
48533
68421
73684
78947
84210
89473
94736
100000
1
3886
55942
15790
21053
26316
40784
48306
43859
47368
40065
72407
6238
68421
21085
30944
84210
89473
94736
100000
20217
46115
15521
7320
11274
26316
79696
67074
47949
4657
11254
57895
26013
48338
73684
78947
84210
89473
94736
100000
1
16611
45404
8172
21053
16630
31526
36842
42105
4657
28908
78925
63158
68421
73684
70976
84210
76659
94736
100000
24076
3736
70352
8469
37677
20371
31579
33102
42105
47368
52632
46635
63158
57738
45020
78947
84210
89473
94736
100000
1
4538
8481
11484
11389
25003
31579
53823
53443
47368
16611
57895
46068
68421
41122
78947
84210
89473
94736
100000
2007
3008
9042
4135
17826
19858
31579
27044
65529
47368
14527
57895
29804
68421
45729
40609
72334
89473
94736
100000
1
33427
52454
9915
44083
18407
37465
27660
33166
22847
52632
68816
63158
60148
73684
78947
84210
89473
94736
100000
15392
3151
54710
19451
21053
19550
39822
36842
42105
47368
52632
57895
56780
68421
73684
70976
8408
89473
94736
100000
1
4759
14643
13522
22237
18120
62180
36842
32880
42475
52632
57895
63158
61410
73684
78947
84210
89473
94736
100000
36312
3639
10527
5768
11749
23671
31579
36842
32554
47368
39783
57895
63158
68421
73684
78947
15322
89473
94736
100000
1
4139
9507
11171
40240
48838
51288
33102
37829
47368
52632
57895
17988
68421
23949
78947
84210
89473
84172
100000
8925
2497
66596
6713
17320
29685
82572
56171
33915
15018
52632
57895
47448
68421
73684
78947
34968
89473
94736
100000
1
8648
9507
10436
16563
27221
31579
33102
37325
42573
52632
73556
63158
61500
73684
66106
84210
89473
94736
100000
1
29826
7588
15790
31568
29139
89687
33102
69572
11230
52632
57895
27416
45599
22400
78947
84210
89473
94736
100000
24677
2931
65362
7739
21053
20083
31579
46590
42105
5434
12781
55071
53130
68421
73684
78947
44300
89473
94736
100000
1
15431
9264
4585
11229
26316
31579
33102
49769
40438
35312
57895
63158
68421
73684
78947
84210
73432
94736
100000
1
3991
36003
15790
13888
26316
68196
36842
42105
47368
52632
49940
63158
68421
73684
78947
84210
89473
11701
100000
1
15275
7610
14230
15014
26316
62933
64988
69177
11038
52632
57895
63158
68421
73684
78947
84210
89473
94736
100000
1
3054
53061
14230
21053
37812
84388
30206
42105
4657
52632
54997
39041
57393
73684
61541
18281
89473
94736
100000
1
12474
26579
16665
11592
19444
71513
31917
60789
47368
47318
57895
63158
58578
73684
78947
73763
89473
94736
100000
1
3858
68919
5585
11929
18653
31579
36842
45149
29114
52632
63984
6238
49967
73684
78947
84210
89473
94736
100000
1
3542
10527
5121
15856
21293
85366
36842
44113
20216
52632
57895
63158
54469
73684
78947
84210
89473
94736
100000
23679
3933
32999
3803
15915
26316
78875
33592
42105
47368
52632
57895
63158
68421
73684
78947
84210
89473
94736
100000
23051
3399
39232
6495
15109
26316
31579
31609
42105
47368
12253
57895
47735
68421
73684
78947
84210
89473
94736
100000
1
31624
55924
4475
28964
26316
40775
36842
42105
30972
52632
57895
63158
44449
73684
78947
63259
89473
94736
100000
1
24532
56327
8956
20291
45603
53466
55492
42105
47368
52632
52180
63158
68421
73684
62724
84210
89473
94736
100000
18604
10162
35576
9827
21053
16055
80432
34284
53587
47368
15476
59733
15686
56276
73684
78947
84210
89473
94736
100000
1
36061
10527
18986
19509
26316
85516
36842
42105
47368
52632
57895
63158
68421
66254
78947
84210
77054
94736
100000
28370
4759
8529
8095
18948
13752
83910
36842
42105
47368
16178
54164
63158
68421
73684
78947
84210
89473
94736
100000
1
4434
50797
8049
42274
22017
31579
40479
42105
47368
52632
57895
63158
43319
73684
78947
84210
89473
94736
100000
28890
2497
34100
15790
33951
15723
58887
32266
42105
4657
52632
57895
63158
55182
73684
78947
84210
89473
94736
100000
1
3520
69122
11358
21053
26316
69748
36842
42105
34850
52632
57895
18721
68421
73684
78947
84210
89473
94736
100000
1
4759
16280
10407
14221
31565
63309
62289
44168
47368
12498
57895
63158
68421
73684
78947
84210
89473
94736
100000
1
25101
58044
15790
21053
24848
49798
36842
49555
47368
17949
57895
19020
68421
73684
78947
84210
89473
94736
100000
1
22523
10527
5266
17065
46861
31579
33102
55618
42478
52632
57895
63158
57617
73684
67919
84210
89473
94736
100000
1
21406
69959
8537
13286
26316
45507
36842
38117
9396
52632
57895
46421
68421
24458
30769
84210
89473
94736
100000
1
5264
42785
19670
17385
26316
31579
32727
73342
47368
47318
57895
63158
47365
66254
78947
84210
89473
94736
100000
1
12944
9507
6878
36401
19441
28372
36842
56569
8520
52632
57895
63158
48131
73684
78947
22633
89473
94736
100000
1
43070
9545
10247
14984
26316
48607
46739
72094
47368
21934
57895
63158
68421
73684
78947
84210
89473
94736
100000
1
4532
49604
8833
17615
48655
88515
36842
42105
40679
52632
57895
63158
61500
73684
33054
84210
89473
94736
100000
1
2629
62799
13539
21053
19943
55527
33102
42105
8759
52632
57895
43127
68421
73684
27571
84210
89473
94736
100000
29638
3448
45596
15243
10710
43816
47240
36842
42105
47368
32536
57895
63158
68421
73684
78947
84210
89473
94736
100000
1
5264
9507
12559
15177
20958
53614
36842
60927
47368
15788
57895
56780
68421
23664
78947
84210
89473
26270
100000
1
38757
7975
3450
17272
26316
31579
30001
33834
47368
52632
56675
63158
56984
19177
30534
84210
89473
94736
100000
18597
3567
7492
15790
21053
19315
80114
33102
72044
47368
10844
62722
63158
60131
73684
78947
84210
89473
94736
100000
19889
45457
9507
19609
11572
26316
43725
46469
60711
47368
26643
57895
39946
54403
73684
78947
84210
89473
94736
100000
22251
17651
51014
6894
13201
23671
86538
60206
42105
47368
52632
57895
63158
68421
73684
78947
84210
89473
94736
100000
1
4759
33322
14230
14541
42462
81599
36842
40474
4657
52632
57895
63158
68421
73684
78947
84210
89473
34252
100000
32647
4620
9425
3927
18948
19642
31579
49910
42105
16669
13085
65850
34871
68421
73684
78947
84210
89473
94736
100000
11756
3157
7777
5006
17135
20373
87449
38252
42105
38447
52632
57895
63158
46388
73684
78947
84210
89473
94736
100000
1
4759
11539
3865
36681
46394
69431
36842
42105
47368
15799
57895
63158
68421
73684
78947
84210
89473
94736
100000
1
23001
63529
13251
40008
26316
67086
28146
42105
17770
11459
57895
63158
68421
22544
78947
84210
73637
94736
100000
1
4184
51074
11112
21053
19606
56301
52225
42105
47368
33979
57895
63158
58684
73684
78947
84210
89473
94736
100000
1
40096
68977
11683
11152
26316
57207
56772
42105
47368
32016
57895
63158
68421
73684
78947
11795
89473
94736
100000
31580
3121
46859
6121
21053
24898
30619
28950
42105
47368
40975
57895
63158
68421
73684
78947
84210
89473
94736
100000
5481
8348
22847
6495
18948
28324
57148
33102
43176
24918
41425
57895
63158
56230
73684
78947
84210
89473
94736
100000
1
4759
64973
8738
12355
13505
31579
29004
48560
47368
20070
51726
63158
68421
56322
67329
84210
75854
94736
100000
13863
3857
9059
10331
20651
36766
28372
57868
60550
47368
19525
57895
63158
42299
73684
78947
84210
89473
94736
100000
1
3161
56859
4707
23769
17580
86915
34099
42105
47368
30191
46934
17587
61500
73684
78947
84210
89473
94736
100000
1
11395
9507
15790
34054
42889
77225
36842
42105
47368
52632
73428
6238
68421
73684
78947
84210
89473
94736
100000
16766
32101
45182
5082
21053
16773
31579
58035
65560
47368
39556
57895
56780
68421
73684
78947
84210
89473
94736
100000
1
3533
46452
4079
44115
39826
31579
36842
39086
47368
13189
57895
63158
61500
43464
69641
84210
76989
94736
100000
1
4759
65782
15790
40671
23671
51396
36842
32373
47368
52632
57895
56095
68421
73684
78947
84210
89473
94736
100000
1
30820
52346
8624
10569
18146
31579
33102
75058
41503
13603
57895
63158
68421
73684
28252
84210
89473
94736
100000
39440
22284
38152
8788
15303
18671
50261
28971
32832
47368
52632
71591
34048
56027
73684
78947
84210
89473
94736
100000
1
46020
8978
4682
44179
47889
73981
36842
44257
39887
52632
46068
6238
53325
73684
78947
84210
89473
94736
100000
2524
26450
34952
9609
10491
20781
44478
28748
42105
47368
52632
57895
63158
44066
60163
78947
84210
89473
94736
100000
1
4361
8214
10103
21053
26316
77111
36842
72037
47368
52632
57895
63158
68421
49443
78947
84210
75425
94736
100000
1
43385
34174
15790
26011
23338
31579
52531
47431
4657
38549
47169
63158
68421
73684
78947
36876
89473
80767
100000
1
3048
62475
11468
16946
26316
31579
36842
42105
23344
47318
50704
30026
41959
73684
78947
84210
89473
94736
100000
1
36985
9507
15793
15048
22996
48227
36842
42105
47368
52632
75351
23110
44041
73684
31399
84210
89473
94736
100000
1
38444
9507
9140
11050
31700
71757
37245
33458
47368
44805
52071
43135
68421
73684
29818
84210
89473
94736
100000
24677
4089
8613
19535
36917
18367
76407
36842
36992
47368
34325
57895
10918
68421
73684
78947
84210
89473
94736
100000
28615
3496
41711
15790
16090
26316
31579
64142
37829
5296
52632
58160
12113
42632
73684
78947
84210
78315
94736
100000
1
4658
10527
16560
19646
19872
85043
36842
32896
5536
52632
62076
63158
68421
73684
78947
84210
89473
94736
100000
1
28181
31271
14230
31878
40665
72336
36842
42105
27949
52632
74742
17477
68421
65519
78947
84210
89473
94736
100000
1
3041
13724
13692
18024
26316
39031
33102
42105
47368
52632
57895
63158
68421
73684
78947
84210
89473
94736
100000
1
3987
10654
3191
17548
26316
40297
33102
42105
19897
52632
54662
7354
59328
73684
70976
84210
89473
94736
100000
35514
3759
10527
3960
20872
21378
52866
52186
35173
47368
52632
57895
63158
68421
73684
78947
84210
89473
94736
100000
1
2610
27852
16322
21053
14525
44806
36842
40529
14554
41801
53669
63158
68421
73684
66126
84210
89473
94736
100000
6969
36910
7596
7602
18940
23561
66065
28364
40575
19918
52632
59017
63158
68421
73684
31782
84210
89473
94736
100000
30062
3349
12092
4304
13997
47440
62916
56733
42105
47368
52632
56562
31232
51485
73684
30562
84210
71067
94736
100000
224
3520
38628
4007
14612
20232
28675
67592
42105
38018
52632
57895
63158
68421
22312
45403
84210
89473
94736
100000
13624
30203
10527
4393
29219
14578
31579
38126
42105
6120
52632
57895
44202
46963
20195
78947
84210
89473
94736
100000
1
5264
18694
8580
18378
23671
65989
29093
37829
47368
44329
70263
15573
68421
73684
70976
84210
89473
94736
100000
1
2507
9507
6329
11137
38991
30068
71869
60049
47368
52632
57895
63158
68421
73684
78947
84210
89473
94736
100000
15038
4119
48092
6850
12967
23671
31579
58635
42105
47368
45543
57895
15191
68421
73684
33579
46924
89473
94736
100000
6989
4379
32213
6722
10627
13088
68662
63721
42105
9882
52632
57895
63158
44994
73684
78947
84210
89473
94736
100000
27533
3521
9643
5341
32518
18925
54847
28420
63591
47368
52632
78757
42443
68421
66254
78947
84210
89473
94736
100000
1
6541
17117
14230
15959
16685
69054
35773
42105
47368
21870
72935
19777
68421
73684
78947
84210
71436
94736
100000
1
4751
46777
7955
12185
21885
73553
36842
55621
13088
52632
47240
63158
68421
27287
78947
84210
89473
94736
100000
1
41304
17028
4416
16386
23671
31579
33102
34663
37653
52632
50313
10668
68421
26573
78947
84210
89473
85245
100000
1
31967
23937
10822
21053
26316
31579
36842
33279
36669
52632
60961
63158
68421
73684
78947
84210
89473
94736
100000
1
4759
68322
4130
33769
19877
31579
36842
67169
47368
47318
52784
22841
55671
65508
70976
84210
89473
94736
100000
28845
4759
10527
6121
10814
23671
28372
36298
69776
14806
52632
57895
24832
68421
73684
28014
84210
89473
94736
100000
1
2713
29302
6089
10241
26316
87003
36842
35977
22547
14909
57895
23373
68421
73684
78947
84210
89473
94736
100000
1
4759
19191
13392
15459
14622
31579
36842
59826
47368
52632
52071
63158
52941
18837
32795
84210
74293
94736
100000
1
4326
7835
6236
18948
28263
83749
36842
34439
34768
34311
51486
63158
68421
73684
78947
8408
89473
94736
100000
11763
3676
11250
4677
13012
22169
31579
36842
42105
30600
45276
57895
63158
68421
73684
78947
84210
89473
94736
100000
1
4399
8852
10914
10289
18057
31579
28893
36239
47368
11312
68016
47370
68421
73684
78947
84210
77086
94736
100000
1
4759
69314
6805
21053
23199
65847
36842
42105
47368
52632
61870
63158
68421
73684
78947
84210
89473
94736
100000
1
5264
23914
13849
10492
34146
80349
44237
42105
18129
52632
57895
63158
68421
51384
78947
84210
89473
94736
100000
27107
4489
12022
8345
26349
23069
31579
29004
42105
30552
14237
57895
63158
57747
27867
33131
84210
89473
69821
100000
1
27460
8669
12711
14903
26316
31579
36842
37583
47368
52632
72534
33595
68421
40051
78947
84210
89473
94736
100000
25903
19408
8815
19753
33085
13597
52418
36842
42105
32670
52632
52071
43097
68421
73684
28317
84210
89473
94736
100000
1
3741
54914
15790
29302
18749
31579
36842
37750
13967
52632
57895
22877
59547
73684
78947
42282
89473
94736
100000
1
4192
18546
3866
29834
49043
28372
36842
36126
15017
52632
57895
63158
68421
73684
78947
84210
89473
94736
100000
13340
2873
21710
13735
21053
34595
42038
36842
37829
47368
11444
78192
44249
68421
37684
78947
84210
89473
94736
100000
1
38596
68353
6327
18948
22603
31579
36842
42105
47368
43303
52071
63158
68421
73684
34348
84210
89473
94736
100000
29306
5258
12124
12956
18948
20776
51200
36842
42105
47368
42734
57895
20025
44163
73684
33887
84210
77796
94736
100000
4396
3361
58751
12944
21053
37276
49047
72598
49939
11850
16731
57895
29852
68421
52795
78947
84210
89473
94736
100000
11973
4614
53486
4208
21053
26316
28372
27782
42105
47368
52632
57269
25177
61500
73684
31101
84210
89473
94736
100000
1
6366
17475
13985
14733
34975
31579
41513
37829
27864
15090
74202
56780
68421
73684
78947
84210
89473
94736
100000
2535
3802
10527
10130
21053
26316
31579
36842
42105
24150
52632
57895
10251
68421
73684
78947
15482
89473
94736
100000
1
44758
8456
5964
21053
22567
70351
36842
33624
30899
52632
57895
63158
68421
73684
78947
84210
89473
94736
100000
1
4195
40552
9738
13979
31927
31579
36842
42105
17768
52632
57895
63158
68421
40582
78947
84210
89473
94736
100000
28570
11747
10527
15790
21053
20804
31579
36842
42105
47368
35042
57895
63158
68421
22701
78947
84210
89473
94736
100000
17197
2536
15791
5224
18556
16892
79967
38262
37365
47368
13601
57895
47796
68421
73684
34329
84210
89473
94736
100000
1
30477
43723
11300
15364
20668
82856
67665
42105
18878
43206
62946
63158
59156
37433
78947
84210
89473
94736
100000
1
4411
10527
14150
37858
38377
64634
36842
52653
39193
11261
52071
52395
61500
73684
78947
84210
89473
94736
100000
25224
42448
20511
6119
11651
29114
75127
44402
42105
47368
42221
75577
63158
68421
73684
78947
84210
89473
94736
100000
1
4580
9103
15790
17029
20398
31579
36842
42105
12953
52632
57895
63158
68421
25536
44828
84210
89473
94736
100000
31704
3275
43057
3982
9671
14165
42157
36842
42105
47368
52632
61724
12007
68421
73684
78947
84210
89473
94736
100000
1
5231
49533
6339
21053
26316
31579
36842
42105
47368
52632
57895
63158
52500
73684
70976
84210
89473
94736
100000
1
22581
9507
16615
21053
44560
87229
66599
52336
47368
18385
48639
63158
68421
73684
78947
84210
89473
94736
100000
1
4251
8105
5554
18692
35272
83403
28065
42105
5736
52632
57895
6238
68421
73684
78947
84210
89473
94736
100000
1
6395
14090
15199
18804
24703
31579
36842
42105
42573
52632
57895
52824
61500
42301
78947
84210
89473
94736
100000
1
2992
43816
12467
32420
13906
28925
36842
64297
47368
31209
46932
23345
68421
19295
78947
84210
76961
94736
100000
1
22422
7849
4896
13161
26316
28372
30852
42105
47368
52632
69895
63158
68421
73684
78947
84210
89473
94736
100000
12176
35284
36519
12736
36139
43868
46400
63930
32750
13778
52632
57895
63158
51152
73684
78947
84210
89473
94736
100000
25287
3021
9507
13406
30624
13913
31579
30524
37829
47368
15445
60153
19766
45516
73684
78947
84210
89473
94736
100000
1
3894
27668
12707
16699
26316
81242
33102
42105
47368
28670
57895
63158
68421
73684
78947
84210
89473
94736
100000
1
17836
10527
3450
18948
26316
31579
30004
65486
22877
52632
57895
13564
68421
73684
78947
84210
89473
94736
100000
22672
10405
10527
4367
21053
17013
28372
36842
34405
41358
52632
57895
63158
68421
41143
78947
22514
78499
94736
100000
11824
4908
28112
4872
12376
19004
33403
53575
54975
31522
52632
57895
63158
68421
73684
78947
70313
89473
94736
100000
1
4166
8811
15790
39029
44782
39206
57303
54555
28392
52632
57895
52530
68421
73684
78947
84210
89473
94736
100000
1
3633
56573
6416
21053
43347
58933
40916
65404
47368
52632
65202
63158
68421
73684
78947
84210
89473
94736
100000
7797
26497
10527
12476
27350
23671
31579
65033
43062
15105
12116
51138
63158
68421
73684
78947
84210
89473
94736
100000
1
17986
9507
15790
13401
41865
67436
36842
42105
21743
52632
56896
63158
68421
41072
78947
8408
89473
94736
100000
1
39275
17432
3866
21053
30332
30415
61630
68665
19669
52632
51889
63158
68421
73684
78947
84210
75066
94736
100000
1
17661
8370
4235
39057
23671
50190
30477
42105
24582
52632
57895
63158
68421
73684
78947
84210
71184
94736
100000
24875
4759
9507
7445
9966
37827
65821
42550
46681
47368
52632
57895
34707
68421
21594
59739
84210
89473
94736
100000
1079
4684
39938
7325
21053
36843
31579
34254
42105
47368
52632
52898
63158
68421
73684
78947
84210
89473
94736
100000
1
4759
42831
4398
18370
23671
86872
36842
63231
47368
43535
49932
63158
68421
42799
78947
84210
89473
94736
100000
20520
4229
13639
12887
36661
14476
31579
36842
34962
26136
30064
57895
63158
68421
73684
78947
84210
89473
94736
100000
4913
3740
34984
11355
27319
40628
28289
33686
40453
47368
30160
76879
63158
68421
73684
78947
84210
89473
94736
100000
1
5264
23317
6584
21053
40590
28372
41018
42105
47368
27201
57895
63158
68421
73684
78947
84210
89473
94736
100000
1
4759
27264
4847
21053
44139
28372
36842
41557
42573
52632
66414
63158
44077
38297
30257
84210
89473
94736
100000
23143
42608
9507
18049
18014
23671
31579
36842
59990
13527
43738
57895
63158
68421
73684
78947
65800
89473
94736
100000
1
2543
7675
17221
21053
31212
58521
36842
42105
47368
28753
63106
63158
68421
20934
78947
84210
89473
94736
100000
39056
4759
19079
5934
15434
17566
31579
36842
42105
5688
52632
55223
63158
54005
73684
36758
84210
89473
94736
100000
4731
29729
8388
11907
21053
35033
28372
36842
42105
47368
43596
48999
63158
68421
31443
78947
84210
89473
94736
100000
8609
3819
60555
15790
21053
23549
74432
39301
69672
47368
52632
57895
30420
68421
73684
78947
84210
89473
94736
100000
26272
4720
10527
12561
11942
26316
28372
30322
42105
33419
34666
57895
35003
68421
73684
78947
84210
89473
94736
100000
25317
5264
10527
12035
21053
48227
33377
49321
45435
18199
52632
50847
6238
68421
73684
34319
84210
77384
94736
100000
1
5996
9496
14230
18482
26316
34861
67105
35290
47368
52632
57895
63158
68421
73684
78947
84210
89473
94736
100000
14230
15361
14586
6602
12598
26316
28372
28345
42105
47368
19508
57895
40056
68421
73684
66867
84210
89473
94736
100000
1
4523
45647
5773
11458
47893
48654
36842
59313
47368
52632
53615
6653
68421
73684
31099
84210
89473
94736
100000
1
42916
13690
13529
13109
15755
59434
69253
66595
42573
39803
51692
56780
68421
73684
78947
84210
89473
94736
100000
1
3820
13173
14230
13022
44667
82544
29503
39518
47368
52632
52071
36294
68421
73684
33063
84210
78573
94736
100000
1
34560
62212
8560
15611
23671
47992
33704
42105
29297
27070
57895
6238
68421
73684
78947
84210
89473
94736
100000
1
3542
10527
7063
36778
31553
28372
47713
42105
42573
52632
67888
33954
68421
73684
46050
84210
89473
94736
100000
1
37841
9938
7509
10280
20010
31579
36842
36913
47368
52632
57895
63158
68421
73684
78947
84210
89473
94736
100000
1
3080
53651
10320
10322
40711
31579
36842
73070
47368
52632
59821
63158
68421
23748
78947
84210
89473
94736
100000
1
4759
16498
5900
13557
26316
38034
33102
51470
47368
52632
57895
63158
49147
73684
78947
84210
89473
94736
100000
3852
30698
7512
14230
17575
26316
45954
44589
52103
26227
14420
57895
63158
57742
46888
78947
84210
89473
94736
100000
18804
23984
36799
15790
21053
23311
49265
54537
37829
13010
34007
57895
63158
44788
73684
78947
84210
89473
94736
100000
1
12557
10527
5977
21053
23671
31579
31156
37257
47368
52632
57895
63158
68421
73684
78947
84210
89473
94736
100000
28149
4569
19863
12633
21053
13189
87337
36842
42105
47368
52632
57895
63158
68421
33475
78947
24695
89473
94736
100000
1728
3143
8824
8705
10110
33927
71389
49338
55324
42573
31007
61084
63158
57159
73684
34892
84210
89473
94736
100000
1
4759
8974
15790
21053
26316
77656
67187
73211
41125
52632
57895
23801
57159
73684
78947
84210
89473
94736
100000
8216
4759
28853
5233
21053
16039
68339
36842
37829
47368
16466
50309
9131
68421
73684
67640
84210
89473
94736
100000
1
9423
10527
11884
21053
14780
31579
36842
52741
47368
52632
53823
14281
53611
73684
31028
84210
89473
94736
100000
1
4759
10527
15790
21053
17393
31579
32465
42105
47368
14234
57895
63158
68421
21450
38310
27974
89473
94736
100000
1
8624
24772
14230
14564
29896
28372
48314
63590
47368
52632
57895
63158
68421
18985
78947
84210
89473
94736
100000
1
2879
10527
14230
21053
42108
31579
28763
37040
47368
52632
57895
8637
68421
73684
78947
84210
89473
94736
100000
1
4345
16357
11880
17249
39671
81232
36842
42105
47368
46069
57895
39666
68421
23367
78947
84210
89473
94736
100000
37916
2828
8824
7319
18948
24332
68867
33102
37829
47368
52632
57895
56780
61496
21919
60242
84210
89473
94736
100000
1
2704
43148
8166
14462
41652
31579
27617
34016
42573
18910
57895
32169
61138
39799
42895
84210
89473
94736
100000
36184
15907
30844
15790
21053
44128
54460
37424
42105
47368
13993
57895
12269
60115
73684
78947
53062
89473
94736
100000
9717
3658
10527
15790
18948
42745
31579
36842
42105
19290
52632
51733
39618
68421
73684
78947
84210
89473
94736
100000
1
18498
50888
3252
9753
23671
39868
29236
42105
9672
52632
59071
63158
68421
73684
78947
84210
89473
94736
100000
1
13752
10527
8981
16077
40207
31579
64502
42105
7812
52632
67203
63158
68421
73684
78947
84210
89473
94736
100000
1
4759
10527
12073
18948
34497
31579
67497
42105
5710
52632
57895
24721
58989
73684
78947
84210
89473
94736
100000
29175
7195
9169
13979
14002
23671
89516
70984
38298
47368
52632
59657
63158
48069
73684
67567
84210
89473
94736
100000
1074
3122
23834
14230
22719
26316
31579
72750
42105
47368
52632
57895
63158
68421
32046
78947
84210
89473
94736
100000
1
3658
57985
10116
18367
20839
33111
36842
42105
47368
12726
57895
63158
68421
73684
78947
84210
89473
94736
100000
1
32593
26359
3654
15023
26316
39551
33102
42105
47368
38848
57895
29121
68421
73684
78947
84210
89473
94736
100000
1
5264
8727
12176
15008
49254
32649
36842
55415
39066
27153
57895
31126
61500
73684
78947
84210
89473
94736
100000
1
3366
24264
14230
21053
32788
31579
27450
41220
47368
52632
57895
63158
68421
73684
78947
84210
89473
94736
100000
1
14663
9507
11391
9936
26316
31579
40850
42105
13272
52632
47125
41852
68421
73684
78947
84210
89473
94736
100000
28348
4322
32383
14230
18948
35284
31579
32779
42105
42511
52632
50465
63158
68421
73684
33932
84210
89473
94736
100000
1
5264
45111
15790
21053
46489
56995
36842
42105
20848
47318
76853
63158
68421
73684
78947
84210
89473
94736
100000
1
41668
50203
14230
21053
33797
72194
58533
73675
33734
47318
57895
39060
68421
73684
78947
30484
89473
94736
100000
1
25165
8802
15790
18602
21737
61261
37891
42105
47368
19186
53971
6238
42783
73684
27413
84210
89473
94736
100000
1
2681
66311
14230
32317
23671
85913
36842
36221
47368
40652
64095
63158
68421
73684
78947
32108
89473
94736
100000
36402
4459
52340
10863
21053
19255
31579
54536
59732
23637
12726
70022
63158
55371
73684
78947
84210
89473
94736
100000
1
4412
65063
15790
15628
26316
72971
36842
42105
15085
52632
57895
6238
68421
73684
78947
84210
89473
94736
100000
1
3358
10527
17224
14616
26316
31579
68234
60659
47368
22174
52071
12829
68421
25493
78947
15756
89473
94736
100000
1
15886
69873
15790
18059
30966
32602
32433
38471
22739
47318
68269
63158
68421
73684
78947
84210
89473
94736
100000
28827
27131
67120
8690
21053
43248
68195
36842
42105
47368
52632
76396
55734
68421
73684
78947
84210
89473
94736
100000
1
3247
34662
14230
15558
28125
73580
36842
42105
47368
11054
54021
63158
68421
73684
78947
84210
89473
94736
100000
23351
2876
10527
14230
18948
26316
84223
36842
49879
17838
27237
61423
44308
55927
73684
78947
75776
89473
94736
100000
1
2820
8780
6854
22236
20450
28372
36842
42105
47368
47318
51961
63158
68421
73684
27689
84210
89473
94736
100000
15962
2876
50045
15790
21053
23671
78696
36842
42105
47368
52632
55299
54857
68421
73684
78947
84210
89473
94736
100000
1
4165
64480
15790
10166
26316
31579
29404
42105
17883
52632
57895
63158
68421
73684
39002
84210
89473
94736
100000
1575
2517
57690
10018
21053
22533
67256
30312
48758
47368
27379
48716
19434
68421
52876
32514
84210
89473
94736
100000
21732
45548
8432
11196
21053
26316
89558
54736
42105
47368
52632
57895
63158
68421
73684
78947
84210
89473
94736
100000
31204
44359
62277
13404
18948
26316
28372
36842
70033
20118
52632
53170
63158
68421
73684
33505
84210
72384
94736
100000
26504
2614
28574
10890
33861
26316
31579
36406
56640
47368
13828
78314
56780
51679
73684
78947
84210
89473
94736
100000
1
3125
13129
8384
42082
14569
87472
36842
37829
47368
52632
57895
63158
68421
22605
33238
60391
89473
94736
100000
1
4532
22103
4686
21053
19566
31579
53964
36677
14038
52632
57895
63158
68421
73684
78947
15504
89473
94736
100000
1
3985
9507
8780
38456
21242
84496
73164
47684
47368
19053
57895
63158
45002
24463
78947
84210
89473
94736
100000
1
4759
8973
4794
13297
35288
33316
49398
55047
30277
15721
57895
63158
42682
73684
78947
84210
89473
94736
100000
14385
4526
28656
15790
16689
42054
28372
41575
64023
4657
52632
57895
6238
68421
20286
70976
84210
89473
94736
100000
13880
17274
20999
12940
32872
26316
49365
29331
37437
18651
46328
57895
63158
51587
38809
78947
84210
89473
94736
100000
4679
15103
41971
5148
21053
27192
66622
66421
35424
39617
52632
57639
43094
61500
56957
78947
84210
89473
94736
100000
1
8425
9060
12517
18948
26316
62897
27818
56707
47368
23891
57895
63158
51514
73684
78947
84210
89473
94736
100000
1
4759
24710
18033
18948
14253
31579
39766
42105
38337
17634
57895
63158
68421
73684
78947
12659
89473
94736
100000
3653
4523
37463
14230
17273
26316
31579
33102
42105
30929
52632
52071
6238
68421
34579
78947
84210
89473
94736
100000
5413
35453
28287
7431
11285
23671
31579
36842
42105
42402
16678
57895
63158
57470
73684
28814
84210
89473
94736
100000
1
14837
43492
12359
13340
19471
31579
27760
42105
47368
16841
57895
63158
42871
73684
78947
84210
89473
94736
100000
9733
3080
62174
11613
43701
40255
31579
38192
57765
47368
52632
57895
24882
68421
73684
78947
8408
89473
94736
100000
39237
4317
9507
12665
21053
26316
69711
33768
42105
42573
23622
57895
63158
68421
73684
44612
84210
74805
94736
100000
1
44254
37045
14216
36746
37907
48074
29637
64264
47368
33448
57895
21419
61500
73684
27816
49330
89473
94736
100000
1
7607
59521
14230
18933
44685
58825
29211
42105
47368
14979
46290
11006
60895
66254
34439
84210
89473
94736
100000
31480
2657
9440
14230
17599
39539
56521
32323
75429
31671
10958
57895
51654
41482
73684
53436
58240
89473
94736
100000
25851
22777
70070
4955
10070
26316
31579
36842
42105
42350
13473
47911
63158
68421
34254
78947
84210
89473
94736
100000
1
4759
9507
4337
11990
14815
88887
73125
42105
47368
52632
53428
63158
68421
73684
78947
84210
89473
94736
100000
8712
34773
8413
14175
21053
19783
31579
37194
37829
47368
52632
57895
22696
45883
73684
33769
84210
89473
94736
100000
1
43332
9507
7597
40436
20298
76305
36842
32753
32320
44641
57895
63158
61500
73684
78947
84210
89473
94736
100000
1
2639
12273
9077
21435
26316
28372
45343
42105
26608
37919
74990
63158
58438
73684
78947
84210
79153
94736
100000
1
2622
9866
15790
38490
26316
74369
36842
70424
39159
28536
57895
63158
68421
28887
78947
84210
89473
94736
100000
24419
3734
8607
15790
18948
26316
83664
36842
42105
17893
46607
57895
63158
68421
56448
33509
84210
89473
94736
100000
1
3482
10527
10929
12607
34566
47752
29047
68037
15885
52632
57153
63158
68421
73684
45251
84210
89473
94736
100000
39199
4759
57288
12515
9607
23671
31579
33102
42105
7965
52632
57895
6238
68421
73684
78947
84210
89473
94736
100000
3680
27617
8083
14230
39591
17016
65071
36842
56457
47368
52632
57895
63158
68421
50346
78947
84210
89473
94736
100000
1
4759
60003
15790
19444
26316
82045
60750
44714
47368
15245
57895
35242
68421
73684
78947
84210
89473
94736
100000
1166
5264
9341
8754
18948
17172
34835
41134
42105
47368
24630
50783
32074
68421
73684
78947
84210
89473
94736
100000
1
2550
44465
8219
10375
17515
31579
36842
70411
47368
52632
57895
63158
68421
73684
78947
84210
89473
94736
100000
5160
4107
48646
19472
18948
35973
28372
36842
61064
23244
52632
57895
63158
59408
73684
78947
84210
89473
94736
100000
1
3237
16644
13199
17382
20325
66654
47332
33800
47368
52632
57895
63158
68421
73684
29772
84210
89473
94736
100000
1
27732
52170
15790
33278
49100
31579
32329
42105
47368
52632
57895
56220
60688
73684
78947
84210
89473
94736
100000
28680
4759
51128
15790
30509
15742
32586
49581
42105
21482
24388
57895
63158
68421
73684
78947
84210
89473
94736
100000
1
4054
43246
5158
10050
19568
59409
42167
32356
47368
52632
57895
63158
68421
73684
78947
84210
89473
94736
100000
1
4759
8754
13001
9519
26316
28372
36842
42105
42573
52632
63197
56780
61500
73684
78947
15015
89473
94736
100000
11823
5264
8162
14230
9665
26066
80661
66924
64087
47368
52632
57895
63158
68421
73684
78947
84210
89473
94736
100000
1
16672
13106
5911
17579
26316
77023
52214
54359
47368
52632
48522
63158
68421
73684
27677
84210
70931
94736
100000
1
38808
56215
10408
14853
28461
32496
36842
67475
47368
47318
52071
63158
68421
18974
78947
84210
89473
94736
100000
21413
4759
48803
15790
17249
37792
63689
30713
73038
25891
16835
52891
63158
68421
73684
78947
84210
89473
94736
100000
17190
4759
9129
15241
42091
30334
31579
28033
42105
47368
52632
51258
18807
50670
73684
78947
84210
89473
94736
100000
1
2777
69265
13193
21053
13760
31579
60598
61800
33502
11108
53328
63158
68421
73684
57138
84210
89473
94736
100000
28282
16975
9507
15790
21053
46321
31579
36842
42105
11842
13033
52071
47092
68421
73684
78947
47621
89473
94736
100000
25156
13708
56963
5016
19451
13597
31579
45300
32785
47368
52632
57895
6238
68421
73684
78947
49440
89473
94736
100000
1
22561
9507
7410
15228
26316
28372
33102
42105
47368
11428
57895
63158
49562
64801
78947
37109
89473
94736
100000
4852
4759
22452
14230
13806
24845
36188
36842
62463
4657
23860
57895
38289
68421
73684
78947
84210
89473
94736
100000
3304
2762
44133
19342
15963
20027
31099
44761
61082
47368
17932
57895
47558
68421
73684
78947
84210
89473
94736
100000
1
40123
50974
12058
21053
43911
31579
36842
42105
20322
52632
57895
11424
68421
73684
78947
84210
74990
94736
100000
1
4759
46874
3291
21053
26316
29785
35971
42105
20736
52632
57895
36632
68421
73684
78947
84210
89473
94736
100000
1
23592
10527
9864
18948
26316
31579
54683
54937
39522
52632
70886
20381
54167
73684
78947
84210
89473
94736
100000
9574
2994
8392
15790
16231
23671
31579
46637
70824
47368
47318
57895
63158
68421
73684
78947
84210
89473
94736
100000
15551
3292
10527
8312
27898
20265
29241
33102
59608
9301
52632
57895
6238
68421
22029
78947
84210
89473
94736
100000
1
15463
50200
10205
39886
26316
64679
72690
39608
14662
52632
57895
63158
68421
21841
78947
84210
89473
94736
100000
1
20339
66405
6697
12967
39249
73542
71499
42105
47368
52632
52071
63158
68421
57774
78947
84210
77883
94736
100000
1
4759
8425
15790
13778
26316
31579
36842
72227
47368
52632
57895
63158
68421
19740
78947
84210
89473
53672
100000
1
3383
12341
13223
18821
26316
35580
40001
37535
47368
16679
57237
63158
68421
73684
78947
72716
89473
94736
100000
1
44574
63718
7532
35888
26316
31579
29289
71224
13655
47318
55982
63158
68421
73684
78947
14501
89473
94736
100000
24746
12019
8071
11540
21053
21828
35837
36842
38755
47368
43134
57895
63158
68421
35240
78947
84210
89473
83752
100000
1
2872
10527
3325
37732
13492
36172
29830
37829
27921
47318
68251
63158
68421
73684
78947
84210
89473
94736
100000
28715
9032
15331
15790
24105
21610
31579
40953
39706
47368
31946
60355
7989
68421
73684
78947
84210
89473
94736
100000
1
4759
51498
10162
21053
13834
35030
49165
42105
4657
52632
57895
50299
41913
73684
78947
84210
89473
94736
100000
15281
23038
59443
12314
9699
22767
53122
36842
42105
29693
52632
57895
63158
58327
73684
78947
84210
89473
94736
100000
1
3226
26778
5930
11413
23671
60633
36842
38934
47368
16233
57895
43579
68421
19082
78947
75776
89473
94736
100000
1
4075
10527
14230
14890
26316
84013
38429
60321
47368
31915
57895
63158
68421
73684
78947
73140
89473
94736
100000
1
3214
43302
9159
14321
26316
51613
36842
42105
22730
52632
57895
63158
61500
73684
78947
84210
89473
94736
100000
35630
4759
9415
13410
39951
45109
85064
36842
68970
47368
52632
57895
63158
59255
73684
45988
84210
89473
94736
100000
1
4759
9507
9831
18948
26316
31579
33706
73703
42573
52632
57895
63158
68421
23632
78947
84210
89473
16252
100000
1
12109
29214
11254
13843
23671
31579
27849
75165
4657
52632
57895
63158
68421
73684
78947
8408
89473
94736
100000
1
15408
7611
13281
21053
23671
28372
36842
75349
4657
52632
57895
63158
57873
73684
38807
51715
89473
94736
100000
1
18393
14349
4173
21053
26316
53067
36842
42105
22051
52632
75055
63158
68421
73684
78947
84210
74648
94736
100000
33633
3771
34474
5413
15514
13540
44703
36842
42105
47368
52632
57895
6351
68421
73684
32953
84210
89473
94736
100000
29403
11741
48382
14230
15641
20030
42118
36842
42105
18335
47318
66471
12131
68421
23108
78947
84210
89473
94736
100000
13733
3279
9507
10775
21053
23671
67414
59488
54758
47368
52632
57895
63158
68421
73684
78947
84210
89473
94736
100000
30049
21011
10527
6557
21053
16016
71440
36842
42105
12325
52632
57895
63158
68421
73684
78947
84210
89473
94736
100000
12177
3049
44378
4105
10904
38968
88431
36842
35248
47368
52632
66410
16374
68421
22765
78947
84210
89473
94736
100000
1
2760
47581
11862
10848
41553
31579
36842
37829
41693
52632
57895
63158
45870
73684
78947
84210
89473
94736
100000
21794
5094
57130
14806
33444
13556
32446
36842
66806
4657
43073
57895
63158
41057
73684
78947
84210
89473
94736
100000
22515
4285
64554
10731
37385
48510
31579
36842
53400
14250
18217
69512
37147
68421
73684
78947
84210
89473
94736
100000
1
37391
26521
15790
44045
17727
30229
36842
42105
42573
52632
57895
63158
68421
31273
78947
38762
89473
94736
100000
10366
12541
8282
3701
21053
16981
81678
64977
37829
18669
39964
57895
63158
61500
73684
78947
84210
73485
94736
100000
8327
3670
9127
7122
21053
21780
31579
33102
32808
12126
52632
57895
17373
68421
19110
78947
26763
89473
94736
100000
17561
21736
10527
4458
40719
26316
31579
48000
57476
35176
52632
66240
63158
68421
73684
78947
84210
89473
94736
100000
29057
4759
10527
4948
14502
26316
31579
36842
42105
47368
52632
57895
63158
68421
73684
78947
84210
89473
94736
100000
4474
40357
49732
11062
11651
23671
31579
33102
48478
23861
52632
57895
20656
68421
73684
78947
84210
76860
94736
100000
1
2512
44826
8853
37086
26316
32122
49398
42105
47368
12848
57895
6238
43728
73684
78947
84210
89473
94736
100000
29295
26721
10527
14230
21053
21789
31579
36842
70101
5300
52632
51962
63158
68421
73684
78947
84210
89473
94736
100000
32865
3658
59760
3803
36375
23671
31579
36842
42105
17114
52632
50060
63158
68421
73684
78947
84210
89473
94736
100000
1
2723
26511
14230
18948
18364
30830
36842
37680
38483
14460
57895
6238
56836
19576
78947
84210
89473
94736
100000
1
46266
7767
12673
17309
18455
31579
36581
42105
47368
52632
45664
63158
51627
73684
29407
84210
89473
94736
100000
1449
3286
65959
8956
21053
41662
47121
62701
49656
42573
11668
70964
63158
68421
28228
78947
84210
72147
94736
100000
1
9015
7545
13943
12976
20260
63517
30703
34535
14112
52632
57895
63158
61500
73684
78947
84210
89473
94736
100000
1
3322
8775
14230
16231
21993
28372
66762
40762
32512
52632
57895
19558
68421
73684
78947
84210
89473
78975
100000
1
5903
40448
4609
18948
26316
31579
36842
52126
19406
41057
57895
63158
68421
73684
78947
84210
89473
94736
100000
1
4759
62265
14230
15205
15864
31579
36842
42105
47368
47318
57895
63158
68421
73684
28971
84210
89473
94736
100000
16528
41848
48773
7601
24568
19058
31579
38304
54986
47368
44270
57895
63158
68421
73684
78947
84210
89473
94736
100000
1
5264
10613
13812
42642
23671
31579
28563
42105
32176
28327
57895
63158
68421
73684
78947
84210
89473
94736
100000
18104
4017
47795
12708
21053
22212
66002
39027
42105
29688
35037
57895
63158
68421
73684
78947
84210
89473
94736
100000
1
18686
67878
4382
11928
48334
28372
36842
42105
47368
52632
51565
63158
68421
73684
78947
84210
89473
94736
100000
1
20419
20320
9393
15925
34301
41387
36842
42105
47368
44146
57895
63158
47154
22627
78947
57485
89473
94736
100000
36847
3357
7722
15790
12202
20445
69702
72056
62068
47368
52632
72575
12233
68421
73684
78947
84210
89473
94736
100000
1
43840
59589
11822
13979
32350
28372
34150
54522
47368
52632
57895
63158
68421
73684
78947
84210
70901
94736
100000
1
4331
10527
15790
40379
30339
28372
33102
60873
34011
52632
57895
21547
46853
73684
78947
20118
89473
94736
100000
1
4759
10350
14230
21053
23671
32751
36842
60854
47368
52632
67918
63158
68421
73684
78947
75776
89473
94736
100000
32086
32455
45630
5487
21053
14279
31579
33102
37829
47368
44776
57895
63158
68421
73684
78947
84210
89473
94736
100000
38929
2776
7753
15790
29896
21681
52169
36842
37077
47368
47266
57895
63158
68421
73684
78947
84210
89473
94736
100000
23593
22628
7716
10128
21053
47129
31579
41309
42105
23780
52632
57895
56780
54110
20142
78947
84210
89473
94736
100000
1
3286
15765
10092
14535
18692
66399
29503
51924
47368
52632
61625
63158
68421
73684
78947
84210
74895
94736
100000
1
2690
8939
15790
17157
35151
31579
30719
42105
18719
14100
65148
63158
42736
73684
78947
84210
80504
94736
100000
1
31470
30175
12716
21053
15846
31579
64866
42105
47368
17710
55481
63158
68421
73684
78947
84210
89473
94736
100000
1
4272
12435
15790
10658
23671
31579
53975
34267
16856
52632
47313
63158
61500
73684
70976
84210
89473
94736
100000
38322
3496
17597
7847
42223
14252
45151
36842
42105
47368
52632
57498
63158
46292
73684
78947
84210
89473
94736
100000
30038
10643
39089
7443
10005
13507
28372
36842
42105
8468
52632
50593
33476
68421
73684
78947
84210
89473
94736
100000
10106
3059
8444
12649
21053
26316
64820
66567
33898
42573
33610
50726
63158
68421
50949
78947
84210
89473
94736
100000
1
37791
9507
3408
26744
26316
43179
36842
59636
47368
37533
57895
16131
68421
73684
78947
27804
78684
94736
100000
1
2605
37932
17179
18948
26316
29633
36842
48616
24704
52632
52071
63158
46622
73684
27917
84210
89473
94736
100000
33307
12233
31781
7034
15949
16182
34053
68815
33454
13418
52632
57895
63158
68421
73684
78947
84210
89473
94736
100000
1
3985
70268
9178
15105
14659
43478
36842
42105
25555
22945
62509
63158
50684
19016
78947
84210
89473
94736
100000
1
32352
17833
15790
15848
46341
59896
36842
34887
47368
14246
57895
63158
56750
73684
78947
84210
89473
94736
100000
1
9233
25239
13436
41243
18371
42601
45728
37640
47368
52632
72060
11883
68421
73684
78947
84210
89473
94736
100000
1
2704
46273
15790
13163
15619
31579
65191
42105
29601
52632
77669
63158
68421
38842
39512
84210
89473
94736
100000
1244
27812
8057
14230
21053
28942
88345
36842
42105
47368
52632
65914
63158
68421
66254
78947
84210
89473
94736
100000
1
4759
10527
11842
21053
13862
58008
43915
44716
47368
52632
76312
63158
68421
73684
35315
84210
89473
94736
100000
1
4759
7773
3604
18714
20025
77388
46075
42105
4657
52632
52071
63158
68421
73684
31048
84210
89473
94736
100000
1
3859
8981
7739
21053
30547
57277
51284
66085
32144
14440
50001
63158
68421
73684
27619
84210
89473
94736
100000
10529
4759
10527
10017
18120
14261
79338
69107
37829
5439
52632
59208
6238
54777
36583
78947
84210
89473
94736
100000
29770
2787
21424
15790
14491
31103
56960
36842
39585
12611
52632
57895
63158
68421
73684
78947
24125
80504
94736
100000
21049
30340
63874
15790
21053
18314
31579
68703
68914
47368
52632
57895
63158
68421
73684
78947
36670
76105
94736
100000
1
4759
40075
5686
21053
26316
66808
54340
59709
47368
17451
71190
32501
56989
73684
78947
84210
89473
94736
100000
1
36255
45069
15790
21053
26316
31579
36842
42105
47368
14448
49108
63158
68421
73684
78947
61595
72647
94736
100000
1
4504
9507
14230
18948
26316
31579
27104
42182
47368
52632
74307
63158
68421
73684
78947
84210
89473
94736
100000
33484
17640
9507
14898
35927
37731
28372
36842
35598
4657
46962
57895
44715
48965
73684
78947
84210
89473
94736
100000
1
3820
21778
4114
14101
26316
31579
72789
42105
47368
24202
57895
49562
68421
51805
78947
84210
89473
94736
100000
1
2766
10527
8151
26701
42557
31579
56079
48049
42573
52632
46620
63158
46999
30563
78947
84210
89473
94736
100000
1
3302
7759
14230
15235
14218
33479
52216
42105
47368
52632
57895
24212
68421
19365
78947
84210
89473
94736
100000
1
3103
43102
15790
16416
23671
39539
29854
59829
47368
52632
50805
10897
45020
73684
78947
84210
89473
94736
100000
1
4759
9507
4764
24501
16457
63149
36842
42105
47368
52632
57895
63158
68421
73684
78947
84210
89473
94736
100000
10847
3992
8589
6316
22144
41043
31579
36842
42105
37616
52632
57895
28834
68421
73684
78947
84210
89473
94736
100000
1
2829
46740
11568
18948
21751
31579
40480
34439
47368
28541
57895
6238
68421
73684
30967
84210
89473
94736
100000
32901
3127
67122
15790
42460
17394
72593
36842
39733
47368
52632
52916
56780
61500
73684
78947
84210
89473
94736
100000
1
18057
10527
15790
16912
16598
49676
33102
42105
15188
52632
48971
63158
68421
21275
70976
84210
89473
94736
100000
1
25480
53359
14230
14396
21623
31579
29601
63807
47368
52632
52071
63158
68421
73684
78947
84210
89473
94736
100000
11
2958
33520
15790
21053
26316
38534
36842
35041
17690
16983
76242
63158
68421
73684
78947
75162
89473
94736
100000
29287
36425
7643
6118
18948
19293
64043
36842
75089
23020
36538
62550
63158
68421
61388
78947
84210
89473
94736
100000
1
24430
9507
12047
9844
14798
36737
33102
64496
4657
52632
76246
63158
56256
73684
78947
84210
89473
94736
100000
1
4097
10527
14230
15713
38306
66315
36842
33507
35060
25997
66467
49829
68421
73684
78947
84210
89473
94736
100000
1
29787
46328
6841
15167
26316
57482
36791
37303
21879
52632
57895
53188
68421
73684
78947
84210
89473
94736
100000
22962
4759
9208
15790
28048
29220
57585
36842
42105
42573
52632
57895
63158
61500
25028
78947
75114
89473
94736
100000
406
5902
9507
15790
27260
14146
31579
33983
35155
47368
28590
53944
63158
68421
73684
62917
84210
89473
94736
100000
25373
5264
45635
13439
18253
45941
31106
36842
42105
12828
52632
57895
63158
58487
73684
78947
84210
76196
94736
100000
1
4384
23968
10765
41424
21822
31579
32878
33887
28855
15587
57895
63158
68421
73684
78947
84210
89473
94736
100000
26461
39389
68774
8459
21053
26316
31579
32671
44449
35712
36840
57895
54723
68421
22871
78947
84210
89473
94736
100000
18081
5264
33418
13832
21760
45529
31579
33102
42105
8155
52632
47682
7321
47902
73684
69215
84210
89473
94736
100000
27646
38291
63852
4504
31666
26316
46164
45754
55253
47368
52632
57895
63158
49459
73684
78947
84210
89473
94736
100000
1
22002
9507
11846
21053
26316
80465
27096
42105
19120
52632
57895
63158
44933
73684
78947
84210
89473
94736
100000
16760
5264
9507
11678
14282
21135
51528
61058
42105
4657
20450
49784
28807
58107
73684
78947
84210
89473
94736
100000
1
4020
68433
7745
17982
38060
31579
32599
42105
47368
47318
57487
36993
56827
73684
78947
84210
89473
94736
100000
1
22047
49506
6606
18948
26456
31579
63340
65481
47368
52632
57895
63158
68421
57605
78947
84210
89473
94736
100000
22835
3568
8295
4580
12169
20766
62589
45600
48267
30467
15646
48860
63158
68421
73684
27528
84210
71653
94736
100000
6448
3359
67650
11500
21053
15665
56056
36842
42105
18534
12534
52071
63158
68421
73684
78947
84210
89473
94736
100000
1
15613
31598
15790
21053
47728
64564
54705
42105
7434
16411
57895
63158
61500
18884
78947
84210
89473
94736
100000
21075
16008
9507
15790
15460
16976
37235
57834
42105
23172
23404
57895
63158
58280
73684
32640
84210
89473
94736
100000
1
4598
57018
7989
9760
36374
30516
69824
42105
9036
52632
57895
63158
61500
73684
78947
84210
89473
94736
100000
7860
2657
66773
8102
15507
14506
51171
36842
42105
47368
18525
57895
63158
49367
47577
78947
84210
89473
94736
100000
1
4295
47989
15790
9951
18555
89050
53705
42105
18709
52632
57895
63158
56569
73684
78947
75776
89473
94736
100000
1
4759
46169
13627
12320
31528
65313
33102
53050
47368
52632
57895
63158
68421
73684
50383
84210
89473
94736
100000
1
2840
63679
6724
14009
30552
78340
36842
37829
5557
33367
66381
63158
68421
73684
78947
84210
89473
94736
100000
27345
9565
44623
12006
40037
26316
28372
45603
48077
47368
52632
65773
56780
55189
73684
34429
84210
75794
94736
100000
9514
4757
10527
6451
21053
22527
31579
61221
42105
47368
52632
57895
63158
68421
73684
40596
84210
89473
94736
100000
12770
14573
55115
10706
11124
26316
87113
36842
42105
35976
52632
57895
63158
68421
73684
78947
75776
89473
94736
100000
27115
4759
9507
13446
10931
26316
49536
36842
63222
27881
14126
57895
63158
68421
21427
78947
84210
89473
94736
100000
1
5264
8974
4582
40260
20997
77554
36842
42105
7580
52632
57895
53763
68421
35874
78947
84210
89473
94736
100000
1
3811
45976
15790
21053
26316
87424
36842
32787
10194
26629
57895
13124
61500
73684
42654
56022
89473
94736
100000
1
4759
10527
5912
15694
41324
32143
36842
72027
39980
52632
52071
63158
68421
73684
78947
84210
89473
94736
100000
34419
5264
56110
12690
15783
26316
88473
35929
51815
47368
52632
57895
63158
61500
73684
78947
39717
89473
94736
100000
36630
3623
9507
13611
31825
35889
78308
29337
69211
47368
19209
57895
63158
56025
73684
78947
84210
89473
94736
100000
14803
4442
65148
11831
13237
22914
31579
36842
42105
29022
14299
57895
63158
68421
73684
78947
84210
89473
94736
100000
1
3064
40516
3269
12355
26316
31579
43413
73920
17927
52632
57895
29684
68421
73684
78947
84210
89473
94736
100000
34412
22632
16088
3804
38923
44706
84624
43829
42105
4657
47318
46284
63158
68421
73684
60696
84210
89473
94736
100000
1
45793
31356
5216
21053
28494
42556
55865
42105
47368
16853
71787
63158
51166
73684
78947
84210
89473
94736
100000
1
30860
10527
8943
18938
26316
77807
45711
50422
47368
20420
57895
15204
61500
73684
78947
84210
89473
77673
100000
1
15386
17641
7643
41877
18402
31579
58564
42105
27976
19392
57895
22582
68421
73684
78947
84210
89473
94736
100000
1
4759
61373
13681
14758
26316
46943
46749
65870
7561
13943
57895
63158
68421
20009
28903
84210
89473
94736
100000
1
2945
62678
9175
13487
23671
60548
56204
42105
47368
28359
77870
63158
68421
22526
78947
84210
89473
94736
100000
9998
2726
55113
11141
21053
26316
64290
36842
45159
47368
52632
57895
63158
68421
73684
78947
84210
89473
94736
100000
1
2967
49090
11877
21053
26316
61289
60827
45004
13236
18007
52071
63158
68421
73684
70976
84210
89473
94736
100000
1
3232
8227
15790
21053
23195
78744
36842
35860
7963
52632
57895
63158
68421
73684
78947
84210
89473
94736
100000
1
3464
21421
9184
21053
15665
31579
40772
35384
4657
52632
57895
63158
51291
32632
78947
84210
89473
94736
100000
13965
4266
17147
10864
18377
19319
31579
33102
59685
47368
16065
57895
34707
68421
73684
78947
84210
89473
94736
100000
1
3166
45846
12063
32366
20717
31579
48195
42105
8638
52632
57895
63158
54407
31889
78947
20821
89473
94736
100000
2455
2926
11980
6115
10360
26316
31579
33102
42105
28948
16231
57895
63158
68421
54412
78947
84210
89473
94736
100000
13740
3631
57124
8171
21053
17041
31579
31168
42105
47368
52632
57895
63158
68421
24811
78947
84210
89473
94736
100000
1
4149
54260
6681
21053
26316
31579
36842
72730
47368
52632
57895
54158
53018
73684
78947
84210
89473
94736
100000
35514
4759
45813
8750
21053
14394
31579
36842
65018
47368
52632
57895
63158
49713
66254
78947
84210
89473
94736
100000
1
3838
31464
15790
16575
26316
64206
35783
42105
47368
52632
57895
54302
68421
73684
78947
84210
76844
94736
100000
1
31968
10527
6271
9689
46431
28372
36842
42105
47368
23766
69948
63158
46601
73684
78947
84210
89473
17764
100000
1
3554
60087
15790
21053
26316
31579
36842
33443
11538
30636
57660
44708
68421
73684
78947
84210
89473
94736
100000
19901
36195
8961
5047
21053
48116
31579
36842
42105
32424
42300
57895
63158
68421
62353
78947
84210
89473
94736
100000
1
35000
29749
13021
21053
19258
29348
36842
36446
32489
52632
45661
63158
43200
73684
78947
84210
89473
94736
100000
4121
3276
13528
6061
17583
17690
33301
36842
42105
47368
30948
52071
63158
59767
73684
29435
84210
89473
94736
100000
2260
3269
42012
12228
15919
20855
81522
31610
42105
13321
52632
57895
6238
52379
73684
33553
84210
89473
94736
100000
1
3106
63197
11211
31643
23671
85800
36842
37829
24004
52632
57895
44254
68421
73684
30026
84210
89473
94736
100000
10886
25759
34270
12530
33645
15371
68164
57588
42105
22550
52632
57895
63158
68421
20339
78947
84210
89473
94736
100000
1
4759
7943
14230
21053
17786
65568
36842
42105
47368
37793
57895
38133
68421
73684
50326
84210
89473
94736
100000
1
3625
60687
15790
17177
23671
31579
36842
37829
47368
36458
57895
63158
52941
73684
78947
84210
89473
94736
100000
1
4182
8319
9503
16051
21610
31579
46476
37685
47368
17430
76859
63158
68421
34307
78947
84210
89473
94736
100000
37183
35670
9507
3830
18801
32021
28372
49909
45290
47368
32594
59354
63158
68421
73684
78947
84210
74294
94736
100000
1
34259
9507
4788
30438
23671
31579
72559
42105
25741
52632
57895
63158
68421
73684
32787
84210
89473
94736
100000
1
3492
9507
14230
21053
26316
53164
31273
42105
47368
52632
57895
8110
58805
28834
78947
84210
89473
94736
100000
23411
4759
9507
7652
12475
13906
30734
36842
42105
5203
34395
70202
56780
44830
73684
78947
84210
89473
94736
100000
1
27234
9507
13251
10639
45651
67124
66533
41983
47368
52632
53298
20394
68421
66254
78947
84210
89473
94736
100000
1
31201
10527
11364
21053
15166
75417
47870
42105
4657
52632
57895
63158
68421
73684
78947
84210
89473
94736
100000
1
14198
11275
10070
14619
19365
31579
46583
37689
39551
52632
47761
6238
68421
73684
78947
84210
89473
94736
100000
1
8169
7503
7767
11622
13962
80137
36842
32787
47368
52632
57895
12606
54149
73684
78947
84210
89473
94736
100000
25387
3793
51691
4364
12659
23671
82152
63607
42105
47368
32659
57895
63158
68421
25358
78947
84210
89473
94736
100000
1
3395
15584
14230
14478
26316
36751
61387
42105
47368
52632
57895
41534
68421
73684
78947
84210
89473
94736
100000
1
2604
21942
14230
21053
26316
58132
67857
42105
42573
52632
57895
63158
48272
73684
78947
84210
89473
94736
100000
1
4031
35588
13718
24012
21922
61343
36842
61667
47368
25292
57895
63158
68421
73684
78947
84210
89473
94736
100000
1
29003
43150
8574
12696
18563
31579
36842
61670
38159
52632
57769
38959
68421
73684
78947
84210
89473
94736
100000
11836
3775
56671
16997
30929
26316
31579
71156
64208
7394
52632
52071
63158
68421
73684
78947
84210
89473
94736
100000
1
4759
8946
15790
30522
16115
60102
36842
45853
16408
13178
57895
63158
68421
73684
78947
84210
89473
94736
100000
23124
4030
8923
13156
35726
20408
50584
33168
37226
22343
52632
57895
25234
68421
73684
78947
84210
80504
11774
100000
1
4558
20083
14230
35661
15919
58575
37516
42105
42573
29355
57895
63158
57767
31186
64467
84210
73297
94736
100000
1
5264
18460
8105
21053
13204
31579
52511
42105
47368
52632
57895
63158
54413
58822
78947
44377
89473
94736
100000
1
30625
10527
8677
10935
24554
42105
36842
42105
47368
52632
65721
63158
68421
73684
78947
84210
89473
94736
100000
1
33081
55933
15790
21053
18368
31392
61616
60119
33412
17895
57895
40831
48294
73684
78947
84210
89473
94736
100000
1
32012
7568
11717
16748
18978
70741
64509
69344
37414
52632
57895
63158
41337
66254
78947
84210
89473
94736
100000
15587
2672
8401
7189
33380
45516
71692
36842
46984
5882
52632
57895
63158
54581
73684
78947
84210
89473
94736
100000
25600
23582
9507
13663
17459
26316
38391
32910
42105
47368
52632
54437
63158
68421
73684
78947
84210
89473
94736
100000
1
4759
10527
15790
11892
23527
60876
36842
71748
47368
52632
57895
63158
50599
73684
78947
12095
89473
94736
100000
1
6934
62569
14230
33533
14771
45429
36842
42105
17657
52632
57895
63158
41338
19652
78947
84210
89473
94736
100000
1
36385
28850
10905
21053
13543
31579
36842
46331
47368
34298
57895
56780
49791
46349
33539
84210
89473
94736
100000
1
42740
7918
3945
17741
26316
67054
62872
42105
29010
52632
68251
63158
47141
73684
78947
84210
89473
94736
100000
1
5809
48904
15790
29864
33298
50076
31330
42105
47368
52632
68890
63158
57934
73684
78947
84210
89473
94736
100000
1
35530
35348
17258
13428
23671
49448
30904
73102
36921
18583
52071
63158
41225
73684
52117
75776
89473
94736
100000
1
10693
46471
8049
33425
26316
31579
35234
42105
47368
17067
57895
13929
68421
73684
28654
84210
89473
94736
100000
19376
12505
10527
4141
12400
19862
28372
68472
56793
47368
52632
57895
63158
61500
24239
28988
84210
76896
94736
100000
9475
3098
9507
15790
16860
16537
57103
28508
65070
22344
52632
57895
50848
68421
40391
78947
84210
89473
94736
100000
14520
2990
67279
4717
21053
26316
31579
33102
42105
47368
52632
57895
56780
68421
73684
78947
84210
89473
94736
100000
1
34100
57096
4663
25923
40239
61101
36842
42105
47368
47318
57895
63158
50880
73684
78947
84210
89473
94736
100000
27669
4591
9507
10343
20961
23671
32143
49646
66988
42278
52632
57895
63158
68421
73684
78947
84210
89473
94736
100000
1
34355
29603
5259
18263
26316
58952
28709
33244
47368
52632
57895
16288
68421
62130
78947
84210
89473
94736
100000
1
24231
34605
9615
14281
13093
59729
72432
49717
18359
38934
57895
43576
41632
73684
61488
84210
89473
94736
100000
16461
25884
21830
6723
36687
26316
28372
33102
46010
47368
52632
57895
30537
68421
73684
78947
84210
89473
94736
100000
1
5996
13583
5173
28574
22437
31579
36842
32520
25544
52632
57895
63158
68421
73684
29317
84210
89473
94736
100000
1
2756
7508
3158
33105
17443
73971
62864
57602
47368
28452
61431
33899
68421
73684
78947
84210
89473
94736
100000
1
3821
7883
5124
18948
14113
31579
68852
74819
47368
42966
64245
38613
42083
73684
78947
84210
89473
94736
100000
1
3287
10527
15790
17189
33576
31579
36842
42105
47368
19424
57895
22205
45818
73684
78947
84210
89473
94736
100000
27778
15238
9507
14230
21053
13526
53370
36842
42105
10225
47318
47528
51242
68421
73684
78947
84210
89473
94736
100000
1
2539
10527
13185
21053
26316
61920
51900
42105
47368
52632
57895
63158
68421
73684
78947
84210
89473
94736
100000
20132
4759
34754
12365
11793
26316
31579
29286
38018
42573
52632
57895
32826
68421
73684
78947
57882
72403
94736
100000
1
4759
54454
3342
12463
19769
31579
41452
52661
47368
17250
47461
23311
68421
73684
78947
84210
77766
94736
100000
1
2857
68162
14230
18787
20562
63994
55017
42105
47368
52632
57895
63158
68421
45164
33004
84210
89473
94736
100000
32542
5925
48400
7242
14743
13824
36809
36842
42105
42573
52632
75386
17741
68421
73684
78947
84210
89473
94736
100000
2075
2543
60229
9232
43954
31504
78070
46835
42105
47368
47318
57895
16191
68421
73684
78947
84210
89473
64698
100000
20781
4019
18267
12232
18106
26316
31579
36842
42105
47368
52632
57895
26416
68421
73684
33733
84210
89473
94736
100000
32497
4759
47800
15790
13939
23671
43392
71999
61885
47368
20243
56840
63158
68421
73684
78947
84210
89473
94736
100000
1
32676
8065
12112
15877
47932
74018
54120
37829
22065
14179
59702
63158
68421
33323
70845
84210
89473
94736
100000
15398
45720
9507
13887
21053
20107
74473
33102
42105
47368
47318
57895
63158
68421
61466
78947
84210
89473
94736
100000
1
4358
62973
5372
11230
21220
74045
56791
42105
47368
52632
57895
63158
50396
73684
78947
84210
89473
94736
100000
1
32204
27165
18446
25950
16714
28522
66899
55399
23191
21945
57895
63158
68421
73684
78947
84210
89473
64107
100000
21467
5264
9320
5861
16668
33034
89518
44408
42105
29532
27129
47696
37364
68421
73684
78947
84210
89473
94736
100000
29805
4246
34189
10637
21053
26316
44346
71074
42105
47368
52632
57895
63158
68421
28592
78947
84210
89473
94736
100000
1
4759
20694
5313
14307
19409
31579
36842
42105
34422
13887
57895
63158
48559
25487
78947
84210
89473
94736
100000
7262
3787
48478
5208
26981
26316
31579
51265
74971
47368
52632
70962
63158
68421
73684
33420
84210
89473
94736
100000
1
2688
62964
4875
21053
23671
31579
36842
47320
32092
52632
57895
63158
59861
73684
78947
45495
89473
94736
100000
1
3520
10527
5148
21053
23671
31579
36842
42105
28443
41991
57895
63158
55243
73684
78947
84210
89473
94736
100000
4440
4759
10527
11974
21687
17471
63943
33102
42105
47368
52632
57895
63158
43624
20902
78947
84210
89473
94736
100000
1
3734
8636
6381
18948
26316
54762
62508
32882
14549
52632
61254
63158
45374
73684
78947
84210
89473
94736
100000
1
24347
27452
15790
10448
39724
68990
33102
42105
4657
12902
57895
63158
68421
73684
78947
84210
89473
41157
100000
33150
2590
9043
14230
21053
26316
70767
33102
35357
42134
52632
57895
63158
47865
73684
78947
84210
89473
94736
100000
13862
4368
28401
15790
9734
32421
43000
36842
65446
42573
52632
57895
16610
49306
73684
78947
60163
89473
77115
100000
1
2534
70032
7894
32607
22686
34921
60105
42105
41839
47318
57895
63158
68421
73684
32750
84210
89473
94736
100000
1
33237
47696
12390
34901
23671
31579
52262
42105
11287
18883
57895
63158
68421
73684
78947
84210
89473
94736
100000
1
3226
7977
15790
23272
35975
36057
51484
42105
47368
17715
57895
63158
68421
73684
78947
8408
89473
94736
100000
16058
5264
17260
4898
37462
21951
47827
36842
42105
47368
52632
57895
63158
68421
73684
78947
84210
89473
94736
100000
20809
3237
21473
10360
18074
26316
68736
36842
42105
4657
52632
57895
63158
68421
73684
78947
84210
89473
94736
100000
1
3247
27644
12389
10602
20793
87856
36842
58948
21631
28149
66498
63158
68421
73684
78947
27959
89473
94736
100000
39153
3121
67420
3375
10001
29096
31783
70881
72140
47368
41061
57895
63158
68421
73684
78947
84210
89473
94736
100000
10407
4756
39718
16461
15048
23595
42332
36842
35353
47368
52632
64096
63158
68421
73684
78947
84210
89473
94736
100000
1
3247
45512
15790
14265
23671
40882
36842
36905
47368
26163
57895
63158
68421
73684
78947
84210
89473
94736
100000
25609
4689
8088
13593
39996
26316
28372
33087
70588
47368
52632
49820
63158
68421
73684
78947
84210
89473
94736
100000
1
3655
69592
7634
28409
41940
86080
36842
72953
47368
52632
61138
6238
51017
73684
78947
84210
89473
94736
100000
1
2726
69353
4456
13924
26316
57845
72298
42105
28809
17717
57895
54533
68421
73684
78947
84210
89473
94736
100000
29114
31527
18574
11600
21053
23671
59016
51500
37781
33412
52632
53599
63158
68421
24981
49203
84210
89473
94736
100000
37377
2776
53871
4983
13740
44817
31579
28287
38657
47368
52632
57895
63158
59396
66254
78947
84210
89473
94736
100000
988
2545
9507
13886
23002
23440
30642
36842
33832
11036
17578
57895
25438
68421
73684
78947
84210
89473
94736
100000
1
3225
54617
14230
25989
22797
45450
49213
42105
47368
52632
57895
63158
58349
73684
78947
84210
89473
94736
100000
1
2759
51458
14144
9913
26316
51119
66266
42105
23208
52632
60725
6238
57548
73684
78947
84210
89473
94736
100000
1
45263
43652
10596
21053
32247
40981
36842
46128
31665
46299
57895
63158
68421
24516
78947
84210
89473
94736
100000
1
22471
12071
15790
11178
17014
31579
36842
42105
47368
52632
57895
63158
55684
73684
78947
84210
89473
94736
100000
18496
41717
49716
5805
18948
23671
31579
33102
42105
21863
12580
57895
63158
68421
23194
78947
84210
89473
94736
100000
28607
3276
63020
15790
27010
26316
28372
36842
42105
4657
52632
57895
63158
68421
73684
78947
84210
89473
94736
100000
1824
40050
9507
5320
18948
18052
79619
29979
52586
47368
52632
57895
63158
68421
73684
78947
84210
89473
94736
100000
21851
10089
70161
6429
21053
47693
31579
36842
42105
38108
52632
57895
63158
68421
73684
78947
84210
89473
94736
100000
1
43896
10527
9637
18948
20394
31579
28263
67275
41779
52632
74196
63158
68421
66254
78947
84210
89473
94736
100000
1
10086
65843
14192
21259
23610
56034
36842
34864
4657
24286
57895
40460
54251
73684
78947
84210
89473
94736
100000
1
4373
7695
13435
21053
22928
39382
40555
74243
47368
52632
57895
63158
50349
22100
78947
84210
89473
94736
100000
3050
20112
8237
5700
18948
23590
31579
33102
42105
9339
13758
75792
42494
50432
73684
78947
84210
89473
94736
100000
15787
19958
10527
12094
16274
38332
28372
67479
42105
32813
33751
57895
63158
68421
73684
78947
84210
89473
94736
100000
1
4107
9507
14230
21053
31599
31579
30476
74833
47368
42026
57895
6238
54188
73684
78947
84210
89473
94736
100000
32495
43610
17549
6247
25277
37246
31579
45806
42105
42485
16552
69698
63158
50295
73684
78947
84210
89473
94736
100000
1
4759
44857
11729
21053
47832
64636
36842
34126
47368
52632
57895
63158
68421
73684
78947
84210
89473
94736
100000
20020
2522
42844
11097
21796
21200
43642
57943
64796
13038
52632
72977
63158
68421
21060
78947
84210
89473
94736
100000
1
3992
47220
14230
18948
26316
32986
53316
42105
47368
38875
71673
8915
68421
42075
43943
84210
89473
94736
100000
1
16846
9507
3491
18948
22939
56779
30934
37829
33361
52632
62223
56780
55595
73684
78947
84210
89473
94736
100000
1
3139
11918
11297
9700
30107
31579
28359
51414
36219
52632
52302
63158
68421
66254
70976
84210
77427
94736
100000
15586
2901
23955
13413
21053
26222
31579
32256
42105
47368
52632
57895
63158
68421
26451
78947
84210
89473
94736
100000
1
4759
59955
12472
21053
45025
28476
47827
35852
42314
52632
57895
63158
68421
51860
38355
84210
89473
94736
100000
1
2756
23992
11552
21053
17586
31579
36842
37829
8521
52632
57895
6238
68421
36745
78947
84210
89473
94736
100000
28860
2871
39448
15790
9501
17840
31579
37504
42105
4657
52632
52071
23070
68421
28011
78947
84210
89473
94736
100000
1
4759
37197
15790
19773
14458
54427
71795
37829
47368
52632
60510
37494
68421
73684
78947
84210
89473
94736
100000
1
4232
54187
15790
27264
13692
56276
34071
71742
4749
14153
57895
63158
68421
73684
78947
84210
89473
94736
100000
1
4055
8284
11047
41676
15930
31579
36842
42105
47368
32242
57895
31048
68421
73684
78947
84210
89473
94736
100000
1
9502
52356
14230
37573
19497
31579
36842
76063
47368
29359
49495
63158
68421
73684
78947
84210
89473
94736
100000
15459
19978
10527
15790
19332
17353
30584
52266
42105
32963
52632
51486
63158
68421
73684
78947
84210
89473
94736
100000
5476
3837
56834
15790
21053
26316
74534
60226
43408
24188
52632
57895
52671
68421
73684
78947
84210
89473
94736
100000
1
3675
8411
12074
20923
48316
44343
28025
42105
47368
52632
57895
45708
68421
73684
78947
58741
89473
94736
100000
39257
38096
42313
10400
15617
23671
71406
36842
38506
42090
28846
57491
63158
61500
73684
78947
64341
89473
94736
100000
1
4759
45623
15790
15315
26316
81669
65455
42105
47368
43446
57895
63158
68421
42524
78947
84210
89473
94736
100000
25054
4759
32715
18118
10915
13868
30949
29144
42105
42573
20344
55924
51752
68421
73684
60860
84210
78122
94736
100000
38062
3817
9252
11179
37442
47739
28372
28928
42105
47368
23143
56492
10643
68421
73684
32952
84210
89473
94736
100000
1
40934
10527
7303
15299
19044
81519
46931
48863
47368
52632
60755
63158
68421
73684
78947
84210
89473
94736
100000
1
3458
70037
14163
14624
15719
82507
36842
36973
42573
52632
57895
63158
68421
73684
78947
84210
89473
94736
100000
37097
5533
8769
10070
14043
22818
28372
27845
65066
47368
52632
57895
63158
68421
73684
78947
84210
89473
94736
100000
1
2884
44766
15790
9707
32842
31579
59189
57669
42573
44668
57895
63158
54401
73684
78947
84210
89473
94736
100000
10539
43755
52293
10243
26559
23671
35098
36842
59393
4657
18870
46486
63158
68421
73684
78947
84210
89473
94736
100000
25343
24150
20470
10559
11085
27318
31579
36842
58385
4657
52632
63684
63158
68421
73684
78947
75776
89473
94736
100000
1
38166
64614
14230
18109
42496
79762
55323
42105
37941
27277
48442
63158
68421
73684
78947
84210
75133
94736
100000
1
8539
17088
10197
21053
26316
79243
28767
37829
15623
52632
77822
31487
68421
73684
70976
41356
89473
94736
100000
14646
2659
9507
5394
20414
16745
31579
36842
42954
10553
23634
57895
63158
68421
73684
78947
84210
89473
94736
100000
1
4745
38947
9037
34578
30824
31325
28507
36308
47368
52632
57895
63158
44794
22917
78947
84210
89473
94736
100000
1
2890
53029
14230
18948
23671
36136
36842
50867
47368
44758
57895
55721
68421
73684
78947
84210
89473
94736
100000
1
3926
61714
12941
21053
26316
52536
36842
72821
47368
52632
57895
40942
44124
73684
78947
84210
89473
94736
100000
1784
2883
47936
9334
21053
16620
32189
36842
65788
47368
52632
77841
41137
68421
73684
31876
84210
89473
94736
100000
1
4381
10527
6899
9860
30567
57690
61327
42105
4657
52632
57895
63158
59421
73684
78947
84210
89473
94736
100000
15247
5264
22847
15700
21053
23671
72683
45392
32966
18310
18287
57895
36883
55744
73684
78947
84210
89473
94736
100000
1
4149
53049
14230
18053
20981
30650
33102
42105
4657
16870
57895
56780
68421
73684
78947
74407
89473
94736
100000
29412
29226
10527
15790
25445
49156
67738
36842
42105
42373
15654
57895
63158
44744
73684
78947
84210
89473
94736
100000
4625
19634
8408
15790
10594
33280
55061
50132
42105
47368
47318
57895
63158
43923
73684
78947
84210
89473
94736
100000
1
22501
37173
12488
28688
26316
38492
39650
68549
47368
52632
57895
63158
68421
61003
70976
84210
89473
94736
100000
1
3955
12810
9157
17977
26316
31579
36842
41449
27705
45044
54990
28720
56312
73684
78947
84210
79319
94736
100000
1
4000
24136
14230
21053
15574
31579
36842
42105
7719
43913
57895
63158
58793
73684
78947
84210
75296
94736
100000
1
4503
58022
7604
18948
22122
31579
31993
51168
47368
18879
57895
63158
68421
73684
78947
84210
89473
94736
100000
32971
5264
10527
9050
18947
26316
31579
40500
69594
47368
52632
56669
63158
68421
73684
78947
84210
89473
94736
100000
12622
30714
26448
6330
18948
35372
69128
39653
46471
40854
52632
57895
63158
68421
33478
78947
32108
89473
94736
100000
1
40381
23723
7737
38617
26190
51531
69401
40764
47368
52632
60381
6238
68421
33080
78947
84210
89473
94736
100000
30560
3120
27349
12168
21053
21421
31579
57008
35694
47368
16013
66477
63158
68421
73684
78947
84210
89473
94736
100000
1
3097
8693
3408
13406
26316
65651
28163
42105
42573
19672
57895
17726
53930
45220
78947
84210
89473
94736
100000
7515
4259
40557
15146
33030
23671
45089
30963
42105
4657
52632
57895
28545
42067
73684
78947
20717
89473
55121
100000
12435
39433
50417
18266
21053
20918
31579
57774
56473
47368
52632
73590
27331
68421
73684
78947
84210
78872
94736
100000
23008
37724
20317
12606
39138
19359
31579
36842
42105
47368
11604
57895
42196
61500
73684
78947
84210
89473
94736
100000
1
3689
13071
5411
14302
23671
82833
36842
37829
41782
52632
49947
63158
68421
73684
56172
84210
89473
94736
100000
1
10584
34649
12165
41331
16724
55846
44112
42105
13024
10830
57895
63158
53381
73684
78947
49731
89473
94736
100000
29775
4728
31808
13745
10858
45882
52298
43826
37829
4657
52632
57895
16583
68421
50619
78947
40511
89473
94736
100000
16079
38447
9507
7140
18740
32235
36308
30669
42105
34531
52632
63247
63158
56480
24060
78947
84210
89473
94736
100000
15629
10463
16181
14230
16055
15254
30226
44953
35661
47368
45280
57895
63158
43199
33540
28974
84210
89473
94736
100000
1
4759
24388
15790
21053
18123
68816
58050
66301
47368
52632
57895
63158
52467
73684
78947
84210
89473
94736
100000
1
8636
16301
7419
21053
25431
74947
36842
42105
12524
52632
57895
38912
52633
73684
78947
84210
89473
94736
100000
31915
41348
39059
4661
18948
26316
83480
36842
42105
47368
40695
76374
63158
50061
73684
31185
84210
89473
94736
100000
5608
13125
37557
14230
36876
26316
31579
71276
42105
4657
14538
77607
63158
46745
73684
27315
84210
89473
94736
100000
1
40665
44239
8277
15154
13460
32574
36842
47951
14430
52632
57895
40932
68421
73684
28302
84210
89473
94736
100000
1
4759
9507
5152
15703
19781
31579
70650
42105
12992
52632
52626
7506
61500
73684
33032
8408
89473
94736
100000
1
38264
26790
14230
18948
26316
54056
36842
58732
42180
52632
57895
63158
68421
73684
34064
20688
89473
94736
100000
1
3550
24265
14230
13068
26316
31579
36166
33170
47368
23554
57895
63158
61500
73684
78947
84210
80504
94736
100000
1
25783
38254
6286
13858
16746
74530
58090
64199
47368
52632
57895
63158
68421
73684
78947
84210
89473
94736
100000
24508
30805
26496
10583
14970
36059
49121
61605
37829
47368
47318
57895
39651
68421
73684
78947
84210
89473
56715
100000
22810
3628
10527
8005
39800
26316
51788
36842
32129
47368
15345
59179
63158
68421
73684
78947
84210
89473
94736
100000
12874
3109
8249
4550
21053
22756
28353
36842
42105
36183
52632
57895
63158
68421
73684
78947
84210
89473
94736
100000
1
4297
25468
5244
12820
17649
77329
48487
63500
47368
17343
57895
23803
68421
73684
36505
84210
89473
94736
100000
31955
3417
10527
6668
21053
18938
60004
36842
42105
25158
52632
57502
41131
68421
73684
34317
84210
89473
94736
100000
1395
23777
56551
4751
21053
48763
63769
62838
42105
47368
52632
51425
63158
68421
73684
78947
84210
89473
94736
100000
9390
2589
9048
14230
18948
17175
70970
54532
54998
47368
35399
57895
17117
68421
39596
78947
84210
89473
94736
100000
2698
3204
49021
8828
12556
48305
31579
27875
33650
6969
41352
54889
20493
68421
73684
78947
84210
78496
94736
100000
39116
14293
58280
10061
21053
46748
85071
30977
42105
47368
52632
61920
8045
68421
73684
78947
17813
89473
94736
100000
23720
21568
9507
15790
21053
31208
59204
32586
37829
47368
52632
57895
63158
61500
73684
27951
84210
89473
94736
100000
1
4759
9507
15790
33150
20565
46477
36666
69241
47368
52632
57895
25998
68421
73684
78947
84210
89473
94736
100000
1
5264
19521
10430
16237
26316
65463
36842
63239
47368
47051
57895
63158
61500
73684
78947
84210
89473
94736
100000
27676
35067
28586
14462
15877
39146
31579
36842
70785
42573
52632
57895
49146
68421
73684
78947
75776
89473
94736
100000
1
4759
37049
3967
18948
20344
35970
36842
51780
47368
40314
57895
63158
57584
73684
78947
84210
89473
94736
100000
12987
2885
48097
11468
29960
34886
31579
36842
69631
36032
52632
52043
51437
68421
66254
78947
84210
89473
94736
100000
1
19055
36481
4512
12488
26316
74315
33102
35406
47368
16738
57895
63158
68421
73684
78947
84210
89473
94736
100000
39582
34207
16381
12729
15492
26316
31579
57350
42105
47368
52632
57895
63158
68421
22845
78947
84210
76549
94736
100000
21156
3027
7911
12907
18277
22843
35205
31606
70135
47368
52632
57895
63158
45132
46074
78947
84210
89473
94736
100000
28830
3347
12549
8797
21053
43894
30609
63503
42105
32179
52632
48392
63158
61500
73684
46851
84210
89473
94736
100000
1
5264
9507
12144
10883
23671
31579
36842
37702
4657
52632
67236
63158
50651
28901
38340
75776
89473
94736
100000
1
4085
67995
15790
21053
20223
31579
57725
42105
47368
52632
57895
63158
68421
73684
78947
84210
89473
94736
100000
1
3381
8538
11216
38553
15797
87255
36842
37829
16504
25320
57895
63158
68421
73684
78947
39735
89473
94736
100000
11948
4279
7852
4230
18948
26316
31579
56926
36371
4657
52632
54013
35676
68421
73684
78947
84210
89473
94736
100000
1
2850
37129
15790
18267
26316
44838
68381
51491
47368
13632
58512
63158
68421
73684
78947
84210
89473
94736
100000
1
21425
17008
10023
24064
16941
66883
28511
42105
47368
26789
57895
48601
60357
73684
78947
84210
78036
94736
100000
1
35848
29466
14230
26343
37721
53397
33102
37829
47368
52632
53303
63158
68421
73684
78947
21697
89473
94736
100000
1
26066
66465
13917
17424
44678
31579
30455
63830
37196
52632
68424
63158
49053
37844
70448
84210
78371
94736
100000
1
5264
10527
14230
36061
23671
44852
33102
51980
47368
15933
57895
63158
68421
30484
78947
46186
75388
94736
100000
31879
4178
19368
15790
21053
26316
78905
33102
42105
19337
52632
57895
63158
68421
21671
78947
84210
89473
94736
100000
25838
2685
34120
14081
21053
32254
31579
32042
38599
42573
11387
75145
63158
68421
73684
78947
84210
89473
94736
100000
32251
11874
66738
7930
11654
40102
71474
36842
60236
25207
10867
57895
53502
50538
73684
78947
84210
80504
94736
100000
1
3652
46877
4367
17326
26316
77440
37854
42105
47368
52632
57895
63158
68421
73684
78947
84210
89473
94736
100000
1710
3917
12068
13224
16198
26316
52729
55667
42105
47368
52632
57895
20298
68421
73684
78947
84210
89473
94736
100000
8889
3867
9316
15790
21053
44400
31579
43130
42105
47368
52632
57895
63158
68421
73684
78947
84210
89473
94736
100000
1
21127
27245
3214
16614
27901
31579
33102
42105
47368
52632
46628
42177
68421
73684
78947
75776
89473
94736
100000
34276
5769
38281
3395
21053
16958
82560
36842
42574
47368
52632
51037
63158
48168
73684
78947
84210
89473
94736
100000
30403
4759
29192
15790
21053
23671
40970
36842
36013
28133
30902
57895
40195
68421
73684
78947
84210
89473
94736
100000
16093
5264
9325
11426
18484
40162
60212
33102
49452
47368
52632
52071
63158
68421
73684
78947
84210
89473
94736
100000
1
3533
56995
15790
12507
38894
31579
58601
42105
47368
17516
57895
63158
68421
73684
78947
84210
89473
94736
100000
1
4759
58573
7888
38277
23671
31579
39528
65775
47368
20956
52071
63158
68421
19331
78947
84210
89473
94736
100000
1
35812
45492
5218
21053
20854
31579
36842
42105
4657
52632
57895
63158
68421
73684
78947
43571
89473
94736
100000
21746
2616
9507
11116
11365
23278
31579
36842
60414
47368
52632
57895
53122
41644
73684
78947
84210
89473
94736
100000
1
22945
7515
8632
11204
16896
83864
36842
37829
47368
52632
57895
63158
53428
22424
42997
84210
71237
94736
100000
2102
2536
10063
13925
21053
26316
28372
43197
49652
47368
47318
48180
63158
68421
73684
78947
84210
89473
94736
100000
1
3862
70248
13100
18948
26316
28372
58718
59332
18431
29065
60011
63158
68421
73684
78947
70371
73072
94736
100000
1
2547
8747
3885
12620
26316
58355
44072
42105
6497
52632
65644
39291
68421
73684
78947
84210
89473
17120
100000
12664
30287
66948
15247
17327
19969
38961
50837
69513
18845
52632
57895
63158
68421
73684
78947
84210
89473
94736
100000
19754
3696
8978
15790
16866
15779
31579
36842
32364
15188
52632
57895
38742
68421
20917
78947
84210
89473
94736
100000
1
4957
45129
5216
12603
26316
58091
36842
68877
7124
47318
71773
63158
68421
73684
78947
84210
89473
94736
100000
1
5264
18101
15790
21762
26316
53146
49962
42105
47368
19493
71493
63158
68421
62152
78947
84210
89473
94736
100000
1
4759
8080
11955
21053
26316
44802
59938
42105
27330
52632
57219
63158
68421
30019
78947
84210
89473
94736
100000
1
3958
61369
11961
18948
26316
77935
28836
39378
4657
13400
57895
63158
68421
45144
31862
75776
89473
94736
100000
1
30094
30439
12142
21053
34950
41002
36842
42105
19192
52632
49146
63158
68421
73684
78947
84210
89473
94736
100000
1
38376
63074
10446
35868
26316
76262
71563
56853
47368
16772
52800
63158
68421
73684
78947
84210
89473
94736
100000
11741
2726
37907
15261
28652
13909
31579
64048
37816
42069
52632
57895
63158
68421
73684
78947
84210
89473
94736
100000
24071
6972
54934
13142
34229
26316
31579
33249
42105
30390
12133
72564
63158
68421
73684
70345
84210
89473
94736
100000
1
17040
31114
17186
21351
23396
31579
56251
42105
47368
52632
57895
56780
68421
73684
78947
84210
89473
94736
100000
1
12324
7619
10571
15924
27965
28372
36842
42105
30901
27937
57895
6238
61500
73684
78947
84210
75407
94736
100000
1
34761
57635
6027
18948
19444
82165
49566
42105
47368
52632
52071
63158
68421
49800
78947
84210
89473
94736
100000
22379
33527
10527
8403
21053
48162
28372
54563
49089
20136
16633
57895
63158
43451
73684
78947
75776
89473
94736
100000
21552
5264
8809
14230
11318
37893
43228
36842
41011
47368
36105
57895
63158
43226
73684
45408
61280
89473
94736
100000
21377
4759
9148
12454
31750
30415
31849
36842
42105
26285
52632
59925
63158
57308
73684
78947
84210
89473
94736
100000
25271
5208
9507
3289
12816
13900
69240
31509
32668
33124
52632
59543
63158
68421
73684
78947
84210
89473
94736
100000
1
5264
29888
3951
21053
33901
28372
37812
34343
47368
12644
57895
63158
68421
73684
78947
23374
89473
94736
100000
1
17876
48121
8604
34488
26316
46196
29793
42105
47368
34157
57895
37790
68421
73684
31983
84210
76937
94736
100000
14321
38061
55525
5798
21053
35309
31579
31982
42704
42573
26788
57895
37919
68421
73684
78947
84210
89473
94736
100000
24883
35134
24933
11961
21053
26316
31579
33573
59776
29632
12558
57895
63158
68421
73684
78947
31857
89473
94736
100000
25626
2685
47678
3408
21053
35193
34539
36842
42105
47368
52632
54117
63158
68421
73684
78947
84210
76218
94736
100000
1
4561
33388
15790
12255
26316
31579
37606
36712
47368
52632
57895
63158
68421
73684
66661
84210
89473
94736
100000
9173
2911
31461
3607
21053
26316
28372
29418
57201
6955
52632
50537
63158
68421
73684
78947
84210
89473
94736
100000
30339
5094
62169
10949
41802
20044
35913
28238
55392
47368
52632
57895
56780
61500
41425
78947
84210
89473
94736
100000
1
2970
53980
10504
27647
26316
47317
36842
42105
4657
52632
57895
63158
68421
63378
78947
84210
89473
94736
100000
1
5730
33233
8195
21053
26316
31579
36842
37829
33197
32447
57895
63158
52659
21804
78947
84210
71980
94736
100000
6808
4717
68358
3647
32018
28673
63018
39997
68553
47368
18037
57895
10446
68421
73684
78947
84210
89473
94736
100000
1
2908
9618
18929
9687
24850
59594
37918
55678
26468
44872
57895
63158
68421
73684
78947
84210
89473
94736
100000
1
4031
42150
12750
21053
26316
28372
50228
55179
32792
52632
76691
39220
68421
66135
78947
84210
89473
94736
100000
1
3076
13923
5653
10869
18812
83081
51647
32899
29187
52632
76973
38278
68421
73684
78947
84210
89473
94736
100000
1
34691
41975
11437
17219
23070
28372
52669
42105
47368
52632
57895
63158
68421
73684
78947
43041
89473
30652
100000
1
3968
66215
12018
9667
26316
48297
34968
63636
47368
52632
72570
63158
45861
73684
78947
84210
73809
94736
100000
2677
40988
25220
10269
23442
28928
30922
30601
50683
27936
52632
57895
63158
68421
73684
78947
84210
89473
94736
100000
1
3048
10527
12162
21053
40315
31964
65667
42105
47368
52632
48132
63158
68421
73684
51734
19728
89473
94736
100000
1
4759
54363
11339
17135
15725
31579
36842
42105
47368
47318
57895
63158
68421
73684
78947
84210
89473
94736
100000
1
18770
59423
14230
12381
16805
50470
53730
59550
47368
47196
76688
63158
46453
73684
78947
84210
75029
94736
100000
1
5166
9352
11575
12505
25523
31579
49036
72366
47368
52632
57895
63158
68421
38809
36015
84210
89473
94736
100000
1
18204
9271
11215
21053
26316
31579
36842
38258
47368
46055
57895
38428
68421
32625
61684
84210
80504
94736
100000
1
3121
9261
4989
22265
40809
46888
36842
34199
47368
52632
57895
63158
52428
73684
38272
84210
89473
94736
100000
1
43780
37016
4478
10198
45185
54841
64777
70827
42573
19407
47042
63158
53766
73684
70652
84210
89473
94736
100000
6707
3463
66177
11047
16431
31173
78497
32582
38982
27855
15153
57895
63158
59761
73684
78947
84210
89473
94736
100000
5837
25956
9507
14069
9952
17560
31579
69813
42105
47368
11192
49954
63158
68421
73684
50327
31625
89473
94736
100000
1
5264
12987
15790
21053
23182
31579
45299
56918
4657
37824
53982
43477
58446
73684
78947
84210
89473
94736
100000
1
3574
20166
6027
18893
24509
87131
36842
48511
26902
52632
50560
28231
57881
73684
41050
84210
89473
94736
100000
1
44351
9507
14230
21053
37646
43662
32420
42105
47368
52632
46573
63158
41982
73684
78947
43051
89473
94736
100000
1
25460
52956
10862
26204
19255
31579
30914
40479
25549
16789
57895
63158
68421
73684
78947
8408
89473
94736
100000
1
27873
9225
8843
12717
20845
31579
53132
42105
47368
17573
52071
63158
57712
19966
30261
84210
89473
94736
100000
3529
40725
9507
13859
13026
23671
28372
63716
39370
5789
21121
58661
63158
68421
21337
78947
84210
74512
94736
100000
1
3226
61039
5614
14760
23624
31579
64443
42105
38482
40263
57895
6238
55731
73684
78947
84210
78039
94736
100000
1
2697
8000
11746
21053
26316
74575
33102
43382
7812
33451
57895
63158
68421
73684
78947
75776
89473
94736
100000
34982
22058
13975
3403
16297
23671
31579
36842
48815
35020
12518
57895
12100
68421
73684
29725
8531
89473
94736
100000
1
3569
10527
5699
15712
23671
31579
36842
57302
47368
52632
57895
32378
44059
23482
78947
8408
89473
94736
100000
1
5264
63149
12115
22408
26316
62790
36842
42105
39001
52632
57895
63158
61500
20488
78947
84210
89473
94736
100000
1
3313
9887
15790
23905
13298
31579
28462
58431
27443
52632
57895
63158
68421
73684
78947
84210
89473
94736
100000
31044
8418
7785
19647
15786
26316
28616
28677
42105
47368
40438
77287
63158
42235
73684
78947
84210
89473
94736
100000
30894
38818
10527
19596
9691
17213
58982
38456
42105
9200
52632
57895
63158
68421
73684
78947
84210
89473
94736
100000
27920
2905
39247
8254
12438
26316
84064
41700
73346
11990
10718
70437
63158
68421
73684
78947
84210
89473
94736
100000
1
41841
8187
3950
14938
17197
65724
56212
72552
47368
52632
57895
56780
68421
73684
78947
84210
89473
94736
100000
1
13289
9390
15790
37843
21344
54418
36842
49234
47368
52632
63599
51675
68421
73684
41574
42725
89473
94736
100000
1
2845
25462
13736
18948
18967
28372
36842
37235
12985
52632
57895
63158
44701
47917
54313
84210
89473
94736
100000
1
4759
39298
9564
42985
15591
39732
43728
42105
26507
52632
56603
63158
68421
31582
78947
84210
89473
94736
100000
1
2719
18474
14230
16593
30980
37440
36842
37829
30079
26148
75186
63158
68421
73684
78947
84210
89473
94736
100000
1
3005
9507
10513
38959
39577
31579
40937
69054
47368
40495
60352
63158
68421
73684
78947
84210
78118
94736
100000
1
7049
11575
15790
10554
47741
31579
36842
36093
4657
52632
57895
33561
41459
32516
78947
84210
71262
94736
100000
12867
3322
13568
9166
16563
21161
75978
57040
39745
47368
52632
57895
7773
68421
73684
78947
84210
89473
32357
100000
1
2517
10527
4702
17288
13862
81025
36842
42105
47368
52632
55553
63158
42203
73684
78947
10509
75424
94736
100000
1
3668
8152
14230
21053
19937
28372
57381
36042
35636
52632
57895
63158
68421
73684
78947
84210
89473
94736
100000
1
3373
26746
9478
30427
17940
84708
49941
42105
47368
52632
78682
63158
68421
42036
78947
38526
73741
94736
100000
2705
2528
7783
8221
12598
46386
60483
36842
42344
12694
30969
57895
54533
68421
73684
78947
84210
89473
94736
100000
1
15719
63105
10551
18580
19060
31579
36842
42105
47368
16455
57895
63158
68421
73684
78947
84210
89473
94736
100000
37668
4634
26004
13530
21053
42345
53036
36842
42105
47368
52632
69682
63158
41444
73684
78947
84210
89473
94736
100000
8831
43582
7925
15790
12015
26316
89311
36842
42105
26535
16611
57895
63158
68421
73684
78947
84210
74108
94736
100000
1
4759
58266
14230
21053
33253
28372
42869
37276
47368
32867
57895
11035
68421
73684
62492
84210
89473
13612
100000
1
3634
24622
12089
21053
26316
32472
60413
61196
47368
52632
57895
63158
68421
73684
78947
84210
89473
94736
100000
1
4326
9507
4095
32109
26316
31579
36842
42105
19041
19569
57895
31097
68421
73684
78947
84210
89473
94736
100000
1
41196
48136
13105
43949
26316
31579
36842
55965
32694
52632
57895
14145
68421
73684
70976
84210
89473
21247
100000
1
13858
7886
14230
21053
19871
86014
49280
45452
34632
52632
76022
44390
68421
73684
78947
84210
89473
94736
100000
5511
33098
40729
15790
21053
26316
57724
33102
37700
4657
52632
45904
63158
68421
73684
78947
84210
89473
94736
100000
1
2644
44130
10913
21053
22787
31579
69507
42105
12439
52632
57895
63158
68421
73684
30319
84210
89473
94736
100000
1
2929
43957
12993
33735
26316
36571
36842
42105
47368
18800
57895
63158
53591
49856
78947
84210
89473
94736
100000
2791
3872
10527
14132
18224
18318
55266
45409
37223
38110
20271
57895
22735
68421
23463
78947
84210
89473
94736
100000
1
3676
62268
10852
15257
48902
31811
58602
42105
16827
52632
58400
63158
68421
73684
61886
84210
75197
94736
100000
1
40693
8495
14230
30422
21220
31579
36842
33326
17921
52632
57895
27582
68421
66254
78947
84210
89473
94736
100000
1
4759
9507
9461
41371
26316
81105
55717
42105
21962
47318
51628
63158
55431
73684
30405
84210
89473
38320
100000
1
3708
64684
8404
11627
14976
31579
27020
42105
33036
40759
73931
63158
68421
73684
70976
84210
73003
94736
100000
31741
2644
14769
12423
30249
22117
59020
72202
42105
12186
38956
57895
63158
68421
73684
78947
84210
89473
94736
100000
1
12497
9339
4938
18948
21283
67555
36842
36741
47368
52632
57895
56780
68421
73684
78947
84210
89473
12963
100000
24938
3931
58177
15790
22071
26316
31579
64259
42105
18279
17627
57895
63158
53946
73684
29520
84210
76640
94736
100000
1
37244
68730
5455
24382
37475
76671
36842
42105
47368
36546
57895
63158
68421
73684
78947
84210
89473
94736
100000
1
17953
10527
6652
14846
47353
31579
36842
60387
47368
13808
57895
16802
68421
20131
78947
75776
89473
94736
100000
1
39720
10527
4731
17310
19432
89040
31767
65122
47368
52632
56052
63158
55565
73684
27772
48991
89473
15338
100000
38428
38398
7695
12529
18233
41847
36851
62250
42105
16775
52632
57895
10591
68421
28177
29758
84210
89473
94736
100000
32529
5264
8016
13559
9768
19463
31579
42354
41380
14509
52632
57895
21332
41767
58019
34503
84210
89473
94736
100000
1
44622
8893
3937
14856
26316
77713
36842
50043
47368
52632
57895
32525
56870
52911
33425
84210
89473
72572
100000
18546
3421
26115
14887
17414
26316
74976
55855
41057
47368
11673
57895
63158
42067
73684
78947
84210
89473
94736
100000
27358
2513
8194
12971
21053
22354
48329
64482
70024
18659
52632
52071
63158
68421
73684
27455
84210
89473
94736
100000
1
23020
69772
3233
18948
21398
36938
64674
42105
4657
52632
56338
63158
68421
73684
66595
84210
89473
94736
100000
1
15540
63383
5554
18499
38526
85566
36842
69784
21284
52632
57895
63158
68421
73684
78947
84210
89473
94736
100000
1
18002
8116
11004
18948
15479
31579
33102
36847
47368
36776
57895
63158
68421
73684
78947
84210
89473
94736
100000
12221
12465
14254
10482
9626
21293
85902
36842
42105
4657
47318
57895
8256
68421
73684
78947
84210
89473
63066
100000
1
5264
10527
13521
22509
36351
31579
36842
42105
26783
25269
47945
63158
49565
73684
78947
75776
89473
94736
100000
1
3583
17852
15790
14457
26316
54701
33102
51341
42573
52632
57895
63158
68421
22678
33720
84210
89473
94736
100000
18626
4759
9507
13521
35962
28994
80493
36842
42105
47368
22500
73650
63158
68421
73684
78947
84210
76916
94736
100000
1
3866
8033
11654
16721
26316
84331
60301
58603
47368
52632
57895
63158
68421
73684
78947
84210
89473
94736
100000
1
3114
28993
10172
15133
16064
45026
39565
53859
42573
32078
70886
63158
68421
26252
78947
84210
78208
94736
100000
1
3004
45790
7060
12435
39009
31579
36842
33104
47368
52632
48024
63158
68421
73684
78947
84210
89473
94736
100000
1
4251
56982
15790
21053
26316
45190
29019
42105
47368
20492
57895
63158
68421
73684
78947
84210
89473
94736
100000
1
3448
47531
5730
12553
21612
31579
47310
42105
39869
52632
49515
63158
68421
73684
78947
84210
89473
94736
100000
4867
4759
9345
14230
16552
26316
82006
36842
42105
35080
52632
57895
13843
68421
73684
78947
84210
89473
94736
100000
32227
2967
40227
19688
15423
26316
31579
41339
67598
7481
52632
57895
63158
68421
50575
78947
84210
89473
94736
100000
24409
4353
10527
9227
9653
22774
31579
36842
42105
47368
52632
65245
63158
68421
73684
30924
84210
72174
94736
100000
1
4007
49139
15790
18948
17136
31579
36842
63673
15909
52632
57895
63158
68421
27838
78947
84210
89473
94736
100000
30593
4513
60111
9816
21053
26316
31579
36842
42105
16751
52632
67427
63158
68421
73684
78947
84210
89473
94736
100000
34038
3037
8024
3485
17385
22729
31579
30131
42105
47368
47318
67643
63158
68421
73684
39810
84210
89473
94736
100000
27370
4446
68120
11055
16938
17398
56154
36842
42105
47368
52632
57895
63158
68421
73684
27640
74194
89473
94736
100000
1
3270
9507
15790
11421
18454
51383
65666
62144
47368
52632
57895
63158
68421
73684
78947
84210
89473
94736
100000
25555
4759
65749
8813
12805
26681
61951
36842
42105
47368
15948
57895
63158
68421
73684
29053
84210
72760
94736
100000
1
19386
9021
14230
20759
26316
75194
33102
74436
25418
52632
74558
63158
54692
73684
78947
84210
77508
94736
100000
37194
4684
9507
5224
21053
26316
31579
36842
42105
32645
52632
68024
33599
68421
73684
78947
84210
89473
94736
100000
1
4759
10527
11688
13116
26316
31579
27490
42105
26149
35128
57895
63158
61500
22522
78947
60895
89473
94736
100000
1
17120
9335
4845
10472
47177
31579
33102
66216
30174
15527
54565
63158
54515
24567
78947
84210
89473
94736
100000
35709
5273
62046
13776
18948
17547
31579
36842
32295
12325
52632
52071
63158
68421
47079
78947
84210
89473
94736
100000
1
5264
16030
11340
9990
45358
31579
63898
37829
12726
52632
57895
11051
68421
29205
40155
84210
89473
94736
100000
39249
2927
10527
11415
21053
14434
88326
33102
39896
47368
52632
74949
52783
68421
73684
78947
84210
89473
78975
100000
1916
5690
58720
10017
15514
19758
64746
36842
50444
47368
52632
57895
6238
68421
21966
78947
39665
89473
94736
100000
16138
3662
61476
11437
11666
23992
31579
31894
42105
9705
38766
54244
63158
60772
73684
78947
84210
74398
94736
100000
33086
36608
70298
14230
10645
26780
53415
62635
59898
32596
11285
48951
32415
50073
21672
78947
84210
89473
94736
100000
21572
4560
39539
9189
26333
27310
31579
36842
68761
42573
21227
57895
39540
68421
73684
78947
84210
89473
94736
100000
1
29250
9286
3510
14799
26316
31579
46467
42105
42573
52632
57895
63158
68421
21531
78947
84210
89473
94736
100000
1
4650
42884
14230
13525
17032
45169
33102
33692
4931
22977
57895
63158
49095
73684
78947
75776
89473
94736
100000
26786
3256
61557
7737
13388
43118
88030
30574
42105
47368
52632
57895
41320
68421
73684
78947
84210
89473
94736
100000
26512
5264
7894
9473
21053
21402
31579
36842
42105
31035
52632
64564
63158
47172
73684
78947
71759
89473
94736
100000
27394
3865
9478
11392
14581
34079
31579
36842
37829
42573
52632
57895
63158
51077
73684
78947
84210
89473
94736
100000
25254
38205
57001
7192
11115
23671
31579
36842
42105
38698
52632
73701
63158
68421
73684
78947
84210
89473
94736
100000
7634
4081
27796
15790
9538
26316
73362
56504
42105
47368
52632
46551
63158
68421
73684
31548
84210
89473
94736
100000
1
2812
44152
4583
18948
26316
36694
33102
42105
30922
52632
68226
63158
54301
73684
78947
84210
89473
94736
100000
1
4759
61865
6811
35675
26316
28372
66728
34213
13325
52632
59096
63158
54918
73684
27595
84210
89473
94736
100000
31653
39197
10527
15790
21053
13649
31579
36842
42105
47368
52632
59072
35352
49239
19447
78947
84210
89473
94736
100000
1
4326
24488
14230
21053
15554
71122
36842
51051
47368
52632
57895
63158
52825
73684
78947
34239
89473
94736
100000
1
4759
55909
6668
41503
19531
34845
36842
35425
32819
52632
57895
12038
68421
73684
57874
84210
89473
94736
100000
14922
3899
23549
4638
30015
26316
53020
36842
37829
4657
52632
57895
63158
68421
73684
40715
84210
89473
94736
100000
21140
3292
8129
15790
21053
24183
66306
47009
37829
47368
17059
57895
63158
68421
73684
78947
84210
89473
94736
100000
1
4759
7922
9577
21053
18950
32725
36842
67280
42573
25539
57895
63158
68421
24944
78947
84210
89473
94736
100000
35992
3898
65213
8557
18948
26316
31579
33102
58580
4657
52632
56724
63158
68421
73684
78947
38714
89473
94736
100000
21674
3349
54477
8829
12976
18967
60687
36842
42105
47368
52632
57895
63158
52685
65450
78947
84210
89473
94736
100000
1
4759
30647
15790
12985
32028
31579
33312
49897
47368
39701
57895
47522
52660
23444
78947
84210
89473
94736
100000
1
38543
9063
4063
14585
26985
31579
54953
42410
47368
27249
57895
63158
47389
73684
78947
84210
89473
66682
100000
1
3316
56993
5413
12965
26316
71096
36842
70919
26285
52632
57895
63158
68421
73684
78947
84210
89473
94736
100000
1
15078
68242
3860
13896
30782
31579
71976
42105
42573
19221
66276
63158
56599
73684
78947
84210
89473
94736
100000
2462
20669
8548
7115
14938
16157
31579
33102
35267
47368
52632
57895
9566
68421
26192
78947
84210
73328
94736
100000
25577
2517
25960
8750
13753
26316
40834
36842
42105
18583
46767
57895
63158
68421
73684
78947
84210
89473
94736
100000
1
20697
10527
12218
21053
26316
28372
36842
37829
47368
17375
57895
63158
68421
73684
78947
84210
89473
94736
100000
37306
13561
23408
13500
18948
22175
31579
60106
42105
8197
11801
57838
37586
41701
73684
78947
84210
89473
94736
100000
1
4759
49835
14230
33209
23671
87859
44865
42105
10842
52632
57895
6238
68421
73684
78947
67410
89473
94736
100000
1
3849
31994
15790
41043
43825
78830
31777
42105
47368
52632
73502
63158
60082
22641
78947
84210
89473
94736
100000
1
2865
13899
14230
11832
13665
28372
36842
42105
26550
21661
57895
63158
68421
62381
78947
84210
89473
94736
100000
1
9529
20097
3207
21053
16635
38332
36842
42105
29850
29194
71847
63158
68421
73684
45529
84210
89473
94736
100000
4095
39190
48808
5069
17580
26316
56480
36842
42105
42573
52632
71246
52551
68421
73684
35977
84210
89473
94736
100000
100
4759
21196
14230
9748
23671
48904
32993
42105
47368
52632
57895
63158
58169
73684
34657
84210
89473
75022
100000
8569
30172
30817
12166
21053
17396
56523
36842
46835
18124
17323
57895
11358
68421
53518
78947
20254
89473
94736
100000
4431
10945
7918
11101
41900
30236
76523
36842
36467
4657
13033
57895
63158
68421
73684
78947
84210
74554
94736
100000
1
27453
8448
10401
10233
20547
31579
36842
42105
47368
52632
57895
63158
68421
66254
78947
84210
89473
94736
100000
1
5264
12931
14230
17736
22180
28372
33102
33700
47368
21827
57895
52029
68421
73684
78947
12315
89473
94736
100000
1
3005
9507
12428
21053
37065
31579
36842
54832
18370
52632
64025
63158
68421
73684
78947
84210
89473
94736
100000
1
3704
9415
9849
13622
14549
41796
28407
72844
47368
52632
57895
9119
68421
73684
34158
84210
89473
94736
100000
1
4759
41316
9252
21053
17443
31579
66285
42105
23997
21745
57895
63158
68421
73684
78947
84210
89473
94736
100000
1
4759
7678
8641
21053
19794
28372
30607
42105
11456
52632
57895
63158
41578
73684
78947
84210
89473
94736
100000
1
22748
52600
13347
16105
22501
53791
57876
42105
4657
52632
46849
63158
68421
73684
78947
84210
89473
94736
100000
8087
2885
7668
5902
20030
16850
51426
70091
68765
47368
27766
53416
51173
45705
73684
78947
84210
89473
94736
100000
18386
2648
8171
6420
18204
37665
86077
27829
42105
4657
52632
60888
63158
68421
73684
78947
84210
80504
85245
100000
1
4207
9056
9238
31651
22897
39383
29703
42105
38123
13943
57895
23286
68421
73684
30597
84210
89473
94736
100000
5615
42460
33216
15790
10082
26316
31579
36842
42105
17740
14324
57895
63158
61500
73684
78947
84210
89473
94736
100000
35183
4166
57398
11971
12432
28545
55347
30585
42105
47368
15365
57895
63158
68421
38534
70976
84210
75759
94736
100000
1
4038
10527
6684
21053
14039
42005
31845
42105
4657
36193
57895
63158
68421
39723
78947
84210
89473
94736
100000
1626
2776
9507
13513
11838
26316
34061
62169
42105
6230
16736
46862
63158
68421
73684
78947
84210
89473
94736
100000
1
3725
7810
14230
19328
38036
54767
42095
44266
47368
47318
61044
56780
68421
73684
31803
84210
89473
94736
100000
6205
13779
62283
15790
17622
13807
63449
55043
36527
47368
13515
57895
55491
68421
73684
33972
84210
89473
94736
100000
760
3146
9507
11290
30149
21186
31579
38841
37829
42573
18087
57895
17067
68421
73684
78947
74131
89473
94736
100000
1
9550
49249
10567
11838
26316
69772
31590
54829
47368
32101
66641
63158
47402
45004
78947
84210
89473
94736
100000
1
2984
67048
8379
32683
26316
33674
36842
67854
47368
47318
57895
63158
68421
73684
78947
84210
89473
94736
100000
1
4602
49623
14230
43075
25014
78226
36842
75518
42573
11828
57895
34806
68421
73684
78947
84210
89473
94736
100000
1
21689
16467
10050
10309
14346
87732
43522
34144
47368
12400
57895
53530
44983
73684
78947
84210
89473
94736
100000
1
4759
11164
9340
33738
26316
85951
53315
37435
17804
52632
57895
53336
50839
73684
78947
45152
89473
94736
100000
1
3241
7797
7483
21053
42375
76174
39339
69209
4657
14450
48598
63158
68421
73684
78947
84210
89473
94736
100000
34086
27623
13805
15790
40543
38087
31579
27895
42105
47368
52632
60583
43329
55232
73684
53815
84210
89473
94736
100000
18665
16797
16690
13718
28524
24811
31579
71843
70239
6689
52632
57895
6238
44767
19465
78947
84210
89473
94736
100000
1
4710
60385
11678
21053
26316
31579
34045
42105
41437
52632
76334
63158
68421
73684
78947
84210
89473
94736
100000
1
4034
8237
3202
42539
17266
34015
36842
52583
47368
52632
57895
63158
54883
73684
78947
11897
89473
94736
100000
3218
2729
8659
11267
17936
26316
52274
36842
42105
41878
52632
52071
63158
49092
73684
78947
75776
89473
94736
100000
38565
13557
42637
8099
21053
22766
31203
27821
66844
47368
52632
52573
36421
68421
73684
78947
84210
89473
94736
100000
1
4536
9507
12507
38016
47410
39343
32915
36058
47368
52632
53457
63158
54346
73684
78947
84210
89473
94736
100000
15611
4320
46973
3511
10268
42699
49879
35857
42105
42573
52632
68880
45175
51009
73684
68633
84210
89473
94736
100000
1
5264
20105
7322
33814
44859
50489
33102
42105
16877
21320
57895
63158
44903
73684
78947
84210
89473
94736
100000
1
3041
8731
5839
25324
43566
31579
30574
40937
40464
18875
57895
63158
52747
73684
78947
84210
89473
94736
100000
1
5264
61269
13566
13918
26316
65600
43482
42105
47368
52632
57895
63158
68421
73684
46336
84210
78271
94736
100000
23159
4759
8080
4640
19404
26316
31579
28812
42105
13508
19883
78418
16412
68421
73684
78947
84210
89473
94736
100000
1
3810
26451
11829
10286
48926
31579
63959
55915
12783
37371
57895
56780
68421
73684
33526
84210
89473
94736
100000
1
2785
67164
6861
15549
13891
34501
36751
42180
47368
27863
57895
63158
68421
24193
78947
84210
89473
94736
100000
1
3525
53666
12911
18203
38436
31579
29287
34018
26920
19836
57895
55370
68421
39513
78947
84210
89473
94736
100000
10470
20955
63295
11001
21053
13376
31579
33102
67950
47368
32524
57895
56780
56072
73684
78947
84210
89473
94736
100000
1
2512
9168
17631
21053
37343
31579
62089
68853
16187
52632
52071
63158
68421
30780
78947
84210
89473
94736
100000
1
31920
36582
4467
12985
23671
69001
28446
42105
47368
36929
57895
17629
61500
73684
78947
84210
89473
94736
100000
1
40354
69130
10659
14709
18182
79321
69885
50298
27795
52632
57895
10265
68421
22045
78947
84210
89473
76683
100000
11993
3831
57179
7093
17119
26316
31579
48540
32329
47368
14272
75764
63158
68421
73684
78947
84210
89473
94736
100000
21258
2609
22040
13243
18948
35998
31579
55789
42105
47368
52632
57895
24453
68421
73684
78947
32403
89473
94736
100000
1
3887
10527
15790
22122
26316
49837
37964
34694
28944
52632
57895
63158
68421
33833
78947
75776
89473
94736
100000
1
14914
59814
9608
18126
23671
86490
40836
53940
47368
52632
57895
27654
68421
36833
78947
84210
89473
94736
100000
1
4706
9507
15790
11601
23637
89101
53475
42105
47368
52632
57895
63158
68421
73684
78947
84210
89473
94736
100000
1
9690
43960
7721
12206
36952
61192
62494
42105
47368
52632
57895
63158
61500
73684
78947
84210
89473
94736
100000
1
5264
57927
7359
12765
38500
31579
36842
36099
47368
52632
60057
23714
49440
73684
78947
84210
89473
94736
100000
33106
3679
40051
10433
15514
16588
75170
58688
42105
15977
12544
57895
63158
41946
73684
78947
84210
89473
94736
100000
24438
3266
23289
4398
33033
36136
76491
42334
42105
47368
11559
57895
54792
59799
73684
78947
84210
89473
94736
100000
1245
3590
56109
4850
10703
22090
31579
43679
74713
47368
33013
57895
45707
68421
23066
78947
84210
78037
94736
100000
1
4558
42324
12214
42843
37533
46659
63489
76133
23832
42005
57895
47890
68421
73684
78947
84210
80504
94736
100000
1
4337
13867
11233
14556
23671
39989
62243
32126
47368
52632
69487
63158
68421
55163
78947
84210
74922
94736
100000
25938
5264
28535
13005
21053
32042
31579
51738
48754
47368
38917
61663
63158
68421
73684
31947
17487
89473
94736
100000
1
2525
9507
12962
14610
14824
31579
67269
42105
47368
52632
57895
12160
68421
73684
78947
84210
89473
94736
100000
13082
2566
65227
13715
11927
26316
40794
46114
42105
40875
52632
68428
63158
44542
73684
78947
84210
89473
94736
100000
1
4759
59765
8308
21053
18451
35935
46645
42105
47368
20470
76448
6238
56119
73684
78947
84210
89473
94736
100000
3146
4315
8842
7344
18948
26316
28372
28314
66691
42573
41531
57895
63158
68421
19275
78947
84210
89473
94736
100000
1
2756
8088
15790
44171
18711
86731
36842
35714
8585
11462
57895
63158
61500
73684
78947
84210
89473
94736
100000
33472
37837
9507
14230
11728
26609
28372
36842
32840
47368
44457
57895
63158
68421
73684
78947
84210
89473
94736
100000
1
26395
40116
15790
21053
26316
37401
36842
37829
47368
52632
57895
63158
51358
73684
60533
84210
89473
94736
100000
1216
38095
29734
10604
21053
14042
40702
36842
52321
47368
52632
74906
63158
68421
73684
78947
84210
80504
94736
100000
20276
4108
9507
15790
43020
26316
31579
30443
44577
12526
37285
57895
16263
56747
73684
39264
84210
89473
94736
100000
1
39791
55620
10661
21053
21346
31579
36842
55008
9864
52632
57895
20694
42136
47237
78947
84210
89473
94736
100000
1
3266
22843
9324
21053
20188
55002
36842
42105
47368
52632
57895
38356
68421
73684
33179
84210
89473
94736
100000
34294
38735
8684
14230
18948
33451
75066
36842
42105
8110
16487
46221
63158
43984
66254
78947
84210
89473
94736
100000
1
18919
68894
7476
18948
26316
61541
36842
63246
31682
14963
71817
30109
68421
73684
29268
84210
89473
94736
100000
32653
4916
8214
14230
10779
14667
57713
58622
42105
31287
52632
57895
63158
50409
73684
78947
84210
89473
80812
100000
1
34615
12593
14230
18446
26316
32710
65998
33202
47368
52632
57895
63158
68421
73684
78947
84210
78753
94736
100000
1
3020
17944
6027
12250
39510
31579
68483
73866
17635
28490
57895
63158
68421
73684
78947
84210
89473
94736
100000
1
5272
20817
14188
21053
23417
31579
36842
42281
42573
52632
57895
50184
68421
42526
78947
84210
89473
94736
100000
10807
2887
10527
15790
34935
26316
58406
36842
42105
47368
52632
48154
63158
68421
33472
78947
24709
89473
94736
100000
1
4439
10527
15790
9676
16818
31579
36842
61973
6685
17381
57895
63158
52384
73684
31329
84210
75468
94736
100000
1
5264
34093
12105
26546
26316
55849
60812
42105
11911
52632
63702
63158
49571
66254
78947
84210
89473
11338
100000
1
19497
9507
15790
24950
18689
80328
36842
62121
42573
16383
57895
63158
54625
73684
78947
84210
89473
94736
100000
1
4759
10527
15790
17393
47956
53271
36842
35308
6904
52632
57895
63158
68421
73684
36944
84210
89473
94736
100000
1
3209
7737
5278
11838
13927
31690
58886
42105
47368
42847
47890
63158
42408
73684
78947
84210
89473
94736
100000
1
4404
9507
15368
17999
26316
36629
63821
42105
9787
52632
57895
63158
41465
73684
50558
84210
89473
94736
100000
27615
4484
19885
14230
17426
26316
61686
32357
42105
47368
52632
57895
23379
68421
73684
78947
84210
89473
94736
100000
1
3900
9034
4700
14789
26316
63027
57867
42105
47368
52632
63489
63158
68421
73684
78947
24443
89473
39836
100000
25376
2536
23554
12946
18558
29481
31579
36842
32227
47368
12170
57895
63158
68421
73684
70976
84210
89473
94736
100000
1
5264
49523
6684
12332
26316
61086
31180
42105
4657
45763
57895
63158
68421
73684
78947
84210
89473
94736
100000
1
7885
9466
9962
21053
16464
31579
36842
42105
47368
52632
51315
63158
68421
73684
31850
84210
89473
37430
100000
1
4386
8075
18912
14347
21861
87906
36842
51827
36905
52632
72112
6238
68421
73684
78947
84210
89473
94736
100000
25807
4759
7803
14230
12604
26316
31579
36842
37829
47368
47051
57895
63158
49836
73684
78947
84210
89473
72715
100000
1
4759
10527
6854
15133
26316
53450
33102
42105
47368
52632
62340
14065
68421
73684
78947
84210
89473
94736
100000
1
3292
19455
6209
21053
14222
28372
49048
52233
47368
52632
57895
63158
68421
73684
78947
74526
89473
94736
100000
1
5264
10527
15790
17373
26316
31579
30561
34754
4657
52632
63213
11238
68421
19021
63506
84210
89473
94736
100000
20127
24115
9507
8356
21053
26316
31579
42101
42105
37631
52632
57895
63158
56785
19626
78947
84210
89473
94736
100000
35043
4327
56603
7947
14753
26316
86399
30596
42105
32046
15584
52071
63158
68421
22780
78947
46720
89473
94736
100000
28044
16726
60139
4070
16597
48018
31579
30571
42105
47368
47318
57895
56780
68421
73684
78947
84210
89473
94736
100000
1
4759
10527
15790
10236
26316
79175
57252
36611
47368
52632
70127
43039
68421
55174
78947
59520
77827
94736
100000
31737
4280
46558
15790
16262
13276
33906
33102
42105
33283
22041
57895
63158
68421
73684
78947
84210
89473
94736
100000
14849
26869
8737
15790
21053
16150
33055
29925
34218
47368
52632
64771
63158
57102
73684
78947
84210
89473
94736
100000
1
4295
10507
3437
21053
26316
68167
69739
42143
15768
52632
51777
56780
68421
73684
78947
84210
89473
94736
100000
1
21030
7721
15790
18948
15364
31579
36842
37829
47368
15204
73706
63158
68421
20524
78947
84210
89473
85245
100000
11251
3878
9045
15790
12431
21413
28372
36842
49568
28990
52632
57895
56780
68421
73684
28959
84210
73813
94736
100000
37033
18258
10527
8789
21053
20304
55565
58615
42105
15328
47318
57895
16439
68421
73684
78947
84210
89473
94736
100000
1
4214
35445
8963
23222
17253
31579
61518
48639
47368
35124
57895
28563
68421
73684
78947
84210
89473
94736
100000
1
40521
36013
8593
16517
16791
54911
36842
32421
41152
52632
57895
63158
68421
73684
49051
66423
89473
94736
100000
1
42266
9068
15790
21053
23671
31579
33102
42105
47368
31564
49539
63158
68421
73684
78947
84210
89473
94736
100000
1
5264
28057
7880
18948
15285
31579
33102
36921
47368
17972
57895
28932
68421
30824
78947
25797
89473
94736
100000
1
3267
38821
7177
14611
26316
31579
37360
34693
35536
47318
57895
34072
68421
73684
78947
84210
89473
94736
100000
1121
4759
10527
8606
12766
37050
31579
36842
42105
47368
34693
57895
35386
68421
73684
78947
84210
74610
94736
100000
27028
22451
56533
6220
21053
16958
31579
36842
48680
27094
16265
75184
63158
68421
73684
78947
84210
89473
94736
100000
37062
35538
28723
14230
33812
33434
31579
51089
37784
37265
52632
66581
63158
68421
73684
37801
84210
89473
94736
100000
1
4209
9507
14096
12127
23671
84651
36842
42105
37305
52632
57895
63158
61500
73684
78947
84210
77950
50504
100000
32856
4759
53185
5100
21053
21884
60330
68494
63552
47368
14048
57895
63158
68421
73684
78947
84210
89473
94736
100000
1
3819
9903
10735
18948
26316
68424
58302
34443
47368
13674
50732
46071
46168
29635
78947
84210
89473
94736
100000
38878
3885
22760
4006
18183
36239
82705
30668
42105
25158
47318
57895
10918
52962
73684
78947
84210
89473
94736
100000
1
3583
10527
15790
18948
18503
63422
52266
58680
9372
13450
53096
63158
56382
73684
45482
84210
89473
17824
100000
1
38218
41391
7606
15997
26316
36090
31531
51773
47368
28265
57895
26905
61500
63456
78947
84210
89473
94736
100000
1
32223
55148
9042
12329
13812
56012
32545
64367
18831
52632
57895
63158
68421
73684
29298
26592
89473
94736
100000
1
4326
8645
12148
33255
32438
31579
31353
58104
47368
52632
48995
37737
68421
73684
58397
84210
89473
94736
100000
1
45441
8579
15790
21053
18999
31492
36842
34289
47368
52632
57895
63158
68421
73684
78947
84210
89473
94736
100000
17691
29840
52819
6435
35383
24899
31579
36842
47025
47368
42147
50530
12515
68421
73684
78947
84210
89473
94736
100000
1
4759
39854
11340
21053
43867
70723
38211
50330
40590
52632
57895
54897
44754
19169
70976
84210
89473
94736
100000
29830
14880
62824
6264
12067
22806
80826
36842
42105
47368
47318
65163
50547
68421
66254
78947
84210
89473
94736
100000
1
2834
30869
11098
11372
29008
31579
53350
63201
11421
24848
58571
63158
54468
73684
78947
84210
89473
94736
100000
16803
3673
68568
15790
10490
26316
36362
45348
69684
47368
52632
53828
63158
59682
73684
78947
84210
89473
94736
100000
38347
36979
9507
15790
21053
26316
51647
29503
54997
5353
52632
63877
63158
51369
73684
78947
84210
89473
94736
100000
18216
4026
15791
15790
25555
43358
31579
47430
52629
47368
32131
52071
63158
55415
73684
78947
84210
89473
94736
100000
29771
2649
55772
12127
21053
26316
35049
29141
34426
47368
52632
57895
63158
68421
23979
78947
84210
89473
94736
100000
1
3147
9507
4567
11582
26316
31579
36842
33759
47368
52632
57895
63158
68421
73684
28440
84210
89473
94736
100000
1
26592
62853
6456
15620
14174
73182
58535
52949
47368
52632
57895
63158
43201
73684
78947
84210
89473
94736
100000
1
4636
50733
10552
21053
23277
37463
39256
42105
47368
52632
46352
63158
57256
73684
78947
84210
77538
94736
100000
1
3521
53700
8537
11875
26316
66397
36842
56111
47368
52632
73698
63158
68421
73684
78947
84210
89473
94736
100000
1
4095
63891
6768
33313
23551
30647
36842
42105
47368
26041
57895
63158
68421
73684
78947
84210
89473
94736
100000
1
4676
26862
3295
21053
20090
48012
30356
42105
47368
52632
78724
63158
59052
73684
78947
8408
89473
49183
100000
18767
3746
9403
13443
11728
16579
31579
27286
36124
37617
52632
57895
63158
68421
22133
78947
84210
89473
94736
100000
1
24660
9507
12684
12640
26316
88195
36842
36981
47368
52632
57895
63158
56886
73684
78947
84210
89473
94736
100000
36394
5264
8670
4500
21053
26316
72699
36842
36393
47368
52632
57895
63158
49224
43303
78947
84210
89473
94736
100000
27068
28549
45957
13680
21053
23671
42493
36842
42105
4657
39945
57895
11599
54537
73684
34642
84210
89473
94736
100000
1
16178
10527
14230
10457
23282
31579
36842
56631
47368
52632
51715
63158
53479
73684
78947
84210
72163
94736
100000
16364
30278
23872
15790
18948
26316
83187
36842
37829
39426
52632
57895
63158
68421
73684
78947
84210
80504
94736
100000
3980
4530
43072
15834
16138
32239
31579
31738
42105
15246
52632
57895
6238
68421
73684
46235
84210
80504
94736
100000
1
4759
8978
9703
21053
34646
31579
30846
58658
25338
52632
49614
63158
56219
73684
78947
84210
89473
25940
100000
1
4587
7938
7705
38911
43544
45897
27605
42188
42573
52632
58915
63158
41116
73684
78947
84210
89473
94736
100000
35308
3542
9507
10761
35935
13933
31579
36842
40290
47368
19289
51347
18007
51663
73684
78947
84210
89473
81674
100000
1
4583
62040
9569
15028
26316
34100
36842
47745
32206
30001
57895
24160
68421
73684
78947
84210
89473
94736
100000
1
4192
57792
10281
11694
42339
31579
36842
43195
47368
52632
57895
63158
68421
73684
78947
84210
89473
94736
100000
26134
33520
20946
14230
15384
26316
31579
66614
35955
47368
35557
57895
29654
68421
73684
78947
84210
89473
94736
100000
12255
4703
7521
9341
10244
26316
55234
32162
54953
4657
11622
57895
63158
68421
73684
78947
75776
89473
11962
100000
34015
4759
10527
12042
21053
17572
32073
59784
34937
27097
37661
57895
63158
44758
73684
78947
84210
76096
94736
100000
25288
2837
32486
8708
11585
16545
28548
28733
42105
47368
52632
57895
6771
68421
73684
64656
84210
89473
11423
100000
1
3743
9541
15790
22872
47106
66012
33102
54757
47368
11095
52071
63158
68421
73684
78947
84210
89473
94736
100000
35189
3533
28294
15790
12225
19431
31579
62109
42105
47368
52632
57895
63158
61500
73684
78947
84210
89473
94736
100000
34613
4002
7778
12109
10837
39293
31579
32233
42105
47368
52632
57895
63158
68421
73684
78947
20873
89473
94736
100000
1
15411
22354
10186
22375
46216
31579
71787
57868
7211
47318
55843
63158
57377
73684
78947
84210
89473
94736
100000
22768
42677
61044
5479
21053
26573
31579
32025
37071
6848
52632
52071
46628
68421
73684
31048
84210
89473
94736
100000
1
3627
8471
5430
21053
46657
40369
70947
42105
35284
52632
73611
9766
68421
73684
78947
84210
89473
94736
100000
1
4120
28623
6819
11029
14480
31579
55703
42105
29723
52632
61346
63158
41999
73684
78947
25571
89473
11611
100000
1
4759
33711
5234
33657
26316
80473
50397
36263
42573
27408
57895
63158
68421
48215
78947
84210
78332
94736
100000
1
3819
9507
13308
32693
23671
31579
32649
37829
47368
42464
56778
63158
68421
22355
78947
84210
89473
94736
100000
35090
3404
41471
15790
9967
20651
35451
71701
50278
4657
52632
52071
63158
68421
73684
78947
84210
89473
94736
100000
1
33389
9479
14230
9892
37738
33337
33102
46911
47368
52632
57895
8933
68421
73684
78947
84210
89473
12189
100000
32192
22528
22077
8872
17693
24829
40761
28544
73565
4657
52632
73948
35630
68421
73684
36130
84210
89473
94736
100000
32309
4014
25608
14230
18948
45756
50791
49282
35028
47368
21883
56455
63158
68421
73684
27503
84210
89473
94736
100000
28982
5264
45538
5130
18773
16701
31579
36842
42105
47368
52632
57895
30032
41799
73684
78947
84210
89473
94736
100000
1
32343
10527
15790
18053
16799
67971
36842
57792
47368
52632
57895
6238
68421
20636
78947
84210
89473
94736
100000
35694
17587
10527
15790
19486
26316
58619
36842
37829
47368
28164
75227
63158
68421
54431
78947
59907
89473
94736
100000
1
40460
11192
7724
28504
22539
50881
58432
42105
37588
52632
51162
16883
68421
59821
78947
75257
89473
94736
100000
1
4358
10527
5889
18948
23671
81247
58997
65520
15188
52632
57895
56780
68421
73684
78947
8408
89473
94736
100000
37030
3944
25739
9695
13354
26316
57451
36842
56572
47368
31112
57895
10679
68421
73684
78947
84210
89473
11211
100000
1
4588
8125
13392
21053
27077
39178
69542
52140
47368
31203
57463
63158
68421
73684
78947
84210
89473
94736
100000
1
36979
10527
13611
29422
23671
31579
36842
42105
47368
52632
60557
33676
68421
73684
78947
84210
89473
94736
100000
1
3313
25547
3983
15325
26316
58061
36842
49604
15174
52632
57895
63158
55494
23158
32114
75776
89473
94736
100000
1
4759
9507
11054
21053
25581
41103
36842
42105
40473
52632
57895
63158
68421
73684
78947
71052
89473
94736
100000
19872
3837
16897
11110
18948
27613
31579
69519
42105
47368
52632
57895
63158
68421
73684
38462
84210
89473
94736
100000
32993
2818
36057
14230
11764
19057
31579
36842
42105
47368
23541
73258
63158
68421
73684
78947
84210
71532
94736
100000
1
2760
29232
7774
9542
26316
69405
36842
42105
47368
52632
57895
63158
68421
73684
78947
84210
74591
94736
100000
3905
14985
61027
13035
21053
21291
42662
48797
42105
47368
52632
57895
63158
57548
73684
29191
84210
80504
94736
100000
26013
32851
7943
8482
21053
14151
31579
36842
35060
47368
52632
77433
63158
68421
23016
70976
84210
89473
94736
100000
26449
28821
61569
12631
24397
18276
46789
57152
62633
22853
52632
57895
63158
68421
73684
78947
84210
89473
94736
100000
1
3956
53845
11992
11014
23671
31579
36842
34183
47368
18261
46903
63158
68421
73684
34245
84210
89473
94736
100000
1
37879
23071
15790
11666
13069
31579
31810
54725
47368
47318
74348
24460
68421
73684
78947
58403
89473
94736
100000
1
4504
53893
5439
30167
17983
28372
52259
42105
47368
47318
57895
63158
68421
73684
78947
48636
89473
94736
100000
9174
13568
24471
11295
21569
33571
31579
28927
42105
47368
52632
48270
63158
68421
73684
78947
84210
89473
94736
100000
1
6262
58631
15790
38264
16618
53249
36842
33444
47368
19233
52709
63158
68421
41500
78947
84210
89473
94736
100000
7787
33559
9507
3284
12375
26316
34935
54611
42105
47368
43919
52071
63158
68421
73684
78947
84210
78793
94736
100000
1
4332
8062
7108
13716
44443
80638
66806
61357
20391
10862
57895
45662
68421
28623
78947
84210
89473
94736
100000
37244
2592
44650
3199
9563
26316
80391
36842
64323
47368
39915
52071
63158
68421
73684
40081
84210
89473
94736
100000
1
3118
10527
8910
12424
23671
31579
31056
42105
5708
36139
57895
63158
68421
73684
78947
84210
89473
94736
100000
1
4759
8150
15790
21053
13074
31579
61012
42105
47368
52632
57895
63158
45771
28796
78947
84210
89473
94736
100000
17857
4409
38748
13313
9932
18132
31579
27105
36172
13124
27723
51233
56444
68421
73684
78947
84210
89473
94736
100000
1
4198
66108
6620
21053
15041
60702
36842
42105
4657
52632
56264
63158
68421
47444
78947
84210
89473
94736
100000
1
32626
8815
15790
29489
17310
75527
44145
42105
28760
26882
57895
63158
68421
73684
78947
84210
89473
94736
100000
1
40540
56650
14230
15193
26316
60810
29600
36949
47368
10934
57895
63158
68421
30446
78947
84210
89473
94736
100000
1
3982
9507
9180
18647
26316
74524
59500
61699
47368
52632
69630
63158
68421
19163
78947
84210
89473
94736
100000
1
4410
28316
11385
21053
40417
39141
36842
47598
13144
52632
47847
63158
53380
73684
70976
75776
89473
94736
100000
10992
4090
10527
14230
21053
23671
76657
36842
73422
47368
43173
71838
32822
68421
73684
78947
84210
89473
94736
100000
20242
4431
16236
4855
21053
17790
31579
33400
42105
47368
52632
57895
22346
68421
27830
78947
84210
89473
94736
100000
22796
4759
53242
15790
30368
30868
77718
36842
42105
47368
14266
52379
42748
68421
58203
78947
84210
89473
94736
100000
1164
3350
58641
4513
37758
22919
59490
27657
32973
47368
22815
57895
63158
68421
41190
78947
84210
89473
72373
100000
1
4331
66185
7760
21053
26316
62985
71657
33266
30152
52632
61928
63158
68421
23602
78947
84210
89473
94736
100000
17355
4491
10527
12401
14412
20887
36685
42681
37829
47368
52632
48408
63158
68421
73684
70976
84210
89473
94736
100000
21853
5264
10437
9564
18365
26316
31579
31602
75825
4815
52632
57895
22292
59460
73684
32512
84210
89473
94736
100000
1
32944
27221
9611
35255
26316
72548
36842
65810
42405
52632
47784
47268
42623
73684
78947
84210
89473
94736
100000
1
3767
16654
11047
18037
36244
31579
36842
35171
26582
52632
57895
25485
68421
73684
78947
84210
89473
11772
100000
3200
4759
57809
3643
15620
14292
31579
63131
42105
6059
46187
60683
63158
68421
73684
78947
84210
89473
94736
100000
1
2885
9158
7198
21053
28045
31579
36842
42105
4657
52632
57895
63158
53806
73684
78947
84210
89473
94736
100000
1
6243
43091
12053
14428
38276
36270
55262
33448
4657
18796
57895
63158
68421
73684
78947
84210
89473
94736
100000
1
4759
18742
15790
30218
34861
28372
27443
45899
24297
52632
52071
63158
68421
73684
78947
84210
89473
94736
100000
1
2840
10527
3883
21053
22518
31579
36842
42105
47368
52632
72547
63158
42460
59029
78947
84210
89473
94736
100000
33698
3041
8526
4729
13631
20406
31579
29085
42105
35458
29854
66915
63158
68421
73684
78947
70548
89473
94736
100000
28063
33423
7820
7325
32933
18881
31579
36842
42105
42573
14250
57895
14755
68421
29142
78947
84210
89473
94736
100000
16449
3281
55136
7798
21053
19920
31579
36842
42105
47368
25441
57895
63158
68421
24566
78947
84210
89473
94736
100000
17440
5264
26667
5602
18948
15629
74727
36842
42105
47368
52632
63154
63158
68421
73684
78947
84210
89473
94736
100000
5447
4387
63021
12486
18948
26444
31579
53118
42105
4657
52632
57895
63158
45321
73684
78947
84210
89473
94736
100000
1
4029
44877
9881
21053
29889
31579
61048
42105
47368
52632
70789
63158
55069
73684
78947
58880
89473
94736
100000
1
18589
10527
15790
29326
43616
51530
73203
35508
11995
52632
49829
47390
68421
73684
78947
84210
89473
94736
100000
9143
4368
9219
15790
10613
26316
74131
36842
42105
33753
19744
57895
42218
68421
37193
78947
84210
89473
94736
100000
896
3970
13800
5097
12054
13859
46314
37924
53862
47368
14560
51504
63158
68421
73684
78947
60516
89473
94736
100000
1
2561
57187
4030
11062
22224
30859
72208
42105
47368
52632
57895
63158
52588
73684
78947
84210
89473
94736
100000
1713
25766
7594
15790
18075
23671
31579
51837
37829
47368
12319
57895
63158
48180
73684
78947
84210
89473
94736
100000
1
27284
7645
15790
15890
19793
31579
44322
42105
47368
38442
57895
55782
68421
73684
70976
37960
89473
94736
100000
1
3381
44605
6838
21053
28848
79705
31810
42105
47368
52632
57895
63158
68421
73684
78947
84210
89473
94736
100000
13744
44119
7489
9916
18948
15850
31579
36842
42105
14641
52632
57895
54312
68421
73684
70976
84210
89473
94736
100000
1
20207
56054
5623
21053
42422
31579
35770
42105
8763
52632
57895
56780
68421
52714
62020
73744
89473
94736
100000
1
17236
37547
15790
11999
26316
28643
43577
42105
4657
52632
76806
63158
68421
73684
78947
84210
89473
94736
100000
24935
37872
10527
11000
15116
16754
45843
36842
42105
47368
32318
63263
63158
68421
73684
78947
84210
89473
94736
100000
26692
5264
63972
12932
26732
26316
31579
36842
42105
31451
28877
58102
63158
68421
73684
64656
84210
89473
94736
100000
1
3593
12965
8741
21053
26316
28372
33101
42105
35895
13128
57895
56780
68421
60865
78947
84210
89473
94736
100000
1
3313
8780
10134
18948
17255
28949
36842
34720
47368
52632
49957
49112
68421
73684
32311
84210
80504
94736
100000
1
4337
61014
14012
18948
23671
32750
27955
38613
47368
52632
57895
17739
68421
73684
78947
84210
89473
94736
100000
20131
4561
9394
12288
27603
19531
29330
35355
34333
47368
52632
57895
63158
68421
73684
78947
84210
89473
94736
100000
1
34752
52918
9995
21053
25354
89426
36842
60830
47368
17717
57119
63158
68421
73684
78947
84210
89473
94736
100000
1
3734
8888
9491
16527
45030
66475
46416
42105
47368
52632
46089
6238
68421
73684
70400
84210
89473
94736
100000
8777
17444
26559
4601
32074
19411
31579
45885
34204
47368
32489
57895
63158
68421
73684
78947
84210
89473
94736
100000
1
4031
58007
13790
16085
26316
81134
44612
42105
32527
52632
75531
63158
68421
73684
78947
70157
89473
94736
100000
1
44909
51328
7185
17110
13421
31579
36842
62189
17904
35006
47861
63158
68421
73684
78947
84210
89473
94736
100000
1290
41502
13640
11371
10668
13935
28372
32613
42105
47368
52632
58683
63158
60497
73684
78947
84210
89473
94736
100000
9537
3858
9507
15790
21053
26316
31579
54692
37829
47368
41630
57895
56780
68421
73684
78947
84210
89473
94736
100000
1
17982
60508
4565
21053
26316
66563
70362
42105
4657
18287
57895
32918
68421
73684
33418
84210
76214
51210
100000
1970
3313
39946
8703
13256
31340
69622
36842
42105
41819
52632
51092
63158
68421
73684
78947
84210
89473
94736
100000
1
27215
34688
4041
11490
30517
63733
33102
40595
47368
40690
57895
63158
52019
73684
78947
84210
77904
94736
100000
1
24205
10527
5587
15826
18261
31579
36842
40473
19717
43313
46001
51887
45887
73684
78947
84210
89473
94736
100000
1
2847
8694
10599
42198
23671
61893
58788
42105
47368
46569
57895
6238
68421
73684
78947
84210
89473
94736
100000
1
3210
31164
12606
18948
23671
31579
41181
53103
17451
52632
61368
63158
68421
73684
78947
8408
89473
94736
100000
1
4212
41192
4518
18948
38695
59742
29449
37829
47368
33244
74415
55853
68421
73684
29916
84210
89473
94736
100000
1
7335
29078
15790
21053
21484
31579
36842
41993
47368
45674
52071
46119
68421
22388
59929
39074
75883
94736
100000
1
4759
68482
14347
21053
20686
84651
33102
32745
47368
52632
64197
63158
68421
66254
78947
84210
89473
94736
100000
1
12883
10527
4943
10275
26316
75986
28679
56476
47368
47318
57895
63158
68421
24766
78947
84210
89473
94736
100000
3927
4759
55334
3926
13583
26316
37633
42518
65163
47368
52632
57895
63158
50582
73684
78947
84210
89473
94736
100000
1
4299
53560
13970
22717
26316
60870
61195
59850
27090
52632
57895
63158
58641
73684
78947
84210
89473
94736
100000
18747
3491
67641
15790
12437
15489
31579
36025
42105
26783
29225
57895
63158
68421
66254
78947
44404
89473
94736
100000
1
41521
8131
9966
11363
21706
85643
50878
42105
42573
52632
57895
55257
68421
19568
70976
8408
89473
94736
100000
18727
3771
19175
15790
21053
15237
31579
36842
41209
5477
39513
57895
63158
68421
66254
32412
84210
89473
94736
100000
28334
3395
9507
6127
11198
26316
74933
57158
72502
41100
18094
49812
63158
61500
73684
31832
84210
77658
94736
100000
1
5264
10527
6854
28860
40062
76695
36842
42105
47368
52632
57895
63158
68421
73684
32653
84210
89473
94736
100000
1
20407
7790
11349
12173
23671
66300
36842
42105
19143
37896
52930
63158
68421
73684
78947
84210
89473
94736
100000
1
3636
9507
12962
18920
26316
81091
59267
42105
47368
52632
57895
56780
68421
73684
78947
84210
89473
94736
100000
1
2801
10527
12055
31564
23594
44549
33102
42105
15673
52632
52705
63158
68421
73684
78947
84210
89473
94736
100000
12317
4349
9342
12987
14646
19766
40794
36842
42105
47368
11862
57895
63158
68421
73684
29020
11757
89473
94736
100000
9538
4014
16682
9564
25466
26316
28372
28160
34171
4657
52632
57895
63158
68421
26407
78947
84210
89473
94736
100000
32011
34560
68392
13075
19304
43814
50183
61975
37489
14074
52632
60044
63158
68421
73684
78947
66516
89473
94736
100000
1
24072
34104
15790
21053
26316
28372
36842
62246
18166
52632
57895
63158
68421
73684
70976
84210
89473
94736
100000
1
24355
43323
11372
21053
23671
39807
36842
42038
47368
52632
57895
10559
68421
32224
78947
84210
89473
94736
100000
1
2509
41695
11652
21053
22837
31579
59062
42105
29888
39845
49774
6238
48762
73684
78947
27058
89473
94736
100000
1
4759
50492
5009
11342
26316
30838
36842
34509
7425
16593
57895
37655
61500
73684
78947
84210
89473
94736
100000
1
3386
10527
14230
43228
16436
31579
56452
57813
37993
52632
57895
56780
46324
73684
78947
37484
89473
94736
100000
1
13556
41955
11320
18948
23671
55711
31717
59803
47368
52632
48650
63158
43893
26570
78947
84210
89473
94736
100000
1
2968
27241
15790
21053
15377
35641
27216
54089
39491
47318
52071
14417
53898
73684
78947
84210
89473
94736
100000
1
45518
41843
14230
27928
13723
74079
33102
42105
32870
52632
45971
19567
49274
73684
78947
84210
89473
94736
100000
36200
3112
35828
12959
18948
21856
43186
36842
66721
47368
52632
70669
63158
68421
73684
78947
84210
89473
94736
100000
1
3086
7559
5817
21053
23671
80520
44043
42105
8777
52632
57895
63158
54879
47813
78947
84210
89473
94736
100000
37986
3774
20862
15790
18948
16606
36519
36842
37745
47368
52632
52071
63158
47160
73684
78947
84210
89473
94736
100000
1
3318
16147
18993
16999
34523
28887
60585
51619
47368
52632
57895
43375
58378
24705
78947
84210
89473
94736
100000
1
3811
59921
4860
18001
15105
47936
31531
42105
47368
52632
66190
63158
68421
30605
78947
84210
89473
94736
100000
1
25194
27060
8421
42433
23671
70910
36842
52413
47368
31127
57895
43539
68421
41792
78947
84210
89473
94736
100000
1
5264
9507
3510
22193
17349
61540
48517
35694
13280
47318
57895
22741
51334
25946
69956
84210
89473
94736
100000
1
30203
56291
5919
21640
13590
31579
32809
35739
38280
52632
57895
63158
68421
47349
78947
84210
89473
11798
100000
1
15750
10527
8829
13013
26316
76112
33102
42105
47368
52632
52071
52736
68421
73684
78947
84210
89473
94736
100000
1
11014
9507
15790
21053
22757
36296
33102
42105
47368
47318
57895
44146
68421
73684
78947
84210
89473
94736
100000
1
4759
35677
3949
10367
26316
53876
55819
46384
47368
12615
57895
63158
42218
73684
78947
84210
89473
94736
100000
1
5286
10527
15790
11496
46867
31579
43900
42105
13846
46816
57895
63158
68421
73684
78947
84210
89473
94736
100000
1
2503
7709
7503
18948
48436
31579
36842
42105
14446
47318
57895
63158
45340
57965
78947
84210
89473
94736
100000
1
12867
21912
14230
21053
17548
31579
36842
37829
47368
52632
57895
63158
68421
73684
78947
84210
89473
94736
100000
18342
3467
15956
3422
24968
36722
28372
65941
42105
19041
52632
63244
40852
68421
33780
78947
84210
89473
94736
100000
20133
16212
60379
13140
36064
26316
28372
41535
73511
37379
52632
57895
63158
68421
73684
60752
84210
89473
94736
100000
32562
23463
10527
15790
12434
17095
31579
36842
37650
18315
23075
58605
63158
68421
73684
78947
84210
89473
24559
100000
1
3682
49664
11544
14367
29898
31579
49042
50303
47368
52632
57868
63158
68421
73684
78947
84210
79276
94736
100000
21358
4289
70287
16450
43442
23129
31579
64036
42105
21178
13324
57895
42231
68421
66254
64073
84210
89473
94736
100000
10904
4832
36117
4760
43922
26316
28372
51605
42105
47368
19050
57895
63158
68421
73684
29164
84210
89473
94736
100000
1
4319
8168
5058
27008
47188
76284
36842
42105
4657
40238
57895
63158
43201
73684
78947
84210
89473
94736
100000
1
3237
8999
7081
21053
26316
62637
49930
56809
40400
52632
65640
29126
68421
73684
78947
84210
89473
19824
100000
1
4759
7502
6946
28396
16926
75182
53767
37829
4657
52632
57895
6238
58061
73684
78947
84210
89473
94736
100000
1
12383
55126
15279
26359
15877
31579
36842
33674
47368
52632
70142
23035
68421
73684
78947
84210
89473
94736
100000
1
5264
9507
14027
21053
26316
31579
32060
75387
47368
52632
76117
63158
68421
73684
78947
84210
89473
94736
100000
1
2510
67688
12872
13179
17057
77974
32828
37829
47368
47318
57895
35185
46942
73684
78947
84210
89473
94736
100000
27384
3053
68615
15790
10250
47206
31579
36842
60611
47368
11060
52071
24879
46700
73684
41511
84210
89473
94736
100000
3978
2819
33547
15790
18948
35405
31579
32265
60722
19293
52632
71003
6238
68421
73684
78947
84210
89473
94736
100000
2410
4020
53133
4862
15341
14319
31579
35848
42105
37732
52632
57895
63158
68421
73684
78947
84210
89473
94736
100000
1
27725
9265
7764
11718
28307
65689
42191
42105
47368
52632
64467
16566
68421
73684
78947
84210
89473
94736
100000
1
16592
54526
15790
10125
26316
74407
36842
41505
19893
47318
57895
56780
53983
73684
78947
84210
73253
94736
100000
1
4596
7569
10116
21053
26316
31579
36842
67406
47368
52632
57895
56780
68421
73684
78947
84210
89473
94736
100000
32124
2744
8183
13522
16317
35449
45420
36842
42105
47368
36511
48171
63158
68421
73684
78947
84210
89473
94736
100000
33425
5264
9507
14230
11062
38649
54233
70868
42105
25701
52632
57895
63158
68421
73684
78947
84210
89473
94736
100000
37846
4759
68796
10735
15146
17790
85358
36842
33065
38437
52632
61820
63158
68421
73684
78947
84210
89473
35858
100000
19308
5264
13922
15790
22622
23671
31579
36842
42105
47368
15997
57895
63158
68421
73684
54566
84210
89473
76207
100000
1709
2662
8107
14230
10268
30821
74463
39780
42105
47368
10888
52071
63158
43235
73684
78947
84210
76383
94736
100000
7667
7208
9507
15790
21053
22674
31579
70280
42105
47368
52632
57895
11042
68421
73684
78947
84210
89473
94736
100000
1
3057
8017
12630
10898
20118
28372
71418
46355
47368
52632
57895
63158
68421
73684
30478
84210
89473
94736
100000
1
23537
9507
3397
14367
19444
28749
36842
42105
9651
13007
55714
47698
68421
73684
78947
84210
73170
94736
100000
1
3334
64331
4827
38294
26316
79568
31446
73198
47368
52632
57895
63158
68421
40449
78947
84210
89473
94736
100000
35692
4495
9170
8365
42360
23671
84864
36842
69338
47368
24507
52071
63158
50029
73684
78947
84210
78631
45391
100000
1
3500
59990
15790
32607
23681
35667
29947
72550
25602
26233
57895
27354
68421
73684
78947
84210
89473
94736
100000
1
8601
40200
15790
18948
19527
31579
36842
40645
16295
46759
57895
25358
68421
73684
78947
84210
89473
94736
100000
1
5264
17823
10473
11316
44878
31579
36842
35228
47368
31583
57895
63158
57734
57508
78947
8408
89473
94736
100000
1
5264
67488
15790
18948
43032
57458
57935
42105
38832
44417
57895
9417
68421
32071
78947
84210
74050
94736
100000
1
35944
22532
16385
21053
26316
31579
64065
37829
29947
52632
47362
63158
68421
73684
78947
61485
75412
94736
100000
6151
3203
21521
15790
18948
16992
36317
31859
42105
4657
52632
57895
63158
68421
73684
29626
84210
75143
94736
100000
1
3091
26077
11605
18833
21995
31579
36842
63761
22253
17405
76371
63158
68421
73684
30453
84210
89473
11490
100000
2806
3451
69932
7422
18948
40725
68616
36842
42105
47368
52632
57895
33382
68421
73684
78947
84210
89473
94736
100000
1
4736
10527
15790
12697
23653
59472
31141
42105
29793
17881
57895
63158
50173
42569
78947
9213
89473
94736
100000
1
3929
34977
15790
9489
13324
31579
36842
42105
28182
52632
64603
63158
68421
47117
78947
84210
89473
94736
100000
1
3930
10527
12044
30648
33642
31579
28560
42105
10798
52632
69672
63158
50341
73684
78947
75776
89473
94736
100000
29029
15372
10527
15790
21053
13414
49270
30840
62827
47368
52632
49865
16233
61500
73684
78947
84210
89473
94736
100000
1
46195
14103
9052
16168
25478
66598
36842
33415
47368
43748
57895
63158
68421
73684
70976
84210
89473
94736
100000
28197
3215
27084
5719
21053
28571
89447
36842
63738
47368
27151
57895
63158
68421
42029
78947
84210
76819
85245
100000
1
4759
9507
13585
11729
46555
31579
36842
66914
33820
17791
57895
63158
68421
73684
78947
84210
89473
94736
100000
1
3540
9507
15790
11440
41574
31579
33102
45859
5472
20092
57895
63158
68421
73684
78947
84210
89473
94736
100000
20612
3881
50961
15790
11601
23671
31579
36842
47088
9650
52632
57895
63158
68421
73684
78947
84210
89473
94736
100000
1
38349
30286
4336
10894
15497
31579
33102
35421
47368
52632
46924
6238
68421
73684
78947
84210
89473
94736
100000
12541
25699
58828
6002
21053
23671
31579
36842
42105
47368
31018
57895
7984
68421
73684
78947
52173
76844
94736
100000
19496
4759
25848
6598
16000
36719
31579
33102
42105
47368
52632
57895
63158
68421
73684
78947
84210
89473
94736
100000
1
4759
8383
15241
13054
26316
67567
36842
42105
47368
47318
57895
63158
68421
73684
78947
84210
89473
94736
100000
16576
2879
43811
8985
29513
26316
28372
52081
55611
41530
52632
77911
63158
68421
22388
78947
84210
89473
94736
100000
26642
3401
66934
14055
11784
49312
62608
55439
42105
33732
52632
51547
63158
68421
23558
34615
84210
89473
94736
100000
1
3845
8320
12224
38431
26316
41187
69025
42105
47368
47318
74420
63158
68421
73684
78947
84210
89473
94736
100000
1
3434
55540
8862
21296
16877
71069
36842
36183
47368
52632
57895
35286
68421
20785
34047
84210
89473
94736
100000
15868
9446
9507
4103
29142
26316
62437
33193
56729
47368
52632
51294
63158
68421
73684
52182
84210
89473
94736
100000
16171
41516
61437
15790
9785
26316
28286
46413
37829
4657
31018
57895
48751
57286
43444
78947
84210
89473
94736
100000
1
4759
8813
4363
40951
17122
54066
36842
39314
14894
52632
57895
63158
42709
73684
78947
66210
89473
94736
100000
5910
2543
9204
12142
13212
22122
34229
42863
44687
47368
52632
57895
17482
51065
73684
78947
84210
89473
94736
100000
29332
4759
9127
15790
17162
14813
41088
36842
42105
27586
52632
47277
55476
42788
73684
78947
84210
89473
94736
100000
24621
4071
65398
15790
15134
40225
66897
41667
34343
42573
40825
57895
53793
50231
73684
78947
84210
89473
94736
100000
1
3091
32998
13299
25202
40720
31579
27179
37829
47368
35993
49046
26259
49723
73684
78947
54972
89473
94736
100000
1
37338
8619
5928
13305
48577
31579
36842
42105
4657
29650
57895
63158
68421
73684
32004
84210
71719
94736
100000
1
27644
32188
6117
21053
26316
87394
68884
47381
31477
52632
57895
26769
49719
73684
78947
84210
89473
94736
100000
10639
20187
11194
14331
9584
26316
76447
36842
73518
10658
52632
78421
38428
68421
73684
61557
84210
89473
94736
100000
1
25316
27140
8712
18948
21167
28372
36842
42105
9720
52632
63649
63158
50115
73684
78947
84210
89473
94736
100000
21713
46374
8131
14957
18576
26316
31579
27766
59874
11940
52632
57895
63158
68421
73684
78947
84210
89473
94736
100000
1
3770
65219
5584
16135
26316
52742
36842
59664
47368
28731
57895
63158
68421
73684
78947
84210
89473
94736
100000
1
4759
33836
6019
11026
17308
31579
36842
42105
47368
47283
69765
63158
68421
30176
78947
84210
89473
94736
100000
1
21822
43298
9891
11657
20849
31579
69171
55108
34037
52632
57895
63158
47727
73684
70976
84210
89473
94736
100000
1
2885
23163
6197
19041
20235
31579
36842
42105
4740
52632
60212
63158
47752
66254
78947
84210
89473
94736
100000
1
13705
12865
16911
18675
26316
81731
30908
42105
37017
52632
54135
63158
68421
73684
78947
84210
89473
94736
100000
1
3334
10527
15790
14233
18439
28372
72678
42105
37222
52632
78156
63158
68421
73684
78947
84210
89473
94736
100000
1
12753
7835
9367
11082
26316
31579
36842
37829
24231
37681
57895
63158
61500
73684
78947
84210
89473
94736
100000
1
3748
34954
14230
10231
20605
31579
61733
74290
47368
14930
52071
63158
68421
73684
78947
84210
89473
94736
100000
1
3748
69737
13849
18948
26316
64906
65647
41481
47368
43265
57895
32088
68421
73684
78947
84210
89473
94736
100000
1
4449
12989
11223
16344
14131
31579
51042
42105
9919
31073
68240
7950
68421
73684
33219
84210
89473
94736
100000
5788
3856
54994
14138
18361
26316
54108
36842
61994
47368
40285
57895
63158
68421
73684
78947
84210
89473
94736
100000
1
44197
65134
13805
21053
26316
31579
41734
70943
47368
52632
76975
63158
68421
73684
78947
84210
89473
94736
100000
1
4556
30160
15540
21053
26316
72834
71126
42105
47368
39795
57884
63158
68421
73684
78947
84210
89473
94736
100000
13630
23606
67671
12105
17096
14753
28372
31140
35872
47368
52632
57895
63158
44317
73684
78947
75776
89473
94736
100000
1
5264
9507
14230
21053
27234
31579
47676
55315
11883
52632
50107
56780
43186
73684
78947
84210
89473
94736
100000
1
3752
7546
13682
16083
26316
31579
36842
38253
47368
52632
57895
45593
68421
21956
78947
84210
76712
94736
100000
1
44566
10527
9361
21053
26535
47890
43687
47022
47368
27738
52882
6238
68421
73684
78947
84210
89473
94736
100000
1
40957
39755
12859
21053
26316
31579
30755
42105
32094
47318
57895
63158
41635
73684
34539
63856
89473
94736
100000
1
3846
25991
5367
16798
17417
71334
67321
36835
47368
52632
64139
63158
68421
73684
55672
84210
89473
94736
100000
1
3159
43238
3689
18948
34119
65314
29574
62666
47368
39005
57895
53021
68421
20420
78947
8408
89473
94736
100000
1
37093
26819
16579
21053
14968
31579
38234
42105
47368
41174
57895
35120
68421
23847
78947
84210
73959
94736
100000
1
5260
40398
4440
21053
17693
63085
36842
59415
11499
41690
57895
63158
68421
73684
78947
75776
89473
94736
100000
14510
40760
57274
4181
24242
21819
28372
39840
37829
12326
52632
72381
16317
61500
73684
27941
84210
89473
94736
100000
165
3993
31101
7794
21053
26316
35240
33102
35369
47368
26186
52071
63158
68421
73684
34290
84210
89473
94736
100000
1
14610
7782
11122
15924
23671
51693
33300
42105
47368
52632
57895
35165
45599
73684
78947
84210
89473
94736
100000
1
3001
10527
9493
18948
26316
31579
36842
42105
47368
34972
52897
50467
68421
45960
44381
84210
89473
94736
100000
1
4428
8556
19401
21053
23671
75787
36842
42105
26584
40018
57895
52414
43528
73684
78947
84210
89473
94736
100000
33131
31000
8765
9058
18334
23671
31579
36842
57420
7730
17923
57895
56780
68421
73684
78947
84210
89473
94736
100000
24186
2801
69455
9379
11498
21706
65346
36842
37829
47368
47318
57895
63158
68421
19707
78947
84210
80504
94736
100000
1
22169
7919
12210
18434
26316
62650
35843
42105
47368
52632
57895
63158
68421
73684
65361
84210
89473
38336
100000
1
4759
44382
11183
18665
26316
46475
68255
51194
34466
52632
73179
17211
68421
73684
78947
84210
89473
94736
100000
1
24565
33223
3451
16937
13718
29824
36842
42105
47368
13317
57895
41280
68421
73684
78947
84210
89473
51393
100000
1
4332
9507
7671
21053
21387
31579
71888
37829
47368
52632
57895
18335
68421
73684
70976
84210
89473
94736
100000
27060
32442
57194
13974
15116
21672
29739
28930
42105
30295
52632
70702
63158
68421
25601
78947
84210
89473
94736
100000
30573
36636
8970
9445
13374
23067
35242
36842
70409
34885
52632
55963
34137
68421
73684
78947
84210
89473
94736
100000
14418
17264
56836
15790
21053
47781
31579
36842
42105
47368
15046
53457
63158
58116
73684
78947
84210
89473
94736
100000
1
14374
32105
12385
12620
32247
79335
40781
75772
47368
47318
57895
46862
68421
73684
78947
84210
89473
94736
100000
22164
3822
63179
8362
15680
18643
84999
41296
32163
47368
52632
57895
63158
68421
73684
78947
84210
89473
94736
100000
1
3127
42719
5158
15592
41448
55413
30316
45964
20678
52632
57895
63158
68421
73684
66373
36603
89473
94736
100000
16794
4645
15907
8015
18948
26316
31579
62093
36671
47368
52632
57895
50680
68421
73684
78947
84210
89473
59440
100000
10469
21317
9507
15790
9940
26316
31579
36842
36080
47368
16956
78808
63158
68421
73684
78947
75776
89473
94736
100000
28374
4245
8158
11458
14291
22482
63406
36842
42105
33440
37259
57895
63158
45253
73684
78947
84210
89473
94736
100000
37929
4119
45234
8581
43411
19971
54554
33102
42105
47368
52632
50170
63158
57701
73684
78947
84210
89473
94736
100000
1
4759
9507
15790
10586
37338
57781
36842
42105
47368
39811
57895
63158
68421
73684
78947
84210
89473
94736
100000
1
4369
8851
12298
43179
17710
84910
36842
37829
19229
47318
57895
52338
68421
73684
78947
8408
89473
94736
100000
14161
41710
53968
15790
21053
21482
31579
32805
42105
42573
52632
72316
21941
56506
73684
78947
75776
89473
94736
100000
1
4759
13111
15790
15460
21830
53388
58175
42588
7661
45837
57881
34064
68421
29900
78947
13625
89473
94736
100000
1
14905
37581
15790
13926
26316
31579
33102
42105
36532
52632
57895
63158
68421
73684
78947
84210
89473
94736
100000
7328
8557
58878
9405
18948
23034
34124
36842
73115
47368
52632
51008
63158
68421
23842
78947
84210
89473
94736
100000
1
4759
7745
18712
18948
43747
31579
53592
42105
14691
15552
57895
20217
68421
73684
78947
84210
89473
94736
100000
1
3127
10527
15790
13801
16757
31579
30031
39543
47368
18031
57895
63158
68421
73684
78947
84210
89473
94736
100000
38479
3876
21023
10945
16808
18050
41837
33102
42105
42573
52632
57895
63158
68421
73684
78947
84210
89473
94736
100000
1
4333
67020
13069
21053
26316
31579
36842
42105
47368
52632
57895
6238
68421
73684
78947
66401
89473
43406
100000
1
4759
8899
13607
14351
22882
77658
34236
66602
28391
52632
57895
34625
68421
73684
78947
84210
89473
54100
100000
1
4501
28326
15790
10135
15308
31579
36842
42105
47368
17274
50349
63158
49773
73684
78947
84210
89473
94736
100000
28004
2547
21792
14230
21053
39929
58703
37466
42105
22858
52632
57895
27947
53786
66254
34673
84210
89473
94736
100000
1
3845
37875
9136
21053
24851
31579
29804
42105
26865
16425
57895
63158
50743
22223
78947
84210
89473
94736
100000
1
4759
9507
14230
19429
16955
63625
55196
42105
18534
47318
57895
63158
68421
73684
78947
84210
89473
94736
100000
1
4759
7536
4651
43679
48801
28372
62119
42105
19010
52632
57895
63158
68421
66254
78947
10304
89473
94736
100000
1
38018
38230
7404
21053
26316
55716
36842
54587
17322
52632
57895
63158
68421
73684
78947
84210
78056
94736
100000
39205
11791
10527
9102
27945
23191
51158
36842
73694
47368
52632
57895
63158
51763
73684
78947
84210
89473
94736
100000
1
2770
9507
15790
21053
17606
68331
54360
76146
47368
52632
57895
63158
68421
24727
78947
84210
89473
94736
100000
1
3846
8093
15833
21053
22694
31579
36842
38835
12324
52632
57895
63158
68421
73684
78947
84210
89473
94736
100000
19419
2616
53364
6182
15015
26316
31579
57665
42105
4657
47318
57895
52402
68421
73684
78947
84210
89473
94736
100000
1
18857
29796
13933
40162
23671
29184
28080
42105
47368
32077
57895
27249
68421
73684
78947
84210
89473
94736
100000
31195
4488
8061
9778
12620
26316
86791
70199
42105
47368
13616
57895
63158
40972
73684
78947
84210
89473
94736
100000
1
11899
69713
5487
17160
18712
35332
67319
35383
7389
30329
76172
63158
68421
73684
28417
84210
78170
94736
100000
1
22551
25911
5716
33583
40566
31579
55225
42105
25305
35117
52071
29420
58018
73684
78947
84210
89473
94736
100000
1
5264
22664
13607
21053
14813
71260
33102
42105
47368
52632
57895
63158
51652
73684
78947
84210
79108
94736
100000
10598
3181
67109
15790
18948
31808
59628
55654
63795
10120
28825
52503
63158
56646
73684
78947
84210
89473
94736
100000
36342
11572
10527
15790
18848
24897
28372
28040
33104
4657
52632
57895
63158
68421
73684
78947
84210
89473
94736
100000
1
3439
38226
7751
14735
26316
47080
36842
32446
47368
52632
46013
27429
68421
64343
78947
84210
73526
94736
100000
1
41933
7943
9745
21053
24466
31579
27663
66573
47368
52632
57895
30169
44978
19051
78947
84210
89473
94736
100000
1
35051
9507
9485
19225
15618
44945
27192
75405
36734
52632
73203
6238
49743
73684
78947
84210
89473
94736
100000
1
4100
23829
10175
12464
40280
71163
38957
42105
25089
12822
54879
63158
42063
73684
78947
84210
89473
94736
100000
1
2512
9507
6555
9878
26316
31579
36842
74490
4657
52632
62887
63158
68421
53574
78947
84210
89473
94736
100000
8851
2497
20289
7697
32409
23671
51377
67595
37829
47368
44693
52071
63158
68421
73684
78947
84210
89473
94736
100000
35410
36775
25885
7727
16297
31134
75383
36842
40471
4657
52632
67769
63158
68421
73684
78947
84210
89473
94736
100000
25971
43654
10527
12539
27640
26316
31579
36842
37829
47368
52632
57895
63158
68421
73684
38813
84210
89473
94736
100000
39620
4297
66158
13944
14664
14859
28372
69585
34283
47368
52632
57895
56780
56653
73684
78947
84210
89473
94736
100000
1
46265
24647
10469
12756
46060
31579
33102
42105
12611
52632
74407
63158
58818
60391
78947
84210
89473
94736
100000
13738
2885
10527
3860
21053
41068
31579
36842
37829
47368
52632
57895
10765
68421
24037
78947
84210
89473
94736
100000
1
4399
40943
5644
10359
15734
57920
36842
42105
47368
52632
46350
63158
68421
73684
78947
84210
89473
94736
100000
4044
2626
10527
12127
25331
23671
64533
28277
42105
47368
16765
61243
63158
46815
59051
34103
84210
89473
94736
100000
1
2520
19233
8219
17309
18528
36805
29023
37829
42573
47318
57895
56780
59276
31595
78947
84210
89473
94736
100000
1
3078
45763
3723
25872
18549
58893
36842
42105
42340
45837
57895
53669
68421
73684
34690
84210
89473
94736
100000
1
4759
55512
15790
11734
23515
31579
32054
50370
39736
47318
52071
63158
68421
73684
78947
84210
89473
94736
100000
1
3568
9507
15790
25414
26316
64380
36842
67276
42573
52632
52466
41794
68421
44772
78947
84210
89473
94736
100000
1
3898
41341
10890
40276
26316
31579
36842
56556
4657
52632
54480
63158
68421
30884
78947
84210
89473
94736
100000
26843
3837
65991
4090
14832
17905
88200
65487
58155
47368
47318
75182
63158
68421
73684
78947
84210
89473
94736
100000
1
2744
8125
11284
12674
41900
57695
36842
42105
34174
35893
57895
63158
68421
73684
70976
84210
89473
94736
100000
1
4321
46156
15790
21053
39553
61216
29606
42105
16524
52632
57895
63158
68421
73684
78947
84210
89473
94736
100000
1
12490
7546
11999
16187
18328
29989
36842
42105
47368
52632
57895
29346
47412
73684
37210
84210
89473
94736
100000
12933
3533
9507
4327
22828
29073
43306
31384
42105
30152
10978
57895
63158
51277
66254
27491
84210
73709
94736
100000
23593
4620
65652
8078
21053
42420
31579
36842
39110
47368
23572
57895
63158
68421
73684
78947
84210
89473
94736
100000
1
2575
69276
4749
21053
26316
31579
28803
45247
47368
52632
57895
63158
42338
34728
78947
25355
89473
94736
100000
1
42649
9104
7383
13361
16585
35559
36842
42105
47368
52632
57895
36678
61500
73684
78947
84210
89473
94736
100000
1
3533
68841
10482
17523
18491
28415
36842
46952
25207
29761
57895
63158
68421
53043
78947
84210
89473
94736
100000
30919
21868
29089
12591
15055
23671
28372
50206
42105
20660
52632
57895
63158
58891
22616
78947
84210
78257
94736
100000
1
4135
33001
9476
14779
19230
81888
33102
60473
47368
11393
57895
63158
68421
73684
78947
84210
89473
94736
100000
1
3444
52732
14230
18948
16588
87593
41752
37829
13517
52632
52071
54407
68421
73684
32698
84210
89473
94736
100000
16975
4759
23425
15790
39011
23671
31579
61611
64736
42573
20353
57895
63158
68421
73684
78947
84210
89473
94736
100000
1
4759
20176
15790
16290
26316
31579
36842
54618
47368
52632
67926
63158
52758
73684
78947
84210
89473
94736
100000
1
5264
9507
12252
9465
26316
31579
36842
37029
33804
22596
51176
63158
68421
73684
78947
84210
80504
94736
100000
9439
5264
10527
3298
14309
26316
56046
30823
33672
47368
52632
57895
15337
45913
73684
78947
84210
89473
94736
100000
1
16064
9507
12874
20232
23671
31579
37353
42105
47368
52632
57895
63158
68421
73684
78947
84210
89473
94736
100000
1
7036
27381
18202
21053
22731
35319
67072
61339
7891
52632
57895
8898
44477
73684
30753
84210
89473
94736
100000
1
41825
9471
19618
10344
20597
30637
50561
42105
35605
52632
57895
39191
68421
73684
78947
84210
89473
94736
100000
5023
29062
36844
6698
10669
26316
86358
66516
55872
4657
52632
75243
63158
68421
73684
31007
84210
89473
85245
100000
17135
4759
8601
8435
36373
18451
33456
36627
44273
36302
13052
57895
63158
45065
73684
78947
84210
71106
94736
100000
1
2956
7719
3969
21053
23671
61879
36842
48753
47368
30634
57895
63158
68421
73684
78947
54873
89473
94736
100000
3807
4103
21109
9972
17100
18199
79109
47834
35474
47368
13874
57895
63158
68421
73684
78947
84210
89473
94736
100000
1189
3665
9377
14230
21053
26316
29629
27168
42105
47368
52632
77127
63158
61500
23368
78947
84210
89473
11913
100000
1
5264
57005
15790
12681
26316
42701
47203
63790
47368
52632
51216
63158
68421
73684
27526
84210
89473
94736
100000
1
31042
9507
9810
17996
26797
31579
36842
42105
47368
52632
59273
63158
68421
73684
78947
84210
89473
94736
100000
1
4442
57622
15790
21053
26316
31579
71912
42105
22733
52632
57895
63158
68421
66254
78947
84210
89473
94736
100000
1
2881
37527
15790
13993
41341
35313
36842
42105
47368
52632
52652
63158
45950
57797
78947
84210
89473
94736
100000
11376
32400
10527
9577
11056
26316
39979
45715
67352
47368
44810
57653
63158
68421
73684
78947
84210
89473
46320
100000
1
4759
9986
10726
16380
17720
31579
59944
57164
42573
33126
57895
13618
68421
73684
45491
84210
89473
94736
100000
1
5264
20398
5218
18948
18525
28372
58951
42105
47368
38255
47457
63158
68421
66254
78947
84210
89473
94736
100000
34428
25738
9507
13602
30634
13616
31579
36842
56595
47368
52632
57895
63158
68421
73684
78947
84210
76656
94736
100000
1
4755
53656
14022
42659
20499
45519
65644
37829
34270
52632
57895
11101
68421
22298
70976
84210
89473
94736
100000
1
7364
8502
15790
18050
29428
31579
48396
42105
42114
52632
57895
56780
68421
73684
78947
84210
89473
94736
100000
1
4437
8905
12856
18948
28998
28461
36842
55717
4657
52632
78883
63158
61500
73684
78947
84210
89473
94736
100000
1
6779
67312
6417
37124
15919
50925
36842
67024
32112
52632
52071
45187
68421
21524
78947
10418
73121
94736
100000
1
5264
9507
13441
38561
38434
31579
57651
67911
47368
32066
57895
56780
68421
73684
78947
55891
89473
94736
100000
1
5264
10527
11502
17440
44489
77020
61018
37829
42573
17294
57895
63158
50525
73684
50787
84210
89473
94736
100000
1
4145
10527
14230
21053
26316
35983
36842
36332
21540
23986
57895
63158
52266
73684
70976
17509
89473
94736
100000
1
10204
35653
4303
18314
26316
31579
68305
49108
47368
52632
57895
63158
68421
62353
27533
84210
89473
94736
100000
1
3887
50731
5897
24410
19007
50187
40888
42105
37731
52632
57895
63158
68421
73684
78947
84210
89473
94736
100000
5458
4759
43855
3870
9764
19714
29698
31354
42105
47368
52632
57895
63158
68421
66254
78947
50464
89473
94736
100000
1
35556
9507
15790
18948
13933
31579
36842
42105
14560
13802
66149
54947
53769
73684
30793
84210
72550
94736
100000
33214
13221
43047
18905
13178
20061
57741
43391
42105
39210
52632
57895
35002
68421
73684
78947
84210
89473
94736
100000
25928
3647
60545
15790
21053
26316
31579
36842
38739
34057
52632
57895
6238
68421
42677
78947
84210
89473
94736
100000
1
5264
9849
7151
27087
30847
31579
36842
45724
47368
52632
57895
63158
61500
73684
78947
84210
89473
94736
100000
36890
3711
49147
18135
14450
26316
63115
51313
42105
42573
52632
57895
63158
68421
73684
32182
84210
89473
94736
100000
6322
44421
8702
3631
26093
44154
66293
36842
64609
30430
52632
57895
12242
68421
47686
78947
84210
78671
94736
100000
24212
16500
28032
7664
21053
26316
30102
36842
42127
7039
15249
48913
43483
68421
73684
78947
84210
89473
94736
100000
10049
4190
12116
5754
20837
15352
31579
36842
42105
21654
52632
53295
39395
68421
73684
49541
84210
76740
94736
100000
1
36940
8742
10922
21053
26316
31579
32100
37829
22149
52632
55555
63158
54137
51974
70976
84210
89473
94736
100000
36079
4116
9335
16141
21053
15827
31579
58001
42105
7575
32952
60401
40843
68421
73684
78947
84210
89473
94736
100000
9152
29448
10527
10473
17757
13631
33750
36842
37829
47368
17175
77024
63158
57032
73684
78947
73923
89473
94736
100000
11381
2819
24395
9188
21053
20515
31579
36842
48172
47368
36270
57895
63158
44630
73684
70976
75776
89473
94736
100000
14870
26485
8524
11176
12124
26316
31007
36842
42105
22473
52632
57895
56780
68421
73684
78947
84210
89473
94736
100000
1
3856
40493
6082
21053
23596
49735
36842
42105
47368
52632
53722
63158
58479
73684
78947
84210
89473
16676
100000
18946
3095
14706
8033
21053
16333
54610
27713
63639
47368
13483
57895
63158
68421
73684
78947
84210
89473
94736
100000
1
3371
7902
15790
28895
18543
69607
65620
42105
47368
16899
57895
34741
47312
73684
78947
84210
89473
94736
100000
1
30143
22524
12481
30812
26316
31579
36842
42105
7190
32358
57895
63158
68421
59911
78947
40638
89473
94736
100000
16135
4313
26244
10365
28202
18969
31579
31240
42105
47368
15375
57674
63158
68421
73684
78947
84210
89473
94736
100000
1
4381
10527
11947
9522
43887
28372
36842
37829
33693
52632
50734
63158
68421
73684
78947
84210
89473
94736
100000
2019
2739
19786
3635
10137
15148
63392
46072
74528
28801
28365
57895
63158
49206
42406
78947
84210
89473
94736
100000
1
6507
35125
14230
11432
22501
44952
36842
69989
47368
28259
50527
63158
68421
73684
78947
84210
89473
94736
100000
1
4759
34267
14010
24611
39792
79763
45625
55916
47368
18012
57895
63158
68421
24267
78947
84210
89473
94736
100000
39059
3631
68591
9166
15973
23331
31579
47077
32275
47368
42374
57895
46202
41586
73684
78947
84210
89473
94736
100000
1
5264
10527
11507
10505
26316
49659
33102
47079
37208
52632
57895
35238
49776
64876
56110
64261
89473
94736
100000
1
30773
56019
15790
13311
32652
31579
30701
61709
47368
41437
57895
63158
68421
73684
78947
84210
89473
94736
100000
1
3049
52690
15790
18948
16674
32826
43697
42105
26497
19639
64792
38536
68421
73684
29273
84210
72217
94736
100000
17637
23512
20828
13631
42901
37683
31579
36842
42105
10685
35379
57895
63158
68421
58366
78947
84210
89473
94736
100000
1
25463
9236
15790
21053
36981
37935
36842
33616
26864
52632
76948
63158
68421
73684
78947
28954
89473
94736
100000
1
4212
44504
15790
14850
15097
66141
33102
42105
47368
52632
52343
39687
68421
73684
39415
84210
89473
94736
100000
3532
11091
34857
3602
21053
20913
31579
40062
42105
8085
47318
57895
63158
50046
73684
78947
84210
89473
94736
100000
1
2955
10527
13001
18948
21900
75120
36842
42105
47368
52632
57895
63158
68421
73684
78947
84210
89473
94736
100000
1
3837
8669
5103
37745
13113
31579
38386
42105
35912
18792
57895
47556
68421
25269
78947
84210
89473
77293
100000
1
4759
10527
3860
13784
26316
34981
28796
63519
19867
28260
55405
63158
68421
22527
78947
84210
89473
94736
100000
1
5264
56104
4238
21053
16101
70880
36842
42105
47368
47318
52071
54649
43350
73684
43320
84210
89473
94736
100000
1
27656
30554
13171
21053
16268
31579
42756
42105
47368
52632
57895
63158
68421
73684
78947
84210
89473
94736
100000
34869
10615
49857
15790
40560
26316
60459
32732
37172
39164
52632
57895
63158
68421
73684
78947
84210
89473
94736
100000
29910
3247
37214
15790
16344
17052
31579
33102
42105
17321
52632
72471
63158
61500
73684
78947
84210
73397
94736
100000
1
27043
9288
4093
9789
33202
31117
36842
42105
28619
47318
57895
63158
68421
73684
31739
84210
89473
94736
100000
1
45819
10527
10890
38800
26316
31579
36842
42105
47368
11989
57895
63158
68421
73684
78947
65776
89473
94736
100000
1
38980
10527
15790
21053
16528
83127
36842
42105
47368
44776
57895
63158
68421
66254
66003
40658
89473
94736
100000
1
4219
13609
4870
21053
18120
73132
37181
37829
47368
42417
57895
63158
47461
73684
78947
84210
89473
94736
100000
1
3243
70310
15790
9909
19615
64026
36842
42105
9574
52632
73305
16056
54153
73684
78947
84210
89473
94736
100000
11213
3383
19855
7664
37301
26316
31579
38011
42105
4657
52632
50338
16593
68421
73684
78947
84210
89473
94736
100000
1
2504
20204
12136
13067
18643
48067
34321
42105
42347
39560
74078
63158
68421
21339
78947
84210
73073
94736
100000
1
4558
7755
6871
31532
37339
31579
52623
42105
47368
52632
57895
63158
68421
73684
78947
38995
72957
94736
100000
1
4611
28669
6396
9770
26316
41822
36842
42105
47368
52632
57895
63158
68421
73684
63006
56905
89473
94736
100000
33032
45023
11895
13207
18948
26316
79152
60540
42105
9477
52632
46502
63158
52467
19240
66119
84210
89473
35635
100000
1
40865
9363
10895
28976
26316
55163
65583
67172
47368
52632
57895
33242
68421
73684
78947
84210
89473
94736
100000
1
5264
58952
5592
13615
23671
56053
27624
75235
42573
52632
62757
63158
68421
46712
78947
84210
89473
94736
100000
11057
18302
8316
9159
15105
29860
62072
36842
36331
4657
52632
57895
6238
68421
73684
78947
84210
89473
94736
100000
1
40349
27483
13670
38713
15084
77732
60098
42105
47368
45716
57895
63158
68421
73684
78947
84210
89473
94736
100000
1
4367
54297
6684
12119
27154
82443
58491
62127
47368
52632
47195
63158
44158
73684
78947
84210
89473
94736
100000
14562
4532
66234
12454
18251
14111
31579
36842
56760
33883
25570
57895
63158
52482
73684
78947
25952
89473
94736
100000
1
4166
7643
13738
10241
26316
50008
36842
60624
20129
47318
57895
63158
68421
73684
78947
68770
75549
94736
100000
1
10917
64455
8005
12864
26316
31579
49325
42105
47368
44575
57895
37043
68421
73684
78947
55684
89473
94736
100000
1
45650
9507
3408
23440
26316
31579
36842
40691
37500
52632
49371
21472
68421
73684
78947
84210
89473
94736
100000
1
39604
58389
6976
16256
26316
31579
36842
42304
24591
52632
57895
63158
68421
73684
52844
84210
89473
94736
100000
1
2832
9507
10163
21053
23195
36136
36842
42105
47368
46453
57895
63158
68421
73684
78947
84210
89473
94736
100000
1
36555
69351
14230
13987
26380
35506
73174
34443
30188
22265
48242
6238
56881
73684
78947
84210
78338
94736
100000
1
40862
9507
4372
35353
27099
31579
36842
42105
38460
52632
57895
63158
42561
41958
33244
8408
89473
94736
100000
1
15392
33843
3266
17938
19971
31579
36842
42339
19499
52632
57769
29698
46094
73684
78947
84210
89473
94736
100000
1
23270
55843
11314
21053
26316
49544
33102
42105
47368
52632
56617
63158
68421
73684
78947
84210
89473
94736
100000
36513
22472
32164
4484
18948
26316
31579
36842
42105
47368
13450
57895
48926
68421
73684
54881
84210
89473
11434
100000
1
41595
8758
6157
21053
15549
28372
36842
42105
47368
15377
57895
63158
68421
73684
78947
84210
89473
94736
100000
1
4598
7829
15790
21053
26316
31579
36179
42105
4657
52632
57895
63158
68421
73684
78947
84210
75230
94736
100000
1
36726
47258
11993
27191
26316
31837
30329
42105
47368
52632
70939
63158
54974
73684
78947
84210
75393
94736
100000
1
3127
15998
8801
21053
26316
50153
36842
42105
47368
41264
57895
6238
68421
73684
78947
8408
89473
94736
100000
15213
8326
36374
16371
21303
18548
31579
55686
55087
4657
12513
57895
47674
47603
73684
78947
84210
89473
94736
100000
1
3675
8033
11073
12789
26316
77771
36842
70716
18435
52632
57895
33041
68421
73684
78947
84210
89473
94736
100000
1
27569
45186
14230
20574
22437
45161
35440
42105
4657
16981
52447
63158
68421
73684
78947
84210
89473
94736
100000
7850
7405
51595
11781
42538
15641
64724
40331
48729
47368
52632
61014
10900
68421
24435
78947
84210
89473
94736
100000
1
3697
28463
10890
16623
23510
31579
28360
42105
8330
16203
57346
63158
61500
66254
78947
84210
89473
94736
100000
1
5264
8879
13455
18948
18196
63401
54578
64252
47368
13099
57895
63158
68421
73684
70976
19578
89473
94736
100000
1
18971
47314
13843
16701
13872
31579
36842
51965
36631
37041
57895
63158
51148
65921
78947
8408
74021
94736
100000
1
46156
45916
15790
18767
26316
70374
36842
33503
11543
52632
57895
63158
42365
73684
78947
84210
89473
94736
100000
1
3335
9507
7325
21053
19216
31579
33102
32163
42573
30690
57895
63158
43379
73684
31830
27953
89473
43568
100000
1
34045
27984
6873
15980
26316
89299
29211
42105
47368
42878
56251
63158
68421
73684
78947
84210
89473
94736
100000
1
4759
25704
13828
12418
19100
31579
30919
47224
47368
52632
57895
63158
68421
73684
78947
84210
89473
94736
100000
1092
36444
23472
14230
15042
26316
72854
36842
42105
39159
52632
71798
63158
68421
73684
78947
84210
89473
94736
100000
29958
5264
8691
14230
21053
23671
31579
36842
38016
47368
52632
57895
63158
68421
73684
78947
84210
72182
94736
100000
1
3752
15937
17357
14147
26316
72833
67830
42105
42573
11389
57895
63158
68421
37664
42718
45945
89473
94736
100000
1
43136
10527
15790
9691
28757
31579
36842
43736
24617
52632
70174
63158
68421
73684
78947
84210
89473
94736
100000
24875
3851
32383
15077
18948
43278
35782
32203
70839
47368
52632
57895
63158
45085
66254
34074
84210
89473
17634
100000
38693
4156
22727
15790
11750
26316
66899
36842
42105
4657
27975
52071
63158
55235
73684
78947
51888
89473
94736
100000
1
12646
7502
11644
35930
23671
56907
29164
42105
47368
52632
61235
63158
68421
73684
78947
84210
79192
94736
100000
1
3218
8571
9999
11995
16094
44545
50861
40392
12814
52632
57895
63158
68421
23095
78947
39005
89473
94736
100000
1
3667
8720
12299
21053
26316
31579
36842
42105
47368
52632
57895
63158
68421
38855
48037
84210
89473
94736
100000
21648
3623
10527
6271
18204
20507
35291
36842
42105
47368
52632
53719
63158
68421
73684
78947
84210
89473
94736
100000
1
2753
36674
18011
23924
17404
68564
65687
42105
4657
52632
57895
56780
68421
73684
78947
84210
89473
94736
100000
24646
25482
10527
15790
15055
26316
82713
70866
42105
47368
43023
57895
63158
68421
73684
78947
84210
89473
94736
100000
1
4759
36811
10627
15824
26316
28372
36842
42105
42160
52632
57895
32612
53841
73684
78947
84210
89473
94736
100000
17030
4759
30565
15790
21053
18470
47743
65211
42105
18029
46946
57895
15900
68421
66254
78947
84210
89473
94736
100000
1
2779
40828
6870
34497
16176
28372
29308
42105
26270
52632
78682
11424
44998
73684
78947
84210
89473
13187
100000
1
44758
10527
13695
18948
26316
31579
36842
42105
36873
52632
57895
39060
68421
22348
33317
84210
89473
32540
100000
38368
4634
67691
14230
17176
29579
35119
36842
42105
47368
36595
68668
63158
68421
24504
78947
84210
89473
94736
100000
1
4759
62538
13615
15168
26316
70288
67926
42105
47368
52632
47388
11150
68421
73684
78947
84210
89473
94736
100000
3062
2512
11203
3767
14148
18886
36266
36842
42105
47368
19129
57895
6238
68421
28790
34715
84210
89473
94736
100000
6738
4248
34621
10003
11206
18437
36269
47170
42105
47368
52632
49763
63158
54865
73684
78947
84210
89473
94736
100000
32178
34040
15044
14206
21053
22527
31579
69087
47741
17348
52632
76880
63158
57868
73684
78947
84210
89473
94736
100000
21243
8984
9507
3196
21053
24935
37595
51392
42105
47368
52632
62202
6238
68421
73684
68086
84210
89473
94736
100000
1
20578
55227
11365
30084
23671
31579
34514
42105
47368
47318
57895
17758
68421
73684
78947
84210
89473
94736
100000
1
42853
13996
7980
12905
28419
55835
42673
36477
47368
52632
57895
63158
68421
30219
78947
19400
89473
94736
100000
20418
27850
10527
10797
11827
49014
81525
45264
41704
47368
52632
77598
8317
68421
73684
78947
84210
89473
94736
100000
34222
17657
39605
15790
21053
25685
45442
61399
60630
14917
52632
57895
50630
68421
73684
78947
84210
89473
94736
100000
1
41026
24569
4598
21053
35451
45970
33102
68913
30746
13693
57895
40599
43244
25913
78947
84210
89473
94736
100000
1
3667
69406
15790
25734
18981
37084
28362
47212
37764
52632
57895
63158
68421
26321
34102
74260
77818
94736
100000
38565
4720
9478
14230
40126
26316
31579
64619
42105
17142
24402
57895
24573
68421
44417
78947
84210
89473
94736
100000
1
5264
48604
13764
21053
26316
31579
36842
34548
47368
21080
57895
63158
68421
73684
78947
53034
89473
94736
100000
18251
3554
8894
18115
10028
23260
75207
68824
52713
47368
18387
66447
48066
68421
66254
37053
84210
89473
94736
100000
1
18373
9507
10384
16877
26316
31579
33779
51155
42573
52632
58890
8600
68421
73684
78947
63457
89473
94736
100000
1
45780
21794
9328
21053
13820
64969
36842
42105
47368
42185
57895
63158
68421
73684
32832
84210
89473
94736
100000
26256
2708
21493
3580
21053
26316
31579
53502
37777
22716
12126
69032
63158
68421
73684
78947
84210
89473
94736
100000
1
4759
48450
11249
18948
39478
31579
36842
42105
9672
16714
57895
63158
68421
73684
78947
84210
89473
94736
100000
1
30456
70354
4027
36817
23671
34277
73045
46781
42573
34999
57895
14683
68421
73684
48488
84210
89473
94736
100000
1
41734
23618
8251
21053
14852
52051
72943
37829
8319
46735
57895
63158
68421
73684
78947
11012
89473
94736
100000
1
3464
8556
10126
42784
26316
62431
36842
42594
4657
52632
60949
27005
61500
73684
78947
84210
89473
94736
100000
16444
5033
58315
9981
11616
43175
31579
35464
42105
47368
52632
48209
54245
55620
73684
33599
84210
76933
94736
100000
1
2890
10527
15790
17722
15031
59994
71545
42105
47368
52632
64927
28668
68421
73684
78947
84210
89473
94736
100000
1
3607
8694
8921
21053
19361
73654
36842
35987
47368
52632
74778
63158
68421
73684
50170
75776
89473
94736
100000
1
10637
60578
14230
13703
26316
31579
50695
49116
41427
19578
57895
63158
68421
73684
78947
84210
89473
94736
100000
1
3461
9507
7011
18948
26316
66726
36842
54079
47368
52632
57895
63158
45871
56659
78947
84210
89473
94736
100000
1756
3759
8307
10216
18948
30297
31579
27901
51486
14510
52632
61321
50515
68421
48419
78947
84210
76392
94736
100000
1
4759
9507
18899
18948
33963
31579
36842
42105
4657
47318
57895
63158
68421
73684
78947
84210
89473
94736
100000
1
41432
42351
15790
11938
23671
43716
28067
42105
11765
14568
57895
63158
42638
73684
78947
84210
89473
94736
100000
1
3015
11532
7838
20170
26316
60971
36842
41643
4657
52632
57895
63158
68421
30208
59691
84210
89473
94736
100000
1
33475
8241
5839
18948
26316
37333
28362
34027
47368
52632
59465
63158
52855
73684
78947
84210
89473
94736
100000
1
15608
21039
8939
15231
41916
87558
53727
40443
47368
52632
57895
63158
68421
73684
70976
84210
89473
94736
100000
37783
14928
58339
7784
18948
26316
31579
71651
52839
24109
20921
64014
63158
68421
73684
78947
84210
89473
94736
100000
2172
3827
18037
10967
40381
26316
33225
36842
42105
47368
41935
57895
51059
61500
55559
53111
84210
89473
94736
100000
1
12337
30908
7300
43408
23671
68851
68760
42105
42573
14547
57895
36890
68421
20057
78947
84210
89473
94736
100000
1
20887
9507
13483
9976
26316
31579
60122
61715
33443
52632
57895
11609
68421
54134
78947
84210
89473
94736
100000
1
3884
10527
15790
20603
14882
31579
56412
42105
6057
15229
57895
63158
68421
20253
34325
84210
89473
94736
100000
1
2965
44861
10909
11661
38774
28372
36842
42105
47368
45733
45817
63158
68421
73684
78947
84210
89473
94736
100000
1
4040
8200
14230
18948
13976
66905
36842
36004
32320
52632
57014
63158
68421
46252
78947
84210
89473
94736
100000
1
2833
50970
15790
10268
14530
28372
33102
69148
34206
52632
48915
48463
55723
73684
30467
84210
89473
94736
100000
17819
4728
63754
13782
21053
26316
28372
33053
39587
47368
52632
56662
20230
68421
58713
44181
84210
89473
94736
100000
6912
25751
8001
7012
31273
20071
77641
40844
33821
28943
11164
47331
44833
68421
73684
78947
84210
89473
94736
100000
1
3447
7989
5719
15549
23671
28372
36842
67613
42573
20341
57895
63158
58076
73684
64574
84210
89473
94736
100000
1
10547
70049
10438
21053
23671
70160
29587
50696
47368
26113
57895
63158
68421
20112
78947
84210
89473
94736
100000
23862
40069
7753
15790
15311
20511
31196
36538
69438
4657
37779
57895
63158
68421
66254
78947
84210
89473
94736
100000
8510
9127
9507
7216
14222
23671
29424
36842
42105
47368
52632
51293
63158
68421
73684
46800
84210
89473
94736
100000
33379
42361
9137
5472
18035
26316
80988
31323
34772
47368
52632
57895
38332
50442
73684
78947
38090
89473
94736
100000
1
4258
20515
3987
13724
26316
54557
73113
36684
28979
45637
48716
63158
68421
35082
78947
84210
89473
94736
100000
7259
3899
46216
15790
10661
15799
31579
68498
32217
22399
52632
57895
63158
68421
20783
78947
84210
89473
94736
100000
1
4015
10527
14237
23777
20303
31579
36842
42105
31938
17296
57895
63158
58142
73684
33479
84210
89473
94736
100000
1
38664
9507
13819
17965
16642
58822
27568
42105
15111
46749
57895
45708
68421
73684
69337
84210
80504
94736
100000
21505
5264
43670
5669
13494
26316
28372
32221
42105
47368
52632
57895
63158
68421
22790
32569
84210
89473
94736
100000
1
27025
66633
10205
11712
26316
58994
72469
51291
47368
52632
57895
63158
45175
73684
32424
84210
89473
94736
100000
1
4574
65015
19764
21053
13485
31579
60967
43118
8807
52632
52071
63158
68421
20095
78947
84210
89473
94736
100000
11062
4149
8140
14230
16614
19424
30064
69633
36148
21244
52632
58720
63158
68421
73684
78947
84210
89473
94736
100000
1
3598
68724
4806
17326
23182
31579
36842
42105
5335
52632
64811
63158
68421
73684
78947
84210
71312
94736
100000
36470
3961
10527
11777
16990
40481
88482
36842
37829
5366
52632
64481
18522
52269
73684
78947
84210
89473
94736
100000
1
40886
9507
19691
40608
44146
78439
53247
42105
16804
12258
57895
63158
68421
66254
78947
84210
89473
94736
100000
1
4759
14095
5580
15710
26207
31579
30405
42105
47368
52632
48050
63158
68421
73684
78947
84210
89473
94736
100000
4623
4135
9507
14230
21053
26316
31579
36842
37829
40940
52632
57895
63158
61500
73684
78947
84210
89473
94736
100000
1
4632
10455
15790
11564
33483
28372
72170
42105
5334
52632
57895
63158
68421
73684
78947
84210
77649
17784
100000
1
4031
9507
5930
11913
26316
31579
36842
42105
47368
47318
57895
63158
68421
73684
78947
84210
89473
94736
100000
471
21868
70062
11681
10379
23389
31579
36842
74420
47368
32078
57895
63158
68421
73684
78947
84210
89473
94736
100000
10621
30096
46377
3981
22901
18827
31347
40413
42105
47368
52632
57895
63158
68421
73684
31386
84210
89473
94736
100000
1
15479
27631
15790
16746
26316
31579
36842
33234
28291
39866
57895
63158
68421
73684
78947
84210
89473
94736
100000
1
37028
9570
9412
18948
26316
68909
47212
74599
12893
52632
57895
63158
68421
73684
41820
84210
89473
94736
100000
13221
3311
12585
13774
15759
20827
28372
33102
42105
17657
52632
57895
63158
68421
73684
68165
84210
89473
94736
100000
1
40016
54361
14527
29381
21681
87694
48403
36676
47368
47318
57895
63158
68421
66254
44955
17679
89473
94736
100000
3479
4242
53277
4979
21053
39455
44531
36842
42105
19115
52632
57895
63158
68421
73684
78947
84210
89473
94736
100000
24606
3104
8782
8171
27810
39933
75985
40535
66866
23194
25213
55105
63158
68421
73684
78947
84210
74069
94736
100000
1526
4640
68308
15790
21053
26316
28372
37108
64759
34598
52632
57895
43870
43365
73684
78947
84210
89473
94736
100000
1
13207
10527
14230
11479
26316
71601
30118
34542
6499
52632
74713
63158
68421
73684
78947
84210
89473
94736
100000
1
4147
7740
8093
18090
26316
36661
31046
42105
47368
47318
53141
16400
68421
73684
78947
84210
89473
94736
100000
12349
12409
67459
11889
12810
15203
47386
36878
70219
28911
36559
57895
63158
68421
22880
78947
84210
71613
94736
100000
1
3729
31362
7144
14755
30063
76058
43117
32588
47368
52632
57895
32733
68421
40678
64975
84210
89473
94736
100000
1
42938
8731
11931
24257
26316
71097
41060
48040
47368
52632
52071
63158
68421
73684
78947
84210
89473
94736
100000
32661
33157
70132
14230
21053
37789
31579
29882
66355
47368
52632
57895
63158
46351
73684
78947
84210
89473
94736
100000
1
7513
60250
18818
9633
14550
31579
36842
38201
47368
14757
58016
63158
68421
40415
78947
84210
89473
94736
100000
1
5264
14519
9378
21053
26316
31579
33016
37829
47368
52632
52712
63158
42370
73684
78947
84210
89473
94736
100000
22334
19989
47945
15790
32336
16042
74674
55687
42105
47368
21437
57895
40134
68421
73684
78947
84210
89473
94736
100000
1
18737
15423
8946
15557
23671
31579
44115
70613
26306
45113
55547
63158
68421
50081
78947
84210
89473
94736
100000
1
21041
24597
12851
17480
22696
55703
36842
48807
47368
52632
57895
14418
56775
24013
70976
84210
89473
94736
100000
1
4203
44710
6458
33140
26316
35798
36842
37829
7116
52632
57895
13143
68421
73684
78947
84210
89473
94736
100000
1
27732
15795
15790
19428
18546
28372
41280
42105
28166
52632
57895
10648
45491
73684
33482
28492
89473
94736
100000
1
3690
30186
19318
42132
20217
31097
36842
35748
38598
41037
52427
63158
68421
73684
78947
84210
89473
94736
100000
1
42761
7638
7830
18948
26316
31579
27074
54415
47368
52632
77727
63158
68421
73684
78947
84210
89473
94736
100000
1
35251
19564
10979
14693
16986
79010
36842
42105
20371
52632
57895
47030
53242
73684
78947
84210
89473
94736
100000
1
28398
7485
12063
18948
29995
33897
67704
47360
47368
39256
69113
63158
61500
73684
44302
84210
89473
94736
100000
1
3367
64734
4693
12473
14886
31579
50281
37452
47368
16564
48875
63158
68421
73684
78947
84210
89473
94736
100000
1
3712
9149
14015
38500
48566
31579
29645
42105
4657
32617
57895
46250
68421
22558
78947
35650
89473
94736
100000
1
19060
7660
13309
32396
26316
31579
36842
42105
47368
52632
57895
63158
61500
73684
78947
84210
89473
94736
100000
29189
44211
11942
11384
13472
48337
33631
36842
42105
25628
52632
57895
40968
68421
73684
78947
84210
89473
94736
100000
1
4704
13388
14228
26366
15509
31579
49435
42105
29819
52632
57895
63158
58625
73684
78947
84210
89473
94736
100000
1
26446
9399
14230
39993
45157
31579
34106
51486
24913
52632
48428
10056
68421
65878
27323
84210
89473
94736
100000
6725
3633
10527
3529
10219
23671
31579
36842
42747
40597
52632
57895
63158
68421
73684
78947
84210
89473
94736
100000
1
21733
47011
15790
26187
26316
63675
36842
73624
31912
14458
57895
63158
68421
73684
78947
84210
89473
94736
100000
1
3992
49767
6437
15322
26316
40424
67648
42105
47368
52632
46483
63158
68421
73684
78947
84210
89473
94736
100000
1
2907
18149
12887
18948
19339
58338
38914
57855
47368
19840
57895
63158
41650
22840
78947
64591
89473
94736
100000
5757
3917
59252
15790
21053
18371
60462
36842
42105
5520
13962
70250
16374
68421
73684
78947
84210
89473
94736
100000
1
3371
21651
13223
18277
26316
46675
45944
42105
47368
52632
64706
63158
68421
66254
78947
84210
89473
94736
100000
1
31295
7902
13522
31795
21334
84176
59476
62902
47368
52632
61196
24892
68421
21758
78947
84210
89473
94736
100000
1
3434
9317
10140
18756
30342
28372
36842
34694
47368
27943
57895
22661
68421
73684
78947
84210
89473
94736
100000
27980
3831
60834
15790
26521
31731
31579
30009
42105
15308
52632
48963
41440
68421
73684
36607
84210
89473
94736
100000
5702
4729
18237
19703
18948
13038
45880
36842
42105
47368
11876
57895
63158
68421
73684
78947
84210
89473
94736
100000
1
3963
34739
4445
15961
31267
32920
36842
37829
23405
52632
51214
33746
68421
73684
39028
75776
89473
94736
100000
21965
14893
25111
12515
16730
26316
68351
70330
57441
42573
25933
57895
63158
68421
48843
78947
47690
89473
94736
100000
1
4759
8333
19081
15075
32090
71348
36842
42105
42226
52632
57895
63158
56966
73684
78947
84210
89473
94736
100000
1
4602
32208
11474
17135
24184
36674
67410
44862
37035
52632
68786
63158
55604
73684
78947
84210
89473
94736
100000
1
3496
12241
7652
13621
20737
29820
36845
37774
47368
39795
57895
15315
68421
73684
70976
84210
89473
94736
100000
1
3667
63585
9102
34349
18142
33644
36842
37986
47368
52632
57895
63158
68421
73684
78947
84210
89473
94736
100000
1
5264
32213
6429
21053
26003
31579
29462
53251
24528
47318
71614
63158
68421
42073
78947
84210
89473
94736
100000
1
4759
44728
15790
12771
26316
79590
36842
42105
47368
28948
57895
63158
55422
73684
78947
84210
89473
94736
100000
1
44734
10527
5380
26328
15156
31579
28206
71149
47368
52632
57895
6238
68421
73684
78947
84210
89473
94736
100000
1
4759
27212
6462
16286
21206
82352
36842
37829
47368
52632
52071
63158
61500
22946
78947
66433
89473
94736
100000
1
37407
64523
3983
21053
26316
31579
66890
57608
37901
13902
57895
63158
56367
73684
78947
84210
89473
94736
100000
1
32181
9507
9648
9997
20130
28372
42224
42105
47368
52632
46801
56365
68421
73684
34516
84210
89473
94736
100000
1
34474
28384
14230
21053
26316
31579
36842
34162
47368
44204
57895
29328
68421
73684
78947
24908
89473
94736
100000
1
4079
9447
6850
21053
31635
73449
30112
42105
47368
52632
57895
6238
68421
73684
70976
84210
89473
13786
100000
1
12670
18514
12204
10149
13066
31579
36842
42105
34268
52632
57895
63158
68421
22951
78947
68129
89473
94736
100000
33907
25814
46565
13146
17218
21032
31579
28950
49579
47368
32399
57895
6238
68421
73684
41140
84210
89473
94736
100000
1
4759
23658
10023
21053
26316
72886
36842
42105
17716
52632
47642
56780
68421
73684
30366
84210
89473
94736
100000
1
5264
25768
12352
12816
23671
78396
33102
42105
41517
38763
58515
29284
68421
73684
78947
84210
89473
94736
100000
34653
2645
27361
4120
21053
23379
83208
43452
42105
47368
19687
57895
6238
49434
60027
78947
84210
89473
94736
100000
1
30289
10527
12708
29963
15520
31579
36842
42105
47368
52632
52071
63158
68421
63874
42561
84210
89473
94736
100000
1
2563
38840
9664
18948
22635
28372
36842
42105
47368
52632
57895
41365
68421
73684
78947
84210
89473
94736
100000
12512
5264
10527
14230
30549
14401
58905
34810
42105
47368
39975
57895
56780
68421
73684
78947
84210
89473
94736
100000
1
3650
62931
13878
27157
18371
50631
67616
42105
13567
30134
56286
63158
68421
73684
78947
8408
89473
94736
100000
28093
34291
22237
5780
10119
23254
31579
36842
35564
47368
52632
52071
63158
68421
51307
78947
84210
89473
94736
100000
1
26832
61485
16965
17725
15161
43057
44508
42105
47368
44880
57895
21082
57654
23194
78947
84210
89473
94736
100000
1
16202
55782
15790
16517
27896
63109
37212
42105
13390
23119
57895
63158
68421
73684
78947
8408
71863
94736
100000
1
3015
61981
11956
21053
33715
31579
36842
33987
33229
52632
45689
6238
68421
73684
78947
43121
89473
94736
100000
14571
11107
62927
15790
10893
36533
28372
64589
45853
42573
31369
57895
27974
68421
59406
78947
68772
89473
94736
100000
17216
46037
22292
18410
30723
14885
46770
33102
34674
47368
37540
52359
63158
68421
43733
78947
84210
89473
94736
100000
1
3472
45387
7259
18948
26316
28364
72627
55608
47368
30898
57895
63158
68421
73684
78947
84210
89473
94736
100000
1
20800
67191
6264
21053
23671
31579
36842
42105
7083
52632
57895
63158
68421
73684
44030
84210
89473
94736
100000
1
3983
38836
4823
11783
29606
31579
36842
61073
47368
52632
45781
13558
68421
73684
78947
84210
89473
94736
100000
30643
5264
61033
13557
21053
40265
48047
36842
47037
47368
52632
57895
63158
68421
66254
70976
84210
89473
94736
100000
1
4412
11627
4429
13441
26316
31579
60929
42105
4657
44309
53292
6238
68421
73684
78947
84210
89473
94736
100000
7914
26891
23336
14010
25992
18616
28362
36842
50219
47368
52632
57895
63158
68421
73684
78947
84210
89473
94736
100000
5126
3956
47670
11371
13498
30794
46915
64447
42105
15935
52632
57895
19398
68421
73684
68329
84210
89473
46686
100000
6839
3436
9894
14230
21053
20927
72632
36842
69174
47368
13823
65581
10470
68421
73684
78947
61349
89473
94736
100000
1
29289
24051
5250
21053
35954
48512
36842
42105
47368
52632
57895
45181
68421
66254
78947
84210
89473
94736
100000
1
4399
59982
8646
11560
23671
37048
44015
42105
47368
52632
62586
63158
68421
73684
78947
84210
89473
94736
100000
16462
19412
37402
8534
18948
19763
31579
36842
52034
47368
47318
49696
63158
68421
73684
28698
84210
89473
94736
100000
34751
3322
9507
12203
12271
26316
28372
33102
36663
47368
52632
57895
63158
68421
73684
78947
84210
89473
94736
100000
34247
3350
43742
5228
34669
33595
37993
36842
55958
47368
52632
57867
63158
68421
73684
35940
84210
89473
94736
100000
9182
5264
51880
15391
18948
26555
37119
36842
42105
40655
40902
57895
63158
68421
73684
78947
84210
89473
94736
100000
1
19809
34412
14230
10514
26316
31579
36711
75785
11143
52632
57895
42832
68421
53583
78947
84210
89473
94736
100000
1
4720
9507
11923
21053
26316
65991
68745
44484
11169
52632
57895
34177
68421
73684
78947
84210
89473
94736
100000
1
3186
35620
15790
12355
26316
86697
29035
65096
42573
52632
59713
16874
60092
73684
78947
53034
89473
94736
100000
31364
3520
8790
14087
21053
46518
28372
56470
42105
26960
52632
55237
19532
68421
73684
78947
84210
89473
94736
100000
3283
16071
9470
12047
18157
14957
88136
30409
42105
16679
47318
57895
63158
68421
73684
78947
84210
89473
94736
100000
27323
38343
10975
5443
31751
26316
66928
59826
42105
47368
52632
57895
63158
68421
73684
78947
84210
89473
94736
100000
11500
37737
9507
14230
35973
23671
30723
36842
42105
10752
44880
52071
56229
68421
73684
78947
84210
73780
94736
100000
1
3592
34110
7234
21053
23671
31579
55146
42105
42573
40972
57895
63158
68421
27504
78947
84210
89473
94736
100000
1
4687
10527
10787
18948
23671
28372
33102
42105
37123
10696
78814
23859
42760
73684
78947
84210
89473
94736
100000
24846
3235
30324
15790
13182
18110
31579
36842
42105
28174
52632
57895
26226
68421
73684
31706
84210
89473
94736
100000
28489
3103
10527
4838
43975
14968
79224
36842
59476
4657
52632
57895
63158
68421
73684
78947
84210
89473
94736
100000
1
4805
44366
19745
12805
26316
31579
37108
42105
47368
47318
57895
40134
68421
44020
78947
84210
89473
94736
100000
1
2697
16658
4332
21053
35478
70741
36842
40160
34230
52632
54518
63158
43096
25597
78947
75776
89473
94736
100000
598
37640
8754
9065
10621
20913
33757
50593
42105
13069
52632
57895
63158
68421
57310
78947
84210
89473
94736
100000
26162
5264
63742
4731
10379
26316
31579
71560
40432
36064
42266
57895
63158
68421
73684
78947
84210
89473
94736
100000
1
9884
52473
13028
16554
26013
31579
36842
42105
12009
47318
57895
21437
57629
73684
78947
84210
89473
94736
100000
32330
32534
7887
9031
21053
13624
31579
33102
33673
21901
38610
57895
63158
68421
73684
78947
84210
78195
94736
100000
1
38797
46275
4081
29662
26316
31579
29599
53388
17483
15362
57895
34984
68421
73684
78947
84210
89473
94736
100000
10898
2726
7617
3936
12449
22013
85403
36842
42105
38277
28781
57895
63158
49284
73684
78947
84210
89473
94736
100000
1
35480
10527
13510
9628
15532
61466
36842
42105
47368
11962
57895
63158
48921
25853
52951
84210
89473
94736
100000
1
30469
11569
8263
12526
21749
41493
36684
47944
9021
47318
57895
63158
68421
73684
78947
84210
89473
94736
100000
33202
4374
9507
14230
18948
18788
70979
60461
42105
26024
52632
57895
63158
68421
73684
78947
84210
89473
94736
100000
1
4090
9507
4851
14319
23671
62359
36842
51546
15977
52632
57895
21969
68421
73684
78947
84210
89473
94736
100000
1
5264
55891
15228
25709
16193
31579
53427
38972
47368
16781
57895
30420
68421
73684
78947
84210
89473
94736
100000
1
4759
39472
14230
28850
17227
31579
27901
33093
32514
52632
48451
22549
55939
21294
78947
84210
89473
94736
100000
16649
3203
11576
6289
21053
20097
31579
31678
38842
28806
52632
55699
63158
68421
73684
56155
84210
89473
82212
100000
1
15186
45068
7866
18765
42563
31579
36842
44096
20171
52632
57895
24123
56429
37053
46768
84210
89473
94736
100000
1
2845
46536
12874
18175
34810
76575
36842
42105
41564
18110
57895
63158
47950
73684
33153
84210
89473
94736
100000
1
3099
34107
5813
9666
33082
65035
36842
42105
26006
52632
57895
63158
44453
23022
78947
84210
77268
94736
100000
12233
3252
9433
15790
21053
14901
79325
45100
48503
47368
52632
57895
63158
61500
73684
78947
84210
89473
94736
100000
494
2580
61917
3779
25505
17458
66552
36842
42105
37627
52632
57895
53954
68421
73684
78947
84210
73517
79497
100000
8150
5478
66038
6127
21053
26316
85340
46455
63447
47368
52632
57895
63158
68421
73684
78947
11294
89473
94736
100000
12682
20700
65862
15790
18948
46619
61600
48785
42105
10658
11682
57895
28246
68421
47771
78947
36192
89473
94736
100000
1
23128
9507
8199
9461
26316
31579
33102
63299
36906
52632
71304
63158
68421
30028
28122
84210
89473
94736
100000
10354
4664
43208
14230
21053
19256
73244
36842
41366
11797
52632
57895
63158
68421
73684
78947
84210
89473
94736
100000
1
23115
47960
15790
18948
27611
82765
36842
33814
47368
16056
75566
44475
68421
26808
78947
84210
89473
94736
100000
1
9751
63435
10928
42952
18981
31579
36842
42105
47368
52632
75002
63158
68421
73684
78947
52820
89473
85245
100000
1
3357
8561
9888
9838
14531
89321
36842
37813
47368
52632
57895
6238
68421
73684
78947
84210
89473
94736
100000
1951
3895
10527
9192
18948
26316
54753
54569
68451
4657
52632
57895
51133
68421
66254
78947
84210
89473
94736
100000
1
39012
9507
8077
13760
18971
31579
40763
42105
14944
47318
57895
63158
68421
73684
78947
84210
89473
12491
100000
1
19454
49997
15790
21405
24276
74799
36842
34835
22691
21073
52924
15919
68421
52868
78947
84210
89473
94736
100000
530
35639
55125
13203
25703
26316
69575
36842
33173
47368
39226
46138
63158
68421
73684
78947
84210
89473
94736
100000
1
4218
10527
4948
13919
26316
50742
71315
46044
9090
18902
66984
63158
68421
73684
78947
84210
89473
85245
100000
9096
4289
61321
9715
25651
23671
71409
36842
71188
9760
28132
57895
63158
46024
73684
32944
84210
89473
94736
100000
1
3729
48666
13079
12005
23671
31579
36842
74477
47368
22344
46522
63158
68421
73684
78947
84210
89473
94736
100000
1
23697
26075
15790
16837
20860
31579
36842
37358
47368
15017
64703
63158
68421
73684
78947
84210
89473
94736
100000
1
3854
39404
12220
18612
14304
31579
32555
42105
20454
52632
57895
63158
61500
73684
78947
70013
78753
94736
100000
1
3841
23174
18141
16305
26316
56263
37382
42105
47368
47318
57895
56780
68421
50333
28804
41747
89473
94736
100000
1
37045
15639
4682
14375
26316
42659
36842
41079
14148
52632
57895
56503
68421
73684
78947
8408
89473
24085
100000
22718
23942
39273
16226
16801
35807
58035
46050
42105
47368
52632
70519
63158
68421
73684
78947
84210
89473
94736
100000
16890
4759
9418
7291
14866
45618
46123
56603
62770
47368
52632
57895
63158
68421
73684
78947
84210
89473
94736
100000
15784
24262
14114
10028
21053
26316
31579
31025
35496
4657
52632
57895
63158
68421
73684
78947
84210
89473
94736
100000
1
4759
9507
15790
17196
26316
31579
36842
47274
47368
18680
58992
6238
68421
23928
78947
84210
75551
94736
100000
1
27986
59684
15790
19962
22610
31579
27870
42105
47368
52632
57895
17622
68421
66254
78947
84210
89473
94736
100000
1
4759
69541
14230
25911
26316
31579
37900
42105
14605
37122
68316
63158
68421
21144
33823
84210
89473
94736
100000
1
6016
9308
8932
18948
14994
32493
55990
42105
47368
52632
57895
63158
68421
73684
78947
42162
89473
94736
100000
1
13407
10527
6655
24862
34530
31579
36842
72819
4657
12593
57895
6238
68421
38216
78947
84210
89473
94736
100000
1
3623
10527
4363
21053
45375
51854
36842
73026
47368
52632
52227
20739
68421
73684
78947
84210
89473
94736
100000
27667
18179
10527
13012
10447
23671
38434
41363
38090
42341
39300
57895
63158
68421
39336
78947
70466
89473
60134
100000
1
4061
9088
14230
21053
33361
46460
31561
33667
47368
52632
57895
63158
59075
28221
78947
84210
89473
94736
100000
1
4759
10527
11799
18948
48192
38454
36842
42105
47368
52632
49334
63158
68421
73684
78947
84210
89473
94736
100000
1
20238
8989
15790
21053
23671
67350
36842
43483
47368
12311
57895
63158
68421
19701
70278
84210
89473
94736
100000
19187
4759
54295
15790
15051
20145
68686
29743
67617
47368
52632
61896
63158
53234
73684
78947
84210
89473
94736
100000
1
4187
9507
15790
29922
27805
31579
36842
71484
35096
36436
54151
12818
68421
73684
78947
84210
89473
94736
100000
1
2877
46008
6612
18948
23671
31579
57373
73132
42573
52632
57895
63158
68421
73684
78947
84210
89473
65097
100000
1385
7704
7724
15790
10716
16485
32244
36842
32919
11789
35419
57895
23600
68421
59004
78947
84210
89473
94736
100000
2244
17796
19977
15790
12115
14503
80132
62497
69263
42573
52632
68547
56595
68421
73684
78947
84210
75764
38557
100000
1
45264
69575
8629
18139
14120
50242
30090
42105
47368
31069
57895
63158
68421
73684
78947
84210
89473
94736
100000
1
11082
28539
14230
18948
20261
31579
28778
42105
47368
17462
47456
63158
41787
73684
64993
84210
89473
94736
100000
34732
4319
48401
5353
18948
26316
38138
36842
42105
47368
52632
72001
63158
42012
23047
78947
84210
89473
94736
100000
1
35383
54921
15790
37551
16915
61053
36842
42105
4657
52632
62204
63158
50461
73684
78947
84210
76982
94736
100000
1
32048
10527
15790
17268
26316
74326
43760
42105
47368
52632
57895
63158
54153
38178
78947
84210
89473
94736
100000
1
17365
61818
11651
17008
23671
31579
36842
42105
47368
52632
57895
29851
68421
73684
78947
84210
89473
94736
100000
1
3304
59058
8715
12305
14082
31579
36842
37465
47368
18732
57895
12348
68421
73684
48882
84210
89473
94736
100000
2742
4759
63720
15790
13928
27209
58814
27109
42105
20787
52632
57895
15509
68421
23434
52953
84210
89473
33450
100000
23420
3752
9507
13812
14533
26316
61792
31481
42105
47368
12857
57895
54227
42206
73684
78947
84210
89473
94736
100000
6732
5264
38312
4737
15823
20572
37109
34166
37928
4657
27411
75086
63158
68421
73684
78947
84210
89473
94736
100000
38100
4759
9507
3958
13943
26316
31579
36842
36077
4657
52632
57895
63158
68421
22760
33800
16453
89473
94736
100000
1
8991
33782
5127
15977
23671
86275
36842
35691
7039
41352
57895
63158
68421
73684
78947
34377
89473
94736
100000
18756
5264
9507
5004
13032
15309
31579
36842
37829
26316
22495
49735
63158
50079
73684
28471
75776
89473
94736
100000
1
3723
51040
15790
18840
23671
87865
36842
69901
47368
25025
48680
63158
58470
73684
78947
84210
78722
94736
100000
4407
3833
10527
14230
25386
22015
31579
30826
37709
47368
52632
48568
63158
68421
73684
61491
84210
89473
31464
100000
1
5019
9204
5326
31985
32374
47311
33904
42105
19900
52632
57895
63158
68421
73684
78947
84210
89473
94736
100000
1
2744
18726
4662
15626
24873
28444
36842
42105
36303
52632
55747
16191
68421
73684
29156
84210
79306
94736
100000
9365
3899
7656
12926
13520
26316
79629
36842
42105
36128
52632
52287
56780
52986
66254
53415
84210
89473
94736
100000
1
34523
40376
15790
14831
15573
73217
36898
60618
19532
52632
52071
63158
68421
73684
78947
84210
89473
94736
100000
1
44052
61997
15790
41897
26316
31579
28875
37829
47368
33007
47601
63158
68421
73684
78947
84210
89473
94736
100000
1
19305
8843
13937
26409
23531
33513
33102
42105
40949
52632
56544
32521
46527
73684
45002
84210
89473
94736
100000
1
4597
11770
5997
21053
20229
31182
36842
42105
47368
52632
47664
63158
68421
47722
27674
84210
89473
94736
100000
29374
3976
50553
11834
13026
45040
75117
36842
42105
27189
47318
57895
63158
68421
73684
78947
84210
89473
94736
100000
1
45514
7977
15790
11472
16965
31579
30574
54714
15408
52632
57895
14459
68421
73684
78947
75776
89473
94736
100000
1067
4759
9763
11089
21053
14521
58662
31795
72486
33036
32791
57895
63158
45527
56391
78947
84210
89473
94736
100000
17850
2904
55365
7910
11562
25228
31579
36842
42105
47368
52632
57895
22530
45689
73684
44381
84210
89473
94736
100000
1
4266
8712
6609
16309
21396
28372
52271
42105
38089
52632
57895
37141
68421
25288
29785
84210
89473
42815
100000
28433
44610
49945
11022
21053
26316
87212
59631
42105
47368
52632
57895
56780
68421
73684
78947
84210
89473
94736
100000
1
3181
57334
14230
10849
14740
82401
36842
36743
47368
52632
59999
13484
68421
60322
33932
84210
89473
94736
100000
1
14071
26267
15790
21053
26316
37290
36842
62787
42573
52632
57895
63158
68421
73684
78947
84210
76862
94736
100000
1
4040
68151
9756
11863
42729
58402
57095
42105
47368
42901
57895
63158
68421
73684
78947
84210
89473
94736
100000
1
36847
49490
15790
18948
43103
87502
36842
37829
47368
52632
57895
63158
68421
27693
59385
84210
89473
94736
100000
37776
3933
10527
10761
21885
47001
31579
71215
62853
28524
52632
57895
63158
68421
73684
78947
84210
89473
94736
100000
1
3668
46788
4224
35379
16435
62595
35170
42105
47368
52632
57895
63158
42057
73684
64819
84210
89473
94736
100000
1
28478
27286
13824
11666
41323
31579
36842
32152
47368
19282
70182
63158
50345
22850
78947
84210
76040
94736
100000
1
5264
9507
8787
17714
13548
67898
48582
68112
29029
52632
57895
7028
68421
73684
78947
84210
89473
94736
100000
1
39682
10527
14230
21053
16594
34134
28210
42105
37653
52632
51719
63158
61500
73684
78947
84210
89473
94736
100000
1
4279
64478
7563
16146
23884
76522
55444
42105
17887
19362
57895
8070
54778
73684
78947
84210
89473
94736
100000
1
22102
9357
15790
18948
25755
40993
67172
42105
47368
30244
57895
63158
68421
73684
40589
47548
89473
35858
100000
26861
13711
41735
9593
15718
22383
34943
32915
42105
47368
52632
57895
63158
68421
73684
78947
84210
78597
94736
100000
1
3964
57216
9594
17599
26316
38036
45607
42105
47368
47318
57895
63158
56824
73684
78947
84210
89473
94736
100000
1
35602
10527
14230
18857
26316
86586
36842
37829
42573
52632
77696
63158
68421
73684
30926
39845
89473
94736
100000
1
4759
10527
4537
26418
28427
69863
40014
42105
47368
52632
61513
63158
47492
73684
78947
84210
89473
94736
100000
1
32966
58288
15790
21053
27059
85580
36842
37829
47368
12775
53869
63158
68421
73684
78947
84210
89473
94736
100000
1
3368
58253
8189
9905
19882
42990
46290
42105
9273
52632
57895
42828
68421
73684
78947
84210
89473
94736
100000
14398
3509
16690
15732
37794
13633
48368
36842
44491
47368
52632
52700
52772
43127
48933
36149
84210
89473
94736
100000
13298
2699
8371
6403
37416
26316
31579
58194
73888
21012
52632
47259
63158
48567
50166
54918
84210
89473
94736
100000
1
13586
21408
15790
41865
24366
31579
36842
42105
35636
52632
57895
63158
60169
62062
78947
84210
89473
94736
100000
1
3291
11033
12685
24520
13764
28372
36842
54543
10491
52632
57895
55173
68421
73684
40873
84210
89473
94736
100000
1
26257
25150
11385
31181
15385
48318
36842
45593
26126
52632
57895
23723
68421
73684
78947
84210
89473
94736
100000
34676
3042
56700
13309
33712
13078
56640
42363
65961
4657
46051
57895
10341
68421
73684
78947
84210
73153
94736
100000
11311
37933
24350
14230
10587
18325
80191
64531
42105
42573
27965
57895
37406
58314
73684
78947
8408
89473
94736
100000
28640
44163
53583
17229
20435
26316
62985
36842
42105
47368
52632
57895
63158
68421
52588
68522
84210
89473
94736
100000
29039
28402
10527
4079
15592
26316
28372
69672
66117
42134
23561
57895
63158
68421
73684
78947
84210
89473
94736
100000
1
3661
10275
14230
43817
26316
88812
36842
37829
30137
52632
57895
53363
61500
36343
78947
84210
89473
94736
100000
1
36927
10527
9917
23328
26316
68446
36842
35111
47368
19154
52071
6238
68421
73684
78947
84210
72606
94736
100000
424
5264
51345
14230
12528
31264
28372
67277
42105
47368
14084
57895
63158
68421
73684
78947
84210
89473
94736
100000
1
34483
46294
11672
17753
26316
75771
36842
42105
47368
52632
57895
51441
68421
26032
78947
84210
89473
94736
100000
1
31704
10527
9284
15977
19286
31579
61873
42105
47368
52632
57895
10786
68421
73684
30699
84210
89473
94736
100000
1257
44954
18413
7715
18948
26316
28372
70537
42105
47368
13932
70158
63158
49733
73684
78947
84210
89473
94736
100000
38622
5264
9122
8963
14978
28020
28372
56911
42105
47368
52632
57895
63158
42609
73684
78947
84210
89473
94736
100000
32303
14316
8689
6495
18948
15665
31006
61784
42105
47368
46832
60145
63158
68421
73684
33046
84210
89473
94736
100000
34735
11197
47745
15790
18948
26316
47798
60935
35022
4657
52632
61267
6238
68421
73684
78947
84210
89473
94736
100000
30486
2949
39694
6264
14243
23671
55349
36842
33974
8724
44029
57895
36656
68421
73684
78947
84210
89473
94736
100000
8976
4759
10527
15790
17354
17110
31579
60622
41997
19999
13650
45977
63158
45975
57592
78947
84210
89473
94736
100000
14246
4397
8317
15790
21053
26316
31579
62850
34715
26908
14113
57895
43122
68421
73684
78947
84210
89473
94736
100000
26115
13000
10527
9218
16136
26316
59470
64079
42105
47368
52632
64675
63158
68421
73684
78947
84210
89473
94736
100000
1
39553
59786
15790
24984
26316
83276
36842
42105
34523
32528
70632
7836
68421
73684
78947
84210
89473
94736
100000
23207
41125
10527
11647
16549
18414
31579
36842
48143
17518
52632
51198
6238
68421
73684
78947
19301
89473
94736
100000
8033
4959
7493
6324
21053
26316
75035
32251
32225
47368
15664
73245
25557
68421
73684
78947
13866
89473
94736
100000
31018
42254
7773
9553
17147
36901
88981
36842
38620
36918
52632
57895
63158
68421
52051
70976
84210
89473
16664
100000
1
4759
63617
15790
40993
40064
43336
30851
42105
47368
41899
57895
16630
68421
73684
30626
84210
89473
94736
100000
15384
19974
61012
8076
16332
17110
56300
51312
42105
47368
25169
57895
63158
68421
73684
78947
84210
89473
94736
100000
1
4078
55480
5634
18948
26316
31579
32740
42105
42573
45764
57895
21969
45638
73684
78947
84210
89473
94736
100000
1
35832
32559
13876
21053
26316
28372
36842
65999
47368
52632
57895
63158
68421
73684
53841
84210
89473
94736
100000
1
3366
25946
8142
10594
32672
85989
36109
67492
30339
15083
67655
63158
68421
73684
78947
84210
71726
94736
100000
1
3997
32277
8858
16020
17197
28372
28821
42105
47368
52632
57895
53402
68421
73684
78947
84210
89473
94736
100000
37180
42925
24356
3713
13090
26316
31579
36842
42105
47368
25731
73875
63158
68421
42211
78947
84210
89473
94736
100000
1
23191
9507
15790
17124
23401
74145
35507
49906
47368
52632
57895
63158
68421
73684
78947
84210
89473
94736
100000
1
4759
67002
10420
41387
23191
56912
36842
64753
42573
52632
57895
63158
68421
73684
78947
84210
89473
94736
100000
1
25295
9507
13424
18948
22172
41371
36842
35052
47368
52632
57895
42616
68421
73684
78947
84210
89473
94736
100000
1
12758
65391
14230
11125
16786
28877
32695
43298
15401
52632
57895
63158
49187
73684
33528
84210
89473
94736
100000
33921
29267
10527
7143
9597
21286
75910
36842
42105
47368
43677
50414
63158
44651
73684
78947
84210
89473
94736
100000
1
4759
37746
5766
10191
26316
31579
65812
42105
47368
52632
57895
63158
61500
48803
78947
84210
89473
94736
100000
2483
34549
9507
7318
11515
26316
31579
45189
42105
47368
17934
67887
63158
68421
73684
78947
84210
89473
94736
100000
1
33229
64844
7662
15133
20188
66355
41201
42105
47368
52632
52071
63158
68421
73684
63680
84210
78553
94736
100000
5665
4577
53260
13228
21053
26316
31579
36842
42105
47368
52632
57895
63158
68421
73684
78947
67551
89473
74722
100000
864
2728
49748
6821
13604
18969
77748
32951
50660
26395
16433
57895
51940
59976
73684
78947
84210
89473
94736
100000
29952
6600
8273
3917
21053
23671
50538
72097
42105
47368
28239
57895
63158
59254
73684
29869
84210
89473
94736
100000
5727
2517
64817
12155
16655
26316
31579
36440
67176
40231
21520
56540
63158
55091
73684
59679
84210
89473
94736
100000
1
3677
13025
8859
14990
40592
31579
59241
54109
16606
52632
57895
63158
68421
73684
78947
84210
89473
94736
100000
36922
4650
8065
10446
21053
26316
71410
54285
41864
9201
33111
74007
63158
68421
73684
78947
84210
89473
94736
100000
4654
7633
8491
5578
12549
47239
31579
36842
37829
47368
34194
57895
45175
68421
73684
78947
84210
89473
94736
100000
30408
2958
7859
5825
15305
23671
28372
27770
75433
47368
15190
57895
22295
43064
73684
78947
84210
89473
94736
100000
14779
37192
66034
15790
10345
21801
45278
33102
42105
47368
19653
53832
63158
45544
73684
78947
84210
89473
94736
100000
1
3933
31828
15790
41615
14044
40188
38721
61002
42573
52632
56463
63158
68421
73684
78947
84210
89473
94736
100000
1
4759
10527
17937
12966
23671
31579
38954
34203
35568
52632
57895
63158
68421
73684
78947
57488
89473
94736
100000
1
13899
24714
7125
29660
26316
45760
33102
47575
42573
13689
52071
12114
54573
24127
78947
84210
89473
94736
100000
1
3993
9507
13592
9701
19956
70244
36842
32194
47368
52632
71062
63158
49687
73684
78947
29279
89473
94736
100000
1
4710
37398
15790
14375
26316
76887
34484
35643
47368
52632
57895
45663
68421
73684
27727
84210
89473
94736
100000
1
3492
8020
4003
36587
20179
31579
36842
37829
47368
47318
57895
19723
68421
73684
78947
84210
89473
94736
100000
1
3227
61189
5447
21053
22486
57358
33102
73660
47368
52632
57895
63158
44381
73684
78947
84210
89473
94736
100000
15099
4759
18469
15790
21053
26316
51012
27417
37062
13285
21998
55666
63158
42982
73684
78947
84210
89473
94736
100000
1
31150
10873
7003
36445
19533
31579
65370
37829
29429
52632
47300
11041
68421
73684
78947
84210
89473
94736
100000
1
13428
7642
12892
14570
20519
51474
34791
46392
15636
52632
63244
10900
48640
23155
78947
84210
89473
94736
100000
1
3030
20481
8205
21053
24140
72829
68129
42105
47368
52632
66962
63158
56783
22265
78947
84210
89473
94736
100000
15520
2569
9507
15790
41063
22339
28372
31558
69346
47368
52632
52071
63158
60663
73684
78947
84210
89473
94736
100000
1
6850
29968
7988
18593
18783
33005
36842
42105
47368
52632
71019
56780
50789
73684
78947
84210
89473
94736
100000
1
4235
13845
13431
10557
23451
31579
33102
54292
47368
52632
57895
9748
68421
73684
78947
84210
89473
94736
100000
1
3346
8230
10837
22110
13221
31579
40588
51047
47368
52632
57895
63158
56899
73684
70976
84210
89473
94736
100000
1
3910
13044
11466
36158
26316
77517
28193
41729
47368
52632
57895
63158
68421
73684
78947
84210
76063
94736
100000
32551
2635
44026
6499
18274
23612
31579
36842
42105
47368
52632
62353
63158
68421
19491
39269
84210
89473
94736
100000
37665
31691
39925
11754
12183
45259
31579
36842
37166
28817
52632
57895
63158
61500
73684
40654
84210
75574
94736
100000
1
3699
22119
15790
22290
13306
31579
61287
42105
33567
52632
57895
56780
68421
73684
78947
23191
78329
94736
100000
32877
41599
9507
6261
13657
26316
66481
60789
42105
18421
52632
57895
63158
68421
73684
78947
84210
89473
94736
100000
1
19759
59160
5695
21053
19633
31503
69510
69437
23049
52632
57895
63158
68421
73684
33966
84210
89473
94736
100000
1
45837
52756
3191
36895
22088
65954
39740
43303
24722
35907
57895
63158
68421
73684
78947
84210
89473
94736
100000
1
4191
33666
14230
21053
21422
28523
36842
59567
47368
52632
57895
63158
68421
73684
78947
84210
89473
94736
100000
1
31249
54128
15790
9760
30530
31579
28185
43092
47368
25644
53201
63158
60075
34424
78947
84210
89473
94736
100000
1
29680
64445
6739
27768
45956
31579
47658
60422
33351
13704
75079
55016
58278
73684
78947
84210
89473
94736
100000
1
34068
19464
12865
33562
26316
31579
36842
41733
14134
52632
70879
23075
68421
73684
78947
84210
89473
94736
100000
1
5264
42315
8485
18948
20332
33763
27488
60801
26763
52632
57895
6238
68421
73684
78947
84210
89473
94736
100000
1
4759
23633
15790
11096
22302
61252
36842
74687
47368
52632
57895
6238
49324
19909
78947
84210
89473
94736
100000
3400
17941
10527
8574
21053
19342
76574
36842
42105
32581
52632
57895
63158
68421
27360
78947
84210
89473
53016
100000
20599
4759
9391
13312
36417
34059
76799
33697
42105
47368
52632
61638
63158
68421
73684
78947
84210
89473
94736
100000
1
5264
31435
6371
16044
26316
31579
36842
36425
47368
14693
57895
63158
68421
73684
78947
84210
89473
94736
100000
26139
2549
9507
7865
9707
17956
31579
31926
42105
42573
30566
54145
63158
52500
73684
78947
84210
89473
94736
100000
1
22413
10527
17714
37589
32176
28372
36842
65446
28752
47318
57895
14921
68421
73684
78947
84210
89473
94736
100000
348
3174
48174
11717
17762
44663
64190
65986
42105
8172
52632
57895
63158
68421
73684
78947
84210
89473
55337
100000
1
15200
33383
3701
15645
15929
38570
63243
37829
47368
52632
57895
63158
68421
73684
78947
84210
89473
94736
100000
1
41600
24160
12782
41286
23312
60614
50008
41827
39750
23563
57895
24487
49499
73684
78947
47549
89473
94736
100000
1
41540
45040
6098
37317
47736
68731
40464
42105
6008
47318
57895
51518
68421
29841
78947
84210
89473
94736
100000
1
4098
44622
3827
28882
23671
31579
33336
34677
47368
52632
52071
63158
68421
73684
78947
8408
89473
94736
100000
1
3683
67757
15790
12602
20568
28372
27477
59096
47368
15719
64458
63158
68421
73684
78947
29230
89473
94736
100000
22643
35892
46039
10500
12241
26316
82473
36842
42105
47368
52632
72566
63158
41973
73684
78947
84210
89473
94736
100000
1
3572
18107
3264
29184
24879
31579
36842
42105
13738
30727
70649
63158
68421
73684
78947
84210
89473
94736
100000
1
4759
10527
10669
30395
26316
76228
36842
57812
47368
12379
74634
63158
68421
29929
78947
84210
89473
94736
100000
31123
22405
45440
8910
18948
26316
87632
36842
40731
18263
52632
56160
45066
68421
73684
78947
84210
89473
94736
100000
1
35834
53712
14986
21053
32467
42774
72445
42105
47368
52632
57895
6458
68421
73684
78947
84210
89473
94736
100000
27486
2538
69308
3825
34080
26316
35172
27958
42937
47368
52632
70256
49681
48271
73684
78947
48461
89473
94736
100000
1
2990
15900
9273
26240
44385
81132
56441
37508
12742
52632
49802
63158
68421
73684
78947
59501
89473
94736
100000
1
2776
31386
3873
21053
21591
28372
36842
42105
31109
32104
75340
63158
68421
73684
78947
84210
89473
94736
100000
1
2680
44552
13600
15032
19118
31579
38986
42105
47368
52632
57895
44622
45471
73684
78947
84210
89473
94736
100000
1
5264
15101
5575
21053
19682
33787
36842
35294
29164
52632
67873
63158
68421
73684
78947
84210
89473
94736
100000
24707
6497
59088
12862
13411
23671
31579
57041
55209
42573
52632
55366
63158
55713
73684
42180
64465
89473
94736
100000
1
14026
9452
15790
10092
26316
51590
62102
52401
47368
32268
57895
30104
68421
73684
78947
84210
89473
94736
100000
1
4759
57421
4120
16866
43325
31579
36842
42105
21251
32467
57895
63158
68421
73684
78947
84210
89473
94736
100000
1
3232
60295
15790
42238
23671
48886
36842
37165
9737
52632
58179
6238
68421
26330
78947
84210
89473
94736
100000
34436
9288
51291
5553
21053
26316
29713
32711
42105
42573
12870
57895
18951
68421
73684
70976
13253
89473
94736
100000
1
12548
10527
12454
31462
21796
31579
39509
32283
47368
47318
71640
8869
48234
73684
78947
84210
89473
94736
100000
1
3887
42758
8775
36324
47251
61102
41761
37394
47368
38881
57895
63158
68421
23018
28351
84210
89473
94736
100000
1
18359
55179
14230
18948
15324
28372
51510
42105
47368
52632
57895
63158
68421
73684
78947
27338
89473
94736
100000
2097
4759
56896
14230
12602
13184
88661
31801
42105
34989
44393
76266
63158
41252
73684
78947
84210
89473
94736
100000
22135
4759
26813
10917
15923
23671
31579
33102
35848
47368
52632
57895
35906
68421
73684
28602
84210
89473
94736
100000
1
31078
10527
12963
13351
16610
53539
27120
46287
47368
14227
52071
16652
53976
73684
78947
84210
72213
94736
100000
1
3495
24571
14230
18948
26316
31579
70725
37829
42573
52632
52071
26206
46910
73684
78947
84210
89473
94736
100000
1
22577
9507
8107
14947
26316
31579
40359
60758
35086
52632
76830
52580
68421
73684
62118
84210
89473
94736
100000
1
17677
24480
13995
24265
44099
38744
36842
42105
21138
52632
57895
20189
68421
39089
78947
84210
89473
26808
100000
1
4011
50180
15790
34469
40034
51407
36842
42105
41068
21930
57895
16876
42740
73684
78947
84210
89473
94736
100000
1
4759
8755
4803
18285
20760
79139
56634
42105
47368
52632
49400
15491
61500
24656
31735
84210
74448
94736
100000
1
37813
19478
4748
10467
26316
54621
69043
32475
47368
52632
46763
63158
54114
73684
48131
84210
89473
94736
100000
36941
34738
43673
11564
18772
26316
31579
60027
37829
25485
52632
57895
49630
68421
73684
78947
48409
89473
94736
100000
11824
10895
46226
15790
21053
34384
76465
65351
39220
47368
13995
50557
36689
68421
73684
78947
84210
89473
94736
100000
1
44507
7492
14230
43688
17712
28372
70997
42105
42573
52632
77462
63158
68421
73684
78947
84210
89473
94736
100000
1
25019
41764
10437
21053
39106
65973
33102
42105
26960
16754
64061
54877
68421
23629
28121
84210
89473
94736
100000
1
32330
67771
18008
15054
26316
35839
29649
66049
25929
44324
61438
63158
68421
73684
78947
84210
89473
94736
100000
1
3883
7622
8954
43614
26316
54111
47237
66926
5780
47318
64206
63158
68421
46468
78947
84210
89473
94736
100000
1
42110
9235
7316
13788
14110
53225
36842
68667
13083
44322
57895
63158
47240
53774
46664
53553
89473
94736
100000
1
5264
54770
15790
14979
15797
28372
36842
42105
47368
52632
57895
63158
68421
73684
78947
70293
78647
94736
100000
1
28533
24231
3963
30978
22112
41890
28178
42105
21901
52632
57895
49566
68421
29399
78947
84210
89473
94736
100000
32629
6307
38786
15790
18948
26316
31579
36842
73770
18950
17609
57895
37162
68421
73684
78947
84210
89473
94736
100000
1
4055
9507
15790
12319
28834
47339
54451
42105
47368
23833
57607
63158
46851
73684
78947
84210
89473
94736
100000
29067
4192
63532
14230
13292
21578
31579
36842
40661
31606
52632
76524
63158
68421
73684
78947
75776
89473
94736
100000
1
4759
45342
9412
18662
31758
48902
32881
41886
47368
38967
57895
63158
68421
73684
61455
84210
89473
94736
100000
1
3022
42785
11993
21053
26316
31579
28755
42105
47368
52632
57895
26944
68421
73684
78947
84210
89473
94736
100000
1
2659
8232
13890
18948
20484
48644
68441
37829
30906
52632
57895
63158
42224
73684
78947
84210
89473
94736
100000
10625
33483
16202
6945
18948
24945
83238
51491
42105
47368
52632
70438
63158
68421
73684
51599
84210
89473
94736
100000
1
5264
8001
15790
18420
26316
31579
31649
73870
47368
52632
55087
6238
68421
73684
70976
84210
89473
94736
100000
9641
4259
27665
14148
18948
16889
47128
33102
37829
13658
52632
57895
63158
68421
73684
78947
84210
89473
94736
100000
7629
2600
7806
9037
36028
26316
31579
48660
42105
47368
52632
57895
6238
49617
73684
78947
84210
89473
94736
100000
1
3525
55910
15790
21053
17953
31579
32379
37570
20193
52632
57895
51414
68421
41653
78947
35831
78082
94736
100000
1
4409
7642
15790
10601
16782
70258
38879
37829
47368
52632
60543
10819
46846
73684
78947
84210
89473
26865
100000
1
30503
35830
9623
9878
17397
31579
66230
60324
47368
52632
57895
18166
45733
73684
78947
32412
89473
94736
100000
4471
30224
25605
10652
17603
26316
31815
60778
54725
32877
52632
76594
63158
68421
73684
78947
84210
89473
94736
100000
1
3819
21847
14230
13235
26316
34335
56974
75537
47368
52632
50961
63158
68421
73684
78947
84210
89473
94736
100000
19577
19571
9507
9913
15500
26316
83346
54094
36325
22588
52632
52071
63158
41773
73684
78947
75776
89473
94736
100000
1
29051
10527
15790
22137
26316
34626
36842
34634
47368
52632
57895
37961
68421
25108
78947
84210
80504
94736
100000
1
3685
9299
3928
21053
26316
28372
31192
42105
47368
20922
57895
63158
68421
53557
78947
84210
89473
94736
100000
9537
3417
58623
9068
21053
23671
31579
36842
42105
47368
52632
57895
63158
54610
23903
78947
84210
89473
94736
100000
1
10768
44647
7945
18948
22561
31579
27596
42105
42573
11947
61127
63158
68421
73684
78947
84210
89473
94736
100000
1
4176
54639
15790
21053
20717
31579
36842
42105
35336
52632
49339
63158
68421
66254
78947
53650
89473
94736
100000
1
43099
9507
5488
12186
23671
29787
65648
42105
7730
15470
69324
19332
68421
73684
78947
54595
89473
94736
100000
21743
41037
35435
15790
24223
19022
52743
33102
42105
41725
52632
71550
13832
68421
73684
78947
84210
89473
94736
100000
1849
5264
61596
16282
18948
17052
31579
36842
38227
16039
47318
57895
63158
60574
73684
30502
84210
89473
94736
100000
2485
21298
10527
12681
16357
31606
31579
70000
37641
42573
10880
57895
63158
43803
73684
78947
84210
89473
94736
100000
1
2702
48475
15946
22209
29679
59015
36842
65387
47368
52632
57895
48140
68421
73684
78947
84210
89473
85245
100000
1
33535
26280
15790
32138
26316
89676
28282
71014
42573
52632
57895
53397
68421
73684
78947
84210
89473
94736
100000
1
5264
68890
13785
11405
19846
59398
48976
42105
47368
52632
57895
40350
68421
73684
70405
55347
89473
94736
100000
1
3264
54150
5781
21053
20037
31579
46095
37829
47368
52632
57895
63158
68421
51758
78947
84210
89473
94736
100000
1
4425
27117
5172
18046
16871
88161
30823
62396
47368
52632
57895
63158
68421
73684
78947
84210
70822
94736
100000
1
20474
8619
12902
14156
39947
84119
58129
37829
47368
52632
76401
63158
68421
73684
64169
84210
80504
94736
100000
1
4759
53538
13399
12822
18100
81056
58649
42105
47368
52632
57895
63158
68421
25250
78947
20986
89473
94736
100000
1
27610
10527
13013
18948
23093
70482
54726
42105
47368
52632
46661
49902
68421
20081
78947
84210
89473
94736
100000
18449
25827
8438
5584
21053
22714
28372
36842
46279
47368
25209
57895
42391
68421
73684
78947
84210
89473
94736
100000
1
14362
46261
9079
15306
18923
59587
59492
42105
8647
52632
57895
6238
68421
73684
68492
84210
89473
94736
100000
31072
2625
10527
15790
15228
26316
74785
42684
42105
5213
52632
57895
10268
68421
32880
78947
62516
89473
94736
100000
1
5264
9041
5678
43212
39042
31579
32715
37829
23771
40888
78379
63158
68421
73684
78947
84210
89473
94736
100000
1
20361
10527
11019
18948
15569
53235
36842
64647
47368
52632
57895
63158
68421
73684
27857
84210
89473
94736
100000
29200
4376
33060
13564
10829
18969
56529
33102
42105
33499
47318
52071
63158
68421
73684
78947
84210
89473
94736
100000
1
4411
68049
9053
20269
16890
31579
34387
41525
42360
14728
51898
26834
52198
20179
78947
84210
89473
94736
100000
39529
5264
22299
11246
9910
28998
31579
27522
57041
42573
52632
50691
63158
68421
32517
78947
43234
89473
94736
100000
11516
22929
7573
9926
18402
37240
88638
37907
42217
42573
33571
57895
36505
50666
73684
48046
84210
89473
94736
100000
17683
4759
35036
5909
21053
23671
31579
36842
42105
42573
52632
50999
63158
68421
73684
28686
9194
89473
94736
100000
26166
4759
9507
7128
9628
13967
31579
36842
33131
47368
11962
48254
23005
68421
73684
70976
84210
89473
94736
100000
21198
2817
21089
3458
21053
23671
76304
36842
42105
47368
52632
70365
42412
68421
73684
38226
49106
89473
94736
100000
39054
4759
57883
3439
11878
46342
57656
29912
52027
47368
52632
57895
27073
55544
26520
57197
84210
89473
94736
100000
19038
4706
17356
9392
21053
26316
68104
36842
37829
36395
52632
50024
63158
45409
73684
78947
84210
89473
94736
100000
1
3895
10527
15790
21053
44448
31579
36842
42105
6612
52632
58422
47282
68421
73684
78947
84210
89473
94736
100000
1
7183
10825
16077
14853
39414
46829
36842
42105
47368
52632
57895
63158
48024
73684
78947
57978
89473
94736
100000
1
4634
9173
14230
30673
42697
31579
60106
42105
47368
12686
57895
63158
68421
32920
78947
84210
89473
94736
100000
1
18357
8237
9774
18948
22938
70247
43136
51739
23979
10819
57895
39952
68421
73684
67009
84210
89473
94736
100000
1
4428
7884
3435
10497
37219
79374
36842
51411
47368
35452
57895
63158
47499
73684
78947
84210
89473
94736
100000
9325
4759
10527
13068
21053
26316
62958
36842
45182
42573
52632
58000
28541
68421
20621
78947
84210
89473
29689
100000
14462
7852
8995
10805
26888
26316
31579
32059
37904
22494
52632
49298
63158
56550
73684
78947
25418
89473
94736
100000
1
4759
9507
8501
11240
20892
46389
48723
42105
47368
19532
57895
63158
68421
73684
78947
84210
89473
94736
100000
1
35711
10527
10985
42333
42735
51020
38750
32524
47368
52632
64653
33307
68421
73684
78947
84210
89473
94736
100000
1
4759
11354
5153
21053
18559
75659
41810
37499
47368
29610
72798
53905
68421
48907
78947
84210
89473
94736
100000
1
45994
47450
8971
18291
34817
33582
36842
42105
47368
52632
57895
63158
61500
73684
78947
84210
89473
38320
100000
18148
4395
9047
14230
28908
14051
31967
36842
42105
19298
52632
57895
31044
68421
73684
78947
84210
89473
94736
100000
1
25920
9507
13646
11135
13484
75632
28412
42105
16590
52632
57895
63158
68421
73684
78947
84210
89473
94736
100000
34933
3249
56658
6712
11225
19355
61090
36842
42105
21268
38210
57895
63158
68421
73684
78947
84210
89473
94736
100000
19438
2653
33026
17535
13053
14485
37541
30654
52866
47368
52632
57895
22086
49668
73684
78947
27974
89473
94736
100000
12272
4060
44705
5324
18948
14139
71815
36842
37829
24517
52632
57895
63158
68421
60029
78947
84210
89473
94736
100000
1
3651
44305
15790
21053
16888
31579
29322
42105
47368
22130
57895
63158
68421
50672
78947
84210
89473
94736
100000
1
35077
54553
17048
34141
36479
77944
36842
36636
47368
32845
52273
6238
68421
73684
51835
84210
89473
94736
100000
7745
3837
38341
9553
21053
34058
31579
70858
60013
42573
17460
57895
63158
68421
22035
78947
84210
89473
94736
100000
1
25794
16971
15790
18946
18369
47861
40405
65548
47368
17892
61237
56780
68421
73684
78947
84210
89473
94736
100000
1
4759
43944
14230
18948
18677
88398
29059
69100
47368
52632
57895
56780
68421
73684
45482
84210
71512
94736
100000
25210
43628
28938
10393
15454
23370
28372
36842
37829
47368
52632
57895
63158
44026
73684
33845
84210
89473
94736
100000
1
13453
27179
15790
21053
21481
31579
36842
37811
16244
52632
73389
26250
68421
73684
78947
84210
89473
94736
100000
35026
46209
19689
15384
21053
26316
28372
36842
42105
47368
52632
57895
63158
58236
73684
70976
84210
89473
85245
100000
1
5146
43264
14045
11212
42489
28372
31985
49489
40669
25269
62102
63158
45194
73684
78947
84210
89473
94736
100000
1
45387
9507
8697
18279
26316
81592
63430
42105
47368
14434
57895
63158
68421
73684
78947
84210
89473
94736
100000
1
6681
45387
14230
16165
21386
31579
28135
75943
19294
52632
55224
63158
68421
73684
78947
84210
89473
94736
100000
1
36148
26865
10660
16394
24521
86974
36842
52178
47368
52632
57895
36669
68421
73684
78947
84210
89473
94736
100000
11858
18975
61661
10787
10513
22490
31579
36842
42105
5119
52632
57895
63158
43191
26950
78947
23523
73489
94736
100000
1
4759
10527
13984
35835
29206
81446
29023
32696
28346
47318
75477
35449
68421
73684
78947
84210
89473
94736
100000
28284
21794
18248
4203
27661
39442
41777
36842
42105
47368
31482
75579
63158
68421
61429
78947
84210
89473
94736
100000
25105
31192
45007
7679
21053
28644
62879
36842
37829
4657
52632
57895
12954
68421
73684
78947
84210
89473
94736
100000
1
4587
18719
15790
10385
26316
31579
36842
49327
11449
11607
57895
47167
68421
73684
78947
84210
89473
94736
100000
1
4531
55039
6139
29346
26316
31579
37355
60456
6175
52632
57895
63158
68421
73684
78947
84210
89473
94736
100000
1
3955
9347
3617
11117
40488
31579
36842
37829
42573
17049
57895
63158
68421
73684
78947
84210
72000
94736
100000
1
4174
58346
8613
14601
26316
49280
36842
42105
47368
33296
46896
33538
68421
73684
27903
84210
89473
94736
100000
1
21349
32726
14138
9761
17244
34082
57450
42105
23850
13697
57895
63158
68421
73684
78947
9050
89473
94736
100000
1
40437
10527
18759
15049
26316
40325
36842
33474
30000
52632
57895
63158
59917
20767
78947
48545
89473
57457
100000
18354
6006
23072
4636
21053
22407
31579
29165
42105
47368
52632
57895
31029
53381
73684
78947
84210
89473
56297
100000
1
26086
16657
5052
18948
15477
31579
45371
66151
14560
19914
57895
63158
68421
73684
78947
84210
89473
94736
100000
1
4759
14557
11800
16180
26316
31579
32629
42105
47368
52632
69803
63158
68421
73684
78947
84210
89473
94736
100000
1
4334
9111
3868
18948
14933
70470
29142
42105
47368
52632
57895
63158
68421
32249
78947
84210
89473
94736
100000
6408
4759
19993
13162
19910
24348
28372
35770
42105
47368
47318
47027
7726
68421
73684
70976
84210
89473
94736
100000
34275
20103
10527
14230
18948
19341
42101
33102
42105
34694
52632
57895
63158
68421
73684
78947
84210
89473
94736
100000
1
2778
58799
10155
17097
39789
28372
33102
56308
30703
15617
57895
63158
68421
73684
78947
84210
89473
94736
100000
1
18671
10527
14230
15731
48425
28372
55823
62213
47368
11789
52071
6238
68421
73684
78947
84210
89473
94736
100000
1
10063
9507
15790
16979
15054
44558
33102
37829
21309
52632
73091
63158
68421
73684
78947
84210
89473
94736
100000
12328
4081
7879
13720
18222
32904
77955
36842
37829
4657
52632
57895
56780
46609
73684
78947
84210
89473
94736
100000
39385
14239
58245
14676
18948
14909
31579
36842
34222
32689
27868
52071
56780
68421
73684
68851
84210
89473
94736
100000
15744
4399
8998
9883
12814
26316
31579
53444
73973
47368
34754
57895
63158
68421
73684
78947
84210
89473
94736
100000
1
4759
9507
14898
21053
22766
61036
36842
65178
47368
47318
52071
32625
68421
73684
78947
84210
89473
94736
100000
1
4660
9095
9022
14220
16593
31579
55424
42105
26042
39628
57895
63158
68421
73684
34102
84210
89473
94736
100000
1
2516
15637
12352
14384
21334
41987
27391
57488
23665
52632
57895
63158
68421
50215
78947
84210
89473
94736
100000
1
25956
8386
15541
15384
26316
41996
72833
51666
31720
52632
78187
63158
46289
73684
78947
84210
89473
94736
100000
20951
41429
10527
9553
21053
21469
61784
72617
33421
7086
52632
54654
12229
68421
20133
78947
84210
89473
94736
100000
27064
38410
9507
6225
10979
32623
70578
68387
50106
9132
52632
77141
46075
43399
22972
78947
84210
89473
94736
100000
1
2531
15460
7404
18948
14409
78988
32402
37778
38114
52632
52071
63158
68421
73684
78947
75776
89473
94736
100000
20020
4326
63522
15790
16539
20996
31579
36842
37829
13879
24271
73371
63158
68421
73684
78947
26939
89473
94736
100000
1
3288
28780
9480
35410
33312
62611
70616
42105
9616
33647
57895
63158
68421
73684
78947
84210
76705
94736
100000
1
3031
56094
12988
18456
17177
69682
36842
42105
47368
52632
57895
63158
56689
46850
78947
84210
89473
94736
100000
1
16425
9394
7836
18948
26592
31579
36842
42105
41233
52632
46862
34875
68421
26244
78947
84210
89473
94736
100000
37332
4759
8587
11248
15449
34570
34334
54877
34122
47368
52632
49622
16479
68421
73684
78947
84210
89473
94736
100000
1
37082
10527
6939
9858
29403
64463
36842
34124
5784
34403
57895
63158
42316
73684
78947
84210
89473
94736
100000
1
29458
7545
15790
17690
27471
63351
36842
42105
25794
37794
57895
63158
68421
73684
78947
84210
89473
94736
100000
1
4476
33497
15492
25331
13821
76994
32966
35271
47368
24918
57895
26481
52549
30753
78947
84210
73777
94736
100000
28980
30282
12868
7958
13638
18744
31579
48894
37829
14127
32621
57895
63158
68421
73684
78947
84210
77515
94736
100000
1
4759
39865
6517
21053
20142
77882
36842
68905
4657
52632
57895
29172
68421
73684
78947
84210
89473
94736
100000
22532
3854
28286
13633
13448
25213
86663
27819
42105
42573
43818
53705
17956
61500
73684
78947
84210
89473
94736
100000
1
39084
47140
8774
16299
16211
31579
27569
75599
47368
47318
48980
6238
68421
73684
78947
75776
89473
94736
100000
1
4759
60441
14230
10469
13124
58687
42733
68988
47368
38042
72046
63158
60166
73684
78947
84210
89473
94736
100000
1
4271
9507
8044
15525
17111
36261
32944
42105
4971
12204
52071
63158
68421
25192
78947
84210
80504
94736
100000
1
3170
31190
8308
21053
21951
39877
36842
42105
6612
52632
57895
49479
44462
73684
78947
84210
89473
94736
100000
6035
3837
37849
11648
17764
49087
31579
36842
42105
47368
52632
53634
63158
68421
73684
78947
84210
89473
94736
100000
1
5264
30736
15790
11156
26316
67309
36842
39259
26456
52632
68195
63158
68421
54467
78947
84210
89473
94736
100000
1
4131
32085
8587
30044
26316
66004
36320
42105
47368
46459
57895
63158
68421
73684
78947
84210
89473
94736
100000
1
4759
10527
14230
21053
26316
53316
42763
34409
47368
52632
57895
33495
51492
73684
78947
84210
89473
94736
100000
1
3719
9507
10201
21053
26316
31579
36842
37829
29888
14028
55926
8963
68421
73684
32594
84210
89473
94736
100000
1
44051
49882
3550
14506
16813
31579
32765
45145
22492
41819
61629
30727
68421
73684
78947
84210
89473
94736
100000
36458
3107
26726
15790
14388
40192
42107
36842
36368
9222
52632
57895
63158
68421
73684
78947
84210
89473
94736
100000
1
35241
9507
7256
13555
14858
44266
33102
69141
40738
52632
72399
63158
68421
73684
29301
84210
89473
94736
100000
8188
4078
66201
14687
21053
22041
31579
36842
42105
7828
52632
67777
63158
68421
73684
78947
84210
89473
94736
100000
1
20473
68521
7522
10663
37949
31579
36842
42105
36116
52632
62293
56780
68421
73684
78947
84210
89473
94736
100000
35645
4411
9507
6160
28176
48979
76006
36842
42105
47368
52632
57895
6238
43250
73684
78947
23846
89473
94736
100000
11445
31716
9507
3869
21053
26316
31579
27241
71739
47368
36317
70891
63158
68421
73684
34477
84210
89473
94736
100000
1
4266
15155
12905
21053
16455
72576
36842
42105
12474
52632
72823
63158
61500
73684
78947
84210
80504
94736
100000
1
3131
61874
3868
36533
13447
31579
36842
42105
47368
43671
47801
63158
61285
73684
29705
84210
89473
94736
100000
1
4013
9507
10535
27893
22529
83087
36842
42105
4657
52632
57895
63158
68421
73684
78947
84210
89473
94736
100000
19111
3701
64864
12382
21053
26316
82067
46561
70746
47368
52632
52071
63158
68421
73684
78947
84210
89473
94736
100000
1
36239
10527
10479
28692
29881
31579
36842
62653
47368
14311
57895
17859
45525
73684
78947
84210
89473
94736
100000
1
37600
7644
14230
18148
14955
87830
36842
42105
47368
20903
53067
63158
68421
73684
78947
84210
89473
94736
100000
30427
4759
62373
6387
36899
48103
31579
36842
35493
37724
19333
72096
63158
68421
73684
78947
84210
89473
85245
100000
1
2845
8033
9827
21053
18650
42350
32502
38064
37763
24818
57895
63158
68421
73684
78947
84210
89473
94736
100000
1
3779
68326
5584
28227
21393
31579
31603
42105
31418
52632
53543
63158
68421
73684
78947
84210
89473
94736
100000
20025
4420
10527
5110
15989
16182
55742
59768
42105
47368
52632
57895
63158
68421
73684
78947
37348
89473
94736
100000
1
4497
8606
5692
21053
26316
80189
65916
49334
42573
52632
57895
63158
43095
73684
78947
84210
89473
94736
100000
1
4759
9507
13962
25113
18026
39227
51836
61370
4657
52632
53331
63158
68421
36464
78947
57869
89473
94736
100000
11700
33253
10527
11466
23873
26316
28372
37977
42105
42110
52632
57895
17094
47089
73684
78947
84210
89473
94736
100000
1
4149
11292
14230
38409
48220
87057
47621
51476
25404
52632
57895
6238
42110
73684
78947
84210
89473
94736
100000
1
8273
42175
8787
16634
23122
47015
64098
45807
47368
52632
57895
27451
68421
28422
78947
84210
89473
94736
100000
1
18793
8639
11704
18628
16431
31579
36842
42105
47368
15832
57895
63158
68421
50853
78947
84210
89473
94736
100000
19545
4759
47899
4431
9972
28859
31579
33102
70410
47368
47318
57895
45705
68421
34586
57491
84210
89473
94736
100000
1
3513
13645
11843
33394
26316
73702
36842
42105
33039
52632
57895
63158
68421
73684
78947
84210
89473
94736
100000
1
2734
30350
5027
41392
20027
69629
36842
42105
24606
27367
68734
46932
68421
73684
28082
51227
89473
94736
100000
1
4759
20608
3335
14805
26316
62573
34753
63979
33267
52632
57895
63158
68421
73684
78947
84210
72352
94736
100000
1
4759
23006
4363
21053
26316
43376
33102
37829
16361
44170
57895
63158
50247
73684
78947
84210
89473
94736
100000
37400
3818
12984
5359
21053
26316
31288
36842
42105
38013
31199
57895
63158
54197
73684
78947
84210
89473
94736
100000
1
2617
36546
6303
15456
20258
39618
52637
71799
8617
26421
57895
63158
58122
73684
78947
84210
89473
94736
100000
15833
13231
7510
11110
18948
26316
43691
47314
50939
6913
52632
57895
50031
68421
42546
78947
84210
89473
94736
100000
1
19980
29226
4183
18948
46843
47737
56527
32090
42573
31406
61789
63158
68421
73684
78947
84210
89473
94736
100000
21762
3399
40751
3282
16431
20405
28372
49185
41016
16036
52632
57895
56780
61500
73684
78947
84210
75165
94736
100000
2746
4759
10527
14230
21053
14381
45823
36842
42105
47368
52632
64194
63158
68421
73684
78947
84210
89473
94736
100000
1
2510
29233
15790
18948
21846
44321
47382
35070
17036
34641
65311
37009
68421
73684
78947
84210
89473
94736
100000
34778
45410
8214
10191
12464
18429
32865
67904
42105
47368
52632
57895
63158
68421
73684
78947
84210
89473
94736
100000
12909
3148
41929
3604
17694
21609
85316
33036
42105
14644
37165
57895
63158
53049
73684
78947
84210
89473
94736
100000
1
14253
15653
15790
41016
18955
35791
65207
62015
42573
52632
57895
37672
54995
73684
78947
23951
89473
28817
100000
1
11737
8900
9511
35210
31764
31579
36842
72392
34335
52632
52071
36054
68421
24327
78947
84210
89473
94736
100000
1
4759
7835
12153
27409
40589
59454
36842
42105
42573
52632
70197
25158
68421
73684
70976
84210
89473
94736
100000
1
3099
16934
12579
10462
15441
56927
36842
42105
47368
52632
57895
63158
68421
73684
78947
84210
78342
69603
100000
35212
37744
32782
15790
13327
26316
31579
72507
37437
47368
52632
57895
63158
50324
63011
78947
84210
89473
94736
100000
1
3542
9507
7674
33716
23671
31579
29283
42105
47368
52632
46922
6238
49367
37170
78947
84210
89473
94736
100000
29326
4054
54195
14230
9573
23671
57115
66798
42105
47368
21008
66899
63158
68421
73684
78947
84210
89473
94736
100000
1
25416
11054
5301
18740
26316
49874
36842
37829
10317
23058
61163
63158
68421
73684
78947
84210
89473
94736
100000
32988
14492
9507
8968
18948
26316
31579
36842
42105
40307
52632
57895
63158
68421
73684
48547
84210
89473
94736
100000
21460
5264
8369
15790
15772
15405
31579
36842
42105
42513
13392
57895
56446
46047
73684
78947
84210
89473
94736
100000
1
4396
9453
4228
21053
14870
28372
36842
37829
42573
34366
54727
63158
68421
73684
78947
84210
89473
94736
100000
1
5337
37369
15790
21053
19417
30283
44231
42105
34240
52632
57895
25177
68421
73684
78947
58187
89473
94736
100000
36507
24317
10134
15790
21053
26316
34919
27769
42105
47368
52632
57895
63158
42328
58232
78947
84210
89473
94736
100000
1
3669
39574
12214
17149
26316
31579
36842
32502
19740
52632
68800
6487
68421
20983
27929
84210
89473
94736
100000
1
4759
8055
3990
21053
25890
58329
36842
42105
38199
52632
49097
63158
68421
73684
34268
84210
89473
94736
100000
1
2835
7702
4203
17948
46334
31579
33848
34171
31157
52632
65712
63158
68421
73684
44528
84210
89473
94736
100000
14401
3328
26350
4290
21053
26268
31579
36842
42105
36638
52632
57895
63158
61500
73684
78947
17917
89473
94736
100000
1
3068
35530
15790
17319
14369
66484
31145
66931
5666
52632
76760
63158
49331
73684
42568
84210
89473
94736
100000
1
4759
8300
6912
21053
26316
68476
36842
69686
20407
11711
57895
63158
58876
36646
78947
84210
89473
94736
100000
10136
41321
9507
4066
18948
13888
31579
47512
59282
47368
52632
73507
56780
68421
51048
78947
15062
89473
94736
100000
9954
4759
10527
4787
37794
22248
31579
33102
48973
6477
52632
57895
63158
68421
73684
78947
84210
89473
94736
100000
1
4636
10527
15790
16811
38638
81314
29580
51744
39486
52632
67028
63158
68421
73684
78947
84210
89473
94736
100000
1
4305
24256
15790
28565
25476
31579
44730
37857
37925
45910
57895
63158
68421
73684
78947
84210
89473
94736
100000
1
4346
33548
14230
21053
30985
31579
36842
37829
14107
17550
57895
63158
54120
73684
78947
84210
89473
94736
100000
1
4228
17213
10835
21053
22632
31579
53214
42105
7645
52632
57895
24554
68421
18786
31746
84210
89473
94736
100000
1
2968
8764
15790
21053
13276
44478
32090
53806
47368
52632
54224
63158
52779
73684
78947
84210
89473
94736
100000
1
18296
62020
15790
15949
26316
31579
36842
42105
20082
23935
73008
63158
68421
32280
34654
84210
89473
94736
100000
35026
4759
10527
9900
32228
20917
61710
34897
42105
37997
52632
65791
63158
44679
51048
78947
84210
89473
94736
100000
10226
5264
9568
7943
18132
20117
31579
29836
42105
47368
52632
57895
63158
48283
25358
38931
84210
89473
94736
100000
16895
19479
7933
11535
12747
26316
28372
32621
46147
17629
52632
57895
8668
46039
73684
67515
10862
89473
94736
100000
24076
24123
9443
6475
21053
22995
28372
61144
42105
47368
52632
49914
63158
68421
33816
78947
43021
89473
94736
100000
20833
4057
8368
14263
21053
37368
64706
36842
42105
33887
52632
46677
63158
57672
73684
78947
84210
89473
94736
100000
1
31715
10527
15790
21053
23671
28372
66220
42105
12258
45115
57895
6238
68421
73684
78947
84210
73716
94736
100000
1
2504
16953
10724
14948
27642
78001
44782
63046
47368
34002
61623
63158
68421
73684
78947
84210
89473
94736
100000
1
4759
58839
18169
17075
23451
31579
37474
37829
47368
52632
68976
49812
45784
73684
41897
84210
89473
94736
100000
25280
4759
52567
12018
18675
23390
35350
45936
35809
47368
52632
57895
63158
68421
73684
42122
84210
89473
94736
100000
3201
3993
61353
15790
14426
21398
28372
37460
33188
47368
52632
57895
44236
68421
73684
78947
84210
89473
94736
100000
1
19252
27427
9861
10001
23671
28372
33125
36531
47368
52632
57895
6238
68421
20146
78947
75776
89473
94736
100000
1
28774
9507
5268
12813
26316
31579
36842
53735
4657
52632
72698
63158
68421
73684
78947
84210
89473
94736
100000
1
4011
9087
6829
29625
26316
31579
70772
72613
32633
52632
78450
63158
68421
21710
78947
84210
89473
94736
100000
21412
2839
7876
11365
21053
18967
31579
47603
65465
22104
52632
59155
63158
68421
73684
78947
84210
89473
94736
100000
1
3041
8380
11088
20234
31519
31579
33102
35864
7668
14387
57895
14935
68421
27232
78947
46963
89473
94736
100000
19293
3115
29923
9911
24057
26316
74569
36842
42105
38250
21299
57895
63158
68421
73684
78947
59456
89473
94736
100000
1
4152
26929
13316
12475
18393
39679
36842
65077
39899
14543
68459
63158
46761
73684
31132
8408
89473
94736
100000
25976
45333
10527
14200
21053
14191
55253
27603
33084
26674
52632
57895
63158
59898
73684
78947
84210
89473
41364
100000
7149
37601
9507
14230
33927
26316
62749
36842
33067
47368
31028
77047
39328
68421
73684
78947
84210
89473
94736
100000
27830
4382
10527
6957
11822
26316
87458
36842
39519
42573
12242
57895
63158
43142
73684
78947
63727
89473
94736
100000
7191
24178
22962
6072
10711
26316
31579
36842
58178
47368
25889
57895
44933
68421
73684
70976
84210
89473
94736
100000
1
4759
8643
12398
16685
26316
31579
36842
37829
25737
52632
51540
63158
68421
21629
78947
8408
89473
94736
100000
1511
4759
47686
4458
9538
15066
35429
30389
37829
47368
28536
70508
63158
61500
73684
78947
84210
77192
94736
100000
1
3836
8923
14097
17176
21702
31579
50263
73161
47368
10751
51940
63158
48216
62130
78947
84210
89473
94736
100000
10662
4476
19869
4239
21053
17642
31579
36842
46638
42573
52632
57895
21082
68421
24180
78947
84210
89473
94736
100000
1
3678
41813
6248
13384
16564
31579
36842
42105
47368
52632
57895
63158
68421
62162
27529
84210
89473
94736
100000
20676
5264
49770
19381
21053
23671
31579
36842
43430
47368
15646
57895
63158
44334
73684
78947
84210
89473
94736
100000
1
41491
9507
15184
14827
48158
71207
36842
42105
16652
52632
70727
42781
43348
73684
78947
84210
89473
94736
100000
22917
3334
15537
5553
36585
23671
28372
66956
44743
12186
52632
57895
63158
68421
20706
30885
84210
89473
94736
100000
1
3398
48292
7343
11323
17283
51750
36842
37829
27882
17799
57895
49478
57470
73684
70976
69821
89473
94736
100000
1
3098
16316
13104
28647
15441
31579
36842
42105
47368
47318
72065
63158
68421
73684
78947
84210
89473
94736
100000
1
38324
21661
10054
20244
23019
31579
33102
37846
42573
52632
57895
56780
51896
73684
57560
84210
89473
94736
100000
1
5264
9507
12663
23813
48539
88805
36842
42105
47368
52632
74642
56780
68421
73684
78947
84210
89473
94736
100000
1
4592
7555
6353
14364
29350
31579
36842
71861
6104
43212
74309
63158
68421
73684
78947
84210
89473
94736
100000
1
3695
69523
14031
17968
37407
31579
36842
33628
6746
52632
64428
6238
54770
73684
78947
8408
89473
94736
100000
37714
4745
31838
9428
20561
26316
34681
27796
42571
47368
52632
57895
63158
68421
73684
78947
34573
89473
94736
100000
1
14674
13956
7046
18126
43505
31579
32470
42105
47368
52632
57895
6238
47320
73684
78947
84210
89473
94736
100000
1
2806
8060
15790
18807
19577
71779
36842
37120
47368
39174
51714
63158
68421
73684
78947
84210
89473
94736
100000
1
2974
8441
5173
21053
30927
31579
33102
37829
47368
20998
63897
63158
68421
66254
78947
28009
89473
44983
100000
1
4178
9507
8071
21053
26316
31579
36842
42105
11588
52632
57895
63158
68421
60787
78947
75776
89473
94736
100000
1
4743
10527
13124
17057
19212
70614
36842
42105
47368
52632
55429
63158
55727
73684
51657
84210
89473
94736
100000
24182
4134
8820
17288
18755
26316
56669
36842
76174
7977
52632
49006
63158
68421
63013
78947
84210
89473
94736
100000
15126
3957
7633
14230
21053
26316
31579
31199
58674
47368
52632
57895
63158
68421
73684
33712
84210
89473
94736
100000
26358
4759
9507
14230
10297
26316
40080
41671
55085
47368
52632
76312
63158
68421
25176
47826
84210
89473
94736
100000
36002
29015
10527
15790
10267
45024
31579
36842
37751
4657
16135
58489
63158
68421
23758
78947
84210
89473
94736
100000
1
3434
9126
14230
18603
16903
58645
70709
63885
33702
23101
57895
63158
43380
73684
31527
84210
89473
94736
100000
10311
4370
49012
9572
15894
26316
60311
36842
42105
19558
18619
57895
41270
55515
73684
78947
67442
89473
94736
100000
1
12557
18621
13660
22287
23089
31579
66532
43113
47368
18882
72063
63158
68421
73684
78947
84210
89473
94736
100000
1
4214
29564
3715
29306
26316
78883
33102
42105
5342
52632
57895
63158
55316
73684
78947
84210
89473
94736
100000
22720
4759
10527
3303
36172
16667
31579
59603
42105
19640
52632
57895
63158
52680
23844
78947
84210
89473
94736
100000
1
2813
27125
15790
21053
37165
75969
36842
61082
13237
52632
57895
63158
68421
73684
33202
84210
89473
94736
100000
31096
4695
69790
5687
17413
13767
29064
58054
37829
15412
52632
57895
16890
61500
73684
34340
84210
89473
19948
100000
38651
4759
67495
4354
23576
27223
31507
36842
38214
47368
20809
57895
6238
50408
73684
78947
84210
89473
94736
100000
555
30276
51115
3425
14573
19508
31579
50122
42105
20728
52632
57895
26359
68421
62224
78947
84210
89473
94736
100000
1
4144
8091
4552
18518
20877
67733
44013
36443
28460
46005
59394
38821
68421
66254
78947
84210
89473
94736
100000
1
4759
9995
12185
19190
21992
41728
36842
42105
40407
52632
56297
28032
68421
53237
31850
84210
89473
94736
100000
1
42853
46207
12665
42710
37162
31579
57477
65088
47368
52632
57895
56780
51087
23866
58003
84210
89473
94736
100000
30976
37185
9507
8692
13391
26316
31579
29205
64244
47368
47318
57895
63158
68421
73684
78947
84210
74273
94736
100000
1
3935
10476
15790
9894
31850
65041
45026
42105
47368
52632
57895
25043
54252
52319
27735
84210
89473
94736
100000
25452
3015
8516
12159
29143
23188
50112
36842
42105
47368
21490
57895
16827
56107
73684
33288
84210
77110
94736
100000
1
5264
59656
17772
12824
27909
31579
70135
40268
21598
34771
57895
6238
68421
73684
30678
84210
89473
94736
100000
31286
4024
9507
5439
9658
20295
31579
34651
63948
35229
52632
51444
52695
68421
73684
78947
84210
89473
94736
100000
1
3267
10527
15790
12111
26316
28372
50778
42105
16237
16065
52305
63158
51534
73684
78947
84210
89473
94736
100000
1
3373
16981
11185
21053
26316
85243
36842
42105
47368
52632
57895
63158
68421
25202
78947
84210
89473
94736
100000
22216
26386
8663
9392
21008
26316
31579
36842
33246
18511
52632
52071
63158
56098
73684
78947
84210
71491
94736
100000
35435
4759
7545
7057
21053
26316
84164
71100
42105
47368
52632
57895
63158
51962
73684
78947
84210
89473
94736
100000
1
5264
36254
7431
18986
21938
69358
36842
42105
47368
52632
57895
63158
68421
73684
78947
84210
89473
94736
100000
1
4324
20966
7711
10692
15465
31579
37652
42105
22847
52632
57895
63158
43905
23604
78947
84210
89473
94736
100000
1
3121
10527
11693
18708
22098
47575
32413
41002
47368
52632
59046
63158
68421
73684
30697
84210
89473
94736
100000
19365
2713
65837
15790
33584
44214
28372
29823
42105
17489
47318
57895
6238
68421
73684
70976
84210
89473
94736
100000
5980
4756
10527
4416
10228
26316
31579
33102
66959
47368
47318
52071
20018
52366
21366
78947
84210
73563
94736
100000
1
5264
10527
12863
16837
23671
64635
51637
58964
14184
52632
53891
63158
68421
73684
78947
84210
89473
94736
100000
1
24945
10527
4569
21053
23498
82094
47625
61721
12785
42661
49030
52044
50851
73684
78947
38900
89473
94736
100000
1
20850
20362
10857
16662
22327
51957
43732
42105
47368
35352
57895
63158
68421
73684
78947
84210
89473
94736
100000
1
4331
9507
11907
18948
26316
28571
63312
42105
4806
30556
57895
63158
68421
73684
49793
84210
89473
94736
100000
1
19218
18147
6228
39701
23671
55989
66770
52414
40306
52632
57895
63158
68421
73684
78947
84210
89473
94736
100000
1
38465
32171
7975
21053
26316
65684
63114
42105
26142
25998
52071
63158
68421
73684
78947
84210
89473
94736
100000
15343
45836
15285
15790
29264
16401
68488
63744
36061
47368
15177
57895
63158
68421
46759
78947
84210
89473
94736
100000
23688
8810
55287
14230
18948
14534
39218
58084
59534
42573
52632
46471
63158
43486
73684
78947
84210
89473
14855
100000
1
6733
10527
11185
21053
26316
47667
33102
42105
47368
52632
60082
63158
68421
73684
78947
84210
89473
94736
100000
1
4587
9048
6883
21053
37876
33322
36842
72887
47368
30864
57895
63158
49745
73684
78947
84210
89473
94736
100000
1
17089
9293
15790
24951
26316
70457
72573
49789
47368
17812
57895
48398
68421
73684
78947
48400
89473
94736
100000
1
2856
45824
17983
31703
18164
55771
36842
38780
47368
52632
57895
63158
61500
73684
56110
84210
89473
27750
100000
1
36880
8240
5712
23052
15686
28372
36842
36611
47368
52632
74482
63158
53844
73684
29168
84210
89473
94736
100000
1
25872
10527
4298
33067
26928
33747
63819
32291
16664
52632
57895
63158
68421
73684
78947
84210
89473
94736
100000
1
3889
9247
15790
15441
18642
28321
59336
42105
13929
52632
57895
14689
56241
73684
78947
84210
89473
94736
100000
1
7137
53185
5239
12527
27291
28372
44603
36004
18829
52632
57895
63158
47777
18835
62487
84210
89473
94736
100000
1
3617
61286
10395
9420
38809
31579
32825
40947
42573
42298
57895
44613
50017
73684
78947
84210
89473
94736
100000
1
5264
20956
11355
14265
26316
40559
33102
72790
25577
52632
66381
63158
68421
73684
52844
84210
89473
94736
100000
1
23020
20017
10925
18948
26316
51178
36842
37829
20078
52632
57895
39688
68421
73684
78947
84210
89473
94736
100000
1
33018
67791
5251
14684
26316
31579
36842
49751
36145
52632
57895
63158
68421
73684
78947
84210
89473
94736
100000
1
5475
66268
7886
9665
26316
28416
34837
42105
47368
52632
57895
49643
61500
54614
78947
23212
89473
94736
100000
1
39284
8192
14139
15495
26316
28372
51958
33198
39301
52632
57895
63158
68421
73684
78947
84210
89473
94736
100000
1
3185
67801
15790
21053
19018
31579
44958
42363
47368
52632
57895
63158
68421
73684
78947
33930
89473
94736
100000
1
7845
34166
7686
14067
26316
87575
33102
42105
16893
52632
57895
63158
68421
73684
78947
84210
89473
94736
100000
1
4001
60283
19525
11929
26316
72981
36842
37829
47368
15492
57895
63158
58124
73684
78947
84210
89473
94736
100000
1
37062
13031
15790
18948
23671
31579
70114
42105
16216
14325
52071
63158
68421
73684
78947
84210
89473
94736
100000
1
3281
48070
8179
11056
26316
73379
36842
36803
47368
32158
57895
48533
68421
73684
78947
84210
89473
94736
100000
1
36936
62431
6944
10661
16308
78353
68926
56779
28435
47318
57895
12847
68421
63842
33883
84210
89473
94736
100000
1
6635
8125
11058
38446
26316
69803
33102
42105
47368
11934
57895
63158
68421
55180
78947
84210
80504
94736
100000
1
31367
28749
14230
18948
27232
81214
73094
33472
47368
18242
46138
63158
68421
73684
68412
84210
89473
94736
100000
28178
2924
56682
9942
12864
26316
50264
33102
37829
47368
52632
57895
63158
68421
73684
78947
84210
89473
94736
100000
1
2546
56506
14446
21053
14121
65026
36842
66068
47368
29623
54382
45396
68421
22034
78947
8408
89473
94736
100000
6746
16064
8000
12141
9687
26316
31579
44412
42105
13908
40541
57895
63158
68421
73684
78947
84210
89473
94736
100000
19973
33701
56674
15790
21053
19124
52456
62434
68741
47368
44556
57895
49515
58042
73684
78947
84210
89473
94736
100000
1
5264
9084
4976
21053
26316
33212
71880
42105
39707
14440
57895
63158
57671
56306
78947
84210
89473
94736
100000
1
37886
8644
15790
10390
39380
61180
54028
32094
17854
32483
65509
28638
68421
73684
78947
84210
74658
94736
100000
1
2965
12256
13859
21053
19606
60657
31630
42105
47368
43381
57895
63158
61500
73684
78947
84210
89473
94736
100000
34983
21305
10527
5700
21053
17390
84448
70008
76118
6909
52632
52204
56780
68421
73684
78947
84210
73382
94736
100000
1
33204
63760
18057
21053
26316
31579
44054
42105
23313
52632
57895
48557
61500
73684
78947
8408
89473
94736
100000
1
4192
15510
9626
10998
26316
78444
36842
33469
12014
52632
47752
63158
68421
73684
78947
54051
89473
94736
100000
5218
21882
15756
15790
39744
37813
83119
36842
47472
47368
52632
56818
63158
50059
73684
78947
62393
89473
94736
100000
26444
3097
11005
11852
38976
22948
31579
29196
42105
31381
52632
57895
56025
68421
66254
78947
84210
89473
94736
100000
38786
19030
64782
6586
18948
14599
31579
37344
42105
42573
10837
57895
63158
47534
73684
78947
84210
89473
94736
100000
1
5264
58473
6804
14102
26316
58685
69444
72608
47368
11845
67942
63158
68421
73684
57788
84210
89473
94736
100000
1
2504
24262
6583
32372
26316
84267
36842
42105
4657
16841
75240
56780
68421
73684
43452
64818
89473
94736
100000
34778
2885
27145
9031
38535
26593
31579
30131
60028
26737
44619
51869
63158
68421
73684
78947
84210
80504
94736
100000
1
12309
63226
7550
9487
31878
53394
67599
42105
47368
52632
57895
63158
68421
22334
78947
75431
89473
94736
100000
36454
4753
11370
9023
18948
13443
79480
61279
42105
47368
52632
52071
63158
49942
73684
53506
84210
89473
94736
100000
36666
3428
11423
13923
23771
17291
28372
31282
42105
47368
11592
57895
63158
68421
73684
78947
84210
89473
94736
100000
4095
25533
9904
6442
21053
23671
41123
36842
62680
18273
22668
57895
63158
68421
66254
78947
84210
89473
94736
100000
1
22095
9507
10882
38428
26316
28372
29854
42105
47368
52632
57895
10946
68421
73684
78947
8408
89473
94736
100000
1
32646
33676
15790
18948
28530
43110
36842
42105
47368
52632
75617
63158
68421
73684
78947
43014
89473
94736
100000
38139
29193
25550
4458
21248
23671
36186
27778
50676
4657
52632
52071
7323
68421
73684
78947
84210
89473
94736
100000
30184
8970
32630
12606
32650
15391
50556
36761
42105
47368
52632
57895
63158
68421
73684
78947
84210
89473
94736
100000
1
2754
10527
7299
21053
26316
34815
36842
42105
41251
52632
57895
63158
68421
43633
29354
84210
89473
94736
100000
4201
7885
9507
15790
18215
43624
86917
36842
42105
4657
35656
58482
31933
68421
73684
78947
84210
89473
94736
100000
1
4558
9507
15790
13546
19149
54615
41866
42105
33263
47318
54264
56099
68421
28115
78947
45607
89473
94736
100000
1
4759
9400
15790
21897
22282
31579
36842
42105
38403
52632
57895
63158
59827
73684
78947
84210
89473
94736
100000
1
4321
10759
14230
40680
18666
42981
32687
42105
42573
52632
57895
63158
61500
58653
78947
84210
89473
58358
100000
1
22493
49097
10278
40360
22767
43612
51073
42105
47368
52632
57895
63158
68421
73684
30268
84210
89473
94736
100000
10289
4600
21666
15790
18948
40041
88226
36842
50149
4657
19396
57895
39274
68421
73684
78947
84210
89473
85245
100000
1
4759
66430
12905
21053
39144
28372
36842
41442
40351
12878
57895
14843
68421
73684
78947
84210
80504
94736
100000
33340
6862
65418
4748
16270
22593
31579
45274
73030
47368
52632
46801
45831
68421
73684
78947
46381
89473
94736
100000
5195
3817
15237
11970
21053
19043
61534
41780
61815
47368
47318
57895
63158
68421
66254
78947
84210
89473
94736
100000
1
5264
7631
15790
14171
26316
34968
40489
42105
47368
37087
49286
34572
68421
73684
78947
84210
89473
94736
100000
1
29866
53735
12035
10512
18173
51760
71704
42105
9424
30710
57895
63158
51036
24747
78947
84210
89473
94736
100000
1
5264
10527
8574
26510
47396
79575
40930
71536
47368
52632
57895
56780
68421
73684
78947
84210
89473
94736
100000
5712
3685
41228
6459
21053
26316
45436
36842
42105
18951
12882
68529
34747
53611
41889
78947
84210
89473
94736
100000
22651
3693
9507
12716
15937
22517
76674
36842
42105
4657
27126
57895
63158
68421
73684
78947
84210
89473
94736
100000
1
12782
70101
7905
21053
20946
31579
53357
37235
47368
52632
60256
63158
46707
73684
78947
84210
89473
94736
100000
38037
24086
9507
8492
21053
14232
32931
36842
42105
47368
52632
57895
63158
46626
73684
35598
84210
89473
94736
100000
8005
24984
8127
15790
10614
20894
31579
63697
55081
28873
52632
72908
63158
68421
73684
78947
84210
89473
94736
100000
1
31772
60246
15790
21053
26316
31579
36842
50334
47368
42827
75691
63158
68421
73684
78947
84210
89473
94736
100000
1
5264
10527
14230
21053
13229
48709
68899
33331
42363
20026
57895
63158
46992
73684
78947
46613
89473
94736
100000
1
3512
63569
13071
10273
26316
46545
36842
42105
35030
47318
48307
17649
68421
19391
78947
84210
89473
94736
100000
1
2701
36001
15790
35553
47826
54501
29224
42105
7222
52632
57895
63158
68421
73684
63344
84210
89473
24681
100000
1
4759
17193
3893
21053
18643
63557
65877
42105
47368
52632
57895
63158
68421
22448
33106
84210
89473
94736
100000
1
4104
9507
4410
17541
37599
31511
36842
60374
14945
52632
57895
20483
68421
73684
78947
84210
89473
94736
100000
1
37381
10527
3809
43487
26316
72350
36842
32844
47368
33573
46037
63158
68421
73684
78947
84210
89473
94736
100000
1
44292
62726
4472
16209
43679
31579
33102
42105
23925
17472
57895
63158
68421
73684
78947
84210
89473
94736
100000
1
3481
10527
4739
21053
26316
75842
27044
42105
47368
52632
57895
30804
46084
21867
78947
84210
89473
94736
100000
1
5264
47913
14230
32439
26316
45081
36842
42105
42573
52632
56484
6238
68421
73684
78947
84210
78167
94736
100000
1
4759
25471
7197
18250
23444
63519
33102
42105
26564
28183
57895
28851
68421
73684
78947
84210
89473
94736
100000
2608
14739
9366
15790
21053
22987
44471
60284
42168
19024
38787
57895
63158
68421
54474
78947
84210
78732
21231
100000
1
4759
30575
5643
43215
13484
28372
33102
42105
47368
52632
71546
48526
68421
73684
78947
84210
89473
94736
100000
1
34619
50943
5643
25421
26316
31579
57598
42105
4657
52632
57895
7727
68421
73684
78947
84210
89473
94736
100000
21072
34006
9189
12380
17644
16850
31579
54926
53271
47368
52632
57895
63158
68421
28545
78947
84210
89473
94736
100000
15235
3140
70360
12109
32756
26316
60707
36842
42105
42573
52632
57895
63158
68421
73684
78947
84210
89473
94736
100000
1
5264
15479
6550
15275
25799
35775
72270
42105
20302
33437
57895
63158
68421
73684
78947
84210
76162
69119
100000
1
3370
56413
10604
32737
15164
89296
36842
42105
11051
27178
45694
63158
68421
73684
78947
84210
89473
94736
100000
1
4759
9443
6899
18948
26316
31579
62957
37829
47368
30852
57895
63158
44713
22182
78947
40646
89473
94736
100000
1
5264
67156
9965
16357
16617
69308
33102
65894
47368
35282
64917
63158
68421
73684
78947
84210
89473
94736
100000
1
22222
18457
18984
41923
38986
39191
36842
48993
47368
52632
57895
63158
53577
73684
78947
84210
89473
94736
100000
1
16109
10527
14230
13246
16967
58380
61715
42105
47368
20549
49003
63158
68421
73684
78947
84210
89473
94736
100000
35381
19226
9507
6969
11057
18233
42511
32769
42105
42573
30318
57895
44854
51882
27287
78947
84210
89473
94736
100000
1
35169
18942
14230
18948
35894
31579
36842
42105
47368
24259
57895
63158
68421
73684
78947
42437
89473
94736
100000
1
39363
27996
15790
21053
23671
62164
36842
33758
26350
30370
52071
63158
68421
73684
78947
84210
89473
94736
100000
20734
4456
18044
10233
42605
31874
31579
31145
34223
47368
52632
73328
10755
68421
73684
78947
84210
89473
94736
100000
1
33420
7852
14230
29250
13292
86399
36842
37829
47368
52632
48333
49519
68421
73684
78947
84210
89473
94736
100000
1
3148
25734
4238
18948
26316
43767
52561
37829
20475
52632
57895
6238
68421
19209
78947
84210
89473
94736
100000
1
4759
57223
5040
34866
26316
76168
33102
47859
32581
52632
57895
47852
46809
73684
78947
84210
72047
94736
100000
1
2908
9507
15855
20493
15025
31579
28088
71360
35294
47318
52071
56780
68421
73684
78947
84210
89473
94736
100000
2615
4759
37739
3166
21053
49286
53600
64035
61221
47368
52632
57895
63158
68421
73684
78947
84210
89473
94736
100000
33615
2736
9204
10694
21053
45863
63948
36842
42105
5443
15878
57895
63158
68421
59515
78947
84210
89473
94736
100000
1
4634
8586
15790
10696
26316
64776
48723
37379
47368
52632
57895
34995
68421
22341
78947
84210
89473
94736
100000
1
11120
18421
5988
21053
14625
41470
59388
58553
34360
38853
56156
63158
68421
73684
68808
84210
89473
94736
100000
14591
12437
56587
15790
14999
17095
31579
37210
63071
31447
15759
57895
51439
68421
73684
78947
84210
89473
94736
100000
1
45021
41996
10731
12700
26316
63877
44887
68665
47368
52632
57895
63158
49382
73684
78947
84210
89473
94736
100000
1
3279
69689
12476
18948
22411
62728
63945
42105
4657
52632
52071
17721
53946
73684
78947
84210
89473
94736
100000
1
3944
32634
10215
11377
21193
41258
45502
35171
34111
25489
57895
63158
68421
73684
78947
84210
89473
94736
100000
16847
3898
23624
3535
21053
26316
36434
28329
42105
47368
52632
57895
63158
41064
38691
41042
84210
72012
94736
100000
1
4134
41887
14230
21053
26316
40426
36842
43840
42573
52632
57895
63158
68421
20056
78947
84210
89473
94736
100000
1
5264
65581
5741
42861
26316
71989
69329
42105
17545
36935
57895
48992
68421
73684
78947
84210
89473
94736
100000
38847
2611
39944
14230
13733
26316
41948
33102
42105
47368
13508
57895
63158
68421
73684
78947
44488
89473
94736
100000
1
38541
30883
12972
21053
21234
39481
36842
69021
47368
52632
64656
10859
52658
73684
78947
84210
73711
94736
100000
1
3817
40735
4630
18109
40679
62340
50771
42105
47368
52632
50382
24680
48647
58366
78947
84210
89473
94736
100000
12796
3665
10527
10647
19895
23671
40376
36842
42105
47368
52632
57895
63158
68421
73684
78947
84210
89473
94736
100000
1
2598
57823
8358
17186
26316
31579
48435
37829
26043
52632
57895
63158
68421
73684
78947
84210
89473
94736
100000
35760
16087
36996
4484
9930
40530
40212
44283
50582
7621
52632
77645
38959
68421
29142
78947
84210
89473
94736
100000
37154
4584
8937
3502
32963
14116
31579
29260
37829
47368
10907
57895
63158
55103
73684
78947
84210
89473
94736
100000
1
41275
8858
11662
11778
26316
38620
72745
35178
4657
52632
72096
63158
68421
44779
78947
84210
74016
94736
100000
1
18907
60495
14230
17550
26316
39200
40424
42105
12556
52632
57895
27823
68421
66254
78947
84210
76495
94736
100000
1
4264
29226
4201
22255
16290
31579
27731
42105
34615
52632
57895
63158
60128
73684
78947
84210
89473
94736
100000
1
42213
8319
14230
14306
13163
37264
40998
37829
47368
16714
72831
51061
58017
73684
66036
84210
89473
11783
100000
1
5264
37496
9864
9872
16341
33003
36842
43702
47368
52632
57895
63158
45343
73684
78947
19817
89473
94736
100000
1
3252
20486
12372
36550
16381
31579
36842
42105
42573
18345
70207
34127
68421
73684
30045
84210
89473
94736
100000
3378
2969
8886
3381
37806
22576
70645
28260
38873
25866
52632
57895
44527
68421
42301
78947
50768
89473
65719
100000
7863
40368
10385
6848
11506
21600
31579
31334
53711
4657
52632
57895
8866
42991
62780
78947
84210
89473
94736
100000
1
2710
44885
10128
15707
16012
60240
28426
42105
47368
52632
54835
63158
68421
73684
78947
84210
89473
94736
100000
1
8264
13232
13522
21053
26316
31579
58200
34852
9486
52632
51429
63158
54645
73684
78947
84210
89473
94736
100000
1
7237
64706
3401
21053
26316
34015
36842
42105
47368
16129
51257
63158
68421
61452
78947
84210
89473
94736
100000
1
22336
13853
9564
29169
26316
60214
53572
42105
42573
47318
57895
63158
68421
73684
78947
84210
89473
94736
100000
21198
4511
7817
14230
21053
21154
29935
28878
42105
47368
52632
57895
63158
68421
73684
78947
84210
89473
94736
100000
26099
7606
23103
15790
11945
32323
43067
27840
42105
27998
52632
74184
63158
59863
73684
78947
84210
89473
94736
100000
1
41734
56375
6633
11702
23671
72240
29616
33234
42573
52632
67040
63158
68421
66254
78947
84210
89473
94736
100000
1
32619
25380
11457
39078
21777
44180
30163
55331
47368
52632
47501
63158
68421
73684
78947
84210
89473
94736
100000
1
2990
12528
15790
21053
22413
40049
36842
35244
47368
47318
57895
63158
55167
73684
45636
84210
89473
94736
100000
1
32930
9507
11387
12162
23075
28372
36842
42105
47368
38750
48497
63158
68421
73684
78947
84210
89473
94736
100000
1
4703
68955
4984
12873
22212
31579
36842
51812
26261
13638
57895
48825
68421
73684
78947
84210
89473
94736
100000
1
4759
10527
9500
11736
26316
31579
36842
61813
21648
11765
57895
63158
68421
73684
78947
84210
89473
94736
100000
38717
3399
9507
15790
9548
26316
73216
36842
42105
40368
35159
47577
63158
57928
73684
57866
84210
72967
94736
100000
1
18174
8310
10928
18948
27179
28372
72505
34526
47368
24389
46447
63158
46524
73684
78947
84210
89473
94736
100000
1
28825
9507
7219
27192
26316
31579
45968
42105
11653
52632
49800
6238
68421
60456
78947
84210
89473
94736
100000
20298
2873
10527
4853
21053
21289
33481
62165
52226
42573
52632
57895
63158
68421
73684
27597
84210
89473
94736
100000
1
5264
11252
15790
28489
42964
31579
65244
37829
24187
52632
57895
43643
68421
73684
27562
84210
89473
94736
100000
1
37672
32713
13910
21053
13063
31579
69794
42105
18723
52632
59508
63158
68421
73684
78947
84210
89473
94736
100000
1
6674
61508
6543
13573
33644
89436
29611
70446
47368
15209
54343
63158
68421
22038
78947
32840
78505
94736
100000
2813
34093
59587
3643
21053
22307
63832
39116
37829
42573
52632
75508
63158
47694
73684
78947
84210
79565
94736
100000
1
3264
60975
7259
21053
26316
70623
36842
60629
31742
52632
57895
63158
47858
73684
78947
84210
89473
94736
100000
1
39125
54882
14230
17533
17110
37829
43048
40589
39498
52632
57895
63158
68421
34615
78947
84210
89473
94736
100000
27118
5264
60757
15790
21053
26316
62647
43148
42105
24711
52632
47198
63158
49799
25586
78947
84210
89473
94736
100000
24591
24363
7790
14230
14536
48287
31579
47995
42105
47368
52632
57895
63158
68421
73684
67551
84210
89473
94736
100000
1
4678
9507
11090
18898
21513
31579
69907
64111
28110
52632
63868
30558
68421
73684
30245
84210
73221
94736
100000
1
31050
63717
3932
16340
26316
71450
32107
66627
47368
35936
75970
49591
68421
73684
78947
84210
89473
94736
100000
568
2999
10527
3369
21053
26316
81934
55612
38580
4657
24816
57895
63158
68421
73684
78947
84210
89473
94736
100000
1688
4306
10503
8931
43627
15281
31579
42502
42105
8206
52632
57895
63158
48768
73684
78947
75776
89473
94736
100000
5867
4759
9988
3882
21053
21463
28372
36842
42105
47368
25819
57895
44258
68421
73684
37534
34948
89473
94736
100000
1
4759
57855
4025
21053
26316
31579
36842
42105
47368
52632
57895
63158
68421
73684
36108
84210
89473
94736
100000
1
18582
9507
9572
11595
17208
88349
35428
42105
5006
52632
68175
6238
68421
73684
78947
84210
89473
94736
100000
1
4326
11137
5507
36242
26316
68904
42938
44136
47368
18326
57895
63158
68421
23892
50337
84210
89473
94736
100000
1
44087
52125
14230
10618
26316
34058
30079
42105
31226
52632
76634
20194
51106
73684
78947
84210
89473
94736
100000
11781
3500
14652
14230
21053
26316
63835
36842
37116
47368
20070
45736
63158
68421
73684
78947
84210
89473
94736
100000
29621
4759
7884
4696
15961
13763
28762
49897
47853
27580
17268
57895
63158
68421
22110
36124
84210
89473
94736
100000
32380
41838
7717
5870
21053
26316
31579
43473
75151
21829
52632
57895
56780
68421
73684
40848
84210
89473
94736
100000
15792
3457
54882
15790
40312
46061
45539
36842
49303
47368
25169
52071
6238
68421
47917
78947
84210
89473
94736
100000
1
4478
67466
7019
26540
49293
31579
52918
37829
23885
16685
61527
21738
49493
73684
78947
84210
89473
94736
100000
1
4759
9243
3181
15050
18728
34300
28965
36309
47368
29109
57895
63158
68421
73684
29787
75776
89473
94736
100000
7970
27285
8396
7218
16838
14353
67431
51771
43400
47368
52632
57895
63158
53246
73684
37157
84210
89473
94736
100000
1
4759
10527
14230
14501
19249
54534
27088
42105
28772
32553
47846
25925
68421
73684
78947
84210
89473
94736
100000
1
4759
10527
5322
21053
20047
67383
52244
42105
27043
52632
52071
63158
68421
20603
78947
84210
89473
94736
100000
1
18621
36667
5068
21053
26316
64335
43550
68009
20860
52632
57895
63158
68421
73684
78947
84210
89473
94736
100000
1
3854
8627
13566
10585
20758
76874
33102
34394
29172
52632
57895
53877
45928
73684
78947
84210
89473
94736
100000
2852
4102
9207
11728
12105
48170
33757
36842
46322
29813
52632
57895
63158
68421
21502
46497
84210
89473
94736
100000
16299
4669
53265
10611
21053
42510
31579
36842
35996
47368
52632
63546
63158
68421
73684
44189
84210
89473
94736
100000
1
5264
9507
9519
21053
26316
32810
27311
48425
47368
27678
57895
63158
68421
27004
78947
84210
89473
94736
100000
2277
40981
61918
4636
25662
26316
31579
32395
42105
12380
52632
57895
63158
46076
73684
78947
34301
89473
94736
100000
1
4065
49953
5634
25451
19007
31579
58763
54079
47368
52632
57895
56780
54538
73684
78947
84210
89473
94736
100000
1
3784
7680
15790
21053
23671
35722
36842
33147
47368
42987
71007
63158
68421
73684
70976
84210
78455
94736
100000
27207
14297
50161
3800
21053
15262
34673
29457
36336
47368
52632
57895
63158
48237
73684
78947
84210
89473
94736
100000
25517
17423
50120
14230
21053
26316
31579
37607
42105
47368
22150
57895
63158
68421
73684
78947
84210
89473
94736
100000
1
38780
8834
12109
18948
18113
31579
36842
40555
20082
52632
66274
53955
47950
73684
34385
84210
89473
94736
100000
1
5264
11184
10108
30878
26316
55344
36842
36068
11989
52632
57895
38340
52420
73684
29378
36315
77983
94736
100000
24708
4633
9507
3500
21053
42861
31579
35655
42105
8210
14291
57895
6238
68421
73684
78947
84210
89473
94736
100000
28406
7364
46025
6322
21053
13189
33883
37428
37203
29142
52632
76712
63158
68421
73684
78947
84210
89473
94736
100000
1
4653
10527
13118
36145
18960
75001
36842
47243
4657
21883
60001
63158
43644
73684
78947
54748
89473
94736
100000
22648
18518
65029
3247
21654
21900
66348
42345
42105
47368
36557
57895
28404
50507
73684
78947
84210
89473
94736
100000
1
4759
7643
15790
18210
26316
31579
36842
57086
47368
52632
56950
56780
44543
73684
78947
84210
89473
94736
100000
34166
4488
37209
7358
14452
17551
34333
29375
65026
47368
33775
57895
63158
68421
34712
78947
84210
89473
94736
100000
1
3277
8513
10269
16396
18076
67754
36842
42105
21863
52632
64418
63158
68421
66254
78947
84210
89473
94736
100000
36033
4530
19505
15790
14367
26316
31579
35705
75775
47368
25650
57895
39098
68421
73684
47895
84210
89473
94736
100000
1
4618
7902
14230
24905
17787
49256
36842
42105
47368
10718
57895
41021
55954
73684
78947
84210
89473
94736
100000
1
22689
8004
6437
16087
14129
31579
28204
46302
47368
52632
57895
46365
48772
20274
32785
84210
89473
94736
100000
38203
10451
58287
6805
9975
48657
31579
33102
42105
47368
52632
57895
55159
68421
54256
78947
84210
89473
94736
100000
21320
40992
31036
8769
12545
16976
31579
36842
33868
4657
52632
57895
56780
68421
73684
78947
84210
89473
94736
100000
1
3907
8396
15790
15484
23671
29984
36919
34771
33077
19639
57895
63158
68421
73684
70976
84210
72207
94736
100000
1
4739
18362
8953
21053
26316
34477
36842
42105
47368
38798
57895
63158
61500
73684
78947
84210
89473
94736
100000
14093
4617
15492
5438
18948
26316
43380
30099
42105
36659
13647
57895
63158
68421
73684
78947
84210
89473
94736
100000
1
3848
8747
12529
21053
18122
29502
27147
43838
15413
52632
46319
63158
68421
59359
78947
84210
74166
94736
100000
1
34686
30083
6702
14361
30173
28372
36842
42105
47368
38746
57895
63158
68421
66254
78947
84210
89473
94736
100000
1
3884
10527
3627
16979
18431
58176
30506
42105
47368
52632
52633
63158
68421
73684
78947
84210
89473
94736
100000
1661
3896
19751
11227
11389
26316
88825
37924
65062
47368
52632
55248
63158
68421
73684
38986
84210
89473
94736
100000
1
4759
11979
13756
18948
21813
69611
29270
38172
47368
52632
51654
40878
48518
52300
78947
84210
89473
94736
100000
1595
4759
9307
8205
10783
26316
31579
27860
68969
28122
52632
57895
63158
68421
21448
78947
84210
78119
94736
100000
23686
3779
41032
9687
21053
26316
40722
36842
32095
41796
40568
57895
63158
48214
73684
78947
84210
89473
94736
100000
1
4759
62637
7648
23877
47968
31579
45196
42105
47368
25583
51700
63158
68421
73684
78947
84210
89473
94736
100000
1
3023
9507
9198
11197
30065
75672
36842
37829
47368
52632
52071
19927
68421
73684
33094
84210
89473
94736
100000
1
16391
9507
14230
21053
23684
78691
36842
42105
47368
13066
49048
63158
58501
19617
70976
75776
89473
94736
100000
1
40589
9507
10675
15955
14726
31579
36842
37829
47368
38481
65645
11148
46028
57750
78947
54703
89473
94736
100000
36029
25683
9507
6973
32305
26316
31579
28059
42105
41355
52632
57895
63158
68421
28945
78947
84210
89473
94736
100000
1
4688
54223
17034
43246
14985
31579
36842
42105
47368
52632
55756
34172
41280
73684
78947
84210
89473
94736
100000
1
3705
40585
8715
16436
37377
79441
36842
42105
47368
52632
67844
56780
68421
73684
78947
84210
89473
94736
100000
1
27642
9415
15790
21053
21276
31579
36842
42105
32380
13320
57895
14954
68421
73684
50600
84210
71865
94736
100000
1
2638
11672
10787
12320
46257
36485
58408
32186
40215
17747
73529
63158
68421
73684
78947
84210
71392
94736
100000
14281
4759
7714
14230
24543
14485
38691
36842
42105
27770
47318
57895
6238
68421
73684
78947
84210
89473
94736
100000
1
2879
8891
15790
39110
22750
49128
67782
42105
47368
52632
57895
12962
68421
73684
78947
84210
89473
94736
100000
35733
3707
57186
11358
21053
26316
31579
34802
54132
40660
52632
57895
63158
68421
23557
78947
84210
89473
94736
100000
37806
5264
67558
13660
18512
22148
31579
36842
42105
7871
52632
57895
36144
68421
73684
78947
84210
89473
94736
100000
31806
32048
10527
5125
17135
26316
31579
49148
56554
47368
13433
50270
63158
68421
73684
78947
84210
89473
94736
100000
1
4659
7492
14230
17924
48594
63894
36842
37389
36134
52632
50628
23005
48547
73684
78947
84210
89473
94736
100000
1
15400
49182
14230
16516
42729
37746
72295
42105
42573
52632
57895
34753
68421
73684
78947
84210
89473
94736
100000
1
4449
9507
8035
21053
20728
31579
36842
60213
47368
52632
52071
63158
68421
73684
30131
84210
89473
94736
100000
35578
4759
12416
10451
18385
42172
33623
67732
42105
47368
14122
57895
63158
68421
73684
78947
84210
89473
94736
100000
1
2759
29176
9011
30165
15624
80010
49742
42105
6302
16953
57895
63158
68421
73684
32022
84210
89473
94736
100000
1
13651
9238
3939
21053
42602
65447
29023
33558
17452
52632
50969
63158
46641
73684
78947
84210
89473
94736
100000
1
39958
10527
7325
13972
17446
31579
30432
73751
19938
28261
53895
63158
58852
24351
78947
57995
89473
18521
100000
1
3667
10527
15790
21053
25326
33684
42562
68176
7516
52632
69623
63158
68421
73684
78947
84210
89473
94736
100000
1
16795
9507
13995
21053
41095
31579
42810
54261
42573
42627
57895
19155
68421
73684
78947
84210
89473
94736
100000
1
5264
34630
14106
21053
33582
40285
35548
42105
47368
52632
48389
63158
68421
48532
28362
84210
89473
94736
100000
30835
2907
70135
3403
43342
18215
50156
53666
37829
35213
36756
57895
63158
68421
73684
78947
84210
89473
94736
100000
1
33298
54249
5179
12663
21431
31579
36842
42105
37372
52632
57895
63158
68421
73684
78947
84210
89473
94736
100000
1
38833
7813
10929
11112
22602
84646
32866
66297
37479
52632
57895
63158
68421
73684
78947
84210
89473
94736
100000
1
3470
10527
13467
18365
19400
31579
53594
42105
42573
47318
57895
63158
58049
73684
78947
84210
89473
85245
100000
38547
5264
9059
6661
21053
22493
38161
33435
48833
32427
52632
57895
56780
68421
32834
78947
84210
89473
94736
100000
1
24347
58592
4826
21307
22842
31579
59681
42105
4657
13367
57895
63158
68421
73684
78947
84210
89473
94736
100000
29491
2593
8347
14908
16394
14214
31579
36842
37829
31744
18884
57895
63158
59328
24709
78947
84210
89473
94736
100000
1
46037
10527
4626
13361
23671
31579
36842
42105
34231
52632
57895
63158
56243
73684
78947
84210
89473
94736
100000
1
3309
25162
10000
18948
23671
62678
36842
68748
29342
34589
62020
63158
68421
73684
78947
84210
77289
94736
100000
7916
5264
8547
10318
17553
23671
84494
30597
42105
13293
52632
60950
63158
42944
73684
78947
84210
89473
94736
100000
1
3022
17364
11889
21053
43568
40626
36842
42105
47368
52632
57895
63158
45915
73684
78947
84210
89473
94736
100000
32235
22111
28484
7910
21053
45225
57681
69382
42105
5411
31674
51183
63158
68421
73684
78947
84210
89473
94736
100000
2016
4180
9507
15790
21217
41317
86481
36842
35671
47368
20443
61045
63158
68421
59934
78947
84210
89473
94736
100000
9713
2497
47229
9962
21053
20012
79665
57115
42105
25632
23209
57895
63158
49964
73684
78947
84210
89473
94736
100000
36871
4603
29229
12320
11438
16845
31579
32882
51374
47368
52632
57895
63158
45257
73684
78947
84210
89473
94736
100000
1
43905
8888
15790
33016
36649
68463
36842
35071
47368
52632
52258
55795
68421
35746
78947
84210
89473
94736
100000
36391
29135
8579
14230
9490
17313
57527
36842
74693
34895
16942
57895
19568
68421
73684
78947
84210
89473
94736
100000
24207
42331
11845
15790
11134
23671
63823
70834
48168
6299
41576
55233
63158
68421
37377
78947
84210
89473
94736
100000
1
4759
64323
15790
17208
37438
48370
36842
42105
47368
37092
52071
63158
68421
73684
78947
84210
74830
37574
100000
1
4759
21356
12190
30899
16364
63638
68394
54150
14957
52632
57895
16900
68421
73684
78947
47382
89473
94736
100000
1
36062
8846
12245
36192
13167
31579
28311
59053
42573
29044
57895
63158
68421
73684
52710
84210
89473
94736
100000
2614
2812
43013
13320
9736
26316
36353
28277
59645
47368
52632
57895
48539
56709
73684
78947
42063
72065
94736
100000
28451
3542
19502
7037
18948
20989
74377
65760
42105
47368
15590
57895
63158
68421
73684
78947
84210
89473
94736
100000
1
19683
8493
4681
21053
26316
73247
36842
42105
33655
52632
57895
53578
68421
73684
78947
84210
71272
94736
100000
30534
26033
10527
14230
18948
15429
49691
27560
63029
47368
52632
67276
63158
68421
35531
78947
84210
89473
94736
100000
1
38127
33773
5886
21053
41464
44848
29327
38730
17933
14728
57895
19628
68421
27325
78947
8408
89473
94736
100000
3959
3881
50175
9275
10400
19967
31579
36548
42105
40932
37271
57895
47571
68421
73684
78947
84210
89473
94736
100000
1
2976
10527
13997
21053
13821
31579
36842
49902
17634
12143
57895
14303
68421
73684
78947
84210
89473
94736
100000
27847
19037
34044
15790
18481
32160
30527
36842
33033
47368
52632
61204
63158
47150
73684
78947
84210
89473
94736
100000
1
2629
38916
6331
9669
24764
28372
36842
42105
4657
52632
47120
63158
55126
20166
78947
84210
89473
94736
100000
1
3226
13691
3178
16385
23242
86781
30465
33907
47368
52632
57895
6238
57634
73684
78947
84210
89473
94736
100000
1
4706
14908
5482
21053
16155
61591
43865
42105
4657
47318
61406
7927
68421
73684
43607
84210
89473
94736
100000
1
3890
64244
15425
13442
22207
86657
36842
42105
47368
52632
57895
63158
68421
24434
78947
84210
89473
94736
100000
1
3920
47681
9392
21053
22938
44090
53388
42105
5464
52632
57895
63158
68421
73684
78947
84210
89473
94736
100000
1
2577
10233
14230
18948
18268
68993
29439
50693
12864
52632
57895
63158
53661
19958
78947
84210
89473
94736
100000
23280
4453
10527
14230
21053
26316
31579
38782
62575
47368
52632
57895
63158
44243
73684
62321
84210
89473
94736
100000
22366
3128
51115
14230
11394
26316
55727
29402
48493
36842
52632
57895
63158
68421
73684
78947
84210
89473
94736
100000
1
3307
24631
17140
32616
26316
89130
36842
71950
47368
52632
46870
63158
68421
73684
78947
8408
89473
94736
100000
6063
29085
36539
14230
21053
26316
31579
48691
74200
4657
52632
49475
53782
68421
73684
78947
84210
89473
94736
100000
1
6219
8996
18496
11666
31765
73264
36842
42105
37395
52632
48988
63158
68421
73684
78947
84210
89473
94736
100000
32438
4060
19781
15912
10911
16139
35827
33102
36698
24092
52632
57895
63158
68421
73684
78947
84210
89473
94736
100000
1
2863
8548
10662
17808
23671
66696
36842
42105
47368
52632
48662
44283
68421
73684
78947
84210
89473
94736
100000
1
19904
8890
8764
21053
23202
88115
43202
42105
7187
20867
57895
18489
68421
65624
78947
84210
89473
94736
100000
1
3500
63798
4143
18559
26316
31579
66950
42105
35897
52632
57895
63158
68421
73684
78947
84210
89473
94736
100000
1
4759
9363
7866
18394
20026
31579
36842
74462
6578
52632
53404
63158
61184
73684
28422
84210
89473
94736
100000
29421
12196
42338
8952
10803
20947
28372
56122
42105
47368
35270
57895
40349
68421
73684
78947
84210
89473
94736
100000
1
26132
17966
11137
13740
47085
31579
29739
42105
16531
37727
58232
34262
68421
66254
78947
84210
89473
94736
100000
37825
3144
17419
15790
20828
15323
71029
36842
42105
47368
52632
57895
26603
47936
73684
78947
84210
89473
94736
100000
36044
4353
7744
8144
21053
20804
64327
30672
42105
42573
20303
57895
63158
68421
73684
78947
84210
89473
94736
100000
26275
6774
41789
6074
11500
23387
54732
33457
33283
47368
52632
57895
38622
68421
73684
78947
84210
89473
94736
100000
1
2876
8919
15790
11343
16052
74545
36842
43486
11228
52632
57895
50418
68421
73684
78947
84210
89473
94736
100000
5888
3570
69763
10937
15573
34647
31579
39039
71636
12090
41585
57895
63158
68421
20738
78947
84210
89473
54435
100000
20179
4642
53648
8186
11904
26316
39477
48946
33397
47368
39708
76934
63158
46197
20971
78947
84210
74061
94736
100000
7539
3543
8973
13931
17421
35150
78320
72985
74552
16982
52632
57895
63158
43694
73684
59268
84210
89473
94736
100000
19645
11101
10527
5520
20312
23671
28372
36842
56592
47368
32131
57895
46495
68421
73684
78947
84210
71758
94736
100000
4163
3253
9507
7752
12911
26316
47380
43093
74115
25794
52632
75258
63158
68421
73684
55582
55224
89473
94736
100000
13363
14904
61074
6576
10913
32242
70173
34439
42105
7476
44114
58519
6238
68421
73684
78947
84210
89473
94736
100000
1
3607
64337
16452
21053
25611
58994
36842
32735
21902
34002
57895
63158
68421
73684
78947
84210
89473
94736
100000
36712
17035
34251
12137
32458
20507
31579
63934
42670
24311
38628
57895
63158
49177
22194
78947
84210
89473
94736
100000
1
4234
7737
3707
32790
42139
31579
66367
68143
27695
12017
57895
56780
68421
73684
57747
84210
89473
94736
100000
1
3286
10527
14070
18948
26316
58894
58091
48272
39141
11318
64952
63158
43376
73684
78947
84210
89473
27394
100000
1
14166
10527
7544
14321
23671
43119
36842
35565
29534
52632
68420
63158
68421
73684
27802
84210
89473
94736
100000
1
2513
45059
6558
37147
13420
68845
36842
39199
31253
17959
57895
54869
68421
73684
78947
84210
89473
94736
100000
17981
3239
29393
8892
11964
48498
31579
36842
42105
10025
47318
47024
63158
68421
73684
32397
84210
89473
94736
100000
1
5264
38570
7951
18903
38703
72538
36842
42105
4657
22488
57895
63158
51017
65889
70976
75776
89473
94736
100000
1
30941
38614
9688
18948
23671
28372
71087
68228
47368
52632
57895
63158
58508
33290
57451
84210
89473
94736
100000
1
36320
8607
14230
15055
23331
31579
36842
37386
9854
38576
52071
56780
46964
28115
78947
84210
89473
94736
100000
4692
2942
67617
6753
21185
14779
81382
27927
58275
32998
11691
45815
14449
68421
73684
78947
84210
71516
94736
100000
1
5264
19811
9064
24808
19464
85970
36842
46398
7661
45055
57895
63158
68421
73684
78947
8759
89473
94736
100000
1
4759
66361
3788
29439
26316
73418
57694
35235
47368
52632
50660
29696
68421
73684
78947
84210
89473
94736
100000
1
4759
28205
15790
15748
26316
31579
36842
42105
47368
47167
57895
63158
68421
73684
78947
84210
75391
94736
100000
1
30811
10884
17937
14846
13967
28372
35219
42105
47368
47318
57895
63158
68421
39835
78947
84210
80504
94736
100000
1
15104
27153
9802
11166
23671
76457
72045
42105
42573
52632
64721
63158
68421
36720
78947
84210
89473
94736
100000
26678
3955
23342
12855
13163
14766
83991
43364
42105
27339
41692
77570
63158
68421
73684
78947
84210
89473
94736
100000
1
4759
53771
14230
18948
26316
51646
40427
42105
5782
42784
57895
17400
68421
44720
78947
74238
89473
94736
100000
28144
41796
10527
15790
13342
26316
49341
39448
71716
47368
11693
57895
35345
68421
22777
78947
84210
89473
94736
100000
1
41728
25357
8549
19294
26316
31579
36842
42105
47368
19503
69377
63158
68421
73684
78947
72966
89473
94736
100000
1670
27605
10527
13441
21330
13699
31579
37573
42105
25706
47318
57895
63158
43252
73684
78947
84210
89473
94736
100000
1
4706
9507
3563
17348
14321
31579
36842
42105
4657
52632
57895
63158
68421
73684
78947
84210
89473
94736
100000
1
4759
56309
9673
15137
40252
31579
36842
63437
34528
52632
50906
63158
68421
73684
44704
84210
89473
94736
100000
1
4744
13276
7359
21053
19038
31579
28059
42105
47368
16735
58560
63158
46800
52519
70976
84210
89473
94736
100000
24472
2649
9457
12252
32866
26316
44266
57075
42105
5778
52632
68299
63158
68421
73684
70976
8408
89473
94736
100000
1
28568
10527
9013
21053
14359
58738
36842
42105
47368
15727
57895
18740
41712
73684
78947
84210
89473
94736
100000
1
5733
13643
15790
14661
16119
31579
33102
42105
28686
52632
57895
6238
44037
73684
78947
84210
71812
94736
100000
1
4559
13863
14230
14341
17110
79785
28081
37829
25990
39590
77132
6238
68421
73684
78947
84210
89473
94736
100000
1
2536
58762
15790
17886
26316
31579
31334
42105
14894
52632
57895
24080
68421
73684
78947
84210
89473
94736
100000
1
3690
24682
6841
15371
26316
30328
36842
42105
47368
52632
57895
63158
42886
24334
78947
84210
77469
94736
100000
15816
29164
9464
15790
9780
20504
62799
54618
42105
47368
11295
57895
63158
68421
47852
28235
84210
89473
17216
100000
37085
5264
51824
12883
17672
26316
31579
28853
42105
47368
23295
64801
63158
68421
19310
78947
84210
89473
94736
100000
1
39121
18862
15790
13458
26922
31579
68226
37043
20447
52632
52071
63158
68421
73684
78947
47169
89473
94736
100000
33611
2548
8115
15790
18499
18047
64863
36842
42105
47368
52632
57895
63158
68421
73684
78947
84210
89473
85245
100000
1
37784
42635
15790
16065
36336
32704
27056
42105
30978
38661
73393
33704
68421
73684
35459
84210
89473
94736
100000
1
24136
8106
6585
21053
19115
31579
36842
42105
7776
17078
57895
46641
45794
73684
78947
19392
89473
94736
100000
34475
43907
25577
14815
21053
15665
37971
65653
47885
47368
52632
65908
29016
68421
73684
78947
84210
89473
94736
100000
1
16139
9507
4872
22971
23049
59298
36842
35071
47368
37877
48752
63158
68421
73684
78947
84210
89473
94736
100000
18465
20685
63130
11721
14970
20089
34176
35673
33219
7792
15292
57895
11745
68421
73684
78947
84210
89473
94736
100000
1
18752
58664
13078
18948
26316
88661
36842
42105
13024
52632
57895
63158
53638
23426
78947
84210
89473
94736
100000
1
3115
55468
3513
21053
26316
31579
58077
65296
27851
52632
57895
16191
45190
73684
78947
84210
89473
94736
100000
1
32678
23541
12710
15615
26316
31579
36842
61696
47368
35799
57895
63158
68421
73684
78947
84210
89473
94736
100000
33807
16796
9507
15790
18948
47062
79379
67740
42105
10595
18830
78326
52962
68421
73684
78947
84210
89473
94736
100000
39097
17005
38881
14382
21053
26316
62194
36842
42105
4657
52632
52071
63158
68421
73684
78947
84210
89473
94736
100000
1
5264
16418
4021
13333
26316
28877
58188
73890
47368
52632
48044
63158
43004
73684
78947
84210
89473
94736
100000
29840
4259
46405
8589
10545
35762
31579
36842
59401
47368
35204
57895
63158
68421
73684
78947
84210
89473
94736
100000
17678
4687
38315
7792
16726
26316
31579
36842
49939
6092
52632
57895
63158
68421
20354
64212
84210
89473
94736
100000
1
3171
10317
18405
21053
26316
28404
62827
42105
12536
35164
57895
63158
55250
73684
78947
84210
89473
94736
100000
33617
3006
44070
15790
16483
13824
28372
32929
61724
47368
52632
57895
63158
68421
73684
78947
84210
89473
94736
100000
1
37181
8320
7036
32760
14571
31579
36842
42105
26682
52632
57895
63158
68421
73684
40772
84210
89473
94736
100000
36274
4370
7674
5760
36985
23037
47656
41096
42105
47368
23328
57895
56780
68421
73684
33934
84210
89473
94736
100000
1
16045
44719
15790
21053
17319
86724
68210
48191
47368
27558
57895
63158
52122
25592
78947
84210
89473
94736
100000
1
44616
8842
14230
18948
23562
31579
42202
69931
47368
23843
49698
63158
68421
73684
78947
84210
80504
94736
100000
1
4428
35639
6550
10745
13862
41406
55458
42105
47368
45904
57895
63158
42886
73684
78947
84210
89473
94736
100000
5181
38252
52288
15790
21053
26316
35759
30267
42105
14548
52632
60899
49465
68421
73684
42729
34394
89473
94736
100000
1
29255
22675
14230
18075
26316
31579
46192
49388
47368
35973
78254
63158
68421
73684
78947
84210
89473
94736
100000
1
2984
7715
7424
41553
23163
50953
63994
42105
47368
35801
57895
63158
68421
73684
78947
84210
89473
94736
100000
25921
4005
30017
3985
27560
21166
46135
32471
42105
19597
52632
57895
37596
57436
73684
78947
84210
89473
94736
100000
25098
3140
16530
6405
18450
45338
28534
45914
42105
47368
52632
57895
63158
68421
73684
78947
84210
89473
94736
100000
1
44911
36178
15790
15626
39039
78578
31916
63385
47368
52632
57895
63158
68421
73684
78947
84210
89473
94736
100000
1
5264
33240
17715
21053
42230
87399
36842
63141
10116
52632
57895
63158
68421
42992
78947
21203
71650
94736
100000
543
41200
56365
15790
11137
27023
28372
31982
37829
47368
43549
50486
63158
68421
73684
78947
84210
89473
94736
100000
1
3102
49262
9899
29649
41529
29180
47712
55552
47368
18275
47995
63158
68421
73684
78947
84210
89473
94736
100000
1
20491
68319
15790
18174
36694
28840
30816
42105
15634
52632
57895
63158
68421
41699
78947
84210
89473
94736
100000
1
3140
29356
15790
14793
19618
36798
36842
42105
47368
52632
57895
63158
43664
24203
78947
84210
89473
94736
100000
34475
37789
9415
4371
44074
23671
28372
28562
42105
40499
52632
57895
63158
68421
73684
78947
9189
89473
94736
100000
1
4714
58736
9845
10347
13811
76329
36842
71303
29867
52632
53293
40798
68421
73684
45600
84210
75151
94736
100000
17114
4759
44308
15494
24602
26316
31579
36842
42105
25127
42964
52071
63158
42278
73684
78947
84210
89473
94736
100000
1
2641
10462
12971
11949
16649
31579
33102
37073
47368
52632
57895
11685
68421
73684
78947
84210
89473
94736
100000
1
4759
9507
14230
9829
26316
84952
62277
67187
35052
26376
57895
63158
68421
73684
78947
84210
89473
94736
100000
1
29980
56011
14230
11388
21412
28372
30308
66142
47368
52632
57895
63158
68421
73684
78947
84210
89473
94736
100000
18206
38492
10527
6461
18525
31572
71972
47167
42105
32719
19207
57895
56780
68421
31763
78947
84210
89473
94736
100000
1
4261
49517
11698
13328
26316
57842
36842
35833
47368
52632
57895
56780
68421
73684
78947
75776
89473
94736
100000
1
3124
26740
15790
42849
15590
72881
59681
42105
16431
47318
57895
21720
41922
73684
78947
84210
89473
94736
100000
21864
3857
7623
17628
25880
28304
42870
33102
42105
47368
14396
57895
63158
68421
44766
78947
27746
89473
94736
100000
1
4121
43596
3278
21053
16517
31579
36842
42105
47368
52632
52175
63158
68421
73684
30079
84210
89473
94736
100000
12267
4434
12238
15790
15591
26316
79457
66920
42105
47368
17696
57895
63158
68421
73684
34215
24773
89473
94736
100000
1
36537
22322
8741
21053
16212
31579
27254
37829
36913
52632
57895
44896
68421
21964
78947
84210
89473
94736
100000
1
15987
8589
6615
24538
26316
53552
32802
42105
47368
52632
71534
7453
68421
20787
78947
84210
89473
94736
100000
28732
3104
10527
14230
35291
34348
31627
44378
42105
38743
52632
50399
56780
61500
73684
29805
84210
89473
94736
100000
1
44202
57091
15790
41155
43695
66672
29786
42105
16216
45066
57895
63158
68421
73684
78947
84210
89473
94736
100000
1
4389
7657
7821
16672
34620
31579
36842
56888
42573
52632
57895
42103
68421
73684
27960
84210
89473
94736
100000
1
4759
41821
14230
17748
21697
87707
40288
45319
47368
52632
67667
63158
68421
73684
78947
84210
89473
94736
100000
28233
3866
41559
12367
14986
20693
59034
43976
42105
14428
52632
73751
63158
53455
47601
78947
35624
89473
94736
100000
1
29028
14066
4816
21053
33316
31579
30117
35628
20124
52632
48758
63158
68421
73684
78947
84210
89473
94736
100000
1
32609
46410
8387
21053
42941
87296
56280
74734
47368
52632
57895
63158
68421
73684
78947
84210
78656
94736
100000
855
12057
48843
14230
25381
20421
88207
53271
72676
22417
28138
61864
42194
49249
73684
78947
9956
89473
94736
100000
1
38407
58407
6718
12291
20552
31579
47711
69531
15362
52632
64555
15111
68421
73684
78947
84210
89473
94736
100000
13468
4689
50269
11850
21053
21184
40136
33102
42105
19893
47318
57895
63158
68421
59287
41765
84210
89473
94736
100000
1
8173
10494
15790
21053
26316
60471
72944
42105
19994
14664
57895
29095
68421
19822
70021
84210
89473
94736
100000
29382
3226
42785
9551
15036
26316
31579
36842
68689
47368
19821
57895
11938
68421
73684
78947
84210
89473
94736
100000
1
20441
47963
14230
34801
26316
38674
36842
42105
47368
15340
57895
63158
68421
73684
78947
72154
89473
94736
100000
14218
9646
9950
15790
12615
34879
89478
36842
35171
5296
16921
57895
63158
68421
73684
78947
84210
89473
94736
100000
1
4327
8093
7815
21053
26316
89420
29510
42105
47368
16547
73793
63158
49970
60005
78947
84210
89473
94736
100000
15345
5264
10527
15790
18791
26316
51641
36842
57917
47368
47318
63669
63158
41415
73684
78947
84210
89473
94736
100000
1
30459
10527
7674
25003
22990
29697
33102
42105
47368
21606
46338
63158
41502
73684
78947
8408
89473
94736
100000
8363
45838
9507
6637
38031
37464
31579
55710
62374
47368
52632
57895
56780
68421
47345
57236
84210
89473
94736
100000
1
5056
7982
14230
14598
20266
28372
57680
42105
19268
39680
57895
29823
46241
23550
28875
84210
71856
31316
100000
37552
5264
23779
9989
11204
22511
31579
36842
38282
5421
52632
57895
63158
68421
25169
78947
43041
72116
94736
100000
1
3574
8339
6420
18180
25034
31579
36842
35266
9425
38860
57895
63158
54874
73684
78947
84210
89473
94736
100000
20604
3815
10527
11232
16214
14948
57685
32837
73131
47368
41919
57895
18307
68421
73684
78947
84210
89473
94736
100000
33933
21194
21695
13812
21053
16262
61575
30309
34248
6458
45205
56867
28817
68421
73684
78947
84210
89473
94736
100000
1
4759
9507
5430
21053
16511
31579
36842
32362
21959
52632
57895
63158
51041
73684
78947
84210
80504
51201
100000
1
4530
28711
6652
14853
26316
50507
29885
42105
47368
52632
52339
21925
59003
73684
78947
84210
89473
94736
100000
1
2569
60270
3308
9519
21205
28343
54433
42105
47368
52632
73041
63158
68421
73684
78947
84210
89473
94736
100000
1
4281
24265
13295
21053
42905
71608
36842
50554
47368
52632
57895
63158
68421
73684
78947
84210
89473
94736
100000
32191
19222
67472
9441
20897
34545
31579
45991
70346
17745
52632
57895
63158
46095
73684
78947
84210
89473
94736
100000
1
5264
9507
3860
12180
23671
81530
36842
34288
13789
28566
52071
44614
68421
73684
78947
84210
76044
94736
100000
32629
2643
8022
3926
18143
14684
31579
35778
64911
14176
32187
60161
63158
68421
73684
78947
84210
89473
94736
100000
1
4284
66467
7774
21053
26316
36889
36842
73403
37217
52632
46076
56780
68421
73684
78947
84210
89473
94736
100000
1
25773
8343
14230
21053
14698
35582
36842
58488
4657
52632
51078
35377
54749
73684
78947
84210
89473
82941
100000
18904
39005
9507
3490
18948
17519
42002
36842
69486
4657
52632
57895
47282
61500
73684
78947
84210
89473
94736
100000
1
4687
69105
10884
19433
23671
31579
30788
42105
47368
52632
57895
63158
68421
73684
55913
84210
89473
94736
100000
1
43197
10527
12862
18948
23671
36667
36842
37829
32512
32247
57895
63158
68421
21236
78947
84210
89473
94736
100000
1
4445
56885
8784
21053
26316
81829
36842
73183
47368
52632
67121
6238
68421
73684
32177
84210
89473
33134
100000
1
3111
68535
6716
18948
39103
74157
48211
42105
8468
52632
70448
35191
68421
73684
78947
84210
89473
83389
100000
27189
13579
23076
14230
21053
28202
31579
59679
42105
8358
11752
57895
31812
59366
73684
41515
84210
89473
94736
100000
3052
4532
8583
11710
34566
21570
31579
55794
42105
35798
52632
62502
63158
68421
25149
78947
84210
89473
94736
100000
4937
6086
17802
15790
21053
15971
59370
36842
47782
4657
38951
57895
63158
68421
73684
78947
84210
89473
94736
100000
31493
25787
8901
15790
21053
15449
31579
36842
53111
47368
44073
57895
6238
68421
44209
78947
84210
89473
94736
100000
1
13541
9507
8448
17714
44901
54660
33102
42105
30297
52632
57895
63158
61500
73684
41854
84210
89473
45237
100000
36420
4306
57147
9232
9797
37464
31579
36842
42105
42573
31606
57895
45302
68421
73684
31981
59856
89473
94736
100000
1
4703
64729
10649
21053
13679
31579
36188
42105
47368
52632
57895
63158
68421
66254
78947
84210
89473
94736
100000
27169
20790
9507
14230
18157
16694
57564
36842
37829
17332
33940
52071
63158
68421
25381
78947
84210
89473
94736
100000
25047
11083
8631
7855
13004
15573
31579
36842
63587
47368
12810
57895
63158
58810
65595
78947
84210
89473
94736
100000
1
4370
10527
4185
21053
26316
68992
63071
42105
47368
52632
52549
63158
53217
73684
78947
48669
89473
94736
100000
1
4418
62957
6391
25827
24598
28372
32161
35802
4657
13112
50565
63158
68421
73684
70976
84210
89473
94736
100000
1647
25744
9507
15790
17288
14527
34309
36379
62275
47368
38269
57895
12591
68421
73684
78947
84210
89473
94736
100000
1
16803
9507
9113
12067
42782
60910
36842
56068
5387
52632
57895
63158
68421
73684
78947
84210
89473
94736
100000
6821
4759
11288
9198
21053
34739
31579
29190
53073
47368
52632
57895
63158
68421
73684
78947
84210
89473
94736
100000
1
4759
9131
5711
22879
40625
48008
33102
42105
47368
52632
52071
63158
68421
73684
78947
8408
89473
94736
100000
1
4321
9507
6759
18145
26316
31579
30883
42105
37969
52632
57895
46939
59851
73684
78947
84210
89473
94736
100000
1703
2545
11281
4966
20477
18470
31579
32611
42105
4657
37750
57895
63158
68421
73684
70010
43496
89473
94736
100000
24500
4637
53053
14744
26149
26316
65785
34663
37885
6936
52632
72805
63158
68421
73684
78947
84210
89473
94736
100000
27864
4725
20725
14950
39818
26316
43134
36842
42105
47368
17656
54531
63158
68421
73684
39784
84210
89473
94736
100000
1
4267
41614
7671
11245
26316
28372
40099
42105
47368
16931
57895
63158
68421
43074
78947
75776
89473
94736
100000
1
3006
8216
9038
15377
18181
77521
52210
74589
4922
47318
45914
9816
68421
73684
78947
75776
89473
94736
100000
18658
3196
13949
8240
14345
23671
79195
41234
36922
5414
19678
58807
63158
68421
73684
55515
62596
89473
94736
100000
1
4266
7559
4292
18690
48662
31579
47541
55065
47368
23386
48058
63158
68421
47554
78947
84210
73089
61490
100000
30549
5264
46265
8997
24014
42852
75216
36842
33065
38726
52632
74119
63158
53279
73684
78947
84210
77407
94736
100000
1
4759
17215
3918
34816
19369
53326
36842
42105
4657
52632
57895
48926
46941
73684
78947
84210
89473
94736
100000
1
3770
35475
5068
18018
17951
28372
70870
42105
47368
23533
57895
63158
68421
73684
78947
36577
77265
20827
100000
17176
3905
48858
15790
18948
20145
28372
32301
42105
47368
15307
57895
52588
68421
66254
78947
11191
89473
94736
100000
3835
3268
49364
10382
42413
14205
52214
36842
47160
31760
45200
57895
6238
68421
73684
78947
84210
89473
94736
100000
1
4658
9507
13609
16017
17266
31579
30895
34063
47368
28238
59632
63158
68421
73684
70976
84210
89473
94736
100000
20064
4203
45957
7718
14673
17517
88553
36842
42105
33743
52632
45671
63158
68421
66254
78947
84210
75196
94736
100000
1
31392
59059
15790
12830
41229
31579
27241
42105
47368
52632
57895
63158
68421
73684
78947
84210
78420
28559
100000
1
38794
8868
10863
29427
19166
31579
59628
42105
8116
52632
65506
63158
68421
51890
39742
84210
89473
94736
100000
1
42533
10527
16578
21053
26316
56580
30079
35130
6521
12331
57895
63158
68421
73684
78947
84210
89473
94736
100000
28194
15088
36628
7455
34222
41868
77517
37893
74993
31172
52632
78590
63158
57781
73684
78947
84210
89473
94736
100000
14716
45143
15188
9412
21053
15807
31579
36842
72147
25565
52632
52071
63158
68421
73684
78947
84210
89473
94736
100000
1
32745
10333
4212
18948
30209
31579
36842
42105
41609
34379
57895
63158
68421
73684
78947
84210
89473
94736
100000
1
41143
7767
8422
21053
13262
45973
28640
42105
16795
52632
51583
63158
55211
36317
32866
84210
73875
94736
100000
1
4557
10527
12025
12482
20698
46003
29098
74589
47368
28896
57895
23441
68421
73684
78947
60530
89473
94736
100000
18667
3334
14976
15790
14099
26316
31579
36842
42105
47368
52632
57895
63158
68421
73684
78947
84210
89473
94736
100000
1
27560
7841
14060
18223
14671
60420
30233
42105
26637
21306
57895
63158
68421
73684
78947
84210
89473
94736
100000
21486
21061
9507
10574
21053
23671
31579
33102
32696
47368
31089
57895
63158
57939
73684
78947
17231
74858
94736
100000
1
3676
49223
15188
25459
18094
83447
57392
42105
47368
52632
50537
63158
68421
73684
78947
84210
89473
94736
100000
33620
20254
22575
12003
21053
26316
75971
41820
42105
16979
35795
57895
63158
54333
73684
78947
84210
89473
94736
100000
1
3831
17933
15790
35337
26316
28372
68606
42105
42573
18323
48518
63158
68421
73684
78947
84210
89473
94736
100000
1
33394
46003
9714
9717
21910
60778
36842
37829
33244
52632
57895
11662
68421
73684
49438
84210
89473
94736
100000
1
39985
7782
12273
17869
45617
31579
59750
76054
25646
52632
57895
63158
68421
73684
78947
84210
89473
94736
100000
10103
21963
10527
5046
9935
26316
55092
67976
70419
23423
52632
71844
9313
53773
73684
78947
84210
71733
94736
100000
29351
4759
8113
15790
13869
35551
50848
32054
42105
15859
47318
57895
63158
68421
73684
59848
84210
89473
94736
100000
1031
26735
32664
14230
21053
26316
52495
33102
42105
42573
30059
53985
6238
61500
73684
78947
84210
89473
94736
100000
1
4428
8150
14230
21053
23022
69814
49683
37885
11945
52632
52686
63158
54610
62598
78947
84210
89473
94736
100000
30307
4759
62565
15790
18948
26316
51301
36842
42105
47368
27094
57895
63158
48945
45389
78947
14216
89473
65448
100000
1
21535
7705
7216
9464
23671
38999
69164
68538
19637
52632
50974
63158
56911
73684
28832
84210
89473
94736
100000
1
4622
66193
7776
13718
26316
31579
36842
63891
23688
52632
57895
13391
56512
24915
78947
84210
89473
94736
100000
1
4699
38566
8006
21053
23671
31579
36842
42421
42573
52632
65484
63158
68421
73684
34354
84210
89473
94736
100000
1
13313
57543
6197
42569
24471
51651
32556
35775
47368
16630
57895
63158
68421
73684
78947
84210
89473
94736
100000
1
3233
34312
15790
29158
23671
72157
36842
42105
42573
16693
52709
63158
68421
53292
78947
84210
89473
94736
100000
15558
35889
9507
15790
16628
19705
72131
36842
42105
26429
11862
46544
63158
68421
73684
78947
84210
89473
11735
100000
1
27316
29121
4809
18948
26316
40114
47078
42105
47368
52632
57895
63158
44592
73684
78947
84210
89473
94736
100000
33356
31265
56985
11396
21053
39451
31579
67865
42105
4657
52632
57895
63158
68421
73684
78947
84210
89473
94736
100000
3501
5264
9507
11989
27214
16608
28372
65606
42105
47368
29097
57895
63158
68421
73684
78947
84210
89473
94736
100000
39250
5264
10527
5009
21053
41465
31579
31297
46830
47368
47318
57895
28135
68421
73684
78947
84210
75409
94736
100000
1
28182
28615
15790
11947
30256
31579
60689
65323
47368
52632
47251
56780
68421
73684
78947
84210
89473
94736
100000
1
3572
8513
14230
10584
35352
38432
33102
63141
36549
52632
57266
22091
68421
73684
32387
84210
89473
94736
100000
1
4327
10527
4456
17119
26316
52215
42479
46495
47368
52632
77299
38257
68421
73684
78947
84210
89473
94736
100000
1
3611
11454
6331
17625
26316
89162
27414
33718
47368
52632
57895
63158
68421
73684
78947
84210
89473
11537
100000
1
2920
9507
5978
10492
32892
63911
32389
42105
4657
23939
66772
63158
52514
73684
78947
35902
89473
94736
100000
1
7987
55049
13135
15755
26316
31579
36842
50535
35620
52632
57895
63158
51217
73684
78947
84210
89473
94736
100000
15193
41294
9507
8152
12854
18999
64870
43983
42105
15365
19721
45871
63158
68421
73684
78947
84210
71541
94736
100000
1
3606
8530
15790
18948
20544
31579
40233
57790
5837
10958
57895
63158
68421
25414
78947
84210
89473
94736
100000
29134
6237
8001
13378
18948
26316
31579
28055
42105
47368
52632
57895
24292
61500
73684
78947
84210
76575
94736
100000
1
2742
7660
13032
16431
15509
57389
36842
42105
40752
27155
50259
63158
68421
49505
78947
70630
89473
94736
100000
1
3277
7539
12001
15407
26316
40447
36842
42105
47368
36553
57895
63158
68421
73684
78947
84210
89473
94736
100000
14967
8393
64675
11734
18948
17752
55625
29690
42105
24431
52632
57895
63158
68421
73684
78947
13273
89473
94736
100000
1
3115
10527
11417
14187
18239
28372
36842
55420
40565
39681
57895
63158
68421
73684
78947
84210
89473
94736
100000
1
4759
34488
18285
19558
27782
58865
29499
42105
47368
31446
64118
63158
61500
22120
78947
84210
89473
94736
100000
17643
4344
54373
13240
12907
26316
67498
36842
38859
47368
52632
77160
25851
48262
73684
32859
84210
89473
94736
100000
1
27182
8530
5725
10515
18438
38178
28219
63061
47368
52632
56194
63158
58848
73684
78947
84210
89473
94736
100000
5934
17478
44265
14230
38151
41471
39505
29121
33408
4657
52632
52071
63158
68421
48675
28595
84210
89473
94736
100000
25337
13723
8281
15790
13866
49068
31043
59696
42105
33096
52632
57895
51711
43876
73684
78947
84210
89473
94736
100000
37363
3237
24704
10607
18948
17492
31987
55560
46506
47368
42054
57895
63158
68421
73684
78947
84210
89473
94736
100000
1
4073
10527
13899
21053
35207
31579
40109
42105
47368
52632
52071
63158
68421
73684
78947
84210
89473
94736
100000
1
4428
9507
5213
16508
15574
68484
33102
42105
47368
52632
57895
23503
68421
24691
78947
84210
89473
94736
100000
1
4759
8026
14230
18948
23671
80305
36494
50700
42573
46638
78753
47564
68421
73684
78947
58247
89473
94736
100000
1
9304
9507
15790
16700
37804
64715
33102
34180
32956
42343
70129
63158
53209
73684
78947
84210
89473
94736
100000
1
4000
9316
13910
21053
13601
62560
36842
35938
18068
52632
57895
41680
68421
25028
78947
84210
89473
94736
100000
1
11276
19570
14165
21801
26316
28372
36842
37829
47368
52632
46132
63158
45558
73684
78947
61037
89473
94736
100000
1
23383
43316
4472
11304
16782
81662
43586
46537
39524
52632
51008
63158
50649
73684
55727
84210
89473
94736
100000
1
16007
7884
15790
33721
48808
31579
36842
42105
47368
52632
57895
47531
68421
73684
78947
84210
89473
94736
100000
1
9036
8034
9637
12981
28223
32368
36842
42105
8763
45694
57895
63158
68421
66254
78947
84210
89473
94736
100000
1
4119
7598
7880
28009
16449
48652
35376
42105
4657
47318
71611
63158
68421
73684
78947
84210
89473
94736
100000
1
43153
12581
7794
18402
26316
31579
70484
60819
42573
25224
52071
56780
50926
25562
78947
84210
89473
94736
100000
1
4272
59081
13196
21053
20298
31579
66177
42105
20881
52632
50826
56780
68421
73684
70976
84210
89473
94736
100000
1
5264
65518
14424
32381
16011
54105
30181
42105
47368
52632
59206
63158
68421
73684
78947
84210
89473
94736
100000
1
4043
40362
19712
42339
26316
36082
36214
44862
47368
16869
50658
63158
68421
73684
78947
84210
89473
94736
100000
1
8972
23356
8696
15852
26316
48160
70667
42105
15039
52632
57895
63158
52220
73684
78947
84210
89473
94736
100000
1
20492
34446
9361
30681
26316
55682
36842
42105
47368
11945
57895
63158
68421
73684
29651
37484
79037
94736
100000
23008
21077
9311
11582
17690
20169
66615
64158
68103
47368
41156
57895
56780
68421
66254
78947
31476
89473
94736
100000
1
21654
10527
7065
35756
26316
48151
36842
51489
32183
52632
59108
63158
68421
73684
78947
65522
89473
78907
100000
1
15542
41461
15790
42733
18730
31579
36842
37603
31577
19850
57895
46433
68421
73684
34157
27338
80504
94736
100000
19864
45325
51287
9062
44114
18378
76810
36842
39426
47368
20399
57895
46715
68421
73684
78947
84210
89473
94736
100000
1
30310
8729
15790
40635
44079
28372
49934
50835
30811
52632
57895
49800
46279
22965
78947
84210
89473
94736
100000
1
31228
7850
12769
18948
33465
64277
36842
58872
47368
47318
49056
63158
68421
30989
78947
84210
89473
94736
100000
37145
4353
21983
15790
17635
26316
63853
36842
42105
26042
17356
70620
20710
55538
62133
46944
84210
89473
94736
100000
1
10564
24509
10024
32531
23671
63231
28146
74337
24935
41068
57895
14264
68421
24759
78947
84210
89473
94736
100000
13658
3859
17153
12675
16884
17020
38372
36842
38807
36069
52632
56891
47453
68421
73684
78947
84210
89473
94736
100000
12255
4759
36827
17086
35151
22369
37138
46372
42105
16161
52632
57895
63158
48821
73684
38401
84210
89473
94736
100000
1
4759
42146
3332
9938
29793
28372
36842
50754
47368
41633
57895
25304
48120
73684
78947
84210
89473
94736
100000
1
24902
8103
4090
12220
14247
31579
66436
42105
47368
45204
57895
63158
51671
73684
78947
84210
89473
94736
100000
1
40115
33088
9735
9598
26120
28372
56847
54884
37882
26804
51096
63158
68421
73684
78947
84210
89473
94736
100000
1
3521
8623
8041
40188
42142
31579
36842
34326
13560
47318
57895
63158
56029
73684
78947
84210
80504
94736
100000
1
34987
8423
14230
34575
21048
39802
36842
69416
7817
28150
68228
32826
68421
73684
78947
84210
89473
94736
100000
3561
28922
42826
5211
28188
29172
89365
39493
41233
47368
52632
57895
63158
44422
51479
78947
84210
89473
94736
100000
18125
2760
65271
14230
21053
49123
31579
36203
42105
47368
52632
61239
63158
68421
73684
78947
84210
89473
94736
100000
1
40840
9507
7387
9639
26316
31579
44234
42105
29517
47318
60658
63158
56883
73684
58375
84210
89473
94736
100000
1
4759
36084
11523
14306
26316
49903
36842
36170
13881
52632
57895
36211
54527
45267
78947
84210
89473
94736
100000
1
9792
42822
15790
41652
26937
30025
32253
37591
47368
34898
57895
63158
68421
73684
33626
84210
89473
94736
100000
30860
3297
50454
4335
44054
26316
31579
36842
36575
34356
52632
57895
63158
61500
19833
78947
84210
89473
94736
100000
1
9491
18561
14083
14610
15472
31579
36842
42105
47368
15977
57895
48335
68421
73684
33563
84210
89473
94736
100000
1
26410
41747
14153
21053
21009
34941
70066
41751
5780
37652
57895
33457
68421
73684
78947
84210
89473
94736
100000
6850
4759
31573
6449
24250
26316
71717
31222
54156
47368
38192
69367
63158
59161
73684
39800
84210
89473
94736
100000
1
30724
37972
3185
27470
21348
28372
36842
70223
47368
52632
57895
63158
61500
73684
78947
84210
89473
94736
100000
20942
2945
10527
14147
15128
46923
64577
32274
42105
39924
52632
57895
41565
68421
73684
32766
84210
89473
94736
100000
1
7202
9128
11620
23452
17114
31579
36842
41115
47368
41264
57895
63158
58178
73684
78947
84210
89473
94736
100000
1
17143
10527
7741
25549
41725
34450
36842
42105
6895
45761
57895
56780
68421
73684
78947
84210
89473
94736
100000
27301
4190
68519
14230
21053
45510
31579
71959
42105
47368
52632
58448
63158
68421
73684
30181
84210
89473
94736
100000
1
12732
8371
5247
23700
20062
31579
29101
45350
47368
52632
57895
63158
68421
36024
78947
26416
89473
94736
100000
1
11767
7657
4093
21053
21438
63989
32603
42105
27740
52632
52071
63158
68421
73684
78947
84210
74434
94736
100000
1
24482
8635
15790
12792
17736
74493
59674
39101
21530
52632
57895
25900
61500
38783
70976
84210
89473
94736
100000
38541
3421
46412
12341
15315
31601
43223
65157
42105
47368
52632
55087
63158
54201
23510
31923
84210
75487
94736
100000
39555
4370
10527
18702
21053
21519
31579
36842
51990
47368
52632
57895
55722
68421
73684
78947
84210
89473
94736
100000
6145
42243
8846
6347
35132
26316
28372
70967
42105
47368
21367
57895
39009
57382
24622
78947
84210
89473
55797
100000
1
4759
7686
7020
36791
35814
78416
36842
42105
13745
34532
57163
12196
46040
39724
78947
84210
89473
94736
100000
18138
38638
10527
15790
40157
37773
85112
40359
42105
9133
52632
57895
63158
68421
73684
78947
84210
89473
94736
100000
597
40456
10527
12651
21053
23671
65115
36842
41661
11393
32720
68954
63158
68421
73684
78947
84210
89473
94736
100000
37180
31552
49942
14230
21053
13604
31579
43047
42105
5854
52632
47512
63158
68421
42344
78947
84210
89473
94736
100000
19420
3716
7892
10207
21053
15505
31579
49538
42105
38828
52632
72641
63158
68421
73684
70976
75776
89473
94736
100000
12620
3498
8413
14230
18948
30934
31579
36842
42105
47368
13524
65443
8670
68421
73684
33291
84210
89473
94736
100000
17077
3020
58066
14230
21053
26316
86229
31822
42105
28114
18930
52071
63158
68421
73684
78947
84210
89473
94736
100000
8016
2765
10527
14230
17532
26316
85826
32796
37829
47368
11086
57895
63158
68421
73684
78947
84210
89473
94736
100000
1
12336
17596
15790
10709
46338
50807
36842
42105
47368
52632
75424
63158
68421
73684
78947
84210
89473
94736
100000
37863
24292
9507
5636
39594
27606
31579
36842
42105
42573
52632
57895
63158
68421
73684
33672
84210
89473
94736
100000
23819
3076
67735
18718
21053
31636
28372
36842
51180
47368
15823
57895
56780
68421
73684
78947
84210
89473
94736
100000
32857
3808
47908
15790
18282
23620
28372
28346
42105
47368
37493
57895
63158
68421
73684
78947
84210
89473
94736
100000
20119
5264
65430
14230
27901
35248
47697
66795
37829
47368
52632
57895
63158
45984
73684
78947
84210
89473
94736
100000
1
3558
10527
13323
16828
19341
49621
60738
42105
38766
52632
55376
63158
58363
73684
78947
84210
89473
94736
100000
1
3540
13141
13613
21053
19334
86047
32433
75207
47368
52632
48984
63158
68421
73684
52462
84210
89473
94736
100000
1
27013
7621
9935
9927
17923
86726
58713
56585
31658
52632
65814
63158
68421
19935
59834
84210
89473
94736
100000
1
3237
39466
12304
21053
26316
31579
31695
72326
47368
47318
59176
63158
68421
73684
78947
84210
77870
94736
100000
1
3124
9322
10582
10937
44806
29124
36842
42105
6763
20750
46849
63158
68421
73684
28175
84210
89473
94736
100000
1
4324
8171
14230
16217
47569
28372
61888
42105
47368
15640
57895
63158
68421
73684
78947
84210
89473
94736
100000
